{
  "train_loss": [
    0.6899150129647805,
    0.6446366683653985,
    0.6305740267887288,
    0.6138796181246259,
    0.6153511654982146,
    0.6024801857333848,
    0.5913214735139435,
    0.5868301885328193,
    0.5962783776927387,
    0.5887354829277414,
    0.5801267600443767,
    0.5706944434583813,
    0.5634074072832468,
    0.5558152964849701,
    0.5513913488682957,
    0.5635423878769109,
    0.5703507304817126,
    0.5658528669618595,
    0.5610880374550998,
    0.5556809506316235,
    0.5481300392429689,
    0.5427936530005986,
    0.5368804982800534,
    0.5291351451687906,
    0.5242648458462963,
    0.5209503127806547,
    0.5152029527136233,
    0.5125132045154271,
    0.5088928430110797,
    0.5069488829847933,
    0.512024624214537,
    0.5352839071756003,
    0.5336064389575904,
    0.5296253667867881,
    0.526332465672064,
    0.522834577169018,
    0.518917938445819,
    0.5138891503952076,
    0.5089099915444046,
    0.5056350560470678,
    0.5005223737887178,
    0.49602838414630435,
    0.4931897558551142,
    0.48848066211997837,
    0.48430152025179884,
    0.478200561795635,
    0.47583010640816353,
    0.4712841359973847,
    0.4673551780798625,
    0.46392211706742
  ],
  "train_accuracy": [
    0.5449143901838766,
    0.61466793235594,
    0.6312859637403462,
    0.6505056897420572,
    0.6506111638481642,
    0.6627406860504635,
    0.6753741400930516,
    0.6792884013641318,
    0.6689636583107736,
    0.6779992734006024,
    0.68511291589026,
    0.6932812994409873,
    0.6987659529585487,
    0.7065475981202171,
    0.708715676967971,
    0.6995628684269123,
    0.6930820705738964,
    0.697992476180431,
    0.7025044240527839,
    0.7061960177665272,
    0.7123135159207303,
    0.7163801286784095,
    0.7232828229558532,
    0.7276189806513612,
    0.7325645442932649,
    0.734427920167821,
    0.7393266064292328,
    0.740838401950099,
    0.743029919488099,
    0.7444831182833503,
    0.7414009305160028,
    0.7230953134338853,
    0.7246891443706126,
    0.7268455038732435,
    0.7283104220136178,
    0.7308652392504307,
    0.7350842034947087,
    0.7396430287475536,
    0.7438385543015856,
    0.7443659248321204,
    0.7477293768824198,
    0.7511162676229652,
    0.753589049443917,
    0.7566477985210186,
    0.7597417056334892,
    0.764616953204655,
    0.7668436287780239,
    0.7706289772527511,
    0.7725275111626763,
    0.7735705328786228
  ],
  "train_auc": [
    0.565243857584794,
    0.6665202538477535,
    0.6894789779321362,
    0.7146681605671666,
    0.7132352888178211,
    0.7302352165643893,
    0.7445424799746692,
    0.7501958915683431,
    0.738014260449757,
    0.7476644473714507,
    0.7571345190462837,
    0.7676314195542531,
    0.7753648548342194,
    0.7831843484453394,
    0.7871635095271797,
    0.7752666243379049,
    0.7676875972567341,
    0.772745663810715,
    0.7772449869731765,
    0.7831241627979693,
    0.7902603620991283,
    0.7956923838378303,
    0.8014863281366313,
    0.8077404642225859,
    0.8122246889888605,
    0.8149073780994178,
    0.8202280750554058,
    0.822513162353615,
    0.8252973726999682,
    0.8267256802650716,
    0.8229723276388121,
    0.8023117881605852,
    0.8041230312230856,
    0.8070062529983362,
    0.8099755328300543,
    0.812949937755031,
    0.8163118129702338,
    0.8207887115835283,
    0.8250672148646757,
    0.8274708646496547,
    0.8313973972481156,
    0.8349440356736816,
    0.8372626500585445,
    0.8407953418467419,
    0.8441409163646969,
    0.8485514933925138,
    0.8503049136574785,
    0.8536954803852259,
    0.85630501591762,
    0.8587040699294557
  ],
  "train_auprc": [
    0.560977680991619,
    0.654232985046067,
    0.6737414782708018,
    0.7010090039421043,
    0.6978916250044847,
    0.7141524501948197,
    0.7296580008214574,
    0.7350444297232709,
    0.7227986059328739,
    0.7317313156917884,
    0.7429441426680656,
    0.7520792984855887,
    0.7614277008259549,
    0.7703094622446341,
    0.7748845186678611,
    0.7611187640264085,
    0.7520310215327892,
    0.7575862913625584,
    0.7621884788383665,
    0.7683113967983936,
    0.7759555428530684,
    0.7813927718155274,
    0.7874732880570058,
    0.7944662432570337,
    0.7987001046791276,
    0.8019721339873795,
    0.8076724049340561,
    0.8109909064986075,
    0.8136323978630797,
    0.8152564689653968,
    0.8109065786149131,
    0.7887613178728882,
    0.7909303312754187,
    0.7938180003688813,
    0.7980095360506473,
    0.7999727760725585,
    0.8042627596503403,
    0.8088128863263825,
    0.8129486526968629,
    0.815427442598643,
    0.8203127909114646,
    0.8246082673266975,
    0.8266314685571763,
    0.8305234669519701,
    0.8341768103348175,
    0.8393481985020018,
    0.8416818276170697,
    0.8443868431885602,
    0.8467124918957204,
    0.8503833508550515
  ],
  "val_loss": [
    0.6524842931124979,
    0.6264323055030343,
    0.6136990280565388,
    0.61469517951597,
    0.6099727021719881,
    0.6026694809426805,
    0.5955388451407769,
    0.6017897164750242,
    0.6030466854572296,
    0.592886565955813,
    0.5910855133733349,
    0.5895643229791504,
    0.5856955793803323,
    0.5861939478241754,
    0.5863676123811813,
    0.5946986163090803,
    0.5883012233736986,
    0.5926238503641711,
    0.58401257451066,
    0.5823893390908212,
    0.5813680874730298,
    0.5828198046384457,
    0.5812753023144728,
    0.5827905028879999,
    0.5823688603446869,
    0.5835345121557841,
    0.5830712161378232,
    0.5820047531477706,
    0.5832021148975738,
    0.5839944640676419,
    0.5826071975473872,
    0.5812430413897166,
    0.5870696039435392,
    0.5908991876476539,
    0.5784674745476889,
    0.5882119991465243,
    0.5851791463569253,
    0.5834338303633079,
    0.5912463598979447,
    0.5899935787666344,
    0.584185708425716,
    0.5895273092978015,
    0.5859411440923542,
    0.5946791841241414,
    0.5906035027461137,
    0.5952729837087813,
    0.5984398057003935,
    0.5968852575846061,
    0.5975309382834121,
    0.6020515906418155
  ],
  "val_accuracy": [
    0.603431303614119,
    0.6336192753011766,
    0.651900810950171,
    0.6513851778934046,
    0.6512445506961047,
    0.6583227862935358,
    0.6668541695964,
    0.6588384193503023,
    0.6599165611962687,
    0.6706042281910655,
    0.6739324051938311,
    0.6751980499695308,
    0.6786668541695964,
    0.6769324520695635,
    0.6783387240425631,
    0.6716354943045985,
    0.6766511976749636,
    0.6732292692073314,
    0.6788074813668964,
    0.6812918951858623,
    0.6819012797074955,
    0.6833075516804951,
    0.6855575868372943,
    0.6871513617400272,
    0.68874513664276,
    0.6863075985562275,
    0.6879482491913936,
    0.6880420006562602,
    0.6883232550508601,
    0.6876201190643604,
    0.6848075751183612,
    0.6833544274129283,
    0.6826981671588619,
    0.6822294098345286,
    0.6840575633994281,
    0.6860263441616276,
    0.685791965499461,
    0.6821356583696621,
    0.6854169596399944,
    0.6851357052453945,
    0.6873388646697605,
    0.686401350021094,
    0.6879482491913936,
    0.6883232550508601,
    0.6889326395724933,
    0.6898232784887264,
    0.6881357521211269,
    0.6904795387427929,
    0.6898232784887264,
    0.6909951717995594
  ],