2026-02-27 16:24:18 INFO Startup | Rank: 0 | Run Id: 20260221_065444 | Seed: 47 | Stages: finetune,evaluate | World Size: 4
2026-02-27 16:24:18 INFO Device | Resolved Device: cuda:0
2026-02-27 16:26:15 INFO Model Init | Model: v3 | Params: 26439937
2026-02-27 16:26:18 INFO DDP Ready | Wrapped: True
2026-02-27 16:26:18 INFO Checkpoint Loaded | Path: models/v3/pretrain/20260221_065444/best_model.pth
2026-02-27 16:26:32 INFO Data Ready | Test: 188697 | Train: 2675542 | Valid: 140819
2026-02-27 16:26:32 INFO Begin Training
2026-02-27 16:26:32 INFO Stage Start | Run Id: 20260221_065444
2026-02-27 16:26:32 INFO Train Config | Epochs: 30 | Monitor: auprc | Patience: 10
2026-02-27 16:26:32 INFO Epoch Start | Epoch: 1
2026-02-27 16:26:35 INFO Epoch 1 | Step 1/15377 | Loss 2.0754 | LR 8.0000e-07
2026-02-27 16:26:49 INFO Epoch 1 | Step 20/15377 | Loss 2.1081 | LR 8.0001e-07
2026-02-27 16:27:04 INFO Epoch 1 | Step 40/15377 | Loss 2.1052 | LR 8.0004e-07
2026-02-27 16:27:19 INFO Epoch 1 | Step 60/15377 | Loss 2.1272 | LR 8.0008e-07
2026-02-27 16:27:34 INFO Epoch 1 | Step 80/15377 | Loss 2.1248 | LR 8.0014e-07
2026-02-27 16:27:49 INFO Epoch 1 | Step 100/15377 | Loss 2.1311 | LR 8.0022e-07
2026-02-27 16:28:04 INFO Epoch 1 | Step 120/15377 | Loss 2.1322 | LR 8.0032e-07
2026-02-27 16:28:18 INFO Epoch 1 | Step 140/15377 | Loss 2.1080 | LR 8.0044e-07
2026-02-27 16:28:33 INFO Epoch 1 | Step 160/15377 | Loss 2.1108 | LR 8.0057e-07
2026-02-27 16:28:48 INFO Epoch 1 | Step 180/15377 | Loss 2.1071 | LR 8.0072e-07
2026-02-27 16:29:03 INFO Epoch 1 | Step 200/15377 | Loss 2.1088 | LR 8.0089e-07
2026-02-27 16:29:18 INFO Epoch 1 | Step 220/15377 | Loss 2.1110 | LR 8.0108e-07
2026-02-27 16:29:33 INFO Epoch 1 | Step 240/15377 | Loss 2.1110 | LR 8.0128e-07
2026-02-27 16:29:47 INFO Epoch 1 | Step 260/15377 | Loss 2.1096 | LR 8.0150e-07
2026-02-27 16:30:02 INFO Epoch 1 | Step 280/15377 | Loss 2.1081 | LR 8.0175e-07
2026-02-27 16:30:17 INFO Epoch 1 | Step 300/15377 | Loss 2.1102 | LR 8.0200e-07
2026-02-27 16:30:32 INFO Epoch 1 | Step 320/15377 | Loss 2.1049 | LR 8.0228e-07
2026-02-27 16:30:47 INFO Epoch 1 | Step 340/15377 | Loss 2.1057 | LR 8.0257e-07
2026-02-27 16:31:02 INFO Epoch 1 | Step 360/15377 | Loss 2.1023 | LR 8.0289e-07
2026-02-27 16:31:17 INFO Epoch 1 | Step 380/15377 | Loss 2.1008 | LR 8.0321e-07
2026-02-27 16:31:31 INFO Epoch 1 | Step 400/15377 | Loss 2.0935 | LR 8.0356e-07
2026-02-27 16:31:46 INFO Epoch 1 | Step 420/15377 | Loss 2.0885 | LR 8.0393e-07
2026-02-27 16:32:01 INFO Epoch 1 | Step 440/15377 | Loss 2.0861 | LR 8.0431e-07
2026-02-27 16:32:16 INFO Epoch 1 | Step 460/15377 | Loss 2.0836 | LR 8.0471e-07
2026-02-27 16:32:31 INFO Epoch 1 | Step 480/15377 | Loss 2.0837 | LR 8.0513e-07
2026-02-27 16:32:46 INFO Epoch 1 | Step 500/15377 | Loss 2.0820 | LR 8.0557e-07
2026-02-27 16:33:01 INFO Epoch 1 | Step 520/15377 | Loss 2.0823 | LR 8.0602e-07
2026-02-27 16:33:16 INFO Epoch 1 | Step 540/15377 | Loss 2.0846 | LR 8.0649e-07
2026-02-27 16:33:30 INFO Epoch 1 | Step 560/15377 | Loss 2.0806 | LR 8.0698e-07
2026-02-27 16:33:45 INFO Epoch 1 | Step 580/15377 | Loss 2.0812 | LR 8.0749e-07
2026-02-27 16:34:00 INFO Epoch 1 | Step 600/15377 | Loss 2.0789 | LR 8.0801e-07
2026-02-27 16:34:15 INFO Epoch 1 | Step 620/15377 | Loss 2.0760 | LR 8.0856e-07
2026-02-27 16:34:30 INFO Epoch 1 | Step 640/15377 | Loss 2.0779 | LR 8.0912e-07
2026-02-27 16:34:45 INFO Epoch 1 | Step 660/15377 | Loss 2.0767 | LR 8.0970e-07
2026-02-27 16:35:00 INFO Epoch 1 | Step 680/15377 | Loss 2.0789 | LR 8.1029e-07
2026-02-27 16:35:15 INFO Epoch 1 | Step 700/15377 | Loss 2.0771 | LR 8.1091e-07
2026-02-27 16:35:30 INFO Epoch 1 | Step 720/15377 | Loss 2.0764 | LR 8.1154e-07
2026-02-27 16:35:44 INFO Epoch 1 | Step 740/15377 | Loss 2.0772 | LR 8.1219e-07
2026-02-27 16:35:59 INFO Epoch 1 | Step 760/15377 | Loss 2.0760 | LR 8.1286e-07
2026-02-27 16:36:14 INFO Epoch 1 | Step 780/15377 | Loss 2.0740 | LR 8.1354e-07
2026-02-27 16:36:29 INFO Epoch 1 | Step 800/15377 | Loss 2.0736 | LR 8.1424e-07
2026-02-27 16:36:44 INFO Epoch 1 | Step 820/15377 | Loss 2.0729 | LR 8.1497e-07
2026-02-27 16:36:59 INFO Epoch 1 | Step 840/15377 | Loss 2.0715 | LR 8.1570e-07
2026-02-27 16:37:14 INFO Epoch 1 | Step 860/15377 | Loss 2.0682 | LR 8.1646e-07
2026-02-27 16:37:29 INFO Epoch 1 | Step 880/15377 | Loss 2.0683 | LR 8.1723e-07
2026-02-27 16:37:44 INFO Epoch 1 | Step 900/15377 | Loss 2.0676 | LR 8.1803e-07
2026-02-27 16:37:58 INFO Epoch 1 | Step 920/15377 | Loss 2.0659 | LR 8.1884e-07
2026-02-27 16:38:13 INFO Epoch 1 | Step 940/15377 | Loss 2.0643 | LR 8.1966e-07
2026-02-27 16:38:28 INFO Epoch 1 | Step 960/15377 | Loss 2.0636 | LR 8.2051e-07
2026-02-27 16:38:43 INFO Epoch 1 | Step 980/15377 | Loss 2.0623 | LR 8.2137e-07
2026-02-27 16:38:58 INFO Epoch 1 | Step 1000/15377 | Loss 2.0615 | LR 8.2225e-07
2026-02-27 16:39:13 INFO Epoch 1 | Step 1020/15377 | Loss 2.0604 | LR 8.2315e-07
2026-02-27 16:39:28 INFO Epoch 1 | Step 1040/15377 | Loss 2.0606 | LR 8.2407e-07
2026-02-27 16:39:43 INFO Epoch 1 | Step 1060/15377 | Loss 2.0581 | LR 8.2500e-07
2026-02-27 16:39:58 INFO Epoch 1 | Step 1080/15377 | Loss 2.0578 | LR 8.2596e-07
2026-02-27 16:40:12 INFO Epoch 1 | Step 1100/15377 | Loss 2.0576 | LR 8.2693e-07
2026-02-27 16:40:27 INFO Epoch 1 | Step 1120/15377 | Loss 2.0564 | LR 8.2791e-07
2026-02-27 16:40:42 INFO Epoch 1 | Step 1140/15377 | Loss 2.0562 | LR 8.2892e-07
2026-02-27 16:40:57 INFO Epoch 1 | Step 1160/15377 | Loss 2.0551 | LR 8.2994e-07
2026-02-27 16:41:12 INFO Epoch 1 | Step 1180/15377 | Loss 2.0535 | LR 8.3098e-07
2026-02-27 16:41:27 INFO Epoch 1 | Step 1200/15377 | Loss 2.0530 | LR 8.3204e-07
2026-02-27 16:41:42 INFO Epoch 1 | Step 1220/15377 | Loss 2.0515 | LR 8.3312e-07
2026-02-27 16:41:57 INFO Epoch 1 | Step 1240/15377 | Loss 2.0502 | LR 8.3421e-07
2026-02-27 16:42:11 INFO Epoch 1 | Step 1260/15377 | Loss 2.0486 | LR 8.3532e-07
2026-02-27 16:42:26 INFO Epoch 1 | Step 1280/15377 | Loss 2.0484 | LR 8.3645e-07
2026-02-27 16:42:41 INFO Epoch 1 | Step 1300/15377 | Loss 2.0468 | LR 8.3760e-07
2026-02-27 16:42:56 INFO Epoch 1 | Step 1320/15377 | Loss 2.0458 | LR 8.3876e-07
2026-02-27 16:43:11 INFO Epoch 1 | Step 1340/15377 | Loss 2.0448 | LR 8.3995e-07
2026-02-27 16:43:26 INFO Epoch 1 | Step 1360/15377 | Loss 2.0434 | LR 8.4115e-07
2026-02-27 16:43:40 INFO Epoch 1 | Step 1380/15377 | Loss 2.0424 | LR 8.4237e-07
2026-02-27 16:43:55 INFO Epoch 1 | Step 1400/15377 | Loss 2.0416 | LR 8.4360e-07
2026-02-27 16:44:10 INFO Epoch 1 | Step 1420/15377 | Loss 2.0393 | LR 8.4486e-07
2026-02-27 16:44:25 INFO Epoch 1 | Step 1440/15377 | Loss 2.0373 | LR 8.4613e-07
2026-02-27 16:44:40 INFO Epoch 1 | Step 1460/15377 | Loss 2.0373 | LR 8.4742e-07
2026-02-27 16:44:55 INFO Epoch 1 | Step 1480/15377 | Loss 2.0368 | LR 8.4872e-07
2026-02-27 16:45:09 INFO Epoch 1 | Step 1500/15377 | Loss 2.0354 | LR 8.5005e-07
2026-02-27 16:45:24 INFO Epoch 1 | Step 1520/15377 | Loss 2.0342 | LR 8.5139e-07
2026-02-27 16:45:39 INFO Epoch 1 | Step 1540/15377 | Loss 2.0340 | LR 8.5275e-07
2026-02-27 16:45:54 INFO Epoch 1 | Step 1560/15377 | Loss 2.0337 | LR 8.5413e-07
2026-02-27 16:46:08 INFO Epoch 1 | Step 1580/15377 | Loss 2.0330 | LR 8.5552e-07
2026-02-27 16:46:24 INFO Epoch 1 | Step 1600/15377 | Loss 2.0325 | LR 8.5694e-07
2026-02-27 16:46:40 INFO Epoch 1 | Step 1620/15377 | Loss 2.0324 | LR 8.5837e-07
2026-02-27 16:46:55 INFO Epoch 1 | Step 1640/15377 | Loss 2.0314 | LR 8.5982e-07
2026-02-27 16:47:11 INFO Epoch 1 | Step 1660/15377 | Loss 2.0302 | LR 8.6128e-07
2026-02-27 16:47:27 INFO Epoch 1 | Step 1680/15377 | Loss 2.0296 | LR 8.6277e-07
2026-02-27 16:47:42 INFO Epoch 1 | Step 1700/15377 | Loss 2.0282 | LR 8.6427e-07
2026-02-27 16:47:58 INFO Epoch 1 | Step 1720/15377 | Loss 2.0271 | LR 8.6579e-07
2026-02-27 16:48:14 INFO Epoch 1 | Step 1740/15377 | Loss 2.0272 | LR 8.6732e-07
2026-02-27 16:48:30 INFO Epoch 1 | Step 1760/15377 | Loss 2.0262 | LR 8.6888e-07
2026-02-27 16:48:45 INFO Epoch 1 | Step 1780/15377 | Loss 2.0249 | LR 8.7045e-07
2026-02-27 16:49:01 INFO Epoch 1 | Step 1800/15377 | Loss 2.0241 | LR 8.7204e-07
2026-02-27 16:49:15 INFO Epoch 1 | Step 1820/15377 | Loss 2.0235 | LR 8.7365e-07
2026-02-27 16:49:30 INFO Epoch 1 | Step 1840/15377 | Loss 2.0221 | LR 8.7527e-07
2026-02-27 16:49:45 INFO Epoch 1 | Step 1860/15377 | Loss 2.0206 | LR 8.7692e-07
2026-02-27 16:50:00 INFO Epoch 1 | Step 1880/15377 | Loss 2.0201 | LR 8.7858e-07
2026-02-27 16:50:14 INFO Epoch 1 | Step 1900/15377 | Loss 2.0196 | LR 8.8026e-07
2026-02-27 16:50:29 INFO Epoch 1 | Step 1920/15377 | Loss 2.0188 | LR 8.8195e-07
2026-02-27 16:50:44 INFO Epoch 1 | Step 1940/15377 | Loss 2.0169 | LR 8.8367e-07
2026-02-27 16:50:59 INFO Epoch 1 | Step 1960/15377 | Loss 2.0159 | LR 8.8540e-07
2026-02-27 16:51:13 INFO Epoch 1 | Step 1980/15377 | Loss 2.0153 | LR 8.8715e-07
2026-02-27 16:51:28 INFO Epoch 1 | Step 2000/15377 | Loss 2.0144 | LR 8.8891e-07
2026-02-27 16:51:43 INFO Epoch 1 | Step 2020/15377 | Loss 2.0123 | LR 8.9070e-07
2026-02-27 16:51:58 INFO Epoch 1 | Step 2040/15377 | Loss 2.0114 | LR 8.9250e-07
2026-02-27 16:52:13 INFO Epoch 1 | Step 2060/15377 | Loss 2.0105 | LR 8.9432e-07
2026-02-27 16:52:27 INFO Epoch 1 | Step 2080/15377 | Loss 2.0092 | LR 8.9616e-07
2026-02-27 16:52:42 INFO Epoch 1 | Step 2100/15377 | Loss 2.0086 | LR 8.9801e-07
2026-02-27 16:52:57 INFO Epoch 1 | Step 2120/15377 | Loss 2.0072 | LR 8.9988e-07
2026-02-27 16:53:12 INFO Epoch 1 | Step 2140/15377 | Loss 2.0058 | LR 9.0177e-07
2026-02-27 16:53:26 INFO Epoch 1 | Step 2160/15377 | Loss 2.0043 | LR 9.0368e-07
2026-02-27 16:53:41 INFO Epoch 1 | Step 2180/15377 | Loss 2.0028 | LR 9.0561e-07
2026-02-27 16:53:56 INFO Epoch 1 | Step 2200/15377 | Loss 2.0016 | LR 9.0755e-07
2026-02-27 16:54:10 INFO Epoch 1 | Step 2220/15377 | Loss 2.0008 | LR 9.0951e-07
2026-02-27 16:54:25 INFO Epoch 1 | Step 2240/15377 | Loss 1.9993 | LR 9.1149e-07
2026-02-27 16:54:40 INFO Epoch 1 | Step 2260/15377 | Loss 1.9980 | LR 9.1348e-07
2026-02-27 16:54:54 INFO Epoch 1 | Step 2280/15377 | Loss 1.9970 | LR 9.1550e-07
2026-02-27 16:55:09 INFO Epoch 1 | Step 2300/15377 | Loss 1.9956 | LR 9.1753e-07
2026-02-27 16:55:24 INFO Epoch 1 | Step 2320/15377 | Loss 1.9949 | LR 9.1958e-07
2026-02-27 16:55:38 INFO Epoch 1 | Step 2340/15377 | Loss 1.9940 | LR 9.2164e-07
2026-02-27 16:55:53 INFO Epoch 1 | Step 2360/15377 | Loss 1.9933 | LR 9.2373e-07
2026-02-27 16:56:08 INFO Epoch 1 | Step 2380/15377 | Loss 1.9922 | LR 9.2583e-07
2026-02-27 16:56:22 INFO Epoch 1 | Step 2400/15377 | Loss 1.9906 | LR 9.2795e-07
2026-02-27 16:56:37 INFO Epoch 1 | Step 2420/15377 | Loss 1.9890 | LR 9.3008e-07
2026-02-27 16:56:52 INFO Epoch 1 | Step 2440/15377 | Loss 1.9880 | LR 9.3224e-07
2026-02-27 16:57:06 INFO Epoch 1 | Step 2460/15377 | Loss 1.9872 | LR 9.3441e-07
2026-02-27 16:57:21 INFO Epoch 1 | Step 2480/15377 | Loss 1.9867 | LR 9.3660e-07
2026-02-27 16:57:36 INFO Epoch 1 | Step 2500/15377 | Loss 1.9849 | LR 9.3880e-07
2026-02-27 16:57:50 INFO Epoch 1 | Step 2520/15377 | Loss 1.9838 | LR 9.4103e-07
2026-02-27 16:58:05 INFO Epoch 1 | Step 2540/15377 | Loss 1.9822 | LR 9.4327e-07
2026-02-27 16:58:20 INFO Epoch 1 | Step 2560/15377 | Loss 1.9808 | LR 9.4553e-07
2026-02-27 16:58:34 INFO Epoch 1 | Step 2580/15377 | Loss 1.9796 | LR 9.4781e-07
2026-02-27 16:58:49 INFO Epoch 1 | Step 2600/15377 | Loss 1.9782 | LR 9.5010e-07
2026-02-27 16:59:03 INFO Epoch 1 | Step 2620/15377 | Loss 1.9772 | LR 9.5241e-07
2026-02-27 16:59:18 INFO Epoch 1 | Step 2640/15377 | Loss 1.9764 | LR 9.5474e-07
2026-02-27 16:59:33 INFO Epoch 1 | Step 2660/15377 | Loss 1.9750 | LR 9.5709e-07
2026-02-27 16:59:48 INFO Epoch 1 | Step 2680/15377 | Loss 1.9732 | LR 9.5945e-07
2026-02-27 17:00:02 INFO Epoch 1 | Step 2700/15377 | Loss 1.9720 | LR 9.6184e-07
2026-02-27 17:00:17 INFO Epoch 1 | Step 2720/15377 | Loss 1.9704 | LR 9.6424e-07
2026-02-27 17:00:32 INFO Epoch 1 | Step 2740/15377 | Loss 1.9695 | LR 9.6665e-07
2026-02-27 17:00:47 INFO Epoch 1 | Step 2760/15377 | Loss 1.9680 | LR 9.6909e-07
2026-02-27 17:01:01 INFO Epoch 1 | Step 2780/15377 | Loss 1.9668 | LR 9.7154e-07
2026-02-27 17:01:15 INFO Epoch 1 | Step 2800/15377 | Loss 1.9650 | LR 9.7401e-07
2026-02-27 17:01:29 INFO Epoch 1 | Step 2820/15377 | Loss 1.9634 | LR 9.7650e-07
2026-02-27 17:01:44 INFO Epoch 1 | Step 2840/15377 | Loss 1.9617 | LR 9.7900e-07
2026-02-27 17:01:58 INFO Epoch 1 | Step 2860/15377 | Loss 1.9605 | LR 9.8152e-07
2026-02-27 17:02:12 INFO Epoch 1 | Step 2880/15377 | Loss 1.9597 | LR 9.8406e-07
2026-02-27 17:02:27 INFO Epoch 1 | Step 2900/15377 | Loss 1.9581 | LR 9.8662e-07
2026-02-27 17:02:41 INFO Epoch 1 | Step 2920/15377 | Loss 1.9573 | LR 9.8919e-07
2026-02-27 17:02:56 INFO Epoch 1 | Step 2940/15377 | Loss 1.9562 | LR 9.9179e-07
2026-02-27 17:03:10 INFO Epoch 1 | Step 2960/15377 | Loss 1.9554 | LR 9.9440e-07
2026-02-27 17:03:24 INFO Epoch 1 | Step 2980/15377 | Loss 1.9541 | LR 9.9702e-07
2026-02-27 17:03:39 INFO Epoch 1 | Step 3000/15377 | Loss 1.9528 | LR 9.9967e-07
2026-02-27 17:03:53 INFO Epoch 1 | Step 3020/15377 | Loss 1.9514 | LR 1.0023e-06
2026-02-27 17:04:07 INFO Epoch 1 | Step 3040/15377 | Loss 1.9498 | LR 1.0050e-06
2026-02-27 17:04:22 INFO Epoch 1 | Step 3060/15377 | Loss 1.9480 | LR 1.0077e-06
2026-02-27 17:04:36 INFO Epoch 1 | Step 3080/15377 | Loss 1.9470 | LR 1.0104e-06
2026-02-27 17:04:51 INFO Epoch 1 | Step 3100/15377 | Loss 1.9459 | LR 1.0131e-06
2026-02-27 17:05:05 INFO Epoch 1 | Step 3120/15377 | Loss 1.9446 | LR 1.0159e-06
2026-02-27 17:05:19 INFO Epoch 1 | Step 3140/15377 | Loss 1.9431 | LR 1.0187e-06
2026-02-27 17:05:33 INFO Epoch 1 | Step 3160/15377 | Loss 1.9420 | LR 1.0214e-06
2026-02-27 17:05:47 INFO Epoch 1 | Step 3180/15377 | Loss 1.9408 | LR 1.0242e-06
2026-02-27 17:06:01 INFO Epoch 1 | Step 3200/15377 | Loss 1.9395 | LR 1.0271e-06
2026-02-27 17:06:16 INFO Epoch 1 | Step 3220/15377 | Loss 1.9378 | LR 1.0299e-06
2026-02-27 17:06:30 INFO Epoch 1 | Step 3240/15377 | Loss 1.9364 | LR 1.0328e-06
2026-02-27 17:06:45 INFO Epoch 1 | Step 3260/15377 | Loss 1.9347 | LR 1.0356e-06
2026-02-27 17:06:59 INFO Epoch 1 | Step 3280/15377 | Loss 1.9331 | LR 1.0385e-06
2026-02-27 17:07:13 INFO Epoch 1 | Step 3300/15377 | Loss 1.9317 | LR 1.0414e-06
2026-02-27 17:07:28 INFO Epoch 1 | Step 3320/15377 | Loss 1.9306 | LR 1.0443e-06
2026-02-27 17:07:42 INFO Epoch 1 | Step 3340/15377 | Loss 1.9291 | LR 1.0473e-06
2026-02-27 17:07:57 INFO Epoch 1 | Step 3360/15377 | Loss 1.9278 | LR 1.0502e-06
2026-02-27 17:08:11 INFO Epoch 1 | Step 3380/15377 | Loss 1.9263 | LR 1.0532e-06
2026-02-27 17:08:25 INFO Epoch 1 | Step 3400/15377 | Loss 1.9250 | LR 1.0562e-06
2026-02-27 17:08:39 INFO Epoch 1 | Step 3420/15377 | Loss 1.9234 | LR 1.0592e-06
2026-02-27 17:08:53 INFO Epoch 1 | Step 3440/15377 | Loss 1.9218 | LR 1.0622e-06
2026-02-27 17:09:07 INFO Epoch 1 | Step 3460/15377 | Loss 1.9207 | LR 1.0653e-06
2026-02-27 17:09:22 INFO Epoch 1 | Step 3480/15377 | Loss 1.9194 | LR 1.0683e-06
2026-02-27 17:09:36 INFO Epoch 1 | Step 3500/15377 | Loss 1.9179 | LR 1.0714e-06
2026-02-27 17:09:50 INFO Epoch 1 | Step 3520/15377 | Loss 1.9160 | LR 1.0745e-06
2026-02-27 17:10:04 INFO Epoch 1 | Step 3540/15377 | Loss 1.9147 | LR 1.0776e-06
2026-02-27 17:10:18 INFO Epoch 1 | Step 3560/15377 | Loss 1.9136 | LR 1.0808e-06
2026-02-27 17:10:33 INFO Epoch 1 | Step 3580/15377 | Loss 1.9120 | LR 1.0839e-06
2026-02-27 17:10:47 INFO Epoch 1 | Step 3600/15377 | Loss 1.9102 | LR 1.0871e-06
2026-02-27 17:11:01 INFO Epoch 1 | Step 3620/15377 | Loss 1.9088 | LR 1.0903e-06
2026-02-27 17:11:16 INFO Epoch 1 | Step 3640/15377 | Loss 1.9075 | LR 1.0935e-06
2026-02-27 17:11:30 INFO Epoch 1 | Step 3660/15377 | Loss 1.9056 | LR 1.0967e-06
2026-02-27 17:11:44 INFO Epoch 1 | Step 3680/15377 | Loss 1.9042 | LR 1.0999e-06
2026-02-27 17:11:59 INFO Epoch 1 | Step 3700/15377 | Loss 1.9024 | LR 1.1032e-06
2026-02-27 17:12:13 INFO Epoch 1 | Step 3720/15377 | Loss 1.9009 | LR 1.1064e-06
2026-02-27 17:12:27 INFO Epoch 1 | Step 3740/15377 | Loss 1.8991 | LR 1.1097e-06
2026-02-27 17:12:41 INFO Epoch 1 | Step 3760/15377 | Loss 1.8975 | LR 1.1130e-06
2026-02-27 17:12:56 INFO Epoch 1 | Step 3780/15377 | Loss 1.8955 | LR 1.1163e-06
2026-02-27 17:13:10 INFO Epoch 1 | Step 3800/15377 | Loss 1.8939 | LR 1.1197e-06
2026-02-27 17:13:24 INFO Epoch 1 | Step 3820/15377 | Loss 1.8920 | LR 1.1230e-06
2026-02-27 17:13:38 INFO Epoch 1 | Step 3840/15377 | Loss 1.8901 | LR 1.1264e-06
2026-02-27 17:13:53 INFO Epoch 1 | Step 3860/15377 | Loss 1.8886 | LR 1.1298e-06
2026-02-27 17:14:07 INFO Epoch 1 | Step 3880/15377 | Loss 1.8871 | LR 1.1332e-06
2026-02-27 17:14:22 INFO Epoch 1 | Step 3900/15377 | Loss 1.8859 | LR 1.1366e-06
2026-02-27 17:14:36 INFO Epoch 1 | Step 3920/15377 | Loss 1.8843 | LR 1.1401e-06
2026-02-27 17:14:51 INFO Epoch 1 | Step 3940/15377 | Loss 1.8825 | LR 1.1435e-06
2026-02-27 17:15:05 INFO Epoch 1 | Step 3960/15377 | Loss 1.8812 | LR 1.1470e-06
2026-02-27 17:15:19 INFO Epoch 1 | Step 3980/15377 | Loss 1.8796 | LR 1.1505e-06
2026-02-27 17:15:34 INFO Epoch 1 | Step 4000/15377 | Loss 1.8783 | LR 1.1540e-06
2026-02-27 17:15:48 INFO Epoch 1 | Step 4020/15377 | Loss 1.8769 | LR 1.1575e-06
2026-02-27 17:16:02 INFO Epoch 1 | Step 4040/15377 | Loss 1.8756 | LR 1.1611e-06
2026-02-27 17:16:16 INFO Epoch 1 | Step 4060/15377 | Loss 1.8738 | LR 1.1646e-06
2026-02-27 17:16:30 INFO Epoch 1 | Step 4080/15377 | Loss 1.8723 | LR 1.1682e-06
2026-02-27 17:16:45 INFO Epoch 1 | Step 4100/15377 | Loss 1.8706 | LR 1.1718e-06
2026-02-27 17:16:59 INFO Epoch 1 | Step 4120/15377 | Loss 1.8694 | LR 1.1754e-06
2026-02-27 17:17:14 INFO Epoch 1 | Step 4140/15377 | Loss 1.8679 | LR 1.1790e-06
2026-02-27 17:17:28 INFO Epoch 1 | Step 4160/15377 | Loss 1.8662 | LR 1.1827e-06
2026-02-27 17:17:43 INFO Epoch 1 | Step 4180/15377 | Loss 1.8645 | LR 1.1864e-06
2026-02-27 17:17:58 INFO Epoch 1 | Step 4200/15377 | Loss 1.8629 | LR 1.1900e-06
2026-02-27 17:18:12 INFO Epoch 1 | Step 4220/15377 | Loss 1.8614 | LR 1.1937e-06
2026-02-27 17:18:26 INFO Epoch 1 | Step 4240/15377 | Loss 1.8599 | LR 1.1975e-06
2026-02-27 17:18:41 INFO Epoch 1 | Step 4260/15377 | Loss 1.8581 | LR 1.2012e-06
2026-02-27 17:18:55 INFO Epoch 1 | Step 4280/15377 | Loss 1.8566 | LR 1.2049e-06
2026-02-27 17:19:09 INFO Epoch 1 | Step 4300/15377 | Loss 1.8549 | LR 1.2087e-06
2026-02-27 17:19:23 INFO Epoch 1 | Step 4320/15377 | Loss 1.8529 | LR 1.2125e-06
2026-02-27 17:19:38 INFO Epoch 1 | Step 4340/15377 | Loss 1.8510 | LR 1.2163e-06
2026-02-27 17:19:52 INFO Epoch 1 | Step 4360/15377 | Loss 1.8490 | LR 1.2201e-06
2026-02-27 17:20:06 INFO Epoch 1 | Step 4380/15377 | Loss 1.8470 | LR 1.2239e-06
2026-02-27 17:20:21 INFO Epoch 1 | Step 4400/15377 | Loss 1.8453 | LR 1.2278e-06
2026-02-27 17:20:35 INFO Epoch 1 | Step 4420/15377 | Loss 1.8434 | LR 1.2317e-06
2026-02-27 17:20:49 INFO Epoch 1 | Step 4440/15377 | Loss 1.8415 | LR 1.2355e-06
2026-02-27 17:21:03 INFO Epoch 1 | Step 4460/15377 | Loss 1.8396 | LR 1.2394e-06
2026-02-27 17:21:17 INFO Epoch 1 | Step 4480/15377 | Loss 1.8379 | LR 1.2434e-06
2026-02-27 17:21:31 INFO Epoch 1 | Step 4500/15377 | Loss 1.8360 | LR 1.2473e-06
2026-02-27 17:21:46 INFO Epoch 1 | Step 4520/15377 | Loss 1.8342 | LR 1.2513e-06
2026-02-27 17:22:00 INFO Epoch 1 | Step 4540/15377 | Loss 1.8327 | LR 1.2552e-06
2026-02-27 17:22:14 INFO Epoch 1 | Step 4560/15377 | Loss 1.8307 | LR 1.2592e-06
2026-02-27 17:22:28 INFO Epoch 1 | Step 4580/15377 | Loss 1.8290 | LR 1.2632e-06
2026-02-27 17:22:42 INFO Epoch 1 | Step 4600/15377 | Loss 1.8273 | LR 1.2672e-06
2026-02-27 17:22:56 INFO Epoch 1 | Step 4620/15377 | Loss 1.8258 | LR 1.2713e-06
2026-02-27 17:23:11 INFO Epoch 1 | Step 4640/15377 | Loss 1.8240 | LR 1.2753e-06
2026-02-27 17:23:25 INFO Epoch 1 | Step 4660/15377 | Loss 1.8223 | LR 1.2794e-06
2026-02-27 17:23:39 INFO Epoch 1 | Step 4680/15377 | Loss 1.8206 | LR 1.2835e-06
2026-02-27 17:23:54 INFO Epoch 1 | Step 4700/15377 | Loss 1.8187 | LR 1.2876e-06
2026-02-27 17:24:08 INFO Epoch 1 | Step 4720/15377 | Loss 1.8168 | LR 1.2917e-06
2026-02-27 17:24:23 INFO Epoch 1 | Step 4740/15377 | Loss 1.8151 | LR 1.2959e-06
2026-02-27 17:24:37 INFO Epoch 1 | Step 4760/15377 | Loss 1.8131 | LR 1.3000e-06
2026-02-27 17:24:51 INFO Epoch 1 | Step 4780/15377 | Loss 1.8110 | LR 1.3042e-06
2026-02-27 17:25:06 INFO Epoch 1 | Step 4800/15377 | Loss 1.8096 | LR 1.3084e-06
2026-02-27 17:25:20 INFO Epoch 1 | Step 4820/15377 | Loss 1.8076 | LR 1.3126e-06
2026-02-27 17:25:34 INFO Epoch 1 | Step 4840/15377 | Loss 1.8055 | LR 1.3168e-06
2026-02-27 17:25:48 INFO Epoch 1 | Step 4860/15377 | Loss 1.8036 | LR 1.3210e-06
2026-02-27 17:26:03 INFO Epoch 1 | Step 4880/15377 | Loss 1.8017 | LR 1.3253e-06
2026-02-27 17:26:17 INFO Epoch 1 | Step 4900/15377 | Loss 1.7997 | LR 1.3296e-06
2026-02-27 17:26:31 INFO Epoch 1 | Step 4920/15377 | Loss 1.7977 | LR 1.3339e-06
2026-02-27 17:26:45 INFO Epoch 1 | Step 4940/15377 | Loss 1.7957 | LR 1.3382e-06
2026-02-27 17:27:00 INFO Epoch 1 | Step 4960/15377 | Loss 1.7937 | LR 1.3425e-06
2026-02-27 17:27:14 INFO Epoch 1 | Step 4980/15377 | Loss 1.7917 | LR 1.3468e-06
2026-02-27 17:27:28 INFO Epoch 1 | Step 5000/15377 | Loss 1.7896 | LR 1.3512e-06
2026-02-27 17:27:42 INFO Epoch 1 | Step 5020/15377 | Loss 1.7877 | LR 1.3556e-06
2026-02-27 17:27:57 INFO Epoch 1 | Step 5040/15377 | Loss 1.7856 | LR 1.3600e-06
2026-02-27 17:28:11 INFO Epoch 1 | Step 5060/15377 | Loss 1.7835 | LR 1.3644e-06
2026-02-27 17:28:25 INFO Epoch 1 | Step 5080/15377 | Loss 1.7814 | LR 1.3688e-06
2026-02-27 17:28:40 INFO Epoch 1 | Step 5100/15377 | Loss 1.7795 | LR 1.3733e-06
2026-02-27 17:28:54 INFO Epoch 1 | Step 5120/15377 | Loss 1.7777 | LR 1.3777e-06
2026-02-27 17:29:09 INFO Epoch 1 | Step 5140/15377 | Loss 1.7758 | LR 1.3822e-06
2026-02-27 17:29:23 INFO Epoch 1 | Step 5160/15377 | Loss 1.7740 | LR 1.3867e-06
2026-02-27 17:29:37 INFO Epoch 1 | Step 5180/15377 | Loss 1.7722 | LR 1.3912e-06
2026-02-27 17:29:52 INFO Epoch 1 | Step 5200/15377 | Loss 1.7703 | LR 1.3957e-06
2026-02-27 17:30:06 INFO Epoch 1 | Step 5220/15377 | Loss 1.7684 | LR 1.4003e-06
2026-02-27 17:30:20 INFO Epoch 1 | Step 5240/15377 | Loss 1.7664 | LR 1.4048e-06
2026-02-27 17:30:35 INFO Epoch 1 | Step 5260/15377 | Loss 1.7644 | LR 1.4094e-06
2026-02-27 17:30:49 INFO Epoch 1 | Step 5280/15377 | Loss 1.7626 | LR 1.4140e-06
2026-02-27 17:31:04 INFO Epoch 1 | Step 5300/15377 | Loss 1.7603 | LR 1.4186e-06
2026-02-27 17:31:18 INFO Epoch 1 | Step 5320/15377 | Loss 1.7584 | LR 1.4232e-06
2026-02-27 17:31:32 INFO Epoch 1 | Step 5340/15377 | Loss 1.7564 | LR 1.4279e-06
2026-02-27 17:31:47 INFO Epoch 1 | Step 5360/15377 | Loss 1.7546 | LR 1.4325e-06
2026-02-27 17:32:01 INFO Epoch 1 | Step 5380/15377 | Loss 1.7525 | LR 1.4372e-06
2026-02-27 17:32:15 INFO Epoch 1 | Step 5400/15377 | Loss 1.7504 | LR 1.4419e-06
2026-02-27 17:32:29 INFO Epoch 1 | Step 5420/15377 | Loss 1.7483 | LR 1.4466e-06
2026-02-27 17:32:44 INFO Epoch 1 | Step 5440/15377 | Loss 1.7463 | LR 1.4513e-06
2026-02-27 17:32:59 INFO Epoch 1 | Step 5460/15377 | Loss 1.7443 | LR 1.4561e-06
2026-02-27 17:33:13 INFO Epoch 1 | Step 5480/15377 | Loss 1.7421 | LR 1.4608e-06
2026-02-27 17:33:27 INFO Epoch 1 | Step 5500/15377 | Loss 1.7402 | LR 1.4656e-06
2026-02-27 17:33:41 INFO Epoch 1 | Step 5520/15377 | Loss 1.7384 | LR 1.4704e-06
2026-02-27 17:33:55 INFO Epoch 1 | Step 5540/15377 | Loss 1.7365 | LR 1.4752e-06
2026-02-27 17:34:09 INFO Epoch 1 | Step 5560/15377 | Loss 1.7344 | LR 1.4800e-06
2026-02-27 17:34:23 INFO Epoch 1 | Step 5580/15377 | Loss 1.7326 | LR 1.4849e-06
2026-02-27 17:34:37 INFO Epoch 1 | Step 5600/15377 | Loss 1.7305 | LR 1.4897e-06
2026-02-27 17:34:52 INFO Epoch 1 | Step 5620/15377 | Loss 1.7285 | LR 1.4946e-06
2026-02-27 17:35:06 INFO Epoch 1 | Step 5640/15377 | Loss 1.7264 | LR 1.4995e-06
2026-02-27 17:35:21 INFO Epoch 1 | Step 5660/15377 | Loss 1.7244 | LR 1.5044e-06
2026-02-27 17:35:35 INFO Epoch 1 | Step 5680/15377 | Loss 1.7224 | LR 1.5093e-06
2026-02-27 17:35:49 INFO Epoch 1 | Step 5700/15377 | Loss 1.7202 | LR 1.5143e-06
2026-02-27 17:36:04 INFO Epoch 1 | Step 5720/15377 | Loss 1.7180 | LR 1.5192e-06
2026-02-27 17:36:18 INFO Epoch 1 | Step 5740/15377 | Loss 1.7159 | LR 1.5242e-06
2026-02-27 17:36:32 INFO Epoch 1 | Step 5760/15377 | Loss 1.7139 | LR 1.5292e-06
2026-02-27 17:36:47 INFO Epoch 1 | Step 5780/15377 | Loss 1.7119 | LR 1.5342e-06
2026-02-27 17:37:02 INFO Epoch 1 | Step 5800/15377 | Loss 1.7097 | LR 1.5392e-06
2026-02-27 17:37:16 INFO Epoch 1 | Step 5820/15377 | Loss 1.7075 | LR 1.5443e-06
2026-02-27 17:37:31 INFO Epoch 1 | Step 5840/15377 | Loss 1.7055 | LR 1.5493e-06
2026-02-27 17:37:45 INFO Epoch 1 | Step 5860/15377 | Loss 1.7034 | LR 1.5544e-06
2026-02-27 17:38:00 INFO Epoch 1 | Step 5880/15377 | Loss 1.7015 | LR 1.5595e-06
2026-02-27 17:38:14 INFO Epoch 1 | Step 5900/15377 | Loss 1.6995 | LR 1.5646e-06
2026-02-27 17:38:29 INFO Epoch 1 | Step 5920/15377 | Loss 1.6977 | LR 1.5697e-06
2026-02-27 17:38:43 INFO Epoch 1 | Step 5940/15377 | Loss 1.6956 | LR 1.5748e-06
2026-02-27 17:38:58 INFO Epoch 1 | Step 5960/15377 | Loss 1.6934 | LR 1.5800e-06
2026-02-27 17:39:12 INFO Epoch 1 | Step 5980/15377 | Loss 1.6913 | LR 1.5852e-06
2026-02-27 17:39:26 INFO Epoch 1 | Step 6000/15377 | Loss 1.6892 | LR 1.5904e-06
2026-02-27 17:39:41 INFO Epoch 1 | Step 6020/15377 | Loss 1.6874 | LR 1.5956e-06
2026-02-27 17:39:55 INFO Epoch 1 | Step 6040/15377 | Loss 1.6853 | LR 1.6008e-06
2026-02-27 17:40:10 INFO Epoch 1 | Step 6060/15377 | Loss 1.6832 | LR 1.6060e-06
2026-02-27 17:40:24 INFO Epoch 1 | Step 6080/15377 | Loss 1.6811 | LR 1.6113e-06
2026-02-27 17:40:39 INFO Epoch 1 | Step 6100/15377 | Loss 1.6790 | LR 1.6165e-06
2026-02-27 17:40:53 INFO Epoch 1 | Step 6120/15377 | Loss 1.6769 | LR 1.6218e-06
2026-02-27 17:41:07 INFO Epoch 1 | Step 6140/15377 | Loss 1.6749 | LR 1.6271e-06
2026-02-27 17:41:22 INFO Epoch 1 | Step 6160/15377 | Loss 1.6727 | LR 1.6324e-06
2026-02-27 17:41:36 INFO Epoch 1 | Step 6180/15377 | Loss 1.6705 | LR 1.6378e-06
2026-02-27 17:41:51 INFO Epoch 1 | Step 6200/15377 | Loss 1.6683 | LR 1.6431e-06
2026-02-27 17:42:06 INFO Epoch 1 | Step 6220/15377 | Loss 1.6661 | LR 1.6485e-06
2026-02-27 17:42:20 INFO Epoch 1 | Step 6240/15377 | Loss 1.6640 | LR 1.6539e-06
2026-02-27 17:42:35 INFO Epoch 1 | Step 6260/15377 | Loss 1.6617 | LR 1.6593e-06
2026-02-27 17:42:49 INFO Epoch 1 | Step 6280/15377 | Loss 1.6598 | LR 1.6647e-06
2026-02-27 17:43:04 INFO Epoch 1 | Step 6300/15377 | Loss 1.6576 | LR 1.6701e-06
2026-02-27 17:43:18 INFO Epoch 1 | Step 6320/15377 | Loss 1.6554 | LR 1.6756e-06
2026-02-27 17:43:32 INFO Epoch 1 | Step 6340/15377 | Loss 1.6532 | LR 1.6810e-06
2026-02-27 17:43:47 INFO Epoch 1 | Step 6360/15377 | Loss 1.6509 | LR 1.6865e-06
2026-02-27 17:44:01 INFO Epoch 1 | Step 6380/15377 | Loss 1.6487 | LR 1.6920e-06
2026-02-27 17:44:16 INFO Epoch 1 | Step 6400/15377 | Loss 1.6467 | LR 1.6975e-06
2026-02-27 17:44:30 INFO Epoch 1 | Step 6420/15377 | Loss 1.6446 | LR 1.7031e-06
2026-02-27 17:44:44 INFO Epoch 1 | Step 6440/15377 | Loss 1.6424 | LR 1.7086e-06
2026-02-27 17:44:59 INFO Epoch 1 | Step 6460/15377 | Loss 1.6402 | LR 1.7142e-06
2026-02-27 17:45:13 INFO Epoch 1 | Step 6480/15377 | Loss 1.6381 | LR 1.7197e-06
2026-02-27 17:45:27 INFO Epoch 1 | Step 6500/15377 | Loss 1.6360 | LR 1.7253e-06
2026-02-27 17:45:42 INFO Epoch 1 | Step 6520/15377 | Loss 1.6338 | LR 1.7309e-06
2026-02-27 17:45:56 INFO Epoch 1 | Step 6540/15377 | Loss 1.6315 | LR 1.7366e-06
2026-02-27 17:46:11 INFO Epoch 1 | Step 6560/15377 | Loss 1.6294 | LR 1.7422e-06
2026-02-27 17:46:25 INFO Epoch 1 | Step 6580/15377 | Loss 1.6273 | LR 1.7479e-06
2026-02-27 17:46:40 INFO Epoch 1 | Step 6600/15377 | Loss 1.6251 | LR 1.7535e-06
2026-02-27 17:46:54 INFO Epoch 1 | Step 6620/15377 | Loss 1.6229 | LR 1.7592e-06
2026-02-27 17:47:08 INFO Epoch 1 | Step 6640/15377 | Loss 1.6209 | LR 1.7649e-06
2026-02-27 17:47:23 INFO Epoch 1 | Step 6660/15377 | Loss 1.6189 | LR 1.7707e-06
2026-02-27 17:47:38 INFO Epoch 1 | Step 6680/15377 | Loss 1.6168 | LR 1.7764e-06
2026-02-27 17:47:53 INFO Epoch 1 | Step 6700/15377 | Loss 1.6146 | LR 1.7821e-06
2026-02-27 17:48:07 INFO Epoch 1 | Step 6720/15377 | Loss 1.6124 | LR 1.7879e-06
2026-02-27 17:48:22 INFO Epoch 1 | Step 6740/15377 | Loss 1.6103 | LR 1.7937e-06
2026-02-27 17:48:37 INFO Epoch 1 | Step 6760/15377 | Loss 1.6082 | LR 1.7995e-06
2026-02-27 17:48:51 INFO Epoch 1 | Step 6780/15377 | Loss 1.6060 | LR 1.8053e-06
2026-02-27 17:49:06 INFO Epoch 1 | Step 6800/15377 | Loss 1.6039 | LR 1.8112e-06
2026-02-27 17:49:20 INFO Epoch 1 | Step 6820/15377 | Loss 1.6017 | LR 1.8170e-06
2026-02-27 17:49:35 INFO Epoch 1 | Step 6840/15377 | Loss 1.5996 | LR 1.8229e-06
2026-02-27 17:49:49 INFO Epoch 1 | Step 6860/15377 | Loss 1.5974 | LR 1.8287e-06
2026-02-27 17:50:04 INFO Epoch 1 | Step 6880/15377 | Loss 1.5953 | LR 1.8346e-06
2026-02-27 17:50:18 INFO Epoch 1 | Step 6900/15377 | Loss 1.5932 | LR 1.8406e-06
2026-02-27 17:50:33 INFO Epoch 1 | Step 6920/15377 | Loss 1.5911 | LR 1.8465e-06
2026-02-27 17:50:47 INFO Epoch 1 | Step 6940/15377 | Loss 1.5889 | LR 1.8524e-06
2026-02-27 17:51:02 INFO Epoch 1 | Step 6960/15377 | Loss 1.5867 | LR 1.8584e-06
2026-02-27 17:51:16 INFO Epoch 1 | Step 6980/15377 | Loss 1.5846 | LR 1.8644e-06
2026-02-27 17:51:30 INFO Epoch 1 | Step 7000/15377 | Loss 1.5825 | LR 1.8704e-06
2026-02-27 17:51:45 INFO Epoch 1 | Step 7020/15377 | Loss 1.5804 | LR 1.8764e-06
2026-02-27 17:51:59 INFO Epoch 1 | Step 7040/15377 | Loss 1.5782 | LR 1.8824e-06
2026-02-27 17:52:13 INFO Epoch 1 | Step 7060/15377 | Loss 1.5760 | LR 1.8884e-06
2026-02-27 17:52:27 INFO Epoch 1 | Step 7080/15377 | Loss 1.5740 | LR 1.8945e-06
2026-02-27 17:52:42 INFO Epoch 1 | Step 7100/15377 | Loss 1.5719 | LR 1.9006e-06
2026-02-27 17:52:57 INFO Epoch 1 | Step 7120/15377 | Loss 1.5698 | LR 1.9066e-06
2026-02-27 17:53:12 INFO Epoch 1 | Step 7140/15377 | Loss 1.5676 | LR 1.9127e-06
2026-02-27 17:53:26 INFO Epoch 1 | Step 7160/15377 | Loss 1.5656 | LR 1.9189e-06
2026-02-27 17:53:40 INFO Epoch 1 | Step 7180/15377 | Loss 1.5634 | LR 1.9250e-06
2026-02-27 17:53:54 INFO Epoch 1 | Step 7200/15377 | Loss 1.5613 | LR 1.9311e-06
2026-02-27 17:54:09 INFO Epoch 1 | Step 7220/15377 | Loss 1.5592 | LR 1.9373e-06
2026-02-27 17:54:23 INFO Epoch 1 | Step 7240/15377 | Loss 1.5571 | LR 1.9435e-06
2026-02-27 17:54:37 INFO Epoch 1 | Step 7260/15377 | Loss 1.5550 | LR 1.9497e-06
2026-02-27 17:54:52 INFO Epoch 1 | Step 7280/15377 | Loss 1.5529 | LR 1.9559e-06
2026-02-27 17:55:06 INFO Epoch 1 | Step 7300/15377 | Loss 1.5509 | LR 1.9621e-06
2026-02-27 17:55:21 INFO Epoch 1 | Step 7320/15377 | Loss 1.5489 | LR 1.9684e-06
2026-02-27 17:55:35 INFO Epoch 1 | Step 7340/15377 | Loss 1.5468 | LR 1.9746e-06
2026-02-27 17:55:49 INFO Epoch 1 | Step 7360/15377 | Loss 1.5447 | LR 1.9809e-06
2026-02-27 17:56:04 INFO Epoch 1 | Step 7380/15377 | Loss 1.5426 | LR 1.9872e-06
2026-02-27 17:56:18 INFO Epoch 1 | Step 7400/15377 | Loss 1.5405 | LR 1.9935e-06
2026-02-27 17:56:33 INFO Epoch 1 | Step 7420/15377 | Loss 1.5383 | LR 1.9998e-06
2026-02-27 17:56:47 INFO Epoch 1 | Step 7440/15377 | Loss 1.5362 | LR 2.0062e-06
2026-02-27 17:57:02 INFO Epoch 1 | Step 7460/15377 | Loss 1.5342 | LR 2.0125e-06
2026-02-27 17:57:17 INFO Epoch 1 | Step 7480/15377 | Loss 1.5320 | LR 2.0189e-06
2026-02-27 17:57:31 INFO Epoch 1 | Step 7500/15377 | Loss 1.5299 | LR 2.0253e-06
2026-02-27 17:57:46 INFO Epoch 1 | Step 7520/15377 | Loss 1.5280 | LR 2.0317e-06
2026-02-27 17:58:01 INFO Epoch 1 | Step 7540/15377 | Loss 1.5260 | LR 2.0381e-06
2026-02-27 17:58:15 INFO Epoch 1 | Step 7560/15377 | Loss 1.5240 | LR 2.0445e-06
2026-02-27 17:58:30 INFO Epoch 1 | Step 7580/15377 | Loss 1.5220 | LR 2.0510e-06
2026-02-27 17:58:44 INFO Epoch 1 | Step 7600/15377 | Loss 1.5200 | LR 2.0574e-06
2026-02-27 17:58:59 INFO Epoch 1 | Step 7620/15377 | Loss 1.5179 | LR 2.0639e-06
2026-02-27 17:59:13 INFO Epoch 1 | Step 7640/15377 | Loss 1.5160 | LR 2.0704e-06
2026-02-27 17:59:28 INFO Epoch 1 | Step 7660/15377 | Loss 1.5140 | LR 2.0769e-06
2026-02-27 17:59:42 INFO Epoch 1 | Step 7680/15377 | Loss 1.5120 | LR 2.0834e-06
2026-02-27 17:59:57 INFO Epoch 1 | Step 7700/15377 | Loss 1.5100 | LR 2.0900e-06
2026-02-27 18:00:11 INFO Epoch 1 | Step 7720/15377 | Loss 1.5080 | LR 2.0965e-06
2026-02-27 18:00:26 INFO Epoch 1 | Step 7740/15377 | Loss 1.5060 | LR 2.1031e-06
2026-02-27 18:00:40 INFO Epoch 1 | Step 7760/15377 | Loss 1.5039 | LR 2.1097e-06
2026-02-27 18:00:55 INFO Epoch 1 | Step 7780/15377 | Loss 1.5020 | LR 2.1163e-06
2026-02-27 18:01:10 INFO Epoch 1 | Step 7800/15377 | Loss 1.5001 | LR 2.1229e-06
2026-02-27 18:01:25 INFO Epoch 1 | Step 7820/15377 | Loss 1.4982 | LR 2.1295e-06
2026-02-27 18:01:39 INFO Epoch 1 | Step 7840/15377 | Loss 1.4963 | LR 2.1362e-06
2026-02-27 18:01:54 INFO Epoch 1 | Step 7860/15377 | Loss 1.4943 | LR 2.1428e-06
2026-02-27 18:02:09 INFO Epoch 1 | Step 7880/15377 | Loss 1.4924 | LR 2.1495e-06
2026-02-27 18:02:23 INFO Epoch 1 | Step 7900/15377 | Loss 1.4904 | LR 2.1562e-06
2026-02-27 18:02:37 INFO Epoch 1 | Step 7920/15377 | Loss 1.4885 | LR 2.1629e-06
2026-02-27 18:02:52 INFO Epoch 1 | Step 7940/15377 | Loss 1.4866 | LR 2.1696e-06
2026-02-27 18:03:06 INFO Epoch 1 | Step 7960/15377 | Loss 1.4847 | LR 2.1764e-06
2026-02-27 18:03:21 INFO Epoch 1 | Step 7980/15377 | Loss 1.4828 | LR 2.1831e-06
2026-02-27 18:03:35 INFO Epoch 1 | Step 8000/15377 | Loss 1.4809 | LR 2.1899e-06
2026-02-27 18:03:50 INFO Epoch 1 | Step 8020/15377 | Loss 1.4789 | LR 2.1967e-06
2026-02-27 18:04:04 INFO Epoch 1 | Step 8040/15377 | Loss 1.4769 | LR 2.2035e-06
2026-02-27 18:04:19 INFO Epoch 1 | Step 8060/15377 | Loss 1.4750 | LR 2.2103e-06
2026-02-27 18:04:34 INFO Epoch 1 | Step 8080/15377 | Loss 1.4731 | LR 2.2171e-06
2026-02-27 18:04:48 INFO Epoch 1 | Step 8100/15377 | Loss 1.4712 | LR 2.2240e-06
2026-02-27 18:05:03 INFO Epoch 1 | Step 8120/15377 | Loss 1.4692 | LR 2.2308e-06
2026-02-27 18:05:17 INFO Epoch 1 | Step 8140/15377 | Loss 1.4673 | LR 2.2377e-06
2026-02-27 18:05:31 INFO Epoch 1 | Step 8160/15377 | Loss 1.4654 | LR 2.2446e-06
2026-02-27 18:05:46 INFO Epoch 1 | Step 8180/15377 | Loss 1.4635 | LR 2.2515e-06
2026-02-27 18:06:00 INFO Epoch 1 | Step 8200/15377 | Loss 1.4616 | LR 2.2584e-06
2026-02-27 18:06:14 INFO Epoch 1 | Step 8220/15377 | Loss 1.4597 | LR 2.2654e-06
2026-02-27 18:06:29 INFO Epoch 1 | Step 8240/15377 | Loss 1.4578 | LR 2.2723e-06
2026-02-27 18:06:43 INFO Epoch 1 | Step 8260/15377 | Loss 1.4559 | LR 2.2793e-06
2026-02-27 18:06:58 INFO Epoch 1 | Step 8280/15377 | Loss 1.4540 | LR 2.2863e-06
2026-02-27 18:07:12 INFO Epoch 1 | Step 8300/15377 | Loss 1.4521 | LR 2.2933e-06
2026-02-27 18:07:26 INFO Epoch 1 | Step 8320/15377 | Loss 1.4502 | LR 2.3003e-06
2026-02-27 18:07:41 INFO Epoch 1 | Step 8340/15377 | Loss 1.4483 | LR 2.3073e-06
2026-02-27 18:07:55 INFO Epoch 1 | Step 8360/15377 | Loss 1.4464 | LR 2.3143e-06
2026-02-27 18:08:09 INFO Epoch 1 | Step 8380/15377 | Loss 1.4446 | LR 2.3214e-06
2026-02-27 18:08:24 INFO Epoch 1 | Step 8400/15377 | Loss 1.4428 | LR 2.3285e-06
2026-02-27 18:08:38 INFO Epoch 1 | Step 8420/15377 | Loss 1.4410 | LR 2.3356e-06
2026-02-27 18:08:52 INFO Epoch 1 | Step 8440/15377 | Loss 1.4391 | LR 2.3427e-06
2026-02-27 18:09:06 INFO Epoch 1 | Step 8460/15377 | Loss 1.4373 | LR 2.3498e-06
2026-02-27 18:09:20 INFO Epoch 1 | Step 8480/15377 | Loss 1.4354 | LR 2.3569e-06
2026-02-27 18:09:35 INFO Epoch 1 | Step 8500/15377 | Loss 1.4336 | LR 2.3640e-06
2026-02-27 18:09:49 INFO Epoch 1 | Step 8520/15377 | Loss 1.4317 | LR 2.3712e-06
2026-02-27 18:10:03 INFO Epoch 1 | Step 8540/15377 | Loss 1.4299 | LR 2.3784e-06
2026-02-27 18:10:18 INFO Epoch 1 | Step 8560/15377 | Loss 1.4281 | LR 2.3856e-06
2026-02-27 18:10:33 INFO Epoch 1 | Step 8580/15377 | Loss 1.4263 | LR 2.3928e-06
2026-02-27 18:10:47 INFO Epoch 1 | Step 8600/15377 | Loss 1.4244 | LR 2.4000e-06
2026-02-27 18:11:02 INFO Epoch 1 | Step 8620/15377 | Loss 1.4226 | LR 2.4072e-06
2026-02-27 18:11:16 INFO Epoch 1 | Step 8640/15377 | Loss 1.4208 | LR 2.4145e-06
2026-02-27 18:11:31 INFO Epoch 1 | Step 8660/15377 | Loss 1.4190 | LR 2.4218e-06
2026-02-27 18:11:45 INFO Epoch 1 | Step 8680/15377 | Loss 1.4172 | LR 2.4290e-06
2026-02-27 18:11:59 INFO Epoch 1 | Step 8700/15377 | Loss 1.4154 | LR 2.4363e-06
2026-02-27 18:12:14 INFO Epoch 1 | Step 8720/15377 | Loss 1.4136 | LR 2.4436e-06
2026-02-27 18:12:28 INFO Epoch 1 | Step 8740/15377 | Loss 1.4119 | LR 2.4510e-06
2026-02-27 18:12:43 INFO Epoch 1 | Step 8760/15377 | Loss 1.4101 | LR 2.4583e-06
2026-02-27 18:12:58 INFO Epoch 1 | Step 8780/15377 | Loss 1.4083 | LR 2.4657e-06
2026-02-27 18:13:12 INFO Epoch 1 | Step 8800/15377 | Loss 1.4065 | LR 2.4730e-06
2026-02-27 18:13:27 INFO Epoch 1 | Step 8820/15377 | Loss 1.4049 | LR 2.4804e-06
2026-02-27 18:13:41 INFO Epoch 1 | Step 8840/15377 | Loss 1.4032 | LR 2.4878e-06
2026-02-27 18:13:56 INFO Epoch 1 | Step 8860/15377 | Loss 1.4014 | LR 2.4952e-06
2026-02-27 18:14:10 INFO Epoch 1 | Step 8880/15377 | Loss 1.3997 | LR 2.5026e-06
2026-02-27 18:14:24 INFO Epoch 1 | Step 8900/15377 | Loss 1.3979 | LR 2.5101e-06
2026-02-27 18:14:39 INFO Epoch 1 | Step 8920/15377 | Loss 1.3962 | LR 2.5175e-06
2026-02-27 18:14:53 INFO Epoch 1 | Step 8940/15377 | Loss 1.3944 | LR 2.5250e-06
2026-02-27 18:15:08 INFO Epoch 1 | Step 8960/15377 | Loss 1.3927 | LR 2.5325e-06
2026-02-27 18:15:22 INFO Epoch 1 | Step 8980/15377 | Loss 1.3910 | LR 2.5400e-06
2026-02-27 18:15:36 INFO Epoch 1 | Step 9000/15377 | Loss 1.3893 | LR 2.5475e-06
2026-02-27 18:15:50 INFO Epoch 1 | Step 9020/15377 | Loss 1.3876 | LR 2.5550e-06
2026-02-27 18:16:05 INFO Epoch 1 | Step 9040/15377 | Loss 1.3859 | LR 2.5626e-06
2026-02-27 18:16:19 INFO Epoch 1 | Step 9060/15377 | Loss 1.3843 | LR 2.5701e-06
2026-02-27 18:16:34 INFO Epoch 1 | Step 9080/15377 | Loss 1.3826 | LR 2.5777e-06
2026-02-27 18:16:48 INFO Epoch 1 | Step 9100/15377 | Loss 1.3809 | LR 2.5853e-06
2026-02-27 18:17:03 INFO Epoch 1 | Step 9120/15377 | Loss 1.3792 | LR 2.5929e-06
2026-02-27 18:17:17 INFO Epoch 1 | Step 9140/15377 | Loss 1.3775 | LR 2.6005e-06
2026-02-27 18:17:32 INFO Epoch 1 | Step 9160/15377 | Loss 1.3759 | LR 2.6082e-06
2026-02-27 18:17:46 INFO Epoch 1 | Step 9180/15377 | Loss 1.3742 | LR 2.6158e-06
2026-02-27 18:18:00 INFO Epoch 1 | Step 9200/15377 | Loss 1.3726 | LR 2.6235e-06
2026-02-27 18:18:14 INFO Epoch 1 | Step 9220/15377 | Loss 1.3709 | LR 2.6311e-06
2026-02-27 18:18:28 INFO Epoch 1 | Step 9240/15377 | Loss 1.3692 | LR 2.6388e-06
2026-02-27 18:18:42 INFO Epoch 1 | Step 9260/15377 | Loss 1.3676 | LR 2.6465e-06
2026-02-27 18:18:57 INFO Epoch 1 | Step 9280/15377 | Loss 1.3659 | LR 2.6542e-06
2026-02-27 18:19:11 INFO Epoch 1 | Step 9300/15377 | Loss 1.3643 | LR 2.6620e-06
2026-02-27 18:19:25 INFO Epoch 1 | Step 9320/15377 | Loss 1.3626 | LR 2.6697e-06
2026-02-27 18:19:39 INFO Epoch 1 | Step 9340/15377 | Loss 1.3610 | LR 2.6775e-06
2026-02-27 18:19:54 INFO Epoch 1 | Step 9360/15377 | Loss 1.3594 | LR 2.6853e-06
2026-02-27 18:20:08 INFO Epoch 1 | Step 9380/15377 | Loss 1.3578 | LR 2.6930e-06
2026-02-27 18:20:22 INFO Epoch 1 | Step 9400/15377 | Loss 1.3562 | LR 2.7008e-06
2026-02-27 18:20:37 INFO Epoch 1 | Step 9420/15377 | Loss 1.3546 | LR 2.7087e-06
2026-02-27 18:20:51 INFO Epoch 1 | Step 9440/15377 | Loss 1.3530 | LR 2.7165e-06
2026-02-27 18:21:06 INFO Epoch 1 | Step 9460/15377 | Loss 1.3514 | LR 2.7243e-06
2026-02-27 18:21:20 INFO Epoch 1 | Step 9480/15377 | Loss 1.3498 | LR 2.7322e-06
2026-02-27 18:21:34 INFO Epoch 1 | Step 9500/15377 | Loss 1.3482 | LR 2.7401e-06
2026-02-27 18:21:48 INFO Epoch 1 | Step 9520/15377 | Loss 1.3466 | LR 2.7480e-06
2026-02-27 18:22:02 INFO Epoch 1 | Step 9540/15377 | Loss 1.3450 | LR 2.7559e-06
2026-02-27 18:22:17 INFO Epoch 1 | Step 9560/15377 | Loss 1.3435 | LR 2.7638e-06
2026-02-27 18:22:31 INFO Epoch 1 | Step 9580/15377 | Loss 1.3419 | LR 2.7717e-06
2026-02-27 18:22:45 INFO Epoch 1 | Step 9600/15377 | Loss 1.3403 | LR 2.7797e-06
2026-02-27 18:22:59 INFO Epoch 1 | Step 9620/15377 | Loss 1.3388 | LR 2.7876e-06
2026-02-27 18:23:14 INFO Epoch 1 | Step 9640/15377 | Loss 1.3372 | LR 2.7956e-06
2026-02-27 18:23:28 INFO Epoch 1 | Step 9660/15377 | Loss 1.3357 | LR 2.8036e-06
2026-02-27 18:23:42 INFO Epoch 1 | Step 9680/15377 | Loss 1.3342 | LR 2.8116e-06
2026-02-27 18:23:56 INFO Epoch 1 | Step 9700/15377 | Loss 1.3327 | LR 2.8196e-06
2026-02-27 18:24:10 INFO Epoch 1 | Step 9720/15377 | Loss 1.3312 | LR 2.8276e-06
2026-02-27 18:24:25 INFO Epoch 1 | Step 9740/15377 | Loss 1.3297 | LR 2.8357e-06
2026-02-27 18:24:39 INFO Epoch 1 | Step 9760/15377 | Loss 1.3282 | LR 2.8437e-06
2026-02-27 18:24:54 INFO Epoch 1 | Step 9780/15377 | Loss 1.3267 | LR 2.8518e-06
2026-02-27 18:25:08 INFO Epoch 1 | Step 9800/15377 | Loss 1.3252 | LR 2.8599e-06
2026-02-27 18:25:23 INFO Epoch 1 | Step 9820/15377 | Loss 1.3237 | LR 2.8680e-06
2026-02-27 18:25:37 INFO Epoch 1 | Step 9840/15377 | Loss 1.3222 | LR 2.8761e-06
2026-02-27 18:25:51 INFO Epoch 1 | Step 9860/15377 | Loss 1.3207 | LR 2.8842e-06
2026-02-27 18:26:06 INFO Epoch 1 | Step 9880/15377 | Loss 1.3191 | LR 2.8924e-06
2026-02-27 18:26:20 INFO Epoch 1 | Step 9900/15377 | Loss 1.3176 | LR 2.9005e-06
2026-02-27 18:26:35 INFO Epoch 1 | Step 9920/15377 | Loss 1.3162 | LR 2.9087e-06
2026-02-27 18:26:49 INFO Epoch 1 | Step 9940/15377 | Loss 1.3147 | LR 2.9169e-06
2026-02-27 18:27:04 INFO Epoch 1 | Step 9960/15377 | Loss 1.3133 | LR 2.9251e-06
2026-02-27 18:27:18 INFO Epoch 1 | Step 9980/15377 | Loss 1.3118 | LR 2.9333e-06
2026-02-27 18:27:33 INFO Epoch 1 | Step 10000/15377 | Loss 1.3104 | LR 2.9415e-06
2026-02-27 18:27:47 INFO Epoch 1 | Step 10020/15377 | Loss 1.3089 | LR 2.9498e-06
2026-02-27 18:28:02 INFO Epoch 1 | Step 10040/15377 | Loss 1.3075 | LR 2.9580e-06
2026-02-27 18:28:16 INFO Epoch 1 | Step 10060/15377 | Loss 1.3061 | LR 2.9663e-06
2026-02-27 18:28:30 INFO Epoch 1 | Step 10080/15377 | Loss 1.3047 | LR 2.9746e-06
2026-02-27 18:28:45 INFO Epoch 1 | Step 10100/15377 | Loss 1.3032 | LR 2.9829e-06
2026-02-27 18:28:59 INFO Epoch 1 | Step 10120/15377 | Loss 1.3018 | LR 2.9912e-06
2026-02-27 18:29:13 INFO Epoch 1 | Step 10140/15377 | Loss 1.3003 | LR 2.9995e-06
2026-02-27 18:29:27 INFO Epoch 1 | Step 10160/15377 | Loss 1.2989 | LR 3.0078e-06
2026-02-27 18:29:42 INFO Epoch 1 | Step 10180/15377 | Loss 1.2975 | LR 3.0162e-06
2026-02-27 18:29:56 INFO Epoch 1 | Step 10200/15377 | Loss 1.2961 | LR 3.0245e-06
2026-02-27 18:30:10 INFO Epoch 1 | Step 10220/15377 | Loss 1.2947 | LR 3.0329e-06
2026-02-27 18:30:25 INFO Epoch 1 | Step 10240/15377 | Loss 1.2933 | LR 3.0413e-06
2026-02-27 18:30:39 INFO Epoch 1 | Step 10260/15377 | Loss 1.2918 | LR 3.0497e-06
2026-02-27 18:30:54 INFO Epoch 1 | Step 10280/15377 | Loss 1.2904 | LR 3.0581e-06
2026-02-27 18:31:08 INFO Epoch 1 | Step 10300/15377 | Loss 1.2890 | LR 3.0666e-06
2026-02-27 18:31:22 INFO Epoch 1 | Step 10320/15377 | Loss 1.2876 | LR 3.0750e-06
2026-02-27 18:31:36 INFO Epoch 1 | Step 10340/15377 | Loss 1.2862 | LR 3.0835e-06
2026-02-27 18:31:51 INFO Epoch 1 | Step 10360/15377 | Loss 1.2849 | LR 3.0919e-06
2026-02-27 18:32:05 INFO Epoch 1 | Step 10380/15377 | Loss 1.2835 | LR 3.1004e-06
2026-02-27 18:32:19 INFO Epoch 1 | Step 10400/15377 | Loss 1.2821 | LR 3.1089e-06
2026-02-27 18:32:34 INFO Epoch 1 | Step 10420/15377 | Loss 1.2807 | LR 3.1174e-06
2026-02-27 18:32:48 INFO Epoch 1 | Step 10440/15377 | Loss 1.2794 | LR 3.1260e-06
2026-02-27 18:33:02 INFO Epoch 1 | Step 10460/15377 | Loss 1.2780 | LR 3.1345e-06
2026-02-27 18:33:16 INFO Epoch 1 | Step 10480/15377 | Loss 1.2767 | LR 3.1431e-06
2026-02-27 18:33:31 INFO Epoch 1 | Step 10500/15377 | Loss 1.2753 | LR 3.1516e-06
2026-02-27 18:33:45 INFO Epoch 1 | Step 10520/15377 | Loss 1.2739 | LR 3.1602e-06
2026-02-27 18:33:59 INFO Epoch 1 | Step 10540/15377 | Loss 1.2726 | LR 3.1688e-06
2026-02-27 18:34:14 INFO Epoch 1 | Step 10560/15377 | Loss 1.2713 | LR 3.1774e-06
2026-02-27 18:34:28 INFO Epoch 1 | Step 10580/15377 | Loss 1.2700 | LR 3.1860e-06
2026-02-27 18:34:43 INFO Epoch 1 | Step 10600/15377 | Loss 1.2687 | LR 3.1947e-06
2026-02-27 18:34:57 INFO Epoch 1 | Step 10620/15377 | Loss 1.2674 | LR 3.2033e-06
2026-02-27 18:35:11 INFO Epoch 1 | Step 10640/15377 | Loss 1.2661 | LR 3.2120e-06
2026-02-27 18:35:25 INFO Epoch 1 | Step 10660/15377 | Loss 1.2647 | LR 3.2206e-06
2026-02-27 18:35:40 INFO Epoch 1 | Step 10680/15377 | Loss 1.2634 | LR 3.2293e-06
2026-02-27 18:35:54 INFO Epoch 1 | Step 10700/15377 | Loss 1.2622 | LR 3.2380e-06
2026-02-27 18:36:08 INFO Epoch 1 | Step 10720/15377 | Loss 1.2608 | LR 3.2467e-06
2026-02-27 18:36:23 INFO Epoch 1 | Step 10740/15377 | Loss 1.2595 | LR 3.2555e-06
2026-02-27 18:36:37 INFO Epoch 1 | Step 10760/15377 | Loss 1.2582 | LR 3.2642e-06
2026-02-27 18:36:52 INFO Epoch 1 | Step 10780/15377 | Loss 1.2570 | LR 3.2730e-06
2026-02-27 18:37:06 INFO Epoch 1 | Step 10800/15377 | Loss 1.2557 | LR 3.2817e-06
2026-02-27 18:37:20 INFO Epoch 1 | Step 10820/15377 | Loss 1.2544 | LR 3.2905e-06
2026-02-27 18:37:35 INFO Epoch 1 | Step 10840/15377 | Loss 1.2532 | LR 3.2993e-06
2026-02-27 18:37:50 INFO Epoch 1 | Step 10860/15377 | Loss 1.2519 | LR 3.3081e-06
2026-02-27 18:38:04 INFO Epoch 1 | Step 10880/15377 | Loss 1.2506 | LR 3.3169e-06
2026-02-27 18:38:18 INFO Epoch 1 | Step 10900/15377 | Loss 1.2494 | LR 3.3258e-06
2026-02-27 18:38:32 INFO Epoch 1 | Step 10920/15377 | Loss 1.2481 | LR 3.3346e-06
2026-02-27 18:38:46 INFO Epoch 1 | Step 10940/15377 | Loss 1.2469 | LR 3.3435e-06
2026-02-27 18:39:01 INFO Epoch 1 | Step 10960/15377 | Loss 1.2456 | LR 3.3523e-06
2026-02-27 18:39:15 INFO Epoch 1 | Step 10980/15377 | Loss 1.2444 | LR 3.3612e-06
2026-02-27 18:39:30 INFO Epoch 1 | Step 11000/15377 | Loss 1.2431 | LR 3.3701e-06
2026-02-27 18:39:44 INFO Epoch 1 | Step 11020/15377 | Loss 1.2418 | LR 3.3790e-06
2026-02-27 18:39:59 INFO Epoch 1 | Step 11040/15377 | Loss 1.2406 | LR 3.3880e-06
2026-02-27 18:40:13 INFO Epoch 1 | Step 11060/15377 | Loss 1.2394 | LR 3.3969e-06
2026-02-27 18:40:27 INFO Epoch 1 | Step 11080/15377 | Loss 1.2381 | LR 3.4058e-06
2026-02-27 18:40:42 INFO Epoch 1 | Step 11100/15377 | Loss 1.2369 | LR 3.4148e-06
2026-02-27 18:40:56 INFO Epoch 1 | Step 11120/15377 | Loss 1.2357 | LR 3.4238e-06
2026-02-27 18:41:10 INFO Epoch 1 | Step 11140/15377 | Loss 1.2345 | LR 3.4328e-06
2026-02-27 18:41:25 INFO Epoch 1 | Step 11160/15377 | Loss 1.2333 | LR 3.4418e-06
2026-02-27 18:41:39 INFO Epoch 1 | Step 11180/15377 | Loss 1.2320 | LR 3.4508e-06
2026-02-27 18:41:53 INFO Epoch 1 | Step 11200/15377 | Loss 1.2309 | LR 3.4598e-06
2026-02-27 18:42:08 INFO Epoch 1 | Step 11220/15377 | Loss 1.2297 | LR 3.4689e-06
2026-02-27 18:42:22 INFO Epoch 1 | Step 11240/15377 | Loss 1.2285 | LR 3.4779e-06
2026-02-27 18:42:36 INFO Epoch 1 | Step 11260/15377 | Loss 1.2274 | LR 3.4870e-06
2026-02-27 18:42:50 INFO Epoch 1 | Step 11280/15377 | Loss 1.2261 | LR 3.4961e-06
2026-02-27 18:43:04 INFO Epoch 1 | Step 11300/15377 | Loss 1.2250 | LR 3.5051e-06
2026-02-27 18:43:18 INFO Epoch 1 | Step 11320/15377 | Loss 1.2238 | LR 3.5143e-06
2026-02-27 18:43:33 INFO Epoch 1 | Step 11340/15377 | Loss 1.2226 | LR 3.5234e-06
2026-02-27 18:43:47 INFO Epoch 1 | Step 11360/15377 | Loss 1.2214 | LR 3.5325e-06
2026-02-27 18:44:01 INFO Epoch 1 | Step 11380/15377 | Loss 1.2203 | LR 3.5416e-06
2026-02-27 18:44:15 INFO Epoch 1 | Step 11400/15377 | Loss 1.2191 | LR 3.5508e-06
2026-02-27 18:44:29 INFO Epoch 1 | Step 11420/15377 | Loss 1.2180 | LR 3.5600e-06
2026-02-27 18:44:43 INFO Epoch 1 | Step 11440/15377 | Loss 1.2168 | LR 3.5691e-06
2026-02-27 18:44:58 INFO Epoch 1 | Step 11460/15377 | Loss 1.2156 | LR 3.5783e-06
2026-02-27 18:45:12 INFO Epoch 1 | Step 11480/15377 | Loss 1.2145 | LR 3.5875e-06
2026-02-27 18:45:26 INFO Epoch 1 | Step 11500/15377 | Loss 1.2134 | LR 3.5968e-06
2026-02-27 18:45:41 INFO Epoch 1 | Step 11520/15377 | Loss 1.2122 | LR 3.6060e-06
2026-02-27 18:45:55 INFO Epoch 1 | Step 11540/15377 | Loss 1.2111 | LR 3.6152e-06
2026-02-27 18:46:09 INFO Epoch 1 | Step 11560/15377 | Loss 1.2099 | LR 3.6245e-06
2026-02-27 18:46:24 INFO Epoch 1 | Step 11580/15377 | Loss 1.2088 | LR 3.6338e-06
2026-02-27 18:46:38 INFO Epoch 1 | Step 11600/15377 | Loss 1.2077 | LR 3.6431e-06
2026-02-27 18:46:53 INFO Epoch 1 | Step 11620/15377 | Loss 1.2065 | LR 3.6523e-06
2026-02-27 18:47:07 INFO Epoch 1 | Step 11640/15377 | Loss 1.2054 | LR 3.6617e-06
2026-02-27 18:47:21 INFO Epoch 1 | Step 11660/15377 | Loss 1.2043 | LR 3.6710e-06
2026-02-27 18:47:35 INFO Epoch 1 | Step 11680/15377 | Loss 1.2031 | LR 3.6803e-06
2026-02-27 18:47:49 INFO Epoch 1 | Step 11700/15377 | Loss 1.2020 | LR 3.6896e-06
2026-02-27 18:48:04 INFO Epoch 1 | Step 11720/15377 | Loss 1.2009 | LR 3.6990e-06
2026-02-27 18:48:18 INFO Epoch 1 | Step 11740/15377 | Loss 1.1998 | LR 3.7084e-06
2026-02-27 18:48:32 INFO Epoch 1 | Step 11760/15377 | Loss 1.1987 | LR 3.7178e-06
2026-02-27 18:48:46 INFO Epoch 1 | Step 11780/15377 | Loss 1.1976 | LR 3.7272e-06
2026-02-27 18:49:00 INFO Epoch 1 | Step 11800/15377 | Loss 1.1965 | LR 3.7366e-06
2026-02-27 18:49:15 INFO Epoch 1 | Step 11820/15377 | Loss 1.1954 | LR 3.7460e-06
2026-02-27 18:49:29 INFO Epoch 1 | Step 11840/15377 | Loss 1.1944 | LR 3.7554e-06
2026-02-27 18:49:44 INFO Epoch 1 | Step 11860/15377 | Loss 1.1933 | LR 3.7649e-06
2026-02-27 18:49:58 INFO Epoch 1 | Step 11880/15377 | Loss 1.1922 | LR 3.7743e-06
2026-02-27 18:50:13 INFO Epoch 1 | Step 11900/15377 | Loss 1.1912 | LR 3.7838e-06
2026-02-27 18:50:27 INFO Epoch 1 | Step 11920/15377 | Loss 1.1900 | LR 3.7933e-06
2026-02-27 18:50:41 INFO Epoch 1 | Step 11940/15377 | Loss 1.1890 | LR 3.8028e-06
2026-02-27 18:50:56 INFO Epoch 1 | Step 11960/15377 | Loss 1.1879 | LR 3.8123e-06
2026-02-27 18:51:10 INFO Epoch 1 | Step 11980/15377 | Loss 1.1868 | LR 3.8218e-06
2026-02-27 18:51:24 INFO Epoch 1 | Step 12000/15377 | Loss 1.1857 | LR 3.8313e-06
2026-02-27 18:51:39 INFO Epoch 1 | Step 12020/15377 | Loss 1.1847 | LR 3.8408e-06
2026-02-27 18:51:53 INFO Epoch 1 | Step 12040/15377 | Loss 1.1836 | LR 3.8504e-06
2026-02-27 18:52:07 INFO Epoch 1 | Step 12060/15377 | Loss 1.1825 | LR 3.8600e-06
2026-02-27 18:52:21 INFO Epoch 1 | Step 12080/15377 | Loss 1.1815 | LR 3.8695e-06
2026-02-27 18:52:36 INFO Epoch 1 | Step 12100/15377 | Loss 1.1804 | LR 3.8791e-06
2026-02-27 18:52:50 INFO Epoch 1 | Step 12120/15377 | Loss 1.1794 | LR 3.8887e-06
2026-02-27 18:53:04 INFO Epoch 1 | Step 12140/15377 | Loss 1.1784 | LR 3.8984e-06
2026-02-27 18:53:18 INFO Epoch 1 | Step 12160/15377 | Loss 1.1774 | LR 3.9080e-06
2026-02-27 18:53:32 INFO Epoch 1 | Step 12180/15377 | Loss 1.1763 | LR 3.9176e-06
2026-02-27 18:53:46 INFO Epoch 1 | Step 12200/15377 | Loss 1.1753 | LR 3.9273e-06
2026-02-27 18:54:00 INFO Epoch 1 | Step 12220/15377 | Loss 1.1744 | LR 3.9369e-06
2026-02-27 18:54:14 INFO Epoch 1 | Step 12240/15377 | Loss 1.1733 | LR 3.9466e-06
2026-02-27 18:54:28 INFO Epoch 1 | Step 12260/15377 | Loss 1.1723 | LR 3.9563e-06
2026-02-27 18:54:42 INFO Epoch 1 | Step 12280/15377 | Loss 1.1713 | LR 3.9660e-06
2026-02-27 18:54:56 INFO Epoch 1 | Step 12300/15377 | Loss 1.1703 | LR 3.9757e-06
2026-02-27 18:55:11 INFO Epoch 1 | Step 12320/15377 | Loss 1.1692 | LR 3.9854e-06
2026-02-27 18:55:25 INFO Epoch 1 | Step 12340/15377 | Loss 1.1682 | LR 3.9952e-06
2026-02-27 18:55:39 INFO Epoch 1 | Step 12360/15377 | Loss 1.1672 | LR 4.0049e-06
2026-02-27 18:55:53 INFO Epoch 1 | Step 12380/15377 | Loss 1.1662 | LR 4.0147e-06
2026-02-27 18:56:08 INFO Epoch 1 | Step 12400/15377 | Loss 1.1652 | LR 4.0244e-06
2026-02-27 18:56:22 INFO Epoch 1 | Step 12420/15377 | Loss 1.1642 | LR 4.0342e-06
2026-02-27 18:56:36 INFO Epoch 1 | Step 12440/15377 | Loss 1.1632 | LR 4.0440e-06
2026-02-27 18:56:51 INFO Epoch 1 | Step 12460/15377 | Loss 1.1622 | LR 4.0538e-06
2026-02-27 18:57:05 INFO Epoch 1 | Step 12480/15377 | Loss 1.1612 | LR 4.0636e-06
2026-02-27 18:57:19 INFO Epoch 1 | Step 12500/15377 | Loss 1.1602 | LR 4.0735e-06
2026-02-27 18:57:33 INFO Epoch 1 | Step 12520/15377 | Loss 1.1592 | LR 4.0833e-06
2026-02-27 18:57:47 INFO Epoch 1 | Step 12540/15377 | Loss 1.1582 | LR 4.0931e-06
2026-02-27 18:58:02 INFO Epoch 1 | Step 12560/15377 | Loss 1.1572 | LR 4.1030e-06
2026-02-27 18:58:16 INFO Epoch 1 | Step 12580/15377 | Loss 1.1562 | LR 4.1129e-06
2026-02-27 18:58:30 INFO Epoch 1 | Step 12600/15377 | Loss 1.1552 | LR 4.1228e-06
2026-02-27 18:58:44 INFO Epoch 1 | Step 12620/15377 | Loss 1.1543 | LR 4.1327e-06
2026-02-27 18:58:58 INFO Epoch 1 | Step 12640/15377 | Loss 1.1533 | LR 4.1426e-06
2026-02-27 18:59:12 INFO Epoch 1 | Step 12660/15377 | Loss 1.1523 | LR 4.1525e-06
2026-02-27 18:59:27 INFO Epoch 1 | Step 12680/15377 | Loss 1.1514 | LR 4.1624e-06
2026-02-27 18:59:41 INFO Epoch 1 | Step 12700/15377 | Loss 1.1504 | LR 4.1724e-06
2026-02-27 18:59:55 INFO Epoch 1 | Step 12720/15377 | Loss 1.1494 | LR 4.1823e-06
2026-02-27 19:00:09 INFO Epoch 1 | Step 12740/15377 | Loss 1.1485 | LR 4.1923e-06
2026-02-27 19:00:24 INFO Epoch 1 | Step 12760/15377 | Loss 1.1475 | LR 4.2023e-06
2026-02-27 19:00:38 INFO Epoch 1 | Step 12780/15377 | Loss 1.1466 | LR 4.2123e-06
2026-02-27 19:00:52 INFO Epoch 1 | Step 12800/15377 | Loss 1.1456 | LR 4.2223e-06
2026-02-27 19:01:07 INFO Epoch 1 | Step 12820/15377 | Loss 1.1447 | LR 4.2323e-06
2026-02-27 19:01:21 INFO Epoch 1 | Step 12840/15377 | Loss 1.1437 | LR 4.2423e-06
2026-02-27 19:01:35 INFO Epoch 1 | Step 12860/15377 | Loss 1.1428 | LR 4.2524e-06
2026-02-27 19:01:49 INFO Epoch 1 | Step 12880/15377 | Loss 1.1419 | LR 4.2624e-06
2026-02-27 19:02:03 INFO Epoch 1 | Step 12900/15377 | Loss 1.1409 | LR 4.2725e-06
2026-02-27 19:02:18 INFO Epoch 1 | Step 12920/15377 | Loss 1.1400 | LR 4.2825e-06
2026-02-27 19:02:32 INFO Epoch 1 | Step 12940/15377 | Loss 1.1391 | LR 4.2926e-06
2026-02-27 19:02:46 INFO Epoch 1 | Step 12960/15377 | Loss 1.1381 | LR 4.3027e-06
2026-02-27 19:03:01 INFO Epoch 1 | Step 12980/15377 | Loss 1.1372 | LR 4.3128e-06
2026-02-27 19:03:15 INFO Epoch 1 | Step 13000/15377 | Loss 1.1363 | LR 4.3229e-06
2026-02-27 19:03:30 INFO Epoch 1 | Step 13020/15377 | Loss 1.1354 | LR 4.3331e-06
2026-02-27 19:03:44 INFO Epoch 1 | Step 13040/15377 | Loss 1.1345 | LR 4.3432e-06
2026-02-27 19:03:58 INFO Epoch 1 | Step 13060/15377 | Loss 1.1335 | LR 4.3534e-06
2026-02-27 19:04:13 INFO Epoch 1 | Step 13080/15377 | Loss 1.1326 | LR 4.3635e-06
2026-02-27 19:04:27 INFO Epoch 1 | Step 13100/15377 | Loss 1.1317 | LR 4.3737e-06
2026-02-27 19:04:42 INFO Epoch 1 | Step 13120/15377 | Loss 1.1308 | LR 4.3839e-06
2026-02-27 19:04:56 INFO Epoch 1 | Step 13140/15377 | Loss 1.1299 | LR 4.3941e-06
2026-02-27 19:05:10 INFO Epoch 1 | Step 13160/15377 | Loss 1.1290 | LR 4.4043e-06
2026-02-27 19:05:24 INFO Epoch 1 | Step 13180/15377 | Loss 1.1281 | LR 4.4145e-06
2026-02-27 19:05:38 INFO Epoch 1 | Step 13200/15377 | Loss 1.1272 | LR 4.4247e-06
2026-02-27 19:05:52 INFO Epoch 1 | Step 13220/15377 | Loss 1.1263 | LR 4.4350e-06
2026-02-27 19:06:06 INFO Epoch 1 | Step 13240/15377 | Loss 1.1255 | LR 4.4452e-06
2026-02-27 19:06:21 INFO Epoch 1 | Step 13260/15377 | Loss 1.1245 | LR 4.4555e-06
2026-02-27 19:06:35 INFO Epoch 1 | Step 13280/15377 | Loss 1.1237 | LR 4.4658e-06
2026-02-27 19:06:49 INFO Epoch 1 | Step 13300/15377 | Loss 1.1228 | LR 4.4760e-06
2026-02-27 19:07:03 INFO Epoch 1 | Step 13320/15377 | Loss 1.1219 | LR 4.4863e-06
2026-02-27 19:07:18 INFO Epoch 1 | Step 13340/15377 | Loss 1.1211 | LR 4.4966e-06
2026-02-27 19:07:32 INFO Epoch 1 | Step 13360/15377 | Loss 1.1202 | LR 4.5070e-06
2026-02-27 19:07:46 INFO Epoch 1 | Step 13380/15377 | Loss 1.1194 | LR 4.5173e-06
2026-02-27 19:08:01 INFO Epoch 1 | Step 13400/15377 | Loss 1.1185 | LR 4.5276e-06
2026-02-27 19:08:15 INFO Epoch 1 | Step 13420/15377 | Loss 1.1176 | LR 4.5380e-06
2026-02-27 19:08:29 INFO Epoch 1 | Step 13440/15377 | Loss 1.1167 | LR 4.5483e-06
2026-02-27 19:08:44 INFO Epoch 1 | Step 13460/15377 | Loss 1.1159 | LR 4.5587e-06
2026-02-27 19:08:58 INFO Epoch 1 | Step 13480/15377 | Loss 1.1151 | LR 4.5691e-06
2026-02-27 19:09:13 INFO Epoch 1 | Step 13500/15377 | Loss 1.1142 | LR 4.5795e-06
2026-02-27 19:09:27 INFO Epoch 1 | Step 13520/15377 | Loss 1.1133 | LR 4.5899e-06
2026-02-27 19:09:42 INFO Epoch 1 | Step 13540/15377 | Loss 1.1125 | LR 4.6003e-06
2026-02-27 19:09:56 INFO Epoch 1 | Step 13560/15377 | Loss 1.1117 | LR 4.6107e-06
2026-02-27 19:10:10 INFO Epoch 1 | Step 13580/15377 | Loss 1.1108 | LR 4.6212e-06
2026-02-27 19:10:24 INFO Epoch 1 | Step 13600/15377 | Loss 1.1100 | LR 4.6316e-06
2026-02-27 19:10:38 INFO Epoch 1 | Step 13620/15377 | Loss 1.1092 | LR 4.6421e-06
2026-02-27 19:10:53 INFO Epoch 1 | Step 13640/15377 | Loss 1.1083 | LR 4.6525e-06
2026-02-27 19:11:07 INFO Epoch 1 | Step 13660/15377 | Loss 1.1075 | LR 4.6630e-06
2026-02-27 19:11:21 INFO Epoch 1 | Step 13680/15377 | Loss 1.1066 | LR 4.6735e-06
2026-02-27 19:11:35 INFO Epoch 1 | Step 13700/15377 | Loss 1.1058 | LR 4.6840e-06
2026-02-27 19:11:49 INFO Epoch 1 | Step 13720/15377 | Loss 1.1050 | LR 4.6945e-06
2026-02-27 19:12:03 INFO Epoch 1 | Step 13740/15377 | Loss 1.1042 | LR 4.7050e-06
2026-02-27 19:12:17 INFO Epoch 1 | Step 13760/15377 | Loss 1.1034 | LR 4.7156e-06
2026-02-27 19:12:31 INFO Epoch 1 | Step 13780/15377 | Loss 1.1025 | LR 4.7261e-06
2026-02-27 19:12:45 INFO Epoch 1 | Step 13800/15377 | Loss 1.1017 | LR 4.7367e-06
2026-02-27 19:12:59 INFO Epoch 1 | Step 13820/15377 | Loss 1.1009 | LR 4.7472e-06
2026-02-27 19:13:13 INFO Epoch 1 | Step 13840/15377 | Loss 1.1001 | LR 4.7578e-06
2026-02-27 19:13:27 INFO Epoch 1 | Step 13860/15377 | Loss 1.0993 | LR 4.7684e-06
2026-02-27 19:13:41 INFO Epoch 1 | Step 13880/15377 | Loss 1.0985 | LR 4.7790e-06
2026-02-27 19:13:55 INFO Epoch 1 | Step 13900/15377 | Loss 1.0977 | LR 4.7896e-06
2026-02-27 19:14:09 INFO Epoch 1 | Step 13920/15377 | Loss 1.0970 | LR 4.8002e-06
2026-02-27 19:14:23 INFO Epoch 1 | Step 13940/15377 | Loss 1.0961 | LR 4.8108e-06
2026-02-27 19:14:37 INFO Epoch 1 | Step 13960/15377 | Loss 1.0953 | LR 4.8215e-06
2026-02-27 19:14:51 INFO Epoch 1 | Step 13980/15377 | Loss 1.0946 | LR 4.8321e-06
2026-02-27 19:15:06 INFO Epoch 1 | Step 14000/15377 | Loss 1.0938 | LR 4.8428e-06
2026-02-27 19:15:20 INFO Epoch 1 | Step 14020/15377 | Loss 1.0931 | LR 4.8534e-06
2026-02-27 19:15:34 INFO Epoch 1 | Step 14040/15377 | Loss 1.0922 | LR 4.8641e-06
2026-02-27 19:15:49 INFO Epoch 1 | Step 14060/15377 | Loss 1.0915 | LR 4.8748e-06
2026-02-27 19:16:03 INFO Epoch 1 | Step 14080/15377 | Loss 1.0907 | LR 4.8855e-06
2026-02-27 19:16:18 INFO Epoch 1 | Step 14100/15377 | Loss 1.0899 | LR 4.8962e-06
2026-02-27 19:16:32 INFO Epoch 1 | Step 14120/15377 | Loss 1.0892 | LR 4.9069e-06
2026-02-27 19:16:46 INFO Epoch 1 | Step 14140/15377 | Loss 1.0884 | LR 4.9176e-06
2026-02-27 19:17:01 INFO Epoch 1 | Step 14160/15377 | Loss 1.0876 | LR 4.9284e-06
2026-02-27 19:17:15 INFO Epoch 1 | Step 14180/15377 | Loss 1.0868 | LR 4.9391e-06
2026-02-27 19:17:30 INFO Epoch 1 | Step 14200/15377 | Loss 1.0860 | LR 4.9499e-06
2026-02-27 19:17:44 INFO Epoch 1 | Step 14220/15377 | Loss 1.0852 | LR 4.9607e-06
2026-02-27 19:17:58 INFO Epoch 1 | Step 14240/15377 | Loss 1.0844 | LR 4.9714e-06
2026-02-27 19:18:12 INFO Epoch 1 | Step 14260/15377 | Loss 1.0836 | LR 4.9822e-06
2026-02-27 19:18:27 INFO Epoch 1 | Step 14280/15377 | Loss 1.0829 | LR 4.9930e-06
2026-02-27 19:18:41 INFO Epoch 1 | Step 14300/15377 | Loss 1.0821 | LR 5.0038e-06
2026-02-27 19:18:56 INFO Epoch 1 | Step 14320/15377 | Loss 1.0813 | LR 5.0147e-06
2026-02-27 19:19:11 INFO Epoch 1 | Step 14340/15377 | Loss 1.0805 | LR 5.0255e-06
2026-02-27 19:19:25 INFO Epoch 1 | Step 14360/15377 | Loss 1.0797 | LR 5.0363e-06
2026-02-27 19:19:40 INFO Epoch 1 | Step 14380/15377 | Loss 1.0789 | LR 5.0472e-06
2026-02-27 19:19:54 INFO Epoch 1 | Step 14400/15377 | Loss 1.0782 | LR 5.0580e-06
2026-02-27 19:20:08 INFO Epoch 1 | Step 14420/15377 | Loss 1.0774 | LR 5.0689e-06
2026-02-27 19:20:23 INFO Epoch 1 | Step 14440/15377 | Loss 1.0767 | LR 5.0798e-06
2026-02-27 19:20:37 INFO Epoch 1 | Step 14460/15377 | Loss 1.0759 | LR 5.0907e-06
2026-02-27 19:20:52 INFO Epoch 1 | Step 14480/15377 | Loss 1.0752 | LR 5.1016e-06
2026-02-27 19:21:06 INFO Epoch 1 | Step 14500/15377 | Loss 1.0744 | LR 5.1125e-06
2026-02-27 19:21:20 INFO Epoch 1 | Step 14520/15377 | Loss 1.0736 | LR 5.1234e-06
2026-02-27 19:21:34 INFO Epoch 1 | Step 14540/15377 | Loss 1.0729 | LR 5.1343e-06
2026-02-27 19:21:49 INFO Epoch 1 | Step 14560/15377 | Loss 1.0721 | LR 5.1453e-06
2026-02-27 19:22:03 INFO Epoch 1 | Step 14580/15377 | Loss 1.0714 | LR 5.1562e-06
2026-02-27 19:22:18 INFO Epoch 1 | Step 14600/15377 | Loss 1.0706 | LR 5.1672e-06
2026-02-27 19:22:32 INFO Epoch 1 | Step 14620/15377 | Loss 1.0699 | LR 5.1781e-06
2026-02-27 19:22:47 INFO Epoch 1 | Step 14640/15377 | Loss 1.0692 | LR 5.1891e-06
2026-02-27 19:23:01 INFO Epoch 1 | Step 14660/15377 | Loss 1.0685 | LR 5.2001e-06
2026-02-27 19:23:16 INFO Epoch 1 | Step 14680/15377 | Loss 1.0677 | LR 5.2111e-06
2026-02-27 19:23:30 INFO Epoch 1 | Step 14700/15377 | Loss 1.0670 | LR 5.2221e-06
2026-02-27 19:23:45 INFO Epoch 1 | Step 14720/15377 | Loss 1.0663 | LR 5.2331e-06
2026-02-27 19:23:59 INFO Epoch 1 | Step 14740/15377 | Loss 1.0656 | LR 5.2441e-06
2026-02-27 19:24:14 INFO Epoch 1 | Step 14760/15377 | Loss 1.0649 | LR 5.2552e-06
2026-02-27 19:24:28 INFO Epoch 1 | Step 14780/15377 | Loss 1.0642 | LR 5.2662e-06
2026-02-27 19:24:42 INFO Epoch 1 | Step 14800/15377 | Loss 1.0634 | LR 5.2773e-06
2026-02-27 19:24:56 INFO Epoch 1 | Step 14820/15377 | Loss 1.0627 | LR 5.2883e-06
2026-02-27 19:25:11 INFO Epoch 1 | Step 14840/15377 | Loss 1.0620 | LR 5.2994e-06
2026-02-27 19:25:25 INFO Epoch 1 | Step 14860/15377 | Loss 1.0613 | LR 5.3105e-06
2026-02-27 19:25:40 INFO Epoch 1 | Step 14880/15377 | Loss 1.0606 | LR 5.3216e-06
2026-02-27 19:25:54 INFO Epoch 1 | Step 14900/15377 | Loss 1.0598 | LR 5.3327e-06
2026-02-27 19:26:08 INFO Epoch 1 | Step 14920/15377 | Loss 1.0592 | LR 5.3438e-06
2026-02-27 19:26:22 INFO Epoch 1 | Step 14940/15377 | Loss 1.0584 | LR 5.3549e-06
2026-02-27 19:26:37 INFO Epoch 1 | Step 14960/15377 | Loss 1.0577 | LR 5.3660e-06
2026-02-27 19:26:51 INFO Epoch 1 | Step 14980/15377 | Loss 1.0570 | LR 5.3772e-06
2026-02-27 19:27:05 INFO Epoch 1 | Step 15000/15377 | Loss 1.0563 | LR 5.3883e-06
2026-02-27 19:27:19 INFO Epoch 1 | Step 15020/15377 | Loss 1.0556 | LR 5.3995e-06
2026-02-27 19:27:34 INFO Epoch 1 | Step 15040/15377 | Loss 1.0549 | LR 5.4107e-06
2026-02-27 19:27:48 INFO Epoch 1 | Step 15060/15377 | Loss 1.0543 | LR 5.4218e-06
2026-02-27 19:28:02 INFO Epoch 1 | Step 15080/15377 | Loss 1.0536 | LR 5.4330e-06
2026-02-27 19:28:17 INFO Epoch 1 | Step 15100/15377 | Loss 1.0529 | LR 5.4442e-06
2026-02-27 19:28:31 INFO Epoch 1 | Step 15120/15377 | Loss 1.0522 | LR 5.4554e-06
2026-02-27 19:28:45 INFO Epoch 1 | Step 15140/15377 | Loss 1.0515 | LR 5.4666e-06
2026-02-27 19:28:59 INFO Epoch 1 | Step 15160/15377 | Loss 1.0508 | LR 5.4779e-06
2026-02-27 19:29:14 INFO Epoch 1 | Step 15180/15377 | Loss 1.0502 | LR 5.4891e-06
2026-02-27 19:29:29 INFO Epoch 1 | Step 15200/15377 | Loss 1.0495 | LR 5.5003e-06
2026-02-27 19:29:43 INFO Epoch 1 | Step 15220/15377 | Loss 1.0488 | LR 5.5116e-06
2026-02-27 19:29:57 INFO Epoch 1 | Step 15240/15377 | Loss 1.0481 | LR 5.5228e-06
2026-02-27 19:30:12 INFO Epoch 1 | Step 15260/15377 | Loss 1.0474 | LR 5.5341e-06
2026-02-27 19:30:26 INFO Epoch 1 | Step 15280/15377 | Loss 1.0468 | LR 5.5454e-06
2026-02-27 19:30:41 INFO Epoch 1 | Step 15300/15377 | Loss 1.0460 | LR 5.5567e-06
2026-02-27 19:30:55 INFO Epoch 1 | Step 15320/15377 | Loss 1.0453 | LR 5.5680e-06
2026-02-27 19:31:10 INFO Epoch 1 | Step 15340/15377 | Loss 1.0447 | LR 5.5793e-06
2026-02-27 19:31:24 INFO Epoch 1 | Step 15360/15377 | Loss 1.0440 | LR 5.5906e-06
2026-02-27 19:31:36 INFO Epoch 1 | Step 15377/15377 | Loss 1.0435 | LR 5.6002e-06
2026-02-27 20:21:54 INFO CSV Written | Epoch: 1
2026-02-27 20:21:55 INFO Best Saved | Epoch: 1 | Monitor: val_auprc | Value: 0.0933
2026-02-27 20:21:55 INFO Epoch Done | Epoch: 1 | Time: 14121.8718 | Train Loss: 1.0435 | Val Accuracy: 0.9668 | Val AUPRC: 0.0933 | Val Auroc: 0.8196 | Val F1: 0.1070 | Val Loss: 0.5243
2026-02-27 20:21:55 INFO Epoch Start | Epoch: 2
2026-02-27 20:23:25 INFO Epoch 2 | Step 1/15377 | Loss 0.4747 | LR 5.6008e-06
2026-02-27 20:23:38 INFO Epoch 2 | Step 20/15377 | Loss 0.5519 | LR 5.6115e-06
2026-02-27 20:23:53 INFO Epoch 2 | Step 40/15377 | Loss 0.5134 | LR 5.6229e-06
2026-02-27 20:24:08 INFO Epoch 2 | Step 60/15377 | Loss 0.5293 | LR 5.6342e-06
2026-02-27 20:24:22 INFO Epoch 2 | Step 80/15377 | Loss 0.5287 | LR 5.6456e-06
2026-02-27 20:24:37 INFO Epoch 2 | Step 100/15377 | Loss 0.5346 | LR 5.6569e-06
2026-02-27 20:24:52 INFO Epoch 2 | Step 120/15377 | Loss 0.5349 | LR 5.6683e-06
2026-02-27 20:25:06 INFO Epoch 2 | Step 140/15377 | Loss 0.5314 | LR 5.6797e-06
2026-02-27 20:25:21 INFO Epoch 2 | Step 160/15377 | Loss 0.5323 | LR 5.6911e-06
2026-02-27 20:25:35 INFO Epoch 2 | Step 180/15377 | Loss 0.5325 | LR 5.7025e-06
2026-02-27 20:25:50 INFO Epoch 2 | Step 200/15377 | Loss 0.5291 | LR 5.7139e-06
2026-02-27 20:26:05 INFO Epoch 2 | Step 220/15377 | Loss 0.5267 | LR 5.7253e-06
2026-02-27 20:26:19 INFO Epoch 2 | Step 240/15377 | Loss 0.5248 | LR 5.7367e-06
2026-02-27 20:26:34 INFO Epoch 2 | Step 260/15377 | Loss 0.5234 | LR 5.7481e-06
2026-02-27 20:26:48 INFO Epoch 2 | Step 280/15377 | Loss 0.5209 | LR 5.7596e-06
2026-02-27 20:27:03 INFO Epoch 2 | Step 300/15377 | Loss 0.5189 | LR 5.7710e-06
2026-02-27 20:27:17 INFO Epoch 2 | Step 320/15377 | Loss 0.5194 | LR 5.7825e-06
2026-02-27 20:27:32 INFO Epoch 2 | Step 340/15377 | Loss 0.5208 | LR 5.7940e-06
2026-02-27 20:27:47 INFO Epoch 2 | Step 360/15377 | Loss 0.5224 | LR 5.8054e-06
2026-02-27 20:28:02 INFO Epoch 2 | Step 380/15377 | Loss 0.5226 | LR 5.8169e-06
2026-02-27 20:28:16 INFO Epoch 2 | Step 400/15377 | Loss 0.5237 | LR 5.8284e-06
2026-02-27 20:28:31 INFO Epoch 2 | Step 420/15377 | Loss 0.5237 | LR 5.8399e-06
2026-02-27 20:28:46 INFO Epoch 2 | Step 440/15377 | Loss 0.5250 | LR 5.8514e-06
2026-02-27 20:29:01 INFO Epoch 2 | Step 460/15377 | Loss 0.5259 | LR 5.8630e-06
2026-02-27 20:29:15 INFO Epoch 2 | Step 480/15377 | Loss 0.5271 | LR 5.8745e-06
2026-02-27 20:29:30 INFO Epoch 2 | Step 500/15377 | Loss 0.5281 | LR 5.8860e-06
2026-02-27 20:29:45 INFO Epoch 2 | Step 520/15377 | Loss 0.5284 | LR 5.8976e-06
2026-02-27 20:30:00 INFO Epoch 2 | Step 540/15377 | Loss 0.5285 | LR 5.9091e-06
2026-02-27 20:30:14 INFO Epoch 2 | Step 560/15377 | Loss 0.5281 | LR 5.9207e-06
2026-02-27 20:30:29 INFO Epoch 2 | Step 580/15377 | Loss 0.5283 | LR 5.9322e-06
2026-02-27 20:30:44 INFO Epoch 2 | Step 600/15377 | Loss 0.5285 | LR 5.9438e-06
2026-02-27 20:30:58 INFO Epoch 2 | Step 620/15377 | Loss 0.5298 | LR 5.9554e-06
2026-02-27 20:31:13 INFO Epoch 2 | Step 640/15377 | Loss 0.5301 | LR 5.9670e-06
2026-02-27 20:31:27 INFO Epoch 2 | Step 660/15377 | Loss 0.5306 | LR 5.9786e-06
2026-02-27 20:31:42 INFO Epoch 2 | Step 680/15377 | Loss 0.5308 | LR 5.9902e-06
2026-02-27 20:31:56 INFO Epoch 2 | Step 700/15377 | Loss 0.5305 | LR 6.0018e-06
2026-02-27 20:32:11 INFO Epoch 2 | Step 720/15377 | Loss 0.5298 | LR 6.0135e-06
2026-02-27 20:32:25 INFO Epoch 2 | Step 740/15377 | Loss 0.5309 | LR 6.0251e-06
2026-02-27 20:32:40 INFO Epoch 2 | Step 760/15377 | Loss 0.5319 | LR 6.0367e-06
2026-02-27 20:32:55 INFO Epoch 2 | Step 780/15377 | Loss 0.5317 | LR 6.0484e-06
2026-02-27 20:33:10 INFO Epoch 2 | Step 800/15377 | Loss 0.5323 | LR 6.0601e-06
2026-02-27 20:33:24 INFO Epoch 2 | Step 820/15377 | Loss 0.5324 | LR 6.0717e-06
2026-02-27 20:33:39 INFO Epoch 2 | Step 840/15377 | Loss 0.5320 | LR 6.0834e-06
2026-02-27 20:33:53 INFO Epoch 2 | Step 860/15377 | Loss 0.5315 | LR 6.0951e-06
2026-02-27 20:34:08 INFO Epoch 2 | Step 880/15377 | Loss 0.5315 | LR 6.1068e-06
2026-02-27 20:34:23 INFO Epoch 2 | Step 900/15377 | Loss 0.5309 | LR 6.1185e-06
2026-02-27 20:34:37 INFO Epoch 2 | Step 920/15377 | Loss 0.5304 | LR 6.1302e-06
2026-02-27 20:34:52 INFO Epoch 2 | Step 940/15377 | Loss 0.5297 | LR 6.1419e-06
2026-02-27 20:35:06 INFO Epoch 2 | Step 960/15377 | Loss 0.5294 | LR 6.1536e-06
2026-02-27 20:35:21 INFO Epoch 2 | Step 980/15377 | Loss 0.5296 | LR 6.1653e-06
2026-02-27 20:35:35 INFO Epoch 2 | Step 1000/15377 | Loss 0.5301 | LR 6.1771e-06
2026-02-27 20:35:50 INFO Epoch 2 | Step 1020/15377 | Loss 0.5297 | LR 6.1888e-06
2026-02-27 20:36:04 INFO Epoch 2 | Step 1040/15377 | Loss 0.5295 | LR 6.2006e-06
2026-02-27 20:36:19 INFO Epoch 2 | Step 1060/15377 | Loss 0.5293 | LR 6.2123e-06
2026-02-27 20:36:34 INFO Epoch 2 | Step 1080/15377 | Loss 0.5296 | LR 6.2241e-06
2026-02-27 20:36:48 INFO Epoch 2 | Step 1100/15377 | Loss 0.5294 | LR 6.2359e-06
2026-02-27 20:37:03 INFO Epoch 2 | Step 1120/15377 | Loss 0.5295 | LR 6.2477e-06
2026-02-27 20:37:18 INFO Epoch 2 | Step 1140/15377 | Loss 0.5303 | LR 6.2595e-06
2026-02-27 20:37:32 INFO Epoch 2 | Step 1160/15377 | Loss 0.5298 | LR 6.2713e-06
2026-02-27 20:37:47 INFO Epoch 2 | Step 1180/15377 | Loss 0.5298 | LR 6.2831e-06
2026-02-27 20:38:01 INFO Epoch 2 | Step 1200/15377 | Loss 0.5293 | LR 6.2949e-06
2026-02-27 20:38:16 INFO Epoch 2 | Step 1220/15377 | Loss 0.5287 | LR 6.3067e-06
2026-02-27 20:38:31 INFO Epoch 2 | Step 1240/15377 | Loss 0.5281 | LR 6.3186e-06
2026-02-27 20:38:45 INFO Epoch 2 | Step 1260/15377 | Loss 0.5290 | LR 6.3304e-06
2026-02-27 20:39:00 INFO Epoch 2 | Step 1280/15377 | Loss 0.5292 | LR 6.3422e-06
2026-02-27 20:39:14 INFO Epoch 2 | Step 1300/15377 | Loss 0.5291 | LR 6.3541e-06
2026-02-27 20:39:29 INFO Epoch 2 | Step 1320/15377 | Loss 0.5291 | LR 6.3660e-06
2026-02-27 20:39:44 INFO Epoch 2 | Step 1340/15377 | Loss 0.5286 | LR 6.3778e-06
2026-02-27 20:39:58 INFO Epoch 2 | Step 1360/15377 | Loss 0.5289 | LR 6.3897e-06
2026-02-27 20:40:13 INFO Epoch 2 | Step 1380/15377 | Loss 0.5284 | LR 6.4016e-06
2026-02-27 20:40:27 INFO Epoch 2 | Step 1400/15377 | Loss 0.5285 | LR 6.4135e-06
2026-02-27 20:40:42 INFO Epoch 2 | Step 1420/15377 | Loss 0.5283 | LR 6.4254e-06
2026-02-27 20:40:56 INFO Epoch 2 | Step 1440/15377 | Loss 0.5281 | LR 6.4373e-06
2026-02-27 20:41:11 INFO Epoch 2 | Step 1460/15377 | Loss 0.5285 | LR 6.4492e-06
2026-02-27 20:41:25 INFO Epoch 2 | Step 1480/15377 | Loss 0.5283 | LR 6.4611e-06
2026-02-27 20:41:40 INFO Epoch 2 | Step 1500/15377 | Loss 0.5280 | LR 6.4730e-06
2026-02-27 20:41:54 INFO Epoch 2 | Step 1520/15377 | Loss 0.5279 | LR 6.4850e-06
2026-02-27 20:42:09 INFO Epoch 2 | Step 1540/15377 | Loss 0.5276 | LR 6.4969e-06
2026-02-27 20:42:23 INFO Epoch 2 | Step 1560/15377 | Loss 0.5277 | LR 6.5089e-06
2026-02-27 20:42:38 INFO Epoch 2 | Step 1580/15377 | Loss 0.5276 | LR 6.5208e-06
2026-02-27 20:42:52 INFO Epoch 2 | Step 1600/15377 | Loss 0.5277 | LR 6.5328e-06
2026-02-27 20:43:07 INFO Epoch 2 | Step 1620/15377 | Loss 0.5276 | LR 6.5448e-06
2026-02-27 20:43:21 INFO Epoch 2 | Step 1640/15377 | Loss 0.5276 | LR 6.5567e-06
2026-02-27 20:43:36 INFO Epoch 2 | Step 1660/15377 | Loss 0.5274 | LR 6.5687e-06
2026-02-27 20:43:51 INFO Epoch 2 | Step 1680/15377 | Loss 0.5277 | LR 6.5807e-06
2026-02-27 20:44:05 INFO Epoch 2 | Step 1700/15377 | Loss 0.5275 | LR 6.5927e-06
2026-02-27 20:44:20 INFO Epoch 2 | Step 1720/15377 | Loss 0.5272 | LR 6.6047e-06
2026-02-27 20:44:35 INFO Epoch 2 | Step 1740/15377 | Loss 0.5271 | LR 6.6167e-06
2026-02-27 20:44:49 INFO Epoch 2 | Step 1760/15377 | Loss 0.5271 | LR 6.6288e-06
2026-02-27 20:45:04 INFO Epoch 2 | Step 1780/15377 | Loss 0.5266 | LR 6.6408e-06
2026-02-27 20:45:18 INFO Epoch 2 | Step 1800/15377 | Loss 0.5267 | LR 6.6528e-06
2026-02-27 20:45:33 INFO Epoch 2 | Step 1820/15377 | Loss 0.5268 | LR 6.6649e-06
2026-02-27 20:45:48 INFO Epoch 2 | Step 1840/15377 | Loss 0.5265 | LR 6.6769e-06
2026-02-27 20:46:02 INFO Epoch 2 | Step 1860/15377 | Loss 0.5263 | LR 6.6890e-06
2026-02-27 20:46:17 INFO Epoch 2 | Step 1880/15377 | Loss 0.5265 | LR 6.7010e-06
2026-02-27 20:46:31 INFO Epoch 2 | Step 1900/15377 | Loss 0.5268 | LR 6.7131e-06
2026-02-27 20:46:46 INFO Epoch 2 | Step 1920/15377 | Loss 0.5269 | LR 6.7252e-06
2026-02-27 20:47:00 INFO Epoch 2 | Step 1940/15377 | Loss 0.5269 | LR 6.7373e-06
2026-02-27 20:47:15 INFO Epoch 2 | Step 1960/15377 | Loss 0.5269 | LR 6.7494e-06
2026-02-27 20:47:29 INFO Epoch 2 | Step 1980/15377 | Loss 0.5271 | LR 6.7615e-06
2026-02-27 20:47:44 INFO Epoch 2 | Step 2000/15377 | Loss 0.5271 | LR 6.7736e-06
2026-02-27 20:47:59 INFO Epoch 2 | Step 2020/15377 | Loss 0.5266 | LR 6.7857e-06
2026-02-27 20:48:14 INFO Epoch 2 | Step 2040/15377 | Loss 0.5266 | LR 6.7978e-06
2026-02-27 20:48:28 INFO Epoch 2 | Step 2060/15377 | Loss 0.5268 | LR 6.8099e-06
2026-02-27 20:48:43 INFO Epoch 2 | Step 2080/15377 | Loss 0.5267 | LR 6.8220e-06
2026-02-27 20:48:58 INFO Epoch 2 | Step 2100/15377 | Loss 0.5270 | LR 6.8342e-06
2026-02-27 20:49:13 INFO Epoch 2 | Step 2120/15377 | Loss 0.5270 | LR 6.8463e-06
2026-02-27 20:49:28 INFO Epoch 2 | Step 2140/15377 | Loss 0.5270 | LR 6.8585e-06
2026-02-27 20:49:42 INFO Epoch 2 | Step 2160/15377 | Loss 0.5273 | LR 6.8706e-06
2026-02-27 20:49:57 INFO Epoch 2 | Step 2180/15377 | Loss 0.5274 | LR 6.8828e-06
2026-02-27 20:50:11 INFO Epoch 2 | Step 2200/15377 | Loss 0.5277 | LR 6.8950e-06
2026-02-27 20:50:26 INFO Epoch 2 | Step 2220/15377 | Loss 0.5275 | LR 6.9071e-06
2026-02-27 20:50:40 INFO Epoch 2 | Step 2240/15377 | Loss 0.5274 | LR 6.9193e-06
2026-02-27 20:50:55 INFO Epoch 2 | Step 2260/15377 | Loss 0.5274 | LR 6.9315e-06
2026-02-27 20:51:10 INFO Epoch 2 | Step 2280/15377 | Loss 0.5276 | LR 6.9437e-06
2026-02-27 20:51:24 INFO Epoch 2 | Step 2300/15377 | Loss 0.5275 | LR 6.9559e-06
2026-02-27 20:51:39 INFO Epoch 2 | Step 2320/15377 | Loss 0.5274 | LR 6.9681e-06
2026-02-27 20:51:54 INFO Epoch 2 | Step 2340/15377 | Loss 0.5271 | LR 6.9803e-06
2026-02-27 20:52:08 INFO Epoch 2 | Step 2360/15377 | Loss 0.5268 | LR 6.9925e-06
2026-02-27 20:52:23 INFO Epoch 2 | Step 2380/15377 | Loss 0.5268 | LR 7.0048e-06
2026-02-27 20:52:38 INFO Epoch 2 | Step 2400/15377 | Loss 0.5271 | LR 7.0170e-06
2026-02-27 20:52:53 INFO Epoch 2 | Step 2420/15377 | Loss 0.5272 | LR 7.0293e-06
2026-02-27 20:53:07 INFO Epoch 2 | Step 2440/15377 | Loss 0.5270 | LR 7.0415e-06
2026-02-27 20:53:22 INFO Epoch 2 | Step 2460/15377 | Loss 0.5270 | LR 7.0537e-06
2026-02-27 20:53:36 INFO Epoch 2 | Step 2480/15377 | Loss 0.5269 | LR 7.0660e-06
2026-02-27 20:53:51 INFO Epoch 2 | Step 2500/15377 | Loss 0.5268 | LR 7.0783e-06
2026-02-27 20:54:06 INFO Epoch 2 | Step 2520/15377 | Loss 0.5269 | LR 7.0905e-06
2026-02-27 20:54:20 INFO Epoch 2 | Step 2540/15377 | Loss 0.5270 | LR 7.1028e-06
2026-02-27 20:54:35 INFO Epoch 2 | Step 2560/15377 | Loss 0.5268 | LR 7.1151e-06
2026-02-27 20:54:50 INFO Epoch 2 | Step 2580/15377 | Loss 0.5268 | LR 7.1274e-06
2026-02-27 20:55:04 INFO Epoch 2 | Step 2600/15377 | Loss 0.5266 | LR 7.1397e-06
2026-02-27 20:55:19 INFO Epoch 2 | Step 2620/15377 | Loss 0.5267 | LR 7.1520e-06
2026-02-27 20:55:33 INFO Epoch 2 | Step 2640/15377 | Loss 0.5264 | LR 7.1643e-06
2026-02-27 20:55:48 INFO Epoch 2 | Step 2660/15377 | Loss 0.5265 | LR 7.1766e-06
2026-02-27 20:56:03 INFO Epoch 2 | Step 2680/15377 | Loss 0.5266 | LR 7.1889e-06
2026-02-27 20:56:17 INFO Epoch 2 | Step 2700/15377 | Loss 0.5264 | LR 7.2013e-06
2026-02-27 20:56:31 INFO Epoch 2 | Step 2720/15377 | Loss 0.5266 | LR 7.2136e-06
2026-02-27 20:56:46 INFO Epoch 2 | Step 2740/15377 | Loss 0.5265 | LR 7.2259e-06
2026-02-27 20:57:00 INFO Epoch 2 | Step 2760/15377 | Loss 0.5263 | LR 7.2383e-06
2026-02-27 20:57:15 INFO Epoch 2 | Step 2780/15377 | Loss 0.5263 | LR 7.2506e-06
2026-02-27 20:57:29 INFO Epoch 2 | Step 2800/15377 | Loss 0.5264 | LR 7.2630e-06
2026-02-27 20:57:43 INFO Epoch 2 | Step 2820/15377 | Loss 0.5265 | LR 7.2753e-06
2026-02-27 20:57:58 INFO Epoch 2 | Step 2840/15377 | Loss 0.5266 | LR 7.2877e-06
2026-02-27 20:58:12 INFO Epoch 2 | Step 2860/15377 | Loss 0.5265 | LR 7.3001e-06
2026-02-27 20:58:27 INFO Epoch 2 | Step 2880/15377 | Loss 0.5264 | LR 7.3125e-06
2026-02-27 20:58:42 INFO Epoch 2 | Step 2900/15377 | Loss 0.5263 | LR 7.3248e-06
2026-02-27 20:58:56 INFO Epoch 2 | Step 2920/15377 | Loss 0.5262 | LR 7.3372e-06
2026-02-27 20:59:11 INFO Epoch 2 | Step 2940/15377 | Loss 0.5262 | LR 7.3496e-06
2026-02-27 20:59:25 INFO Epoch 2 | Step 2960/15377 | Loss 0.5260 | LR 7.3620e-06
2026-02-27 20:59:40 INFO Epoch 2 | Step 2980/15377 | Loss 0.5259 | LR 7.3744e-06
2026-02-27 20:59:54 INFO Epoch 2 | Step 3000/15377 | Loss 0.5259 | LR 7.3868e-06
2026-02-27 21:00:09 INFO Epoch 2 | Step 3020/15377 | Loss 0.5258 | LR 7.3993e-06
2026-02-27 21:00:23 INFO Epoch 2 | Step 3040/15377 | Loss 0.5258 | LR 7.4117e-06
2026-02-27 21:00:37 INFO Epoch 2 | Step 3060/15377 | Loss 0.5257 | LR 7.4241e-06
2026-02-27 21:00:51 INFO Epoch 2 | Step 3080/15377 | Loss 0.5256 | LR 7.4365e-06
2026-02-27 21:01:06 INFO Epoch 2 | Step 3100/15377 | Loss 0.5256 | LR 7.4490e-06
2026-02-27 21:01:20 INFO Epoch 2 | Step 3120/15377 | Loss 0.5255 | LR 7.4614e-06
2026-02-27 21:01:34 INFO Epoch 2 | Step 3140/15377 | Loss 0.5255 | LR 7.4739e-06
2026-02-27 21:01:49 INFO Epoch 2 | Step 3160/15377 | Loss 0.5254 | LR 7.4863e-06
2026-02-27 21:02:03 INFO Epoch 2 | Step 3180/15377 | Loss 0.5253 | LR 7.4988e-06
2026-02-27 21:02:17 INFO Epoch 2 | Step 3200/15377 | Loss 0.5252 | LR 7.5113e-06
2026-02-27 21:02:31 INFO Epoch 2 | Step 3220/15377 | Loss 0.5253 | LR 7.5237e-06
2026-02-27 21:02:46 INFO Epoch 2 | Step 3240/15377 | Loss 0.5252 | LR 7.5362e-06
2026-02-27 21:03:00 INFO Epoch 2 | Step 3260/15377 | Loss 0.5253 | LR 7.5487e-06
2026-02-27 21:03:14 INFO Epoch 2 | Step 3280/15377 | Loss 0.5254 | LR 7.5612e-06
2026-02-27 21:03:28 INFO Epoch 2 | Step 3300/15377 | Loss 0.5254 | LR 7.5737e-06
2026-02-27 21:03:42 INFO Epoch 2 | Step 3320/15377 | Loss 0.5252 | LR 7.5862e-06
2026-02-27 21:03:56 INFO Epoch 2 | Step 3340/15377 | Loss 0.5253 | LR 7.5987e-06
2026-02-27 21:04:11 INFO Epoch 2 | Step 3360/15377 | Loss 0.5255 | LR 7.6112e-06
2026-02-27 21:04:25 INFO Epoch 2 | Step 3380/15377 | Loss 0.5256 | LR 7.6237e-06
2026-02-27 21:04:39 INFO Epoch 2 | Step 3400/15377 | Loss 0.5255 | LR 7.6362e-06
2026-02-27 21:04:54 INFO Epoch 2 | Step 3420/15377 | Loss 0.5253 | LR 7.6488e-06
2026-02-27 21:05:08 INFO Epoch 2 | Step 3440/15377 | Loss 0.5254 | LR 7.6613e-06
2026-02-27 21:05:22 INFO Epoch 2 | Step 3460/15377 | Loss 0.5254 | LR 7.6738e-06
2026-02-27 21:05:37 INFO Epoch 2 | Step 3480/15377 | Loss 0.5251 | LR 7.6864e-06
2026-02-27 21:05:51 INFO Epoch 2 | Step 3500/15377 | Loss 0.5250 | LR 7.6989e-06
2026-02-27 21:06:06 INFO Epoch 2 | Step 3520/15377 | Loss 0.5249 | LR 7.7115e-06
2026-02-27 21:06:20 INFO Epoch 2 | Step 3540/15377 | Loss 0.5248 | LR 7.7240e-06
2026-02-27 21:06:34 INFO Epoch 2 | Step 3560/15377 | Loss 0.5249 | LR 7.7366e-06
2026-02-27 21:06:48 INFO Epoch 2 | Step 3580/15377 | Loss 0.5249 | LR 7.7491e-06
2026-02-27 21:07:03 INFO Epoch 2 | Step 3600/15377 | Loss 0.5251 | LR 7.7617e-06
2026-02-27 21:07:17 INFO Epoch 2 | Step 3620/15377 | Loss 0.5253 | LR 7.7743e-06
2026-02-27 21:07:32 INFO Epoch 2 | Step 3640/15377 | Loss 0.5254 | LR 7.7869e-06
2026-02-27 21:07:46 INFO Epoch 2 | Step 3660/15377 | Loss 0.5252 | LR 7.7994e-06
2026-02-27 21:08:01 INFO Epoch 2 | Step 3680/15377 | Loss 0.5252 | LR 7.8120e-06
2026-02-27 21:08:15 INFO Epoch 2 | Step 3700/15377 | Loss 0.5252 | LR 7.8246e-06
2026-02-27 21:08:29 INFO Epoch 2 | Step 3720/15377 | Loss 0.5252 | LR 7.8372e-06
2026-02-27 21:08:44 INFO Epoch 2 | Step 3740/15377 | Loss 0.5253 | LR 7.8498e-06
2026-02-27 21:08:58 INFO Epoch 2 | Step 3760/15377 | Loss 0.5253 | LR 7.8624e-06
2026-02-27 21:09:12 INFO Epoch 2 | Step 3780/15377 | Loss 0.5254 | LR 7.8750e-06
2026-02-27 21:09:27 INFO Epoch 2 | Step 3800/15377 | Loss 0.5254 | LR 7.8877e-06
2026-02-27 21:09:41 INFO Epoch 2 | Step 3820/15377 | Loss 0.5253 | LR 7.9003e-06
2026-02-27 21:09:56 INFO Epoch 2 | Step 3840/15377 | Loss 0.5252 | LR 7.9129e-06
2026-02-27 21:10:10 INFO Epoch 2 | Step 3860/15377 | Loss 0.5253 | LR 7.9255e-06
2026-02-27 21:10:24 INFO Epoch 2 | Step 3880/15377 | Loss 0.5252 | LR 7.9382e-06
2026-02-27 21:10:39 INFO Epoch 2 | Step 3900/15377 | Loss 0.5252 | LR 7.9508e-06
2026-02-27 21:10:53 INFO Epoch 2 | Step 3920/15377 | Loss 0.5252 | LR 7.9635e-06
2026-02-27 21:11:07 INFO Epoch 2 | Step 3940/15377 | Loss 0.5252 | LR 7.9761e-06
2026-02-27 21:11:22 INFO Epoch 2 | Step 3960/15377 | Loss 0.5253 | LR 7.9888e-06
2026-02-27 21:11:36 INFO Epoch 2 | Step 3980/15377 | Loss 0.5252 | LR 8.0014e-06
2026-02-27 21:11:51 INFO Epoch 2 | Step 4000/15377 | Loss 0.5249 | LR 8.0141e-06
2026-02-27 21:12:05 INFO Epoch 2 | Step 4020/15377 | Loss 0.5250 | LR 8.0268e-06
2026-02-27 21:12:19 INFO Epoch 2 | Step 4040/15377 | Loss 0.5250 | LR 8.0394e-06
2026-02-27 21:12:34 INFO Epoch 2 | Step 4060/15377 | Loss 0.5251 | LR 8.0521e-06
2026-02-27 21:12:48 INFO Epoch 2 | Step 4080/15377 | Loss 0.5250 | LR 8.0648e-06
2026-02-27 21:13:02 INFO Epoch 2 | Step 4100/15377 | Loss 0.5251 | LR 8.0775e-06
2026-02-27 21:13:17 INFO Epoch 2 | Step 4120/15377 | Loss 0.5252 | LR 8.0902e-06
2026-02-27 21:13:31 INFO Epoch 2 | Step 4140/15377 | Loss 0.5254 | LR 8.1029e-06
2026-02-27 21:13:45 INFO Epoch 2 | Step 4160/15377 | Loss 0.5255 | LR 8.1156e-06
2026-02-27 21:14:00 INFO Epoch 2 | Step 4180/15377 | Loss 0.5256 | LR 8.1283e-06
2026-02-27 21:14:14 INFO Epoch 2 | Step 4200/15377 | Loss 0.5256 | LR 8.1410e-06
2026-02-27 21:14:29 INFO Epoch 2 | Step 4220/15377 | Loss 0.5256 | LR 8.1537e-06
2026-02-27 21:14:44 INFO Epoch 2 | Step 4240/15377 | Loss 0.5256 | LR 8.1664e-06
2026-02-27 21:14:58 INFO Epoch 2 | Step 4260/15377 | Loss 0.5256 | LR 8.1791e-06
2026-02-27 21:15:13 INFO Epoch 2 | Step 4280/15377 | Loss 0.5255 | LR 8.1918e-06
2026-02-27 21:15:28 INFO Epoch 2 | Step 4300/15377 | Loss 0.5255 | LR 8.2046e-06
2026-02-27 21:15:42 INFO Epoch 2 | Step 4320/15377 | Loss 0.5255 | LR 8.2173e-06
2026-02-27 21:15:57 INFO Epoch 2 | Step 4340/15377 | Loss 0.5254 | LR 8.2300e-06
2026-02-27 21:16:12 INFO Epoch 2 | Step 4360/15377 | Loss 0.5254 | LR 8.2428e-06
2026-02-27 21:16:26 INFO Epoch 2 | Step 4380/15377 | Loss 0.5254 | LR 8.2555e-06
2026-02-27 21:16:41 INFO Epoch 2 | Step 4400/15377 | Loss 0.5254 | LR 8.2683e-06
2026-02-27 21:16:56 INFO Epoch 2 | Step 4420/15377 | Loss 0.5252 | LR 8.2810e-06
2026-02-27 21:17:10 INFO Epoch 2 | Step 4440/15377 | Loss 0.5250 | LR 8.2938e-06
2026-02-27 21:17:25 INFO Epoch 2 | Step 4460/15377 | Loss 0.5251 | LR 8.3065e-06
2026-02-27 21:17:39 INFO Epoch 2 | Step 4480/15377 | Loss 0.5250 | LR 8.3193e-06
2026-02-27 21:17:54 INFO Epoch 2 | Step 4500/15377 | Loss 0.5250 | LR 8.3321e-06
2026-02-27 21:18:08 INFO Epoch 2 | Step 4520/15377 | Loss 0.5251 | LR 8.3448e-06
2026-02-27 21:18:23 INFO Epoch 2 | Step 4540/15377 | Loss 0.5251 | LR 8.3576e-06
2026-02-27 21:18:38 INFO Epoch 2 | Step 4560/15377 | Loss 0.5252 | LR 8.3704e-06
2026-02-27 21:18:52 INFO Epoch 2 | Step 4580/15377 | Loss 0.5251 | LR 8.3832e-06
2026-02-27 21:19:07 INFO Epoch 2 | Step 4600/15377 | Loss 0.5252 | LR 8.3959e-06
2026-02-27 21:19:21 INFO Epoch 2 | Step 4620/15377 | Loss 0.5253 | LR 8.4087e-06
2026-02-27 21:19:36 INFO Epoch 2 | Step 4640/15377 | Loss 0.5254 | LR 8.4215e-06
2026-02-27 21:19:51 INFO Epoch 2 | Step 4660/15377 | Loss 0.5254 | LR 8.4343e-06
2026-02-27 21:20:05 INFO Epoch 2 | Step 4680/15377 | Loss 0.5254 | LR 8.4471e-06
2026-02-27 21:20:20 INFO Epoch 2 | Step 4700/15377 | Loss 0.5254 | LR 8.4599e-06
2026-02-27 21:20:35 INFO Epoch 2 | Step 4720/15377 | Loss 0.5255 | LR 8.4727e-06
2026-02-27 21:20:50 INFO Epoch 2 | Step 4740/15377 | Loss 0.5254 | LR 8.4856e-06
2026-02-27 21:21:04 INFO Epoch 2 | Step 4760/15377 | Loss 0.5253 | LR 8.4984e-06
2026-02-27 21:21:19 INFO Epoch 2 | Step 4780/15377 | Loss 0.5252 | LR 8.5112e-06
2026-02-27 21:21:33 INFO Epoch 2 | Step 4800/15377 | Loss 0.5251 | LR 8.5240e-06
2026-02-27 21:21:48 INFO Epoch 2 | Step 4820/15377 | Loss 0.5251 | LR 8.5368e-06
2026-02-27 21:22:02 INFO Epoch 2 | Step 4840/15377 | Loss 0.5252 | LR 8.5497e-06
2026-02-27 21:22:16 INFO Epoch 2 | Step 4860/15377 | Loss 0.5251 | LR 8.5625e-06
2026-02-27 21:22:30 INFO Epoch 2 | Step 4880/15377 | Loss 0.5250 | LR 8.5753e-06
2026-02-27 21:22:45 INFO Epoch 2 | Step 4900/15377 | Loss 0.5250 | LR 8.5882e-06
2026-02-27 21:22:59 INFO Epoch 2 | Step 4920/15377 | Loss 0.5251 | LR 8.6010e-06
2026-02-27 21:23:13 INFO Epoch 2 | Step 4940/15377 | Loss 0.5253 | LR 8.6139e-06
2026-02-27 21:23:27 INFO Epoch 2 | Step 4960/15377 | Loss 0.5252 | LR 8.6267e-06
2026-02-27 21:23:42 INFO Epoch 2 | Step 4980/15377 | Loss 0.5253 | LR 8.6396e-06
2026-02-27 21:23:56 INFO Epoch 2 | Step 5000/15377 | Loss 0.5253 | LR 8.6524e-06
2026-02-27 21:24:10 INFO Epoch 2 | Step 5020/15377 | Loss 0.5253 | LR 8.6653e-06
2026-02-27 21:24:24 INFO Epoch 2 | Step 5040/15377 | Loss 0.5253 | LR 8.6781e-06
2026-02-27 21:24:38 INFO Epoch 2 | Step 5060/15377 | Loss 0.5254 | LR 8.6910e-06
2026-02-27 21:24:52 INFO Epoch 2 | Step 5080/15377 | Loss 0.5253 | LR 8.7039e-06
2026-02-27 21:25:07 INFO Epoch 2 | Step 5100/15377 | Loss 0.5253 | LR 8.7167e-06
2026-02-27 21:25:21 INFO Epoch 2 | Step 5120/15377 | Loss 0.5253 | LR 8.7296e-06
2026-02-27 21:25:35 INFO Epoch 2 | Step 5140/15377 | Loss 0.5254 | LR 8.7425e-06
2026-02-27 21:25:49 INFO Epoch 2 | Step 5160/15377 | Loss 0.5253 | LR 8.7554e-06
2026-02-27 21:26:04 INFO Epoch 2 | Step 5180/15377 | Loss 0.5254 | LR 8.7683e-06
2026-02-27 21:26:18 INFO Epoch 2 | Step 5200/15377 | Loss 0.5254 | LR 8.7811e-06
2026-02-27 21:26:32 INFO Epoch 2 | Step 5220/15377 | Loss 0.5253 | LR 8.7940e-06
2026-02-27 21:26:46 INFO Epoch 2 | Step 5240/15377 | Loss 0.5253 | LR 8.8069e-06
2026-02-27 21:27:00 INFO Epoch 2 | Step 5260/15377 | Loss 0.5253 | LR 8.8198e-06
2026-02-27 21:27:15 INFO Epoch 2 | Step 5280/15377 | Loss 0.5253 | LR 8.8327e-06
2026-02-27 21:27:29 INFO Epoch 2 | Step 5300/15377 | Loss 0.5254 | LR 8.8456e-06
2026-02-27 21:27:43 INFO Epoch 2 | Step 5320/15377 | Loss 0.5254 | LR 8.8585e-06
2026-02-27 21:27:57 INFO Epoch 2 | Step 5340/15377 | Loss 0.5254 | LR 8.8714e-06
2026-02-27 21:28:12 INFO Epoch 2 | Step 5360/15377 | Loss 0.5253 | LR 8.8843e-06
2026-02-27 21:28:26 INFO Epoch 2 | Step 5380/15377 | Loss 0.5253 | LR 8.8973e-06
2026-02-27 21:28:40 INFO Epoch 2 | Step 5400/15377 | Loss 0.5253 | LR 8.9102e-06
2026-02-27 21:28:55 INFO Epoch 2 | Step 5420/15377 | Loss 0.5253 | LR 8.9231e-06
2026-02-27 21:29:09 INFO Epoch 2 | Step 5440/15377 | Loss 0.5252 | LR 8.9360e-06
2026-02-27 21:29:23 INFO Epoch 2 | Step 5460/15377 | Loss 0.5250 | LR 8.9489e-06
2026-02-27 21:29:37 INFO Epoch 2 | Step 5480/15377 | Loss 0.5250 | LR 8.9619e-06
2026-02-27 21:29:52 INFO Epoch 2 | Step 5500/15377 | Loss 0.5251 | LR 8.9748e-06
2026-02-27 21:30:06 INFO Epoch 2 | Step 5520/15377 | Loss 0.5251 | LR 8.9877e-06
2026-02-27 21:30:20 INFO Epoch 2 | Step 5540/15377 | Loss 0.5252 | LR 9.0007e-06
2026-02-27 21:30:35 INFO Epoch 2 | Step 5560/15377 | Loss 0.5252 | LR 9.0136e-06
2026-02-27 21:30:49 INFO Epoch 2 | Step 5580/15377 | Loss 0.5251 | LR 9.0265e-06
2026-02-27 21:31:03 INFO Epoch 2 | Step 5600/15377 | Loss 0.5253 | LR 9.0395e-06
2026-02-27 21:31:18 INFO Epoch 2 | Step 5620/15377 | Loss 0.5252 | LR 9.0524e-06
2026-02-27 21:31:32 INFO Epoch 2 | Step 5640/15377 | Loss 0.5253 | LR 9.0654e-06
2026-02-27 21:31:46 INFO Epoch 2 | Step 5660/15377 | Loss 0.5253 | LR 9.0783e-06
2026-02-27 21:32:01 INFO Epoch 2 | Step 5680/15377 | Loss 0.5252 | LR 9.0913e-06
2026-02-27 21:32:15 INFO Epoch 2 | Step 5700/15377 | Loss 0.5253 | LR 9.1042e-06
2026-02-27 21:32:29 INFO Epoch 2 | Step 5720/15377 | Loss 0.5252 | LR 9.1172e-06
2026-02-27 21:32:44 INFO Epoch 2 | Step 5740/15377 | Loss 0.5252 | LR 9.1302e-06
2026-02-27 21:32:58 INFO Epoch 2 | Step 5760/15377 | Loss 0.5252 | LR 9.1431e-06
2026-02-27 21:33:13 INFO Epoch 2 | Step 5780/15377 | Loss 0.5252 | LR 9.1561e-06
2026-02-27 21:33:27 INFO Epoch 2 | Step 5800/15377 | Loss 0.5251 | LR 9.1690e-06
2026-02-27 21:33:42 INFO Epoch 2 | Step 5820/15377 | Loss 0.5251 | LR 9.1820e-06
2026-02-27 21:33:56 INFO Epoch 2 | Step 5840/15377 | Loss 0.5250 | LR 9.1950e-06
2026-02-27 21:34:10 INFO Epoch 2 | Step 5860/15377 | Loss 0.5252 | LR 9.2080e-06
2026-02-27 21:34:25 INFO Epoch 2 | Step 5880/15377 | Loss 0.5253 | LR 9.2209e-06
2026-02-27 21:34:39 INFO Epoch 2 | Step 5900/15377 | Loss 0.5254 | LR 9.2339e-06
2026-02-27 21:34:54 INFO Epoch 2 | Step 5920/15377 | Loss 0.5253 | LR 9.2469e-06
2026-02-27 21:35:08 INFO Epoch 2 | Step 5940/15377 | Loss 0.5253 | LR 9.2599e-06
2026-02-27 21:35:23 INFO Epoch 2 | Step 5960/15377 | Loss 0.5253 | LR 9.2729e-06
2026-02-27 21:35:37 INFO Epoch 2 | Step 5980/15377 | Loss 0.5253 | LR 9.2858e-06
2026-02-27 21:35:52 INFO Epoch 2 | Step 6000/15377 | Loss 0.5253 | LR 9.2988e-06
2026-02-27 21:36:06 INFO Epoch 2 | Step 6020/15377 | Loss 0.5252 | LR 9.3118e-06
2026-02-27 21:36:21 INFO Epoch 2 | Step 6040/15377 | Loss 0.5253 | LR 9.3248e-06
2026-02-27 21:36:35 INFO Epoch 2 | Step 6060/15377 | Loss 0.5253 | LR 9.3378e-06
2026-02-27 21:36:49 INFO Epoch 2 | Step 6080/15377 | Loss 0.5253 | LR 9.3508e-06
2026-02-27 21:37:04 INFO Epoch 2 | Step 6100/15377 | Loss 0.5254 | LR 9.3638e-06
2026-02-27 21:37:18 INFO Epoch 2 | Step 6120/15377 | Loss 0.5255 | LR 9.3768e-06
2026-02-27 21:37:32 INFO Epoch 2 | Step 6140/15377 | Loss 0.5254 | LR 9.3898e-06
2026-02-27 21:37:47 INFO Epoch 2 | Step 6160/15377 | Loss 0.5254 | LR 9.4028e-06
2026-02-27 21:38:01 INFO Epoch 2 | Step 6180/15377 | Loss 0.5255 | LR 9.4158e-06
2026-02-27 21:38:16 INFO Epoch 2 | Step 6200/15377 | Loss 0.5255 | LR 9.4288e-06
2026-02-27 21:38:30 INFO Epoch 2 | Step 6220/15377 | Loss 0.5255 | LR 9.4418e-06
2026-02-27 21:38:44 INFO Epoch 2 | Step 6240/15377 | Loss 0.5257 | LR 9.4548e-06
2026-02-27 21:38:59 INFO Epoch 2 | Step 6260/15377 | Loss 0.5257 | LR 9.4679e-06
2026-02-27 21:39:13 INFO Epoch 2 | Step 6280/15377 | Loss 0.5257 | LR 9.4809e-06
2026-02-27 21:39:27 INFO Epoch 2 | Step 6300/15377 | Loss 0.5257 | LR 9.4939e-06
2026-02-27 21:39:42 INFO Epoch 2 | Step 6320/15377 | Loss 0.5257 | LR 9.5069e-06
2026-02-27 21:39:56 INFO Epoch 2 | Step 6340/15377 | Loss 0.5256 | LR 9.5199e-06
2026-02-27 21:40:11 INFO Epoch 2 | Step 6360/15377 | Loss 0.5256 | LR 9.5330e-06
2026-02-27 21:40:25 INFO Epoch 2 | Step 6380/15377 | Loss 0.5256 | LR 9.5460e-06
2026-02-27 21:40:39 INFO Epoch 2 | Step 6400/15377 | Loss 0.5257 | LR 9.5590e-06
2026-02-27 21:40:54 INFO Epoch 2 | Step 6420/15377 | Loss 0.5256 | LR 9.5720e-06
2026-02-27 21:41:08 INFO Epoch 2 | Step 6440/15377 | Loss 0.5256 | LR 9.5851e-06
2026-02-27 21:41:22 INFO Epoch 2 | Step 6460/15377 | Loss 0.5255 | LR 9.5981e-06
2026-02-27 21:41:37 INFO Epoch 2 | Step 6480/15377 | Loss 0.5256 | LR 9.6111e-06
2026-02-27 21:41:51 INFO Epoch 2 | Step 6500/15377 | Loss 0.5255 | LR 9.6241e-06
2026-02-27 21:42:06 INFO Epoch 2 | Step 6520/15377 | Loss 0.5257 | LR 9.6372e-06
2026-02-27 21:42:20 INFO Epoch 2 | Step 6540/15377 | Loss 0.5256 | LR 9.6502e-06
2026-02-27 21:42:34 INFO Epoch 2 | Step 6560/15377 | Loss 0.5256 | LR 9.6633e-06
2026-02-27 21:42:49 INFO Epoch 2 | Step 6580/15377 | Loss 0.5256 | LR 9.6763e-06
2026-02-27 21:43:03 INFO Epoch 2 | Step 6600/15377 | Loss 0.5256 | LR 9.6893e-06
2026-02-27 21:43:17 INFO Epoch 2 | Step 6620/15377 | Loss 0.5257 | LR 9.7024e-06
2026-02-27 21:43:32 INFO Epoch 2 | Step 6640/15377 | Loss 0.5257 | LR 9.7154e-06
2026-02-27 21:43:46 INFO Epoch 2 | Step 6660/15377 | Loss 0.5256 | LR 9.7285e-06
2026-02-27 21:44:00 INFO Epoch 2 | Step 6680/15377 | Loss 0.5256 | LR 9.7415e-06
2026-02-27 21:44:15 INFO Epoch 2 | Step 6700/15377 | Loss 0.5255 | LR 9.7545e-06
2026-02-27 21:44:29 INFO Epoch 2 | Step 6720/15377 | Loss 0.5255 | LR 9.7676e-06
2026-02-27 21:44:43 INFO Epoch 2 | Step 6740/15377 | Loss 0.5254 | LR 9.7806e-06
2026-02-27 21:44:58 INFO Epoch 2 | Step 6760/15377 | Loss 0.5254 | LR 9.7937e-06
2026-02-27 21:45:12 INFO Epoch 2 | Step 6780/15377 | Loss 0.5253 | LR 9.8067e-06
2026-02-27 21:45:26 INFO Epoch 2 | Step 6800/15377 | Loss 0.5253 | LR 9.8198e-06
2026-02-27 21:45:41 INFO Epoch 2 | Step 6820/15377 | Loss 0.5252 | LR 9.8328e-06
2026-02-27 21:45:55 INFO Epoch 2 | Step 6840/15377 | Loss 0.5252 | LR 9.8459e-06
2026-02-27 21:46:10 INFO Epoch 2 | Step 6860/15377 | Loss 0.5253 | LR 9.8589e-06
2026-02-27 21:46:24 INFO Epoch 2 | Step 6880/15377 | Loss 0.5252 | LR 9.8720e-06
2026-02-27 21:46:38 INFO Epoch 2 | Step 6900/15377 | Loss 0.5253 | LR 9.8851e-06
2026-02-27 21:46:53 INFO Epoch 2 | Step 6920/15377 | Loss 0.5252 | LR 9.8981e-06
2026-02-27 21:47:07 INFO Epoch 2 | Step 6940/15377 | Loss 0.5253 | LR 9.9112e-06
2026-02-27 21:47:21 INFO Epoch 2 | Step 6960/15377 | Loss 0.5252 | LR 9.9242e-06
2026-02-27 21:47:36 INFO Epoch 2 | Step 6980/15377 | Loss 0.5252 | LR 9.9373e-06
2026-02-27 21:47:50 INFO Epoch 2 | Step 7000/15377 | Loss 0.5251 | LR 9.9504e-06
2026-02-27 21:48:04 INFO Epoch 2 | Step 7020/15377 | Loss 0.5252 | LR 9.9634e-06
2026-02-27 21:48:19 INFO Epoch 2 | Step 7040/15377 | Loss 0.5252 | LR 9.9765e-06
2026-02-27 21:48:33 INFO Epoch 2 | Step 7060/15377 | Loss 0.5251 | LR 9.9895e-06
2026-02-27 21:48:48 INFO Epoch 2 | Step 7080/15377 | Loss 0.5252 | LR 1.0003e-05
2026-02-27 21:49:02 INFO Epoch 2 | Step 7100/15377 | Loss 0.5251 | LR 1.0016e-05
2026-02-27 21:49:17 INFO Epoch 2 | Step 7120/15377 | Loss 0.5251 | LR 1.0029e-05
2026-02-27 21:49:31 INFO Epoch 2 | Step 7140/15377 | Loss 0.5251 | LR 1.0042e-05
2026-02-27 21:49:45 INFO Epoch 2 | Step 7160/15377 | Loss 0.5252 | LR 1.0055e-05
2026-02-27 21:50:00 INFO Epoch 2 | Step 7180/15377 | Loss 0.5251 | LR 1.0068e-05
2026-02-27 21:50:14 INFO Epoch 2 | Step 7200/15377 | Loss 0.5251 | LR 1.0081e-05
2026-02-27 21:50:29 INFO Epoch 2 | Step 7220/15377 | Loss 0.5251 | LR 1.0094e-05
2026-02-27 21:50:43 INFO Epoch 2 | Step 7240/15377 | Loss 0.5251 | LR 1.0107e-05
2026-02-27 21:50:58 INFO Epoch 2 | Step 7260/15377 | Loss 0.5251 | LR 1.0120e-05
2026-02-27 21:51:12 INFO Epoch 2 | Step 7280/15377 | Loss 0.5251 | LR 1.0133e-05
2026-02-27 21:51:27 INFO Epoch 2 | Step 7300/15377 | Loss 0.5251 | LR 1.0146e-05
2026-02-27 21:51:41 INFO Epoch 2 | Step 7320/15377 | Loss 0.5251 | LR 1.0159e-05
2026-02-27 21:51:55 INFO Epoch 2 | Step 7340/15377 | Loss 0.5252 | LR 1.0173e-05
2026-02-27 21:52:10 INFO Epoch 2 | Step 7360/15377 | Loss 0.5253 | LR 1.0186e-05
2026-02-27 21:52:24 INFO Epoch 2 | Step 7380/15377 | Loss 0.5253 | LR 1.0199e-05
2026-02-27 21:52:39 INFO Epoch 2 | Step 7400/15377 | Loss 0.5253 | LR 1.0212e-05
2026-02-27 21:52:53 INFO Epoch 2 | Step 7420/15377 | Loss 0.5252 | LR 1.0225e-05
2026-02-27 21:53:08 INFO Epoch 2 | Step 7440/15377 | Loss 0.5251 | LR 1.0238e-05
2026-02-27 21:53:22 INFO Epoch 2 | Step 7460/15377 | Loss 0.5251 | LR 1.0251e-05
2026-02-27 21:53:36 INFO Epoch 2 | Step 7480/15377 | Loss 0.5252 | LR 1.0264e-05
2026-02-27 21:53:50 INFO Epoch 2 | Step 7500/15377 | Loss 0.5252 | LR 1.0277e-05
2026-02-27 21:54:05 INFO Epoch 2 | Step 7520/15377 | Loss 0.5253 | LR 1.0290e-05
2026-02-27 21:54:19 INFO Epoch 2 | Step 7540/15377 | Loss 0.5253 | LR 1.0303e-05
2026-02-27 21:54:34 INFO Epoch 2 | Step 7560/15377 | Loss 0.5253 | LR 1.0316e-05
2026-02-27 21:54:48 INFO Epoch 2 | Step 7580/15377 | Loss 0.5253 | LR 1.0329e-05
2026-02-27 21:55:02 INFO Epoch 2 | Step 7600/15377 | Loss 0.5253 | LR 1.0342e-05
2026-02-27 21:55:17 INFO Epoch 2 | Step 7620/15377 | Loss 0.5254 | LR 1.0356e-05
2026-02-27 21:55:31 INFO Epoch 2 | Step 7640/15377 | Loss 0.5253 | LR 1.0369e-05
2026-02-27 21:55:46 INFO Epoch 2 | Step 7660/15377 | Loss 0.5253 | LR 1.0382e-05
2026-02-27 21:56:00 INFO Epoch 2 | Step 7680/15377 | Loss 0.5253 | LR 1.0395e-05
2026-02-27 21:56:14 INFO Epoch 2 | Step 7700/15377 | Loss 0.5253 | LR 1.0408e-05
2026-02-27 21:56:29 INFO Epoch 2 | Step 7720/15377 | Loss 0.5253 | LR 1.0421e-05
2026-02-27 21:56:43 INFO Epoch 2 | Step 7740/15377 | Loss 0.5253 | LR 1.0434e-05
2026-02-27 21:56:58 INFO Epoch 2 | Step 7760/15377 | Loss 0.5252 | LR 1.0447e-05
2026-02-27 21:57:12 INFO Epoch 2 | Step 7780/15377 | Loss 0.5252 | LR 1.0460e-05
2026-02-27 21:57:27 INFO Epoch 2 | Step 7800/15377 | Loss 0.5252 | LR 1.0473e-05
2026-02-27 21:57:41 INFO Epoch 2 | Step 7820/15377 | Loss 0.5251 | LR 1.0486e-05
2026-02-27 21:57:56 INFO Epoch 2 | Step 7840/15377 | Loss 0.5251 | LR 1.0499e-05
2026-02-27 21:58:10 INFO Epoch 2 | Step 7860/15377 | Loss 0.5251 | LR 1.0512e-05
2026-02-27 21:58:25 INFO Epoch 2 | Step 7880/15377 | Loss 0.5250 | LR 1.0526e-05
2026-02-27 21:58:39 INFO Epoch 2 | Step 7900/15377 | Loss 0.5250 | LR 1.0539e-05
2026-02-27 21:58:53 INFO Epoch 2 | Step 7920/15377 | Loss 0.5250 | LR 1.0552e-05
2026-02-27 21:59:08 INFO Epoch 2 | Step 7940/15377 | Loss 0.5250 | LR 1.0565e-05
2026-02-27 21:59:22 INFO Epoch 2 | Step 7960/15377 | Loss 0.5250 | LR 1.0578e-05
2026-02-27 21:59:37 INFO Epoch 2 | Step 7980/15377 | Loss 0.5250 | LR 1.0591e-05
2026-02-27 21:59:51 INFO Epoch 2 | Step 8000/15377 | Loss 0.5250 | LR 1.0604e-05
2026-02-27 22:00:06 INFO Epoch 2 | Step 8020/15377 | Loss 0.5250 | LR 1.0617e-05
2026-02-27 22:00:21 INFO Epoch 2 | Step 8040/15377 | Loss 0.5250 | LR 1.0630e-05
2026-02-27 22:00:35 INFO Epoch 2 | Step 8060/15377 | Loss 0.5249 | LR 1.0643e-05
2026-02-27 22:00:50 INFO Epoch 2 | Step 8080/15377 | Loss 0.5249 | LR 1.0656e-05
2026-02-27 22:01:04 INFO Epoch 2 | Step 8100/15377 | Loss 0.5249 | LR 1.0669e-05
2026-02-27 22:01:19 INFO Epoch 2 | Step 8120/15377 | Loss 0.5250 | LR 1.0682e-05
2026-02-27 22:01:34 INFO Epoch 2 | Step 8140/15377 | Loss 0.5250 | LR 1.0695e-05
2026-02-27 22:01:48 INFO Epoch 2 | Step 8160/15377 | Loss 0.5250 | LR 1.0709e-05
2026-02-27 22:02:03 INFO Epoch 2 | Step 8180/15377 | Loss 0.5250 | LR 1.0722e-05
2026-02-27 22:02:17 INFO Epoch 2 | Step 8200/15377 | Loss 0.5250 | LR 1.0735e-05
2026-02-27 22:02:32 INFO Epoch 2 | Step 8220/15377 | Loss 0.5250 | LR 1.0748e-05
2026-02-27 22:02:46 INFO Epoch 2 | Step 8240/15377 | Loss 0.5250 | LR 1.0761e-05
2026-02-27 22:03:01 INFO Epoch 2 | Step 8260/15377 | Loss 0.5249 | LR 1.0774e-05
2026-02-27 22:03:15 INFO Epoch 2 | Step 8280/15377 | Loss 0.5249 | LR 1.0787e-05
2026-02-27 22:03:30 INFO Epoch 2 | Step 8300/15377 | Loss 0.5249 | LR 1.0800e-05
2026-02-27 22:03:44 INFO Epoch 2 | Step 8320/15377 | Loss 0.5248 | LR 1.0813e-05
2026-02-27 22:03:59 INFO Epoch 2 | Step 8340/15377 | Loss 0.5248 | LR 1.0826e-05
2026-02-27 22:04:13 INFO Epoch 2 | Step 8360/15377 | Loss 0.5248 | LR 1.0839e-05
2026-02-27 22:04:28 INFO Epoch 2 | Step 8380/15377 | Loss 0.5248 | LR 1.0852e-05
2026-02-27 22:04:42 INFO Epoch 2 | Step 8400/15377 | Loss 0.5248 | LR 1.0865e-05
2026-02-27 22:04:57 INFO Epoch 2 | Step 8420/15377 | Loss 0.5249 | LR 1.0878e-05
2026-02-27 22:05:11 INFO Epoch 2 | Step 8440/15377 | Loss 0.5249 | LR 1.0891e-05
2026-02-27 22:05:26 INFO Epoch 2 | Step 8460/15377 | Loss 0.5248 | LR 1.0904e-05
2026-02-27 22:05:41 INFO Epoch 2 | Step 8480/15377 | Loss 0.5249 | LR 1.0918e-05
2026-02-27 22:05:55 INFO Epoch 2 | Step 8500/15377 | Loss 0.5248 | LR 1.0931e-05
2026-02-27 22:06:10 INFO Epoch 2 | Step 8520/15377 | Loss 0.5249 | LR 1.0944e-05
2026-02-27 22:06:24 INFO Epoch 2 | Step 8540/15377 | Loss 0.5248 | LR 1.0957e-05
2026-02-27 22:06:39 INFO Epoch 2 | Step 8560/15377 | Loss 0.5248 | LR 1.0970e-05
2026-02-27 22:06:54 INFO Epoch 2 | Step 8580/15377 | Loss 0.5247 | LR 1.0983e-05
2026-02-27 22:07:08 INFO Epoch 2 | Step 8600/15377 | Loss 0.5246 | LR 1.0996e-05
2026-02-27 22:07:23 INFO Epoch 2 | Step 8620/15377 | Loss 0.5247 | LR 1.1009e-05
2026-02-27 22:07:37 INFO Epoch 2 | Step 8640/15377 | Loss 0.5246 | LR 1.1022e-05
2026-02-27 22:07:52 INFO Epoch 2 | Step 8660/15377 | Loss 0.5246 | LR 1.1035e-05
2026-02-27 22:08:07 INFO Epoch 2 | Step 8680/15377 | Loss 0.5246 | LR 1.1048e-05
2026-02-27 22:08:21 INFO Epoch 2 | Step 8700/15377 | Loss 0.5246 | LR 1.1061e-05
2026-02-27 22:08:36 INFO Epoch 2 | Step 8720/15377 | Loss 0.5246 | LR 1.1074e-05
2026-02-27 22:08:50 INFO Epoch 2 | Step 8740/15377 | Loss 0.5246 | LR 1.1087e-05
2026-02-27 22:09:05 INFO Epoch 2 | Step 8760/15377 | Loss 0.5246 | LR 1.1100e-05
2026-02-27 22:09:20 INFO Epoch 2 | Step 8780/15377 | Loss 0.5245 | LR 1.1113e-05
2026-02-27 22:09:35 INFO Epoch 2 | Step 8800/15377 | Loss 0.5245 | LR 1.1126e-05
2026-02-27 22:09:50 INFO Epoch 2 | Step 8820/15377 | Loss 0.5244 | LR 1.1139e-05
2026-02-27 22:10:04 INFO Epoch 2 | Step 8840/15377 | Loss 0.5244 | LR 1.1152e-05
2026-02-27 22:10:19 INFO Epoch 2 | Step 8860/15377 | Loss 0.5243 | LR 1.1165e-05
2026-02-27 22:10:33 INFO Epoch 2 | Step 8880/15377 | Loss 0.5243 | LR 1.1178e-05
2026-02-27 22:10:48 INFO Epoch 2 | Step 8900/15377 | Loss 0.5244 | LR 1.1191e-05
2026-02-27 22:11:03 INFO Epoch 2 | Step 8920/15377 | Loss 0.5244 | LR 1.1205e-05
2026-02-27 22:11:17 INFO Epoch 2 | Step 8940/15377 | Loss 0.5244 | LR 1.1218e-05
2026-02-27 22:11:32 INFO Epoch 2 | Step 8960/15377 | Loss 0.5244 | LR 1.1231e-05
2026-02-27 22:11:47 INFO Epoch 2 | Step 8980/15377 | Loss 0.5243 | LR 1.1244e-05
2026-02-27 22:12:02 INFO Epoch 2 | Step 9000/15377 | Loss 0.5244 | LR 1.1257e-05
2026-02-27 22:12:16 INFO Epoch 2 | Step 9020/15377 | Loss 0.5244 | LR 1.1270e-05
2026-02-27 22:12:31 INFO Epoch 2 | Step 9040/15377 | Loss 0.5244 | LR 1.1283e-05
2026-02-27 22:12:46 INFO Epoch 2 | Step 9060/15377 | Loss 0.5244 | LR 1.1296e-05
2026-02-27 22:13:00 INFO Epoch 2 | Step 9080/15377 | Loss 0.5244 | LR 1.1309e-05
2026-02-27 22:13:15 INFO Epoch 2 | Step 9100/15377 | Loss 0.5243 | LR 1.1322e-05
2026-02-27 22:13:30 INFO Epoch 2 | Step 9120/15377 | Loss 0.5243 | LR 1.1335e-05
2026-02-27 22:13:45 INFO Epoch 2 | Step 9140/15377 | Loss 0.5243 | LR 1.1348e-05
2026-02-27 22:13:59 INFO Epoch 2 | Step 9160/15377 | Loss 0.5243 | LR 1.1361e-05
2026-02-27 22:14:14 INFO Epoch 2 | Step 9180/15377 | Loss 0.5244 | LR 1.1374e-05
2026-02-27 22:14:29 INFO Epoch 2 | Step 9200/15377 | Loss 0.5244 | LR 1.1387e-05
2026-02-27 22:14:43 INFO Epoch 2 | Step 9220/15377 | Loss 0.5244 | LR 1.1400e-05
2026-02-27 22:14:58 INFO Epoch 2 | Step 9240/15377 | Loss 0.5244 | LR 1.1413e-05
2026-02-27 22:15:13 INFO Epoch 2 | Step 9260/15377 | Loss 0.5244 | LR 1.1426e-05
2026-02-27 22:15:27 INFO Epoch 2 | Step 9280/15377 | Loss 0.5244 | LR 1.1439e-05
2026-02-27 22:15:42 INFO Epoch 2 | Step 9300/15377 | Loss 0.5244 | LR 1.1452e-05
2026-02-27 22:15:57 INFO Epoch 2 | Step 9320/15377 | Loss 0.5243 | LR 1.1465e-05
2026-02-27 22:16:11 INFO Epoch 2 | Step 9340/15377 | Loss 0.5243 | LR 1.1478e-05
2026-02-27 22:16:26 INFO Epoch 2 | Step 9360/15377 | Loss 0.5243 | LR 1.1491e-05
2026-02-27 22:16:41 INFO Epoch 2 | Step 9380/15377 | Loss 0.5243 | LR 1.1504e-05
2026-02-27 22:16:56 INFO Epoch 2 | Step 9400/15377 | Loss 0.5243 | LR 1.1517e-05
2026-02-27 22:17:10 INFO Epoch 2 | Step 9420/15377 | Loss 0.5243 | LR 1.1530e-05
2026-02-27 22:17:25 INFO Epoch 2 | Step 9440/15377 | Loss 0.5243 | LR 1.1543e-05
2026-02-27 22:17:40 INFO Epoch 2 | Step 9460/15377 | Loss 0.5243 | LR 1.1556e-05
2026-02-27 22:17:55 INFO Epoch 2 | Step 9480/15377 | Loss 0.5243 | LR 1.1569e-05
2026-02-27 22:18:10 INFO Epoch 2 | Step 9500/15377 | Loss 0.5243 | LR 1.1582e-05
2026-02-27 22:18:24 INFO Epoch 2 | Step 9520/15377 | Loss 0.5244 | LR 1.1595e-05
2026-02-27 22:18:39 INFO Epoch 2 | Step 9540/15377 | Loss 0.5244 | LR 1.1608e-05
2026-02-27 22:18:54 INFO Epoch 2 | Step 9560/15377 | Loss 0.5244 | LR 1.1621e-05
2026-02-27 22:19:09 INFO Epoch 2 | Step 9580/15377 | Loss 0.5244 | LR 1.1634e-05
2026-02-27 22:19:23 INFO Epoch 2 | Step 9600/15377 | Loss 0.5244 | LR 1.1647e-05
2026-02-27 22:19:38 INFO Epoch 2 | Step 9620/15377 | Loss 0.5244 | LR 1.1659e-05
2026-02-27 22:19:53 INFO Epoch 2 | Step 9640/15377 | Loss 0.5244 | LR 1.1672e-05
2026-02-27 22:20:08 INFO Epoch 2 | Step 9660/15377 | Loss 0.5244 | LR 1.1685e-05
2026-02-27 22:20:22 INFO Epoch 2 | Step 9680/15377 | Loss 0.5244 | LR 1.1698e-05
2026-02-27 22:20:37 INFO Epoch 2 | Step 9700/15377 | Loss 0.5244 | LR 1.1711e-05
2026-02-27 22:20:52 INFO Epoch 2 | Step 9720/15377 | Loss 0.5244 | LR 1.1724e-05
2026-02-27 22:21:06 INFO Epoch 2 | Step 9740/15377 | Loss 0.5244 | LR 1.1737e-05
2026-02-27 22:21:21 INFO Epoch 2 | Step 9760/15377 | Loss 0.5244 | LR 1.1750e-05
2026-02-27 22:21:36 INFO Epoch 2 | Step 9780/15377 | Loss 0.5244 | LR 1.1763e-05
2026-02-27 22:21:51 INFO Epoch 2 | Step 9800/15377 | Loss 0.5243 | LR 1.1776e-05
2026-02-27 22:22:05 INFO Epoch 2 | Step 9820/15377 | Loss 0.5243 | LR 1.1789e-05
2026-02-27 22:22:20 INFO Epoch 2 | Step 9840/15377 | Loss 0.5242 | LR 1.1802e-05
2026-02-27 22:22:35 INFO Epoch 2 | Step 9860/15377 | Loss 0.5242 | LR 1.1815e-05
2026-02-27 22:22:49 INFO Epoch 2 | Step 9880/15377 | Loss 0.5242 | LR 1.1828e-05
2026-02-27 22:23:04 INFO Epoch 2 | Step 9900/15377 | Loss 0.5242 | LR 1.1841e-05
2026-02-27 22:23:19 INFO Epoch 2 | Step 9920/15377 | Loss 0.5241 | LR 1.1854e-05
2026-02-27 22:23:34 INFO Epoch 2 | Step 9940/15377 | Loss 0.5242 | LR 1.1867e-05
2026-02-27 22:23:48 INFO Epoch 2 | Step 9960/15377 | Loss 0.5242 | LR 1.1879e-05
2026-02-27 22:24:03 INFO Epoch 2 | Step 9980/15377 | Loss 0.5242 | LR 1.1892e-05
2026-02-27 22:24:18 INFO Epoch 2 | Step 10000/15377 | Loss 0.5242 | LR 1.1905e-05
2026-02-27 22:24:33 INFO Epoch 2 | Step 10020/15377 | Loss 0.5241 | LR 1.1918e-05
2026-02-27 22:24:47 INFO Epoch 2 | Step 10040/15377 | Loss 0.5242 | LR 1.1931e-05
2026-02-27 22:25:02 INFO Epoch 2 | Step 10060/15377 | Loss 0.5241 | LR 1.1944e-05
2026-02-27 22:25:17 INFO Epoch 2 | Step 10080/15377 | Loss 0.5241 | LR 1.1957e-05
2026-02-27 22:25:32 INFO Epoch 2 | Step 10100/15377 | Loss 0.5241 | LR 1.1970e-05
2026-02-27 22:25:46 INFO Epoch 2 | Step 10120/15377 | Loss 0.5242 | LR 1.1983e-05
2026-02-27 22:26:01 INFO Epoch 2 | Step 10140/15377 | Loss 0.5242 | LR 1.1996e-05
2026-02-27 22:26:16 INFO Epoch 2 | Step 10160/15377 | Loss 0.5242 | LR 1.2009e-05
2026-02-27 22:26:30 INFO Epoch 2 | Step 10180/15377 | Loss 0.5242 | LR 1.2021e-05
2026-02-27 22:26:45 INFO Epoch 2 | Step 10200/15377 | Loss 0.5242 | LR 1.2034e-05
2026-02-27 22:27:00 INFO Epoch 2 | Step 10220/15377 | Loss 0.5242 | LR 1.2047e-05
2026-02-27 22:27:15 INFO Epoch 2 | Step 10240/15377 | Loss 0.5242 | LR 1.2060e-05
2026-02-27 22:27:29 INFO Epoch 2 | Step 10260/15377 | Loss 0.5242 | LR 1.2073e-05
2026-02-27 22:27:44 INFO Epoch 2 | Step 10280/15377 | Loss 0.5242 | LR 1.2086e-05
2026-02-27 22:27:59 INFO Epoch 2 | Step 10300/15377 | Loss 0.5241 | LR 1.2099e-05
2026-02-27 22:28:13 INFO Epoch 2 | Step 10320/15377 | Loss 0.5242 | LR 1.2112e-05
2026-02-27 22:28:28 INFO Epoch 2 | Step 10340/15377 | Loss 0.5242 | LR 1.2124e-05
2026-02-27 22:28:43 INFO Epoch 2 | Step 10360/15377 | Loss 0.5242 | LR 1.2137e-05
2026-02-27 22:28:58 INFO Epoch 2 | Step 10380/15377 | Loss 0.5242 | LR 1.2150e-05
2026-02-27 22:29:13 INFO Epoch 2 | Step 10400/15377 | Loss 0.5242 | LR 1.2163e-05
2026-02-27 22:29:27 INFO Epoch 2 | Step 10420/15377 | Loss 0.5242 | LR 1.2176e-05
2026-02-27 22:29:42 INFO Epoch 2 | Step 10440/15377 | Loss 0.5242 | LR 1.2189e-05
2026-02-27 22:29:57 INFO Epoch 2 | Step 10460/15377 | Loss 0.5242 | LR 1.2202e-05
2026-02-27 22:30:11 INFO Epoch 2 | Step 10480/15377 | Loss 0.5241 | LR 1.2214e-05
2026-02-27 22:30:26 INFO Epoch 2 | Step 10500/15377 | Loss 0.5241 | LR 1.2227e-05
2026-02-27 22:30:41 INFO Epoch 2 | Step 10520/15377 | Loss 0.5242 | LR 1.2240e-05
2026-02-27 22:30:56 INFO Epoch 2 | Step 10540/15377 | Loss 0.5241 | LR 1.2253e-05
2026-02-27 22:31:10 INFO Epoch 2 | Step 10560/15377 | Loss 0.5242 | LR 1.2266e-05
2026-02-27 22:31:25 INFO Epoch 2 | Step 10580/15377 | Loss 0.5242 | LR 1.2279e-05
2026-02-27 22:31:40 INFO Epoch 2 | Step 10600/15377 | Loss 0.5242 | LR 1.2291e-05
2026-02-27 22:31:54 INFO Epoch 2 | Step 10620/15377 | Loss 0.5242 | LR 1.2304e-05
2026-02-27 22:32:09 INFO Epoch 2 | Step 10640/15377 | Loss 0.5242 | LR 1.2317e-05
2026-02-27 22:32:23 INFO Epoch 2 | Step 10660/15377 | Loss 0.5242 | LR 1.2330e-05
2026-02-27 22:32:38 INFO Epoch 2 | Step 10680/15377 | Loss 0.5241 | LR 1.2343e-05
2026-02-27 22:32:52 INFO Epoch 2 | Step 10700/15377 | Loss 0.5242 | LR 1.2355e-05
2026-02-27 22:33:07 INFO Epoch 2 | Step 10720/15377 | Loss 0.5241 | LR 1.2368e-05
2026-02-27 22:33:22 INFO Epoch 2 | Step 10740/15377 | Loss 0.5241 | LR 1.2381e-05
2026-02-27 22:33:36 INFO Epoch 2 | Step 10760/15377 | Loss 0.5240 | LR 1.2394e-05
2026-02-27 22:33:51 INFO Epoch 2 | Step 10780/15377 | Loss 0.5240 | LR 1.2407e-05
2026-02-27 22:34:05 INFO Epoch 2 | Step 10800/15377 | Loss 0.5240 | LR 1.2419e-05
2026-02-27 22:34:20 INFO Epoch 2 | Step 10820/15377 | Loss 0.5240 | LR 1.2432e-05
2026-02-27 22:34:34 INFO Epoch 2 | Step 10840/15377 | Loss 0.5240 | LR 1.2445e-05
2026-02-27 22:34:49 INFO Epoch 2 | Step 10860/15377 | Loss 0.5241 | LR 1.2458e-05
2026-02-27 22:35:04 INFO Epoch 2 | Step 10880/15377 | Loss 0.5241 | LR 1.2470e-05
2026-02-27 22:35:18 INFO Epoch 2 | Step 10900/15377 | Loss 0.5241 | LR 1.2483e-05
2026-02-27 22:35:33 INFO Epoch 2 | Step 10920/15377 | Loss 0.5241 | LR 1.2496e-05
2026-02-27 22:35:48 INFO Epoch 2 | Step 10940/15377 | Loss 0.5241 | LR 1.2509e-05
2026-02-27 22:36:02 INFO Epoch 2 | Step 10960/15377 | Loss 0.5242 | LR 1.2522e-05
2026-02-27 22:36:17 INFO Epoch 2 | Step 10980/15377 | Loss 0.5242 | LR 1.2534e-05
2026-02-27 22:36:31 INFO Epoch 2 | Step 11000/15377 | Loss 0.5242 | LR 1.2547e-05
2026-02-27 22:36:46 INFO Epoch 2 | Step 11020/15377 | Loss 0.5242 | LR 1.2560e-05
2026-02-27 22:37:01 INFO Epoch 2 | Step 11040/15377 | Loss 0.5242 | LR 1.2573e-05
2026-02-27 22:37:15 INFO Epoch 2 | Step 11060/15377 | Loss 0.5242 | LR 1.2585e-05
2026-02-27 22:37:30 INFO Epoch 2 | Step 11080/15377 | Loss 0.5242 | LR 1.2598e-05
2026-02-27 22:37:44 INFO Epoch 2 | Step 11100/15377 | Loss 0.5242 | LR 1.2611e-05
2026-02-27 22:37:59 INFO Epoch 2 | Step 11120/15377 | Loss 0.5241 | LR 1.2623e-05
2026-02-27 22:38:14 INFO Epoch 2 | Step 11140/15377 | Loss 0.5241 | LR 1.2636e-05
2026-02-27 22:38:28 INFO Epoch 2 | Step 11160/15377 | Loss 0.5242 | LR 1.2649e-05
2026-02-27 22:38:43 INFO Epoch 2 | Step 11180/15377 | Loss 0.5242 | LR 1.2662e-05
2026-02-27 22:38:57 INFO Epoch 2 | Step 11200/15377 | Loss 0.5242 | LR 1.2674e-05
2026-02-27 22:39:12 INFO Epoch 2 | Step 11220/15377 | Loss 0.5241 | LR 1.2687e-05
2026-02-27 22:39:27 INFO Epoch 2 | Step 11240/15377 | Loss 0.5241 | LR 1.2700e-05
2026-02-27 22:39:41 INFO Epoch 2 | Step 11260/15377 | Loss 0.5241 | LR 1.2712e-05
2026-02-27 22:39:56 INFO Epoch 2 | Step 11280/15377 | Loss 0.5241 | LR 1.2725e-05
2026-02-27 22:40:10 INFO Epoch 2 | Step 11300/15377 | Loss 0.5241 | LR 1.2738e-05
2026-02-27 22:40:25 INFO Epoch 2 | Step 11320/15377 | Loss 0.5241 | LR 1.2750e-05
2026-02-27 22:40:39 INFO Epoch 2 | Step 11340/15377 | Loss 0.5241 | LR 1.2763e-05
2026-02-27 22:40:54 INFO Epoch 2 | Step 11360/15377 | Loss 0.5240 | LR 1.2776e-05
2026-02-27 22:41:09 INFO Epoch 2 | Step 11380/15377 | Loss 0.5241 | LR 1.2788e-05
2026-02-27 22:41:24 INFO Epoch 2 | Step 11400/15377 | Loss 0.5240 | LR 1.2801e-05
2026-02-27 22:41:38 INFO Epoch 2 | Step 11420/15377 | Loss 0.5239 | LR 1.2814e-05
2026-02-27 22:41:53 INFO Epoch 2 | Step 11440/15377 | Loss 0.5239 | LR 1.2826e-05
2026-02-27 22:42:07 INFO Epoch 2 | Step 11460/15377 | Loss 0.5239 | LR 1.2839e-05
2026-02-27 22:42:22 INFO Epoch 2 | Step 11480/15377 | Loss 0.5239 | LR 1.2852e-05
2026-02-27 22:42:37 INFO Epoch 2 | Step 11500/15377 | Loss 0.5239 | LR 1.2864e-05
2026-02-27 22:42:51 INFO Epoch 2 | Step 11520/15377 | Loss 0.5239 | LR 1.2877e-05
2026-02-27 22:43:06 INFO Epoch 2 | Step 11540/15377 | Loss 0.5239 | LR 1.2890e-05
2026-02-27 22:43:21 INFO Epoch 2 | Step 11560/15377 | Loss 0.5239 | LR 1.2902e-05
2026-02-27 22:43:35 INFO Epoch 2 | Step 11580/15377 | Loss 0.5238 | LR 1.2915e-05
2026-02-27 22:43:50 INFO Epoch 2 | Step 11600/15377 | Loss 0.5237 | LR 1.2927e-05
2026-02-27 22:44:04 INFO Epoch 2 | Step 11620/15377 | Loss 0.5238 | LR 1.2940e-05
2026-02-27 22:44:19 INFO Epoch 2 | Step 11640/15377 | Loss 0.5238 | LR 1.2953e-05
2026-02-27 22:44:33 INFO Epoch 2 | Step 11660/15377 | Loss 0.5238 | LR 1.2965e-05
2026-02-27 22:44:48 INFO Epoch 2 | Step 11680/15377 | Loss 0.5237 | LR 1.2978e-05
2026-02-27 22:45:02 INFO Epoch 2 | Step 11700/15377 | Loss 0.5238 | LR 1.2990e-05
2026-02-27 22:45:17 INFO Epoch 2 | Step 11720/15377 | Loss 0.5238 | LR 1.3003e-05
2026-02-27 22:45:31 INFO Epoch 2 | Step 11740/15377 | Loss 0.5239 | LR 1.3016e-05
2026-02-27 22:45:46 INFO Epoch 2 | Step 11760/15377 | Loss 0.5238 | LR 1.3028e-05
2026-02-27 22:46:00 INFO Epoch 2 | Step 11780/15377 | Loss 0.5238 | LR 1.3041e-05
2026-02-27 22:46:15 INFO Epoch 2 | Step 11800/15377 | Loss 0.5238 | LR 1.3053e-05
2026-02-27 22:46:29 INFO Epoch 2 | Step 11820/15377 | Loss 0.5238 | LR 1.3066e-05
2026-02-27 22:46:44 INFO Epoch 2 | Step 11840/15377 | Loss 0.5238 | LR 1.3079e-05
2026-02-27 22:46:59 INFO Epoch 2 | Step 11860/15377 | Loss 0.5238 | LR 1.3091e-05
2026-02-27 22:47:13 INFO Epoch 2 | Step 11880/15377 | Loss 0.5238 | LR 1.3104e-05
2026-02-27 22:47:28 INFO Epoch 2 | Step 11900/15377 | Loss 0.5237 | LR 1.3116e-05
2026-02-27 22:47:42 INFO Epoch 2 | Step 11920/15377 | Loss 0.5237 | LR 1.3129e-05
2026-02-27 22:47:57 INFO Epoch 2 | Step 11940/15377 | Loss 0.5236 | LR 1.3141e-05
2026-02-27 22:48:11 INFO Epoch 2 | Step 11960/15377 | Loss 0.5236 | LR 1.3154e-05
2026-02-27 22:48:26 INFO Epoch 2 | Step 11980/15377 | Loss 0.5236 | LR 1.3166e-05
2026-02-27 22:48:40 INFO Epoch 2 | Step 12000/15377 | Loss 0.5236 | LR 1.3179e-05
2026-02-27 22:48:55 INFO Epoch 2 | Step 12020/15377 | Loss 0.5235 | LR 1.3191e-05
2026-02-27 22:49:09 INFO Epoch 2 | Step 12040/15377 | Loss 0.5235 | LR 1.3204e-05
2026-02-27 22:49:24 INFO Epoch 2 | Step 12060/15377 | Loss 0.5236 | LR 1.3216e-05
2026-02-27 22:49:39 INFO Epoch 2 | Step 12080/15377 | Loss 0.5235 | LR 1.3229e-05
2026-02-27 22:49:53 INFO Epoch 2 | Step 12100/15377 | Loss 0.5235 | LR 1.3241e-05
2026-02-27 22:50:08 INFO Epoch 2 | Step 12120/15377 | Loss 0.5235 | LR 1.3254e-05
2026-02-27 22:50:22 INFO Epoch 2 | Step 12140/15377 | Loss 0.5234 | LR 1.3266e-05
2026-02-27 22:50:37 INFO Epoch 2 | Step 12160/15377 | Loss 0.5233 | LR 1.3279e-05
2026-02-27 22:50:51 INFO Epoch 2 | Step 12180/15377 | Loss 0.5233 | LR 1.3291e-05
2026-02-27 22:51:06 INFO Epoch 2 | Step 12200/15377 | Loss 0.5233 | LR 1.3304e-05
2026-02-27 22:51:21 INFO Epoch 2 | Step 12220/15377 | Loss 0.5232 | LR 1.3316e-05
2026-02-27 22:51:36 INFO Epoch 2 | Step 12240/15377 | Loss 0.5233 | LR 1.3329e-05
2026-02-27 22:51:50 INFO Epoch 2 | Step 12260/15377 | Loss 0.5232 | LR 1.3341e-05
2026-02-27 22:52:05 INFO Epoch 2 | Step 12280/15377 | Loss 0.5232 | LR 1.3354e-05
2026-02-27 22:52:20 INFO Epoch 2 | Step 12300/15377 | Loss 0.5233 | LR 1.3366e-05
2026-02-27 22:52:34 INFO Epoch 2 | Step 12320/15377 | Loss 0.5233 | LR 1.3378e-05
2026-02-27 22:52:49 INFO Epoch 2 | Step 12340/15377 | Loss 0.5233 | LR 1.3391e-05
2026-02-27 22:53:03 INFO Epoch 2 | Step 12360/15377 | Loss 0.5233 | LR 1.3403e-05
2026-02-27 22:53:18 INFO Epoch 2 | Step 12380/15377 | Loss 0.5232 | LR 1.3416e-05
2026-02-27 22:53:33 INFO Epoch 2 | Step 12400/15377 | Loss 0.5232 | LR 1.3428e-05
2026-02-27 22:53:47 INFO Epoch 2 | Step 12420/15377 | Loss 0.5232 | LR 1.3440e-05
2026-02-27 22:54:02 INFO Epoch 2 | Step 12440/15377 | Loss 0.5231 | LR 1.3453e-05
2026-02-27 22:54:17 INFO Epoch 2 | Step 12460/15377 | Loss 0.5231 | LR 1.3465e-05
2026-02-27 22:54:31 INFO Epoch 2 | Step 12480/15377 | Loss 0.5231 | LR 1.3478e-05
2026-02-27 22:54:46 INFO Epoch 2 | Step 12500/15377 | Loss 0.5231 | LR 1.3490e-05
2026-02-27 22:55:00 INFO Epoch 2 | Step 12520/15377 | Loss 0.5231 | LR 1.3502e-05
2026-02-27 22:55:15 INFO Epoch 2 | Step 12540/15377 | Loss 0.5231 | LR 1.3515e-05
2026-02-27 22:55:30 INFO Epoch 2 | Step 12560/15377 | Loss 0.5231 | LR 1.3527e-05
2026-02-27 22:55:45 INFO Epoch 2 | Step 12580/15377 | Loss 0.5231 | LR 1.3539e-05
2026-02-27 22:55:59 INFO Epoch 2 | Step 12600/15377 | Loss 0.5231 | LR 1.3552e-05
2026-02-27 22:56:14 INFO Epoch 2 | Step 12620/15377 | Loss 0.5230 | LR 1.3564e-05
2026-02-27 22:56:29 INFO Epoch 2 | Step 12640/15377 | Loss 0.5230 | LR 1.3577e-05
2026-02-27 22:56:43 INFO Epoch 2 | Step 12660/15377 | Loss 0.5230 | LR 1.3589e-05
2026-02-27 22:56:58 INFO Epoch 2 | Step 12680/15377 | Loss 0.5230 | LR 1.3601e-05
2026-02-27 22:57:13 INFO Epoch 2 | Step 12700/15377 | Loss 0.5230 | LR 1.3614e-05
2026-02-27 22:57:27 INFO Epoch 2 | Step 12720/15377 | Loss 0.5230 | LR 1.3626e-05
2026-02-27 22:57:42 INFO Epoch 2 | Step 12740/15377 | Loss 0.5230 | LR 1.3638e-05
2026-02-27 22:57:56 INFO Epoch 2 | Step 12760/15377 | Loss 0.5230 | LR 1.3650e-05
2026-02-27 22:58:11 INFO Epoch 2 | Step 12780/15377 | Loss 0.5230 | LR 1.3663e-05
2026-02-27 22:58:26 INFO Epoch 2 | Step 12800/15377 | Loss 0.5230 | LR 1.3675e-05
2026-02-27 22:58:40 INFO Epoch 2 | Step 12820/15377 | Loss 0.5229 | LR 1.3687e-05
2026-02-27 22:58:55 INFO Epoch 2 | Step 12840/15377 | Loss 0.5230 | LR 1.3700e-05
2026-02-27 22:59:09 INFO Epoch 2 | Step 12860/15377 | Loss 0.5230 | LR 1.3712e-05
2026-02-27 22:59:24 INFO Epoch 2 | Step 12880/15377 | Loss 0.5230 | LR 1.3724e-05
2026-02-27 22:59:38 INFO Epoch 2 | Step 12900/15377 | Loss 0.5230 | LR 1.3736e-05
2026-02-27 22:59:53 INFO Epoch 2 | Step 12920/15377 | Loss 0.5229 | LR 1.3749e-05
2026-02-27 23:00:07 INFO Epoch 2 | Step 12940/15377 | Loss 0.5229 | LR 1.3761e-05
2026-02-27 23:00:22 INFO Epoch 2 | Step 12960/15377 | Loss 0.5230 | LR 1.3773e-05
2026-02-27 23:00:37 INFO Epoch 2 | Step 12980/15377 | Loss 0.5230 | LR 1.3785e-05
2026-02-27 23:00:52 INFO Epoch 2 | Step 13000/15377 | Loss 0.5230 | LR 1.3798e-05
2026-02-27 23:01:06 INFO Epoch 2 | Step 13020/15377 | Loss 0.5230 | LR 1.3810e-05
2026-02-27 23:01:21 INFO Epoch 2 | Step 13040/15377 | Loss 0.5231 | LR 1.3822e-05
2026-02-27 23:01:35 INFO Epoch 2 | Step 13060/15377 | Loss 0.5230 | LR 1.3834e-05
2026-02-27 23:01:50 INFO Epoch 2 | Step 13080/15377 | Loss 0.5230 | LR 1.3847e-05
2026-02-27 23:02:04 INFO Epoch 2 | Step 13100/15377 | Loss 0.5230 | LR 1.3859e-05
2026-02-27 23:02:19 INFO Epoch 2 | Step 13120/15377 | Loss 0.5230 | LR 1.3871e-05
2026-02-27 23:02:34 INFO Epoch 2 | Step 13140/15377 | Loss 0.5230 | LR 1.3883e-05
2026-02-27 23:02:49 INFO Epoch 2 | Step 13160/15377 | Loss 0.5230 | LR 1.3895e-05
2026-02-27 23:03:04 INFO Epoch 2 | Step 13180/15377 | Loss 0.5230 | LR 1.3907e-05
2026-02-27 23:03:18 INFO Epoch 2 | Step 13200/15377 | Loss 0.5229 | LR 1.3920e-05
2026-02-27 23:03:33 INFO Epoch 2 | Step 13220/15377 | Loss 0.5230 | LR 1.3932e-05
2026-02-27 23:03:47 INFO Epoch 2 | Step 13240/15377 | Loss 0.5230 | LR 1.3944e-05
2026-02-27 23:04:02 INFO Epoch 2 | Step 13260/15377 | Loss 0.5229 | LR 1.3956e-05
2026-02-27 23:04:16 INFO Epoch 2 | Step 13280/15377 | Loss 0.5229 | LR 1.3968e-05
2026-02-27 23:04:31 INFO Epoch 2 | Step 13300/15377 | Loss 0.5229 | LR 1.3980e-05
2026-02-27 23:04:45 INFO Epoch 2 | Step 13320/15377 | Loss 0.5229 | LR 1.3993e-05
2026-02-27 23:05:00 INFO Epoch 2 | Step 13340/15377 | Loss 0.5229 | LR 1.4005e-05
2026-02-27 23:05:15 INFO Epoch 2 | Step 13360/15377 | Loss 0.5229 | LR 1.4017e-05
2026-02-27 23:05:29 INFO Epoch 2 | Step 13380/15377 | Loss 0.5229 | LR 1.4029e-05
2026-02-27 23:05:44 INFO Epoch 2 | Step 13400/15377 | Loss 0.5229 | LR 1.4041e-05
2026-02-27 23:05:59 INFO Epoch 2 | Step 13420/15377 | Loss 0.5229 | LR 1.4053e-05
2026-02-27 23:06:13 INFO Epoch 2 | Step 13440/15377 | Loss 0.5229 | LR 1.4065e-05
2026-02-27 23:06:28 INFO Epoch 2 | Step 13460/15377 | Loss 0.5229 | LR 1.4077e-05
2026-02-27 23:06:42 INFO Epoch 2 | Step 13480/15377 | Loss 0.5229 | LR 1.4089e-05
2026-02-27 23:06:57 INFO Epoch 2 | Step 13500/15377 | Loss 0.5230 | LR 1.4101e-05
2026-02-27 23:07:12 INFO Epoch 2 | Step 13520/15377 | Loss 0.5229 | LR 1.4113e-05
2026-02-27 23:07:27 INFO Epoch 2 | Step 13540/15377 | Loss 0.5229 | LR 1.4125e-05
2026-02-27 23:07:41 INFO Epoch 2 | Step 13560/15377 | Loss 0.5230 | LR 1.4138e-05
2026-02-27 23:07:56 INFO Epoch 2 | Step 13580/15377 | Loss 0.5230 | LR 1.4150e-05
2026-02-27 23:08:10 INFO Epoch 2 | Step 13600/15377 | Loss 0.5230 | LR 1.4162e-05
2026-02-27 23:08:25 INFO Epoch 2 | Step 13620/15377 | Loss 0.5229 | LR 1.4174e-05
2026-02-27 23:08:40 INFO Epoch 2 | Step 13640/15377 | Loss 0.5229 | LR 1.4186e-05
2026-02-27 23:08:54 INFO Epoch 2 | Step 13660/15377 | Loss 0.5230 | LR 1.4198e-05
2026-02-27 23:09:09 INFO Epoch 2 | Step 13680/15377 | Loss 0.5230 | LR 1.4210e-05
2026-02-27 23:09:24 INFO Epoch 2 | Step 13700/15377 | Loss 0.5230 | LR 1.4222e-05
2026-02-27 23:09:39 INFO Epoch 2 | Step 13720/15377 | Loss 0.5230 | LR 1.4234e-05
2026-02-27 23:09:54 INFO Epoch 2 | Step 13740/15377 | Loss 0.5230 | LR 1.4246e-05
2026-02-27 23:10:08 INFO Epoch 2 | Step 13760/15377 | Loss 0.5230 | LR 1.4258e-05
2026-02-27 23:10:23 INFO Epoch 2 | Step 13780/15377 | Loss 0.5230 | LR 1.4270e-05
2026-02-27 23:10:38 INFO Epoch 2 | Step 13800/15377 | Loss 0.5230 | LR 1.4282e-05
2026-02-27 23:10:53 INFO Epoch 2 | Step 13820/15377 | Loss 0.5230 | LR 1.4294e-05
2026-02-27 23:11:08 INFO Epoch 2 | Step 13840/15377 | Loss 0.5230 | LR 1.4305e-05
2026-02-27 23:11:22 INFO Epoch 2 | Step 13860/15377 | Loss 0.5230 | LR 1.4317e-05
2026-02-27 23:11:37 INFO Epoch 2 | Step 13880/15377 | Loss 0.5229 | LR 1.4329e-05
2026-02-27 23:11:52 INFO Epoch 2 | Step 13900/15377 | Loss 0.5229 | LR 1.4341e-05
2026-02-27 23:12:06 INFO Epoch 2 | Step 13920/15377 | Loss 0.5230 | LR 1.4353e-05
2026-02-27 23:12:21 INFO Epoch 2 | Step 13940/15377 | Loss 0.5230 | LR 1.4365e-05
2026-02-27 23:12:36 INFO Epoch 2 | Step 13960/15377 | Loss 0.5230 | LR 1.4377e-05
2026-02-27 23:12:51 INFO Epoch 2 | Step 13980/15377 | Loss 0.5230 | LR 1.4389e-05
2026-02-27 23:13:05 INFO Epoch 2 | Step 14000/15377 | Loss 0.5229 | LR 1.4401e-05
2026-02-27 23:13:19 INFO Epoch 2 | Step 14020/15377 | Loss 0.5230 | LR 1.4413e-05
2026-02-27 23:13:34 INFO Epoch 2 | Step 14040/15377 | Loss 0.5229 | LR 1.4425e-05
2026-02-27 23:13:48 INFO Epoch 2 | Step 14060/15377 | Loss 0.5229 | LR 1.4436e-05
2026-02-27 23:14:02 INFO Epoch 2 | Step 14080/15377 | Loss 0.5228 | LR 1.4448e-05
2026-02-27 23:14:17 INFO Epoch 2 | Step 14100/15377 | Loss 0.5228 | LR 1.4460e-05
2026-02-27 23:14:31 INFO Epoch 2 | Step 14120/15377 | Loss 0.5228 | LR 1.4472e-05
2026-02-27 23:14:46 INFO Epoch 2 | Step 14140/15377 | Loss 0.5228 | LR 1.4484e-05
2026-02-27 23:15:00 INFO Epoch 2 | Step 14160/15377 | Loss 0.5228 | LR 1.4496e-05
2026-02-27 23:15:15 INFO Epoch 2 | Step 14180/15377 | Loss 0.5228 | LR 1.4507e-05
2026-02-27 23:15:30 INFO Epoch 2 | Step 14200/15377 | Loss 0.5228 | LR 1.4519e-05
2026-02-27 23:15:44 INFO Epoch 2 | Step 14220/15377 | Loss 0.5228 | LR 1.4531e-05
2026-02-27 23:15:58 INFO Epoch 2 | Step 14240/15377 | Loss 0.5228 | LR 1.4543e-05
2026-02-27 23:16:13 INFO Epoch 2 | Step 14260/15377 | Loss 0.5228 | LR 1.4555e-05
2026-02-27 23:16:27 INFO Epoch 2 | Step 14280/15377 | Loss 0.5228 | LR 1.4566e-05
2026-02-27 23:16:41 INFO Epoch 2 | Step 14300/15377 | Loss 0.5228 | LR 1.4578e-05
2026-02-27 23:16:56 INFO Epoch 2 | Step 14320/15377 | Loss 0.5228 | LR 1.4590e-05
2026-02-27 23:17:10 INFO Epoch 2 | Step 14340/15377 | Loss 0.5228 | LR 1.4602e-05
2026-02-27 23:17:24 INFO Epoch 2 | Step 14360/15377 | Loss 0.5227 | LR 1.4614e-05
2026-02-27 23:17:39 INFO Epoch 2 | Step 14380/15377 | Loss 0.5227 | LR 1.4625e-05
2026-02-27 23:17:53 INFO Epoch 2 | Step 14400/15377 | Loss 0.5227 | LR 1.4637e-05
2026-02-27 23:18:07 INFO Epoch 2 | Step 14420/15377 | Loss 0.5227 | LR 1.4649e-05
2026-02-27 23:18:22 INFO Epoch 2 | Step 14440/15377 | Loss 0.5227 | LR 1.4660e-05
2026-02-27 23:18:36 INFO Epoch 2 | Step 14460/15377 | Loss 0.5227 | LR 1.4672e-05
2026-02-27 23:18:51 INFO Epoch 2 | Step 14480/15377 | Loss 0.5227 | LR 1.4684e-05
2026-02-27 23:19:05 INFO Epoch 2 | Step 14500/15377 | Loss 0.5226 | LR 1.4696e-05
2026-02-27 23:19:20 INFO Epoch 2 | Step 14520/15377 | Loss 0.5226 | LR 1.4707e-05
2026-02-27 23:19:34 INFO Epoch 2 | Step 14540/15377 | Loss 0.5226 | LR 1.4719e-05
2026-02-27 23:19:48 INFO Epoch 2 | Step 14560/15377 | Loss 0.5226 | LR 1.4731e-05
2026-02-27 23:20:03 INFO Epoch 2 | Step 14580/15377 | Loss 0.5226 | LR 1.4742e-05
2026-02-27 23:20:17 INFO Epoch 2 | Step 14600/15377 | Loss 0.5226 | LR 1.4754e-05
2026-02-27 23:20:32 INFO Epoch 2 | Step 14620/15377 | Loss 0.5225 | LR 1.4766e-05
2026-02-27 23:20:46 INFO Epoch 2 | Step 14640/15377 | Loss 0.5225 | LR 1.4777e-05
2026-02-27 23:21:00 INFO Epoch 2 | Step 14660/15377 | Loss 0.5225 | LR 1.4789e-05
2026-02-27 23:21:14 INFO Epoch 2 | Step 14680/15377 | Loss 0.5225 | LR 1.4800e-05
2026-02-27 23:21:29 INFO Epoch 2 | Step 14700/15377 | Loss 0.5225 | LR 1.4812e-05
2026-02-27 23:21:43 INFO Epoch 2 | Step 14720/15377 | Loss 0.5225 | LR 1.4824e-05
2026-02-27 23:21:57 INFO Epoch 2 | Step 14740/15377 | Loss 0.5225 | LR 1.4835e-05
2026-02-27 23:22:12 INFO Epoch 2 | Step 14760/15377 | Loss 0.5224 | LR 1.4847e-05
2026-02-27 23:22:26 INFO Epoch 2 | Step 14780/15377 | Loss 0.5225 | LR 1.4858e-05
2026-02-27 23:22:40 INFO Epoch 2 | Step 14800/15377 | Loss 0.5225 | LR 1.4870e-05
2026-02-27 23:22:54 INFO Epoch 2 | Step 14820/15377 | Loss 0.5225 | LR 1.4882e-05
2026-02-27 23:23:09 INFO Epoch 2 | Step 14840/15377 | Loss 0.5224 | LR 1.4893e-05
2026-02-27 23:23:23 INFO Epoch 2 | Step 14860/15377 | Loss 0.5224 | LR 1.4905e-05
2026-02-27 23:23:38 INFO Epoch 2 | Step 14880/15377 | Loss 0.5224 | LR 1.4916e-05
2026-02-27 23:23:52 INFO Epoch 2 | Step 14900/15377 | Loss 0.5223 | LR 1.4928e-05
2026-02-27 23:24:07 INFO Epoch 2 | Step 14920/15377 | Loss 0.5224 | LR 1.4939e-05
2026-02-27 23:24:21 INFO Epoch 2 | Step 14940/15377 | Loss 0.5223 | LR 1.4951e-05
2026-02-27 23:24:35 INFO Epoch 2 | Step 14960/15377 | Loss 0.5223 | LR 1.4962e-05
2026-02-27 23:24:49 INFO Epoch 2 | Step 14980/15377 | Loss 0.5223 | LR 1.4974e-05
2026-02-27 23:25:03 INFO Epoch 2 | Step 15000/15377 | Loss 0.5223 | LR 1.4985e-05
2026-02-27 23:25:18 INFO Epoch 2 | Step 15020/15377 | Loss 0.5223 | LR 1.4997e-05
2026-02-27 23:25:32 INFO Epoch 2 | Step 15040/15377 | Loss 0.5223 | LR 1.5008e-05
2026-02-27 23:25:46 INFO Epoch 2 | Step 15060/15377 | Loss 0.5223 | LR 1.5020e-05
2026-02-27 23:26:00 INFO Epoch 2 | Step 15080/15377 | Loss 0.5222 | LR 1.5031e-05
2026-02-27 23:26:14 INFO Epoch 2 | Step 15100/15377 | Loss 0.5223 | LR 1.5043e-05
2026-02-27 23:26:28 INFO Epoch 2 | Step 15120/15377 | Loss 0.5223 | LR 1.5054e-05
2026-02-27 23:26:43 INFO Epoch 2 | Step 15140/15377 | Loss 0.5222 | LR 1.5066e-05
2026-02-27 23:26:57 INFO Epoch 2 | Step 15160/15377 | Loss 0.5223 | LR 1.5077e-05
2026-02-27 23:27:11 INFO Epoch 2 | Step 15180/15377 | Loss 0.5223 | LR 1.5088e-05
2026-02-27 23:27:25 INFO Epoch 2 | Step 15200/15377 | Loss 0.5223 | LR 1.5100e-05
2026-02-27 23:27:39 INFO Epoch 2 | Step 15220/15377 | Loss 0.5223 | LR 1.5111e-05
2026-02-27 23:27:54 INFO Epoch 2 | Step 15240/15377 | Loss 0.5223 | LR 1.5123e-05
2026-02-27 23:28:08 INFO Epoch 2 | Step 15260/15377 | Loss 0.5223 | LR 1.5134e-05
2026-02-27 23:28:23 INFO Epoch 2 | Step 15280/15377 | Loss 0.5223 | LR 1.5145e-05
2026-02-27 23:28:37 INFO Epoch 2 | Step 15300/15377 | Loss 0.5223 | LR 1.5157e-05
2026-02-27 23:28:51 INFO Epoch 2 | Step 15320/15377 | Loss 0.5223 | LR 1.5168e-05
2026-02-27 23:29:06 INFO Epoch 2 | Step 15340/15377 | Loss 0.5222 | LR 1.5179e-05
2026-02-27 23:29:20 INFO Epoch 2 | Step 15360/15377 | Loss 0.5222 | LR 1.5191e-05
2026-02-27 23:29:32 INFO Epoch 2 | Step 15377/15377 | Loss 0.5221 | LR 1.5200e-05
2026-02-28 00:19:54 INFO CSV Written | Epoch: 2
2026-02-28 00:19:54 INFO Best Saved | Epoch: 2 | Monitor: val_auprc | Value: 0.1049
2026-02-28 00:19:54 INFO Epoch Done | Epoch: 2 | Time: 14278.5033 | Train Loss: 0.5221 | Val Accuracy: 0.9476 | Val AUPRC: 0.1049 | Val Auroc: 0.8460 | Val F1: 0.1690 | Val Loss: 0.5083
2026-02-28 00:19:54 INFO Epoch Start | Epoch: 3
2026-02-28 00:19:59 INFO Epoch 3 | Step 1/15377 | Loss 0.4565 | LR 8.0000e-07
2026-02-28 00:20:20 INFO Epoch 3 | Step 20/15377 | Loss 0.4850 | LR 8.0001e-07
2026-02-28 00:20:43 INFO Epoch 3 | Step 40/15377 | Loss 0.5038 | LR 8.0004e-07
2026-02-28 00:21:06 INFO Epoch 3 | Step 60/15377 | Loss 0.5160 | LR 8.0008e-07
2026-02-28 00:21:29 INFO Epoch 3 | Step 80/15377 | Loss 0.5082 | LR 8.0014e-07
2026-02-28 00:21:52 INFO Epoch 3 | Step 100/15377 | Loss 0.5048 | LR 8.0022e-07
2026-02-28 00:22:15 INFO Epoch 3 | Step 120/15377 | Loss 0.5049 | LR 8.0032e-07
2026-02-28 00:22:38 INFO Epoch 3 | Step 140/15377 | Loss 0.5001 | LR 8.0044e-07
2026-02-28 00:23:01 INFO Epoch 3 | Step 160/15377 | Loss 0.4973 | LR 8.0057e-07
2026-02-28 00:23:24 INFO Epoch 3 | Step 180/15377 | Loss 0.4994 | LR 8.0072e-07
2026-02-28 00:23:47 INFO Epoch 3 | Step 200/15377 | Loss 0.5013 | LR 8.0089e-07
2026-02-28 00:24:10 INFO Epoch 3 | Step 220/15377 | Loss 0.5031 | LR 8.0108e-07
2026-02-28 00:24:33 INFO Epoch 3 | Step 240/15377 | Loss 0.5056 | LR 8.0128e-07
2026-02-28 00:24:55 INFO Epoch 3 | Step 260/15377 | Loss 0.5065 | LR 8.0150e-07
2026-02-28 00:25:18 INFO Epoch 3 | Step 280/15377 | Loss 0.5063 | LR 8.0175e-07
2026-02-28 00:25:41 INFO Epoch 3 | Step 300/15377 | Loss 0.5053 | LR 8.0200e-07
2026-02-28 00:26:04 INFO Epoch 3 | Step 320/15377 | Loss 0.5039 | LR 8.0228e-07
2026-02-28 00:26:27 INFO Epoch 3 | Step 340/15377 | Loss 0.5052 | LR 8.0257e-07
2026-02-28 00:26:50 INFO Epoch 3 | Step 360/15377 | Loss 0.5030 | LR 8.0289e-07
2026-02-28 00:27:13 INFO Epoch 3 | Step 380/15377 | Loss 0.5020 | LR 8.0321e-07
2026-02-28 00:27:36 INFO Epoch 3 | Step 400/15377 | Loss 0.5006 | LR 8.0356e-07
2026-02-28 00:27:58 INFO Epoch 3 | Step 420/15377 | Loss 0.4999 | LR 8.0393e-07
2026-02-28 00:28:21 INFO Epoch 3 | Step 440/15377 | Loss 0.4986 | LR 8.0431e-07
2026-02-28 00:28:44 INFO Epoch 3 | Step 460/15377 | Loss 0.4981 | LR 8.0471e-07
2026-02-28 00:29:07 INFO Epoch 3 | Step 480/15377 | Loss 0.4983 | LR 8.0513e-07
2026-02-28 00:29:30 INFO Epoch 3 | Step 500/15377 | Loss 0.4975 | LR 8.0557e-07
2026-02-28 00:29:53 INFO Epoch 3 | Step 520/15377 | Loss 0.4973 | LR 8.0602e-07
2026-02-28 00:30:16 INFO Epoch 3 | Step 540/15377 | Loss 0.4974 | LR 8.0649e-07
2026-02-28 00:30:39 INFO Epoch 3 | Step 560/15377 | Loss 0.4972 | LR 8.0698e-07
2026-02-28 00:31:02 INFO Epoch 3 | Step 580/15377 | Loss 0.4976 | LR 8.0749e-07
2026-02-28 00:31:25 INFO Epoch 3 | Step 600/15377 | Loss 0.4980 | LR 8.0801e-07
2026-02-28 00:31:48 INFO Epoch 3 | Step 620/15377 | Loss 0.4977 | LR 8.0856e-07
2026-02-28 00:32:11 INFO Epoch 3 | Step 640/15377 | Loss 0.4961 | LR 8.0912e-07
2026-02-28 00:32:33 INFO Epoch 3 | Step 660/15377 | Loss 0.4956 | LR 8.0970e-07
2026-02-28 00:32:56 INFO Epoch 3 | Step 680/15377 | Loss 0.4950 | LR 8.1029e-07
2026-02-28 00:33:19 INFO Epoch 3 | Step 700/15377 | Loss 0.4948 | LR 8.1091e-07
2026-02-28 00:33:42 INFO Epoch 3 | Step 720/15377 | Loss 0.4945 | LR 8.1154e-07
2026-02-28 00:34:05 INFO Epoch 3 | Step 740/15377 | Loss 0.4938 | LR 8.1219e-07
2026-02-28 00:34:28 INFO Epoch 3 | Step 760/15377 | Loss 0.4936 | LR 8.1286e-07
2026-02-28 00:34:51 INFO Epoch 3 | Step 780/15377 | Loss 0.4936 | LR 8.1354e-07
2026-02-28 00:35:14 INFO Epoch 3 | Step 800/15377 | Loss 0.4935 | LR 8.1424e-07
2026-02-28 00:35:37 INFO Epoch 3 | Step 820/15377 | Loss 0.4930 | LR 8.1497e-07
2026-02-28 00:36:00 INFO Epoch 3 | Step 840/15377 | Loss 0.4925 | LR 8.1570e-07
2026-02-28 00:36:22 INFO Epoch 3 | Step 860/15377 | Loss 0.4926 | LR 8.1646e-07
2026-02-28 00:36:45 INFO Epoch 3 | Step 880/15377 | Loss 0.4923 | LR 8.1723e-07
2026-02-28 00:37:08 INFO Epoch 3 | Step 900/15377 | Loss 0.4918 | LR 8.1803e-07
2026-02-28 00:37:31 INFO Epoch 3 | Step 920/15377 | Loss 0.4915 | LR 8.1884e-07
2026-02-28 00:37:54 INFO Epoch 3 | Step 940/15377 | Loss 0.4910 | LR 8.1966e-07
2026-02-28 00:38:17 INFO Epoch 3 | Step 960/15377 | Loss 0.4908 | LR 8.2051e-07
2026-02-28 00:38:40 INFO Epoch 3 | Step 980/15377 | Loss 0.4908 | LR 8.2137e-07
2026-02-28 00:39:03 INFO Epoch 3 | Step 1000/15377 | Loss 0.4910 | LR 8.2225e-07
2026-02-28 00:39:26 INFO Epoch 3 | Step 1020/15377 | Loss 0.4914 | LR 8.2315e-07
2026-02-28 00:39:49 INFO Epoch 3 | Step 1040/15377 | Loss 0.4910 | LR 8.2407e-07
2026-02-28 00:40:12 INFO Epoch 3 | Step 1060/15377 | Loss 0.4909 | LR 8.2500e-07
2026-02-28 00:40:35 INFO Epoch 3 | Step 1080/15377 | Loss 0.4911 | LR 8.2596e-07
2026-02-28 00:40:58 INFO Epoch 3 | Step 1100/15377 | Loss 0.4906 | LR 8.2693e-07
2026-02-28 00:41:20 INFO Epoch 3 | Step 1120/15377 | Loss 0.4904 | LR 8.2791e-07
2026-02-28 00:41:43 INFO Epoch 3 | Step 1140/15377 | Loss 0.4901 | LR 8.2892e-07
2026-02-28 00:42:06 INFO Epoch 3 | Step 1160/15377 | Loss 0.4904 | LR 8.2994e-07
2026-02-28 00:42:29 INFO Epoch 3 | Step 1180/15377 | Loss 0.4902 | LR 8.3098e-07
2026-02-28 00:42:52 INFO Epoch 3 | Step 1200/15377 | Loss 0.4904 | LR 8.3204e-07
2026-02-28 00:43:15 INFO Epoch 3 | Step 1220/15377 | Loss 0.4905 | LR 8.3312e-07
2026-02-28 00:43:38 INFO Epoch 3 | Step 1240/15377 | Loss 0.4902 | LR 8.3421e-07
2026-02-28 00:44:01 INFO Epoch 3 | Step 1260/15377 | Loss 0.4904 | LR 8.3532e-07
2026-02-28 00:44:24 INFO Epoch 3 | Step 1280/15377 | Loss 0.4902 | LR 8.3645e-07
2026-02-28 00:44:47 INFO Epoch 3 | Step 1300/15377 | Loss 0.4896 | LR 8.3760e-07
2026-02-28 00:45:10 INFO Epoch 3 | Step 1320/15377 | Loss 0.4894 | LR 8.3876e-07
2026-02-28 00:45:32 INFO Epoch 3 | Step 1340/15377 | Loss 0.4892 | LR 8.3995e-07
2026-02-28 00:45:55 INFO Epoch 3 | Step 1360/15377 | Loss 0.4892 | LR 8.4115e-07
2026-02-28 00:46:18 INFO Epoch 3 | Step 1380/15377 | Loss 0.4894 | LR 8.4237e-07
2026-02-28 00:46:41 INFO Epoch 3 | Step 1400/15377 | Loss 0.4892 | LR 8.4360e-07
2026-02-28 00:47:04 INFO Epoch 3 | Step 1420/15377 | Loss 0.4890 | LR 8.4486e-07
2026-02-28 00:47:27 INFO Epoch 3 | Step 1440/15377 | Loss 0.4885 | LR 8.4613e-07
2026-02-28 00:47:50 INFO Epoch 3 | Step 1460/15377 | Loss 0.4889 | LR 8.4742e-07
2026-02-28 00:48:13 INFO Epoch 3 | Step 1480/15377 | Loss 0.4888 | LR 8.4872e-07
2026-02-28 00:48:35 INFO Epoch 3 | Step 1500/15377 | Loss 0.4886 | LR 8.5005e-07
2026-02-28 00:48:58 INFO Epoch 3 | Step 1520/15377 | Loss 0.4886 | LR 8.5139e-07
2026-02-28 00:49:21 INFO Epoch 3 | Step 1540/15377 | Loss 0.4885 | LR 8.5275e-07
2026-02-28 00:49:44 INFO Epoch 3 | Step 1560/15377 | Loss 0.4882 | LR 8.5413e-07
2026-02-28 00:50:07 INFO Epoch 3 | Step 1580/15377 | Loss 0.4878 | LR 8.5552e-07
2026-02-28 00:50:30 INFO Epoch 3 | Step 1600/15377 | Loss 0.4877 | LR 8.5694e-07
2026-02-28 00:50:53 INFO Epoch 3 | Step 1620/15377 | Loss 0.4875 | LR 8.5837e-07
2026-02-28 00:51:16 INFO Epoch 3 | Step 1640/15377 | Loss 0.4870 | LR 8.5982e-07
2026-02-28 00:51:39 INFO Epoch 3 | Step 1660/15377 | Loss 0.4869 | LR 8.6128e-07
2026-02-28 00:52:02 INFO Epoch 3 | Step 1680/15377 | Loss 0.4866 | LR 8.6277e-07
2026-02-28 00:52:25 INFO Epoch 3 | Step 1700/15377 | Loss 0.4865 | LR 8.6427e-07
2026-02-28 00:52:47 INFO Epoch 3 | Step 1720/15377 | Loss 0.4860 | LR 8.6579e-07
2026-02-28 00:53:10 INFO Epoch 3 | Step 1740/15377 | Loss 0.4857 | LR 8.6732e-07
2026-02-28 00:53:33 INFO Epoch 3 | Step 1760/15377 | Loss 0.4855 | LR 8.6888e-07
2026-02-28 00:53:56 INFO Epoch 3 | Step 1780/15377 | Loss 0.4853 | LR 8.7045e-07
2026-02-28 00:54:19 INFO Epoch 3 | Step 1800/15377 | Loss 0.4856 | LR 8.7204e-07
2026-02-28 00:54:42 INFO Epoch 3 | Step 1820/15377 | Loss 0.4854 | LR 8.7365e-07
2026-02-28 00:55:05 INFO Epoch 3 | Step 1840/15377 | Loss 0.4849 | LR 8.7527e-07
2026-02-28 00:55:28 INFO Epoch 3 | Step 1860/15377 | Loss 0.4848 | LR 8.7692e-07
2026-02-28 00:55:51 INFO Epoch 3 | Step 1880/15377 | Loss 0.4846 | LR 8.7858e-07
2026-02-28 00:56:14 INFO Epoch 3 | Step 1900/15377 | Loss 0.4845 | LR 8.8026e-07
2026-02-28 00:56:37 INFO Epoch 3 | Step 1920/15377 | Loss 0.4841 | LR 8.8195e-07
2026-02-28 00:57:00 INFO Epoch 3 | Step 1940/15377 | Loss 0.4838 | LR 8.8367e-07
2026-02-28 00:57:22 INFO Epoch 3 | Step 1960/15377 | Loss 0.4837 | LR 8.8540e-07
2026-02-28 00:57:45 INFO Epoch 3 | Step 1980/15377 | Loss 0.4833 | LR 8.8715e-07
2026-02-28 00:58:08 INFO Epoch 3 | Step 2000/15377 | Loss 0.4830 | LR 8.8891e-07
2026-02-28 00:58:31 INFO Epoch 3 | Step 2020/15377 | Loss 0.4829 | LR 8.9070e-07
2026-02-28 00:58:54 INFO Epoch 3 | Step 2040/15377 | Loss 0.4830 | LR 8.9250e-07
2026-02-28 00:59:17 INFO Epoch 3 | Step 2060/15377 | Loss 0.4828 | LR 8.9432e-07
2026-02-28 00:59:40 INFO Epoch 3 | Step 2080/15377 | Loss 0.4825 | LR 8.9616e-07
2026-02-28 01:00:03 INFO Epoch 3 | Step 2100/15377 | Loss 0.4825 | LR 8.9801e-07
2026-02-28 01:00:26 INFO Epoch 3 | Step 2120/15377 | Loss 0.4824 | LR 8.9988e-07
2026-02-28 01:00:49 INFO Epoch 3 | Step 2140/15377 | Loss 0.4823 | LR 9.0177e-07
2026-02-28 01:01:12 INFO Epoch 3 | Step 2160/15377 | Loss 0.4824 | LR 9.0368e-07
2026-02-28 01:01:35 INFO Epoch 3 | Step 2180/15377 | Loss 0.4821 | LR 9.0561e-07
2026-02-28 01:01:57 INFO Epoch 3 | Step 2200/15377 | Loss 0.4819 | LR 9.0755e-07
2026-02-28 01:02:20 INFO Epoch 3 | Step 2220/15377 | Loss 0.4817 | LR 9.0951e-07
2026-02-28 01:02:43 INFO Epoch 3 | Step 2240/15377 | Loss 0.4815 | LR 9.1149e-07
2026-02-28 01:03:06 INFO Epoch 3 | Step 2260/15377 | Loss 0.4812 | LR 9.1348e-07
2026-02-28 01:03:29 INFO Epoch 3 | Step 2280/15377 | Loss 0.4809 | LR 9.1550e-07
2026-02-28 01:03:52 INFO Epoch 3 | Step 2300/15377 | Loss 0.4807 | LR 9.1753e-07
2026-02-28 01:04:15 INFO Epoch 3 | Step 2320/15377 | Loss 0.4808 | LR 9.1958e-07
2026-02-28 01:04:38 INFO Epoch 3 | Step 2340/15377 | Loss 0.4807 | LR 9.2164e-07
2026-02-28 01:05:01 INFO Epoch 3 | Step 2360/15377 | Loss 0.4808 | LR 9.2373e-07
2026-02-28 01:05:24 INFO Epoch 3 | Step 2380/15377 | Loss 0.4806 | LR 9.2583e-07
2026-02-28 01:05:47 INFO Epoch 3 | Step 2400/15377 | Loss 0.4805 | LR 9.2795e-07
2026-02-28 01:06:09 INFO Epoch 3 | Step 2420/15377 | Loss 0.4804 | LR 9.3008e-07
2026-02-28 01:06:32 INFO Epoch 3 | Step 2440/15377 | Loss 0.4803 | LR 9.3224e-07
2026-02-28 01:06:55 INFO Epoch 3 | Step 2460/15377 | Loss 0.4803 | LR 9.3441e-07
2026-02-28 01:07:18 INFO Epoch 3 | Step 2480/15377 | Loss 0.4802 | LR 9.3660e-07
2026-02-28 01:07:41 INFO Epoch 3 | Step 2500/15377 | Loss 0.4801 | LR 9.3880e-07
2026-02-28 01:08:04 INFO Epoch 3 | Step 2520/15377 | Loss 0.4797 | LR 9.4103e-07
2026-02-28 01:08:27 INFO Epoch 3 | Step 2540/15377 | Loss 0.4796 | LR 9.4327e-07
2026-02-28 01:08:50 INFO Epoch 3 | Step 2560/15377 | Loss 0.4795 | LR 9.4553e-07
2026-02-28 01:09:13 INFO Epoch 3 | Step 2580/15377 | Loss 0.4791 | LR 9.4781e-07
2026-02-28 01:09:36 INFO Epoch 3 | Step 2600/15377 | Loss 0.4792 | LR 9.5010e-07
2026-02-28 01:09:59 INFO Epoch 3 | Step 2620/15377 | Loss 0.4791 | LR 9.5241e-07
2026-02-28 01:10:22 INFO Epoch 3 | Step 2640/15377 | Loss 0.4791 | LR 9.5474e-07
2026-02-28 01:10:44 INFO Epoch 3 | Step 2660/15377 | Loss 0.4789 | LR 9.5709e-07
2026-02-28 01:11:07 INFO Epoch 3 | Step 2680/15377 | Loss 0.4788 | LR 9.5945e-07
2026-02-28 01:11:30 INFO Epoch 3 | Step 2700/15377 | Loss 0.4785 | LR 9.6184e-07
2026-02-28 01:11:53 INFO Epoch 3 | Step 2720/15377 | Loss 0.4782 | LR 9.6424e-07
2026-02-28 01:12:16 INFO Epoch 3 | Step 2740/15377 | Loss 0.4780 | LR 9.6665e-07
2026-02-28 01:12:39 INFO Epoch 3 | Step 2760/15377 | Loss 0.4778 | LR 9.6909e-07
2026-02-28 01:13:02 INFO Epoch 3 | Step 2780/15377 | Loss 0.4778 | LR 9.7154e-07
2026-02-28 01:13:25 INFO Epoch 3 | Step 2800/15377 | Loss 0.4777 | LR 9.7401e-07
2026-02-28 01:13:48 INFO Epoch 3 | Step 2820/15377 | Loss 0.4775 | LR 9.7650e-07
2026-02-28 01:14:11 INFO Epoch 3 | Step 2840/15377 | Loss 0.4775 | LR 9.7900e-07
2026-02-28 01:14:33 INFO Epoch 3 | Step 2860/15377 | Loss 0.4773 | LR 9.8152e-07
2026-02-28 01:14:56 INFO Epoch 3 | Step 2880/15377 | Loss 0.4771 | LR 9.8406e-07
2026-02-28 01:15:19 INFO Epoch 3 | Step 2900/15377 | Loss 0.4771 | LR 9.8662e-07
2026-02-28 01:15:42 INFO Epoch 3 | Step 2920/15377 | Loss 0.4771 | LR 9.8919e-07
2026-02-28 01:16:04 INFO Epoch 3 | Step 2940/15377 | Loss 0.4771 | LR 9.9179e-07
2026-02-28 01:16:27 INFO Epoch 3 | Step 2960/15377 | Loss 0.4771 | LR 9.9440e-07
2026-02-28 01:16:50 INFO Epoch 3 | Step 2980/15377 | Loss 0.4769 | LR 9.9702e-07
2026-02-28 01:17:13 INFO Epoch 3 | Step 3000/15377 | Loss 0.4767 | LR 9.9967e-07
2026-02-28 01:17:36 INFO Epoch 3 | Step 3020/15377 | Loss 0.4765 | LR 1.0023e-06
2026-02-28 01:17:58 INFO Epoch 3 | Step 3040/15377 | Loss 0.4766 | LR 1.0050e-06
2026-02-28 01:18:21 INFO Epoch 3 | Step 3060/15377 | Loss 0.4765 | LR 1.0077e-06
2026-02-28 01:18:44 INFO Epoch 3 | Step 3080/15377 | Loss 0.4765 | LR 1.0104e-06
2026-02-28 01:19:07 INFO Epoch 3 | Step 3100/15377 | Loss 0.4763 | LR 1.0131e-06
2026-02-28 01:19:29 INFO Epoch 3 | Step 3120/15377 | Loss 0.4762 | LR 1.0159e-06
2026-02-28 01:19:52 INFO Epoch 3 | Step 3140/15377 | Loss 0.4761 | LR 1.0187e-06
2026-02-28 01:20:15 INFO Epoch 3 | Step 3160/15377 | Loss 0.4761 | LR 1.0214e-06
2026-02-28 01:20:38 INFO Epoch 3 | Step 3180/15377 | Loss 0.4760 | LR 1.0242e-06
2026-02-28 01:21:01 INFO Epoch 3 | Step 3200/15377 | Loss 0.4759 | LR 1.0271e-06
2026-02-28 01:21:23 INFO Epoch 3 | Step 3220/15377 | Loss 0.4758 | LR 1.0299e-06
2026-02-28 01:21:46 INFO Epoch 3 | Step 3240/15377 | Loss 0.4756 | LR 1.0328e-06
2026-02-28 01:22:09 INFO Epoch 3 | Step 3260/15377 | Loss 0.4755 | LR 1.0356e-06
2026-02-28 01:22:32 INFO Epoch 3 | Step 3280/15377 | Loss 0.4754 | LR 1.0385e-06
2026-02-28 01:22:54 INFO Epoch 3 | Step 3300/15377 | Loss 0.4753 | LR 1.0414e-06
2026-02-28 01:23:17 INFO Epoch 3 | Step 3320/15377 | Loss 0.4754 | LR 1.0443e-06
2026-02-28 01:23:40 INFO Epoch 3 | Step 3340/15377 | Loss 0.4752 | LR 1.0473e-06
2026-02-28 01:24:03 INFO Epoch 3 | Step 3360/15377 | Loss 0.4752 | LR 1.0502e-06
2026-02-28 01:24:26 INFO Epoch 3 | Step 3380/15377 | Loss 0.4751 | LR 1.0532e-06
2026-02-28 01:24:48 INFO Epoch 3 | Step 3400/15377 | Loss 0.4750 | LR 1.0562e-06
2026-02-28 01:25:11 INFO Epoch 3 | Step 3420/15377 | Loss 0.4749 | LR 1.0592e-06
2026-02-28 01:25:34 INFO Epoch 3 | Step 3440/15377 | Loss 0.4749 | LR 1.0622e-06
2026-02-28 01:25:57 INFO Epoch 3 | Step 3460/15377 | Loss 0.4749 | LR 1.0653e-06
2026-02-28 01:26:20 INFO Epoch 3 | Step 3480/15377 | Loss 0.4747 | LR 1.0683e-06
2026-02-28 01:26:42 INFO Epoch 3 | Step 3500/15377 | Loss 0.4746 | LR 1.0714e-06
2026-02-28 01:27:05 INFO Epoch 3 | Step 3520/15377 | Loss 0.4746 | LR 1.0745e-06
2026-02-28 01:27:28 INFO Epoch 3 | Step 3540/15377 | Loss 0.4746 | LR 1.0776e-06
2026-02-28 01:27:51 INFO Epoch 3 | Step 3560/15377 | Loss 0.4747 | LR 1.0808e-06
2026-02-28 01:28:13 INFO Epoch 3 | Step 3580/15377 | Loss 0.4746 | LR 1.0839e-06
2026-02-28 01:28:36 INFO Epoch 3 | Step 3600/15377 | Loss 0.4746 | LR 1.0871e-06
2026-02-28 01:28:59 INFO Epoch 3 | Step 3620/15377 | Loss 0.4744 | LR 1.0903e-06
2026-02-28 01:29:22 INFO Epoch 3 | Step 3640/15377 | Loss 0.4742 | LR 1.0935e-06
2026-02-28 01:29:44 INFO Epoch 3 | Step 3660/15377 | Loss 0.4742 | LR 1.0967e-06
2026-02-28 01:30:07 INFO Epoch 3 | Step 3680/15377 | Loss 0.4743 | LR 1.0999e-06
2026-02-28 01:30:30 INFO Epoch 3 | Step 3700/15377 | Loss 0.4741 | LR 1.1032e-06
2026-02-28 01:30:53 INFO Epoch 3 | Step 3720/15377 | Loss 0.4740 | LR 1.1064e-06
2026-02-28 01:31:16 INFO Epoch 3 | Step 3740/15377 | Loss 0.4739 | LR 1.1097e-06
2026-02-28 01:31:38 INFO Epoch 3 | Step 3760/15377 | Loss 0.4737 | LR 1.1130e-06
2026-02-28 01:32:01 INFO Epoch 3 | Step 3780/15377 | Loss 0.4736 | LR 1.1163e-06
2026-02-28 01:32:24 INFO Epoch 3 | Step 3800/15377 | Loss 0.4735 | LR 1.1197e-06
2026-02-28 01:32:47 INFO Epoch 3 | Step 3820/15377 | Loss 0.4734 | LR 1.1230e-06
2026-02-28 01:33:09 INFO Epoch 3 | Step 3840/15377 | Loss 0.4734 | LR 1.1264e-06
2026-02-28 01:33:32 INFO Epoch 3 | Step 3860/15377 | Loss 0.4732 | LR 1.1298e-06
2026-02-28 01:33:55 INFO Epoch 3 | Step 3880/15377 | Loss 0.4730 | LR 1.1332e-06
2026-02-28 01:34:18 INFO Epoch 3 | Step 3900/15377 | Loss 0.4729 | LR 1.1366e-06
2026-02-28 01:34:41 INFO Epoch 3 | Step 3920/15377 | Loss 0.4728 | LR 1.1401e-06
2026-02-28 01:35:03 INFO Epoch 3 | Step 3940/15377 | Loss 0.4728 | LR 1.1435e-06
2026-02-28 01:35:26 INFO Epoch 3 | Step 3960/15377 | Loss 0.4728 | LR 1.1470e-06
2026-02-28 01:35:49 INFO Epoch 3 | Step 3980/15377 | Loss 0.4726 | LR 1.1505e-06
2026-02-28 01:36:12 INFO Epoch 3 | Step 4000/15377 | Loss 0.4725 | LR 1.1540e-06
2026-02-28 01:36:34 INFO Epoch 3 | Step 4020/15377 | Loss 0.4724 | LR 1.1575e-06
2026-02-28 01:36:57 INFO Epoch 3 | Step 4040/15377 | Loss 0.4724 | LR 1.1611e-06
2026-02-28 01:37:20 INFO Epoch 3 | Step 4060/15377 | Loss 0.4724 | LR 1.1646e-06
2026-02-28 01:37:43 INFO Epoch 3 | Step 4080/15377 | Loss 0.4723 | LR 1.1682e-06
2026-02-28 01:38:05 INFO Epoch 3 | Step 4100/15377 | Loss 0.4723 | LR 1.1718e-06
2026-02-28 01:38:28 INFO Epoch 3 | Step 4120/15377 | Loss 0.4723 | LR 1.1754e-06
2026-02-28 01:38:51 INFO Epoch 3 | Step 4140/15377 | Loss 0.4722 | LR 1.1790e-06
2026-02-28 01:39:14 INFO Epoch 3 | Step 4160/15377 | Loss 0.4722 | LR 1.1827e-06
2026-02-28 01:39:37 INFO Epoch 3 | Step 4180/15377 | Loss 0.4720 | LR 1.1864e-06
2026-02-28 01:39:59 INFO Epoch 3 | Step 4200/15377 | Loss 0.4719 | LR 1.1900e-06
2026-02-28 01:40:22 INFO Epoch 3 | Step 4220/15377 | Loss 0.4718 | LR 1.1937e-06
2026-02-28 01:40:45 INFO Epoch 3 | Step 4240/15377 | Loss 0.4717 | LR 1.1975e-06
2026-02-28 01:41:08 INFO Epoch 3 | Step 4260/15377 | Loss 0.4717 | LR 1.2012e-06
2026-02-28 01:41:30 INFO Epoch 3 | Step 4280/15377 | Loss 0.4716 | LR 1.2049e-06
2026-02-28 01:41:53 INFO Epoch 3 | Step 4300/15377 | Loss 0.4715 | LR 1.2087e-06
2026-02-28 01:42:16 INFO Epoch 3 | Step 4320/15377 | Loss 0.4714 | LR 1.2125e-06
2026-02-28 01:42:39 INFO Epoch 3 | Step 4340/15377 | Loss 0.4714 | LR 1.2163e-06
2026-02-28 01:43:02 INFO Epoch 3 | Step 4360/15377 | Loss 0.4713 | LR 1.2201e-06
2026-02-28 01:43:25 INFO Epoch 3 | Step 4380/15377 | Loss 0.4712 | LR 1.2239e-06
2026-02-28 01:43:47 INFO Epoch 3 | Step 4400/15377 | Loss 0.4711 | LR 1.2278e-06
2026-02-28 01:44:10 INFO Epoch 3 | Step 4420/15377 | Loss 0.4711 | LR 1.2317e-06
2026-02-28 01:44:33 INFO Epoch 3 | Step 4440/15377 | Loss 0.4711 | LR 1.2355e-06
2026-02-28 01:44:56 INFO Epoch 3 | Step 4460/15377 | Loss 0.4709 | LR 1.2394e-06
2026-02-28 01:45:19 INFO Epoch 3 | Step 4480/15377 | Loss 0.4709 | LR 1.2434e-06
2026-02-28 01:45:41 INFO Epoch 3 | Step 4500/15377 | Loss 0.4708 | LR 1.2473e-06
2026-02-28 01:46:04 INFO Epoch 3 | Step 4520/15377 | Loss 0.4707 | LR 1.2513e-06
2026-02-28 01:46:27 INFO Epoch 3 | Step 4540/15377 | Loss 0.4706 | LR 1.2552e-06
2026-02-28 01:46:50 INFO Epoch 3 | Step 4560/15377 | Loss 0.4705 | LR 1.2592e-06
2026-02-28 01:47:12 INFO Epoch 3 | Step 4580/15377 | Loss 0.4706 | LR 1.2632e-06
2026-02-28 01:47:35 INFO Epoch 3 | Step 4600/15377 | Loss 0.4705 | LR 1.2672e-06
2026-02-28 01:47:58 INFO Epoch 3 | Step 4620/15377 | Loss 0.4705 | LR 1.2713e-06
2026-02-28 01:48:21 INFO Epoch 3 | Step 4640/15377 | Loss 0.4704 | LR 1.2753e-06
2026-02-28 01:48:43 INFO Epoch 3 | Step 4660/15377 | Loss 0.4705 | LR 1.2794e-06
2026-02-28 01:49:06 INFO Epoch 3 | Step 4680/15377 | Loss 0.4704 | LR 1.2835e-06
2026-02-28 01:49:29 INFO Epoch 3 | Step 4700/15377 | Loss 0.4703 | LR 1.2876e-06
2026-02-28 01:49:52 INFO Epoch 3 | Step 4720/15377 | Loss 0.4703 | LR 1.2917e-06
2026-02-28 01:50:15 INFO Epoch 3 | Step 4740/15377 | Loss 0.4703 | LR 1.2959e-06
2026-02-28 01:50:37 INFO Epoch 3 | Step 4760/15377 | Loss 0.4701 | LR 1.3000e-06
2026-02-28 01:51:00 INFO Epoch 3 | Step 4780/15377 | Loss 0.4700 | LR 1.3042e-06
2026-02-28 01:51:23 INFO Epoch 3 | Step 4800/15377 | Loss 0.4700 | LR 1.3084e-06
2026-02-28 01:51:46 INFO Epoch 3 | Step 4820/15377 | Loss 0.4700 | LR 1.3126e-06
2026-02-28 01:52:09 INFO Epoch 3 | Step 4840/15377 | Loss 0.4700 | LR 1.3168e-06
2026-02-28 01:52:31 INFO Epoch 3 | Step 4860/15377 | Loss 0.4699 | LR 1.3210e-06
2026-02-28 01:52:54 INFO Epoch 3 | Step 4880/15377 | Loss 0.4697 | LR 1.3253e-06
2026-02-28 01:53:17 INFO Epoch 3 | Step 4900/15377 | Loss 0.4696 | LR 1.3296e-06
2026-02-28 01:53:40 INFO Epoch 3 | Step 4920/15377 | Loss 0.4695 | LR 1.3339e-06
2026-02-28 01:54:02 INFO Epoch 3 | Step 4940/15377 | Loss 0.4694 | LR 1.3382e-06
2026-02-28 01:54:25 INFO Epoch 3 | Step 4960/15377 | Loss 0.4693 | LR 1.3425e-06
2026-02-28 01:54:48 INFO Epoch 3 | Step 4980/15377 | Loss 0.4691 | LR 1.3468e-06
2026-02-28 01:55:11 INFO Epoch 3 | Step 5000/15377 | Loss 0.4690 | LR 1.3512e-06
2026-02-28 01:55:33 INFO Epoch 3 | Step 5020/15377 | Loss 0.4690 | LR 1.3556e-06
2026-02-28 01:55:56 INFO Epoch 3 | Step 5040/15377 | Loss 0.4690 | LR 1.3600e-06
2026-02-28 01:56:19 INFO Epoch 3 | Step 5060/15377 | Loss 0.4689 | LR 1.3644e-06
2026-02-28 01:56:42 INFO Epoch 3 | Step 5080/15377 | Loss 0.4688 | LR 1.3688e-06
2026-02-28 01:57:05 INFO Epoch 3 | Step 5100/15377 | Loss 0.4687 | LR 1.3733e-06
2026-02-28 01:57:27 INFO Epoch 3 | Step 5120/15377 | Loss 0.4686 | LR 1.3777e-06
2026-02-28 01:57:50 INFO Epoch 3 | Step 5140/15377 | Loss 0.4686 | LR 1.3822e-06
2026-02-28 01:58:13 INFO Epoch 3 | Step 5160/15377 | Loss 0.4685 | LR 1.3867e-06
2026-02-28 01:58:36 INFO Epoch 3 | Step 5180/15377 | Loss 0.4685 | LR 1.3912e-06
2026-02-28 01:58:58 INFO Epoch 3 | Step 5200/15377 | Loss 0.4684 | LR 1.3957e-06
2026-02-28 01:59:21 INFO Epoch 3 | Step 5220/15377 | Loss 0.4684 | LR 1.4003e-06
2026-02-28 01:59:44 INFO Epoch 3 | Step 5240/15377 | Loss 0.4682 | LR 1.4048e-06
2026-02-28 02:00:07 INFO Epoch 3 | Step 5260/15377 | Loss 0.4682 | LR 1.4094e-06
2026-02-28 02:00:29 INFO Epoch 3 | Step 5280/15377 | Loss 0.4681 | LR 1.4140e-06
2026-02-28 02:00:52 INFO Epoch 3 | Step 5300/15377 | Loss 0.4680 | LR 1.4186e-06
2026-02-28 02:01:15 INFO Epoch 3 | Step 5320/15377 | Loss 0.4680 | LR 1.4232e-06
2026-02-28 02:01:38 INFO Epoch 3 | Step 5340/15377 | Loss 0.4678 | LR 1.4279e-06
2026-02-28 02:02:00 INFO Epoch 3 | Step 5360/15377 | Loss 0.4678 | LR 1.4325e-06
2026-02-28 02:02:23 INFO Epoch 3 | Step 5380/15377 | Loss 0.4677 | LR 1.4372e-06
2026-02-28 02:02:46 INFO Epoch 3 | Step 5400/15377 | Loss 0.4676 | LR 1.4419e-06
2026-02-28 02:03:09 INFO Epoch 3 | Step 5420/15377 | Loss 0.4675 | LR 1.4466e-06
2026-02-28 02:03:31 INFO Epoch 3 | Step 5440/15377 | Loss 0.4675 | LR 1.4513e-06
2026-02-28 02:03:54 INFO Epoch 3 | Step 5460/15377 | Loss 0.4674 | LR 1.4561e-06
2026-02-28 02:04:17 INFO Epoch 3 | Step 5480/15377 | Loss 0.4672 | LR 1.4608e-06
2026-02-28 02:04:40 INFO Epoch 3 | Step 5500/15377 | Loss 0.4672 | LR 1.4656e-06
2026-02-28 02:05:02 INFO Epoch 3 | Step 5520/15377 | Loss 0.4671 | LR 1.4704e-06
2026-02-28 02:05:25 INFO Epoch 3 | Step 5540/15377 | Loss 0.4671 | LR 1.4752e-06
2026-02-28 02:05:48 INFO Epoch 3 | Step 5560/15377 | Loss 0.4671 | LR 1.4800e-06
2026-02-28 02:06:11 INFO Epoch 3 | Step 5580/15377 | Loss 0.4670 | LR 1.4849e-06
2026-02-28 02:06:34 INFO Epoch 3 | Step 5600/15377 | Loss 0.4671 | LR 1.4897e-06
2026-02-28 02:06:56 INFO Epoch 3 | Step 5620/15377 | Loss 0.4669 | LR 1.4946e-06
2026-02-28 02:07:19 INFO Epoch 3 | Step 5640/15377 | Loss 0.4670 | LR 1.4995e-06
2026-02-28 02:07:42 INFO Epoch 3 | Step 5660/15377 | Loss 0.4669 | LR 1.5044e-06
2026-02-28 02:08:05 INFO Epoch 3 | Step 5680/15377 | Loss 0.4669 | LR 1.5093e-06
2026-02-28 02:08:28 INFO Epoch 3 | Step 5700/15377 | Loss 0.4668 | LR 1.5143e-06
2026-02-28 02:08:50 INFO Epoch 3 | Step 5720/15377 | Loss 0.4668 | LR 1.5192e-06
2026-02-28 02:09:13 INFO Epoch 3 | Step 5740/15377 | Loss 0.4667 | LR 1.5242e-06
2026-02-28 02:09:36 INFO Epoch 3 | Step 5760/15377 | Loss 0.4667 | LR 1.5292e-06
2026-02-28 02:09:59 INFO Epoch 3 | Step 5780/15377 | Loss 0.4666 | LR 1.5342e-06
2026-02-28 02:10:21 INFO Epoch 3 | Step 5800/15377 | Loss 0.4666 | LR 1.5392e-06
2026-02-28 02:10:44 INFO Epoch 3 | Step 5820/15377 | Loss 0.4665 | LR 1.5443e-06
2026-02-28 02:11:07 INFO Epoch 3 | Step 5840/15377 | Loss 0.4664 | LR 1.5493e-06
2026-02-28 02:11:30 INFO Epoch 3 | Step 5860/15377 | Loss 0.4664 | LR 1.5544e-06
2026-02-28 02:11:53 INFO Epoch 3 | Step 5880/15377 | Loss 0.4664 | LR 1.5595e-06
2026-02-28 02:12:15 INFO Epoch 3 | Step 5900/15377 | Loss 0.4664 | LR 1.5646e-06
2026-02-28 02:12:38 INFO Epoch 3 | Step 5920/15377 | Loss 0.4663 | LR 1.5697e-06
2026-02-28 02:13:01 INFO Epoch 3 | Step 5940/15377 | Loss 0.4663 | LR 1.5748e-06
2026-02-28 02:13:24 INFO Epoch 3 | Step 5960/15377 | Loss 0.4662 | LR 1.5800e-06
2026-02-28 02:13:46 INFO Epoch 3 | Step 5980/15377 | Loss 0.4662 | LR 1.5852e-06
2026-02-28 02:14:09 INFO Epoch 3 | Step 6000/15377 | Loss 0.4663 | LR 1.5904e-06
2026-02-28 02:14:32 INFO Epoch 3 | Step 6020/15377 | Loss 0.4662 | LR 1.5956e-06
2026-02-28 02:14:55 INFO Epoch 3 | Step 6040/15377 | Loss 0.4662 | LR 1.6008e-06
2026-02-28 02:15:18 INFO Epoch 3 | Step 6060/15377 | Loss 0.4661 | LR 1.6060e-06
2026-02-28 02:15:40 INFO Epoch 3 | Step 6080/15377 | Loss 0.4660 | LR 1.6113e-06
2026-02-28 02:16:03 INFO Epoch 3 | Step 6100/15377 | Loss 0.4660 | LR 1.6165e-06
2026-02-28 02:16:26 INFO Epoch 3 | Step 6120/15377 | Loss 0.4659 | LR 1.6218e-06
2026-02-28 02:16:49 INFO Epoch 3 | Step 6140/15377 | Loss 0.4658 | LR 1.6271e-06
2026-02-28 02:17:12 INFO Epoch 3 | Step 6160/15377 | Loss 0.4658 | LR 1.6324e-06
2026-02-28 02:17:34 INFO Epoch 3 | Step 6180/15377 | Loss 0.4658 | LR 1.6378e-06
2026-02-28 02:17:57 INFO Epoch 3 | Step 6200/15377 | Loss 0.4656 | LR 1.6431e-06
2026-02-28 02:18:20 INFO Epoch 3 | Step 6220/15377 | Loss 0.4657 | LR 1.6485e-06
2026-02-28 02:18:43 INFO Epoch 3 | Step 6240/15377 | Loss 0.4657 | LR 1.6539e-06
2026-02-28 02:19:05 INFO Epoch 3 | Step 6260/15377 | Loss 0.4656 | LR 1.6593e-06
2026-02-28 02:19:28 INFO Epoch 3 | Step 6280/15377 | Loss 0.4657 | LR 1.6647e-06
2026-02-28 02:19:51 INFO Epoch 3 | Step 6300/15377 | Loss 0.4656 | LR 1.6701e-06
2026-02-28 02:20:14 INFO Epoch 3 | Step 6320/15377 | Loss 0.4656 | LR 1.6756e-06
2026-02-28 02:20:36 INFO Epoch 3 | Step 6340/15377 | Loss 0.4656 | LR 1.6810e-06
2026-02-28 02:20:59 INFO Epoch 3 | Step 6360/15377 | Loss 0.4655 | LR 1.6865e-06
2026-02-28 02:21:22 INFO Epoch 3 | Step 6380/15377 | Loss 0.4655 | LR 1.6920e-06
2026-02-28 02:21:45 INFO Epoch 3 | Step 6400/15377 | Loss 0.4653 | LR 1.6975e-06
2026-02-28 02:22:08 INFO Epoch 3 | Step 6420/15377 | Loss 0.4653 | LR 1.7031e-06
2026-02-28 02:22:30 INFO Epoch 3 | Step 6440/15377 | Loss 0.4652 | LR 1.7086e-06
2026-02-28 02:22:53 INFO Epoch 3 | Step 6460/15377 | Loss 0.4652 | LR 1.7142e-06
2026-02-28 02:23:16 INFO Epoch 3 | Step 6480/15377 | Loss 0.4652 | LR 1.7197e-06
2026-02-28 02:23:39 INFO Epoch 3 | Step 6500/15377 | Loss 0.4652 | LR 1.7253e-06
2026-02-28 02:24:02 INFO Epoch 3 | Step 6520/15377 | Loss 0.4651 | LR 1.7309e-06
2026-02-28 02:24:24 INFO Epoch 3 | Step 6540/15377 | Loss 0.4650 | LR 1.7366e-06
2026-02-28 02:24:47 INFO Epoch 3 | Step 6560/15377 | Loss 0.4650 | LR 1.7422e-06
2026-02-28 02:25:10 INFO Epoch 3 | Step 6580/15377 | Loss 0.4650 | LR 1.7479e-06
2026-02-28 02:25:33 INFO Epoch 3 | Step 6600/15377 | Loss 0.4649 | LR 1.7535e-06
2026-02-28 02:25:55 INFO Epoch 3 | Step 6620/15377 | Loss 0.4648 | LR 1.7592e-06
2026-02-28 02:26:18 INFO Epoch 3 | Step 6640/15377 | Loss 0.4647 | LR 1.7649e-06
2026-02-28 02:26:41 INFO Epoch 3 | Step 6660/15377 | Loss 0.4646 | LR 1.7707e-06
2026-02-28 02:27:04 INFO Epoch 3 | Step 6680/15377 | Loss 0.4646 | LR 1.7764e-06
2026-02-28 02:27:26 INFO Epoch 3 | Step 6700/15377 | Loss 0.4646 | LR 1.7821e-06
2026-02-28 02:27:49 INFO Epoch 3 | Step 6720/15377 | Loss 0.4645 | LR 1.7879e-06
2026-02-28 02:28:12 INFO Epoch 3 | Step 6740/15377 | Loss 0.4644 | LR 1.7937e-06
2026-02-28 02:28:35 INFO Epoch 3 | Step 6760/15377 | Loss 0.4643 | LR 1.7995e-06
2026-02-28 02:28:57 INFO Epoch 3 | Step 6780/15377 | Loss 0.4642 | LR 1.8053e-06
2026-02-28 02:29:20 INFO Epoch 3 | Step 6800/15377 | Loss 0.4642 | LR 1.8112e-06
2026-02-28 02:29:43 INFO Epoch 3 | Step 6820/15377 | Loss 0.4641 | LR 1.8170e-06
2026-02-28 02:30:06 INFO Epoch 3 | Step 6840/15377 | Loss 0.4640 | LR 1.8229e-06
2026-02-28 02:30:29 INFO Epoch 3 | Step 6860/15377 | Loss 0.4639 | LR 1.8287e-06
2026-02-28 02:30:51 INFO Epoch 3 | Step 6880/15377 | Loss 0.4638 | LR 1.8346e-06
2026-02-28 02:31:14 INFO Epoch 3 | Step 6900/15377 | Loss 0.4638 | LR 1.8406e-06
2026-02-28 02:31:37 INFO Epoch 3 | Step 6920/15377 | Loss 0.4637 | LR 1.8465e-06
2026-02-28 02:32:00 INFO Epoch 3 | Step 6940/15377 | Loss 0.4637 | LR 1.8524e-06
2026-02-28 02:32:22 INFO Epoch 3 | Step 6960/15377 | Loss 0.4636 | LR 1.8584e-06
2026-02-28 02:32:45 INFO Epoch 3 | Step 6980/15377 | Loss 0.4635 | LR 1.8644e-06
2026-02-28 02:33:08 INFO Epoch 3 | Step 7000/15377 | Loss 0.4634 | LR 1.8704e-06
2026-02-28 02:33:31 INFO Epoch 3 | Step 7020/15377 | Loss 0.4634 | LR 1.8764e-06
2026-02-28 02:33:54 INFO Epoch 3 | Step 7040/15377 | Loss 0.4634 | LR 1.8824e-06
2026-02-28 02:34:16 INFO Epoch 3 | Step 7060/15377 | Loss 0.4633 | LR 1.8884e-06
2026-02-28 02:34:39 INFO Epoch 3 | Step 7080/15377 | Loss 0.4632 | LR 1.8945e-06
2026-02-28 02:35:02 INFO Epoch 3 | Step 7100/15377 | Loss 0.4632 | LR 1.9006e-06
2026-02-28 02:35:25 INFO Epoch 3 | Step 7120/15377 | Loss 0.4632 | LR 1.9066e-06
2026-02-28 02:35:47 INFO Epoch 3 | Step 7140/15377 | Loss 0.4632 | LR 1.9127e-06
2026-02-28 02:36:10 INFO Epoch 3 | Step 7160/15377 | Loss 0.4631 | LR 1.9189e-06
2026-02-28 02:36:33 INFO Epoch 3 | Step 7180/15377 | Loss 0.4630 | LR 1.9250e-06
2026-02-28 02:36:56 INFO Epoch 3 | Step 7200/15377 | Loss 0.4629 | LR 1.9311e-06
2026-02-28 02:37:19 INFO Epoch 3 | Step 7220/15377 | Loss 0.4629 | LR 1.9373e-06
2026-02-28 02:37:41 INFO Epoch 3 | Step 7240/15377 | Loss 0.4629 | LR 1.9435e-06
2026-02-28 02:38:04 INFO Epoch 3 | Step 7260/15377 | Loss 0.4629 | LR 1.9497e-06
2026-02-28 02:38:27 INFO Epoch 3 | Step 7280/15377 | Loss 0.4628 | LR 1.9559e-06
2026-02-28 02:38:50 INFO Epoch 3 | Step 7300/15377 | Loss 0.4627 | LR 1.9621e-06
2026-02-28 02:39:12 INFO Epoch 3 | Step 7320/15377 | Loss 0.4627 | LR 1.9684e-06
2026-02-28 02:39:35 INFO Epoch 3 | Step 7340/15377 | Loss 0.4626 | LR 1.9746e-06
2026-02-28 02:39:58 INFO Epoch 3 | Step 7360/15377 | Loss 0.4625 | LR 1.9809e-06
2026-02-28 02:40:21 INFO Epoch 3 | Step 7380/15377 | Loss 0.4624 | LR 1.9872e-06
2026-02-28 02:40:44 INFO Epoch 3 | Step 7400/15377 | Loss 0.4624 | LR 1.9935e-06
2026-02-28 02:41:06 INFO Epoch 3 | Step 7420/15377 | Loss 0.4623 | LR 1.9998e-06
2026-02-28 02:41:29 INFO Epoch 3 | Step 7440/15377 | Loss 0.4622 | LR 2.0062e-06
2026-02-28 02:41:52 INFO Epoch 3 | Step 7460/15377 | Loss 0.4622 | LR 2.0125e-06
2026-02-28 02:42:15 INFO Epoch 3 | Step 7480/15377 | Loss 0.4621 | LR 2.0189e-06
2026-02-28 02:42:38 INFO Epoch 3 | Step 7500/15377 | Loss 0.4620 | LR 2.0253e-06
2026-02-28 02:43:00 INFO Epoch 3 | Step 7520/15377 | Loss 0.4619 | LR 2.0317e-06
2026-02-28 02:43:23 INFO Epoch 3 | Step 7540/15377 | Loss 0.4619 | LR 2.0381e-06
2026-02-28 02:43:46 INFO Epoch 3 | Step 7560/15377 | Loss 0.4618 | LR 2.0445e-06
2026-02-28 02:44:09 INFO Epoch 3 | Step 7580/15377 | Loss 0.4617 | LR 2.0510e-06
2026-02-28 02:44:32 INFO Epoch 3 | Step 7600/15377 | Loss 0.4617 | LR 2.0574e-06
2026-02-28 02:44:55 INFO Epoch 3 | Step 7620/15377 | Loss 0.4616 | LR 2.0639e-06
2026-02-28 02:45:18 INFO Epoch 3 | Step 7640/15377 | Loss 0.4616 | LR 2.0704e-06
2026-02-28 02:45:40 INFO Epoch 3 | Step 7660/15377 | Loss 0.4615 | LR 2.0769e-06
2026-02-28 02:46:03 INFO Epoch 3 | Step 7680/15377 | Loss 0.4615 | LR 2.0834e-06
2026-02-28 02:46:26 INFO Epoch 3 | Step 7700/15377 | Loss 0.4614 | LR 2.0900e-06
2026-02-28 02:46:49 INFO Epoch 3 | Step 7720/15377 | Loss 0.4614 | LR 2.0965e-06
2026-02-28 02:47:12 INFO Epoch 3 | Step 7740/15377 | Loss 0.4613 | LR 2.1031e-06
2026-02-28 02:47:35 INFO Epoch 3 | Step 7760/15377 | Loss 0.4613 | LR 2.1097e-06
2026-02-28 02:47:57 INFO Epoch 3 | Step 7780/15377 | Loss 0.4612 | LR 2.1163e-06
2026-02-28 02:48:20 INFO Epoch 3 | Step 7800/15377 | Loss 0.4611 | LR 2.1229e-06
2026-02-28 02:48:43 INFO Epoch 3 | Step 7820/15377 | Loss 0.4610 | LR 2.1295e-06
2026-02-28 02:49:06 INFO Epoch 3 | Step 7840/15377 | Loss 0.4610 | LR 2.1362e-06
2026-02-28 02:49:28 INFO Epoch 3 | Step 7860/15377 | Loss 0.4609 | LR 2.1428e-06
2026-02-28 02:49:51 INFO Epoch 3 | Step 7880/15377 | Loss 0.4608 | LR 2.1495e-06
2026-02-28 02:50:14 INFO Epoch 3 | Step 7900/15377 | Loss 0.4608 | LR 2.1562e-06
2026-02-28 02:50:37 INFO Epoch 3 | Step 7920/15377 | Loss 0.4608 | LR 2.1629e-06
2026-02-28 02:51:00 INFO Epoch 3 | Step 7940/15377 | Loss 0.4607 | LR 2.1696e-06
2026-02-28 02:51:22 INFO Epoch 3 | Step 7960/15377 | Loss 0.4606 | LR 2.1764e-06
2026-02-28 02:51:45 INFO Epoch 3 | Step 7980/15377 | Loss 0.4605 | LR 2.1831e-06
2026-02-28 02:52:08 INFO Epoch 3 | Step 8000/15377 | Loss 0.4606 | LR 2.1899e-06
2026-02-28 02:52:31 INFO Epoch 3 | Step 8020/15377 | Loss 0.4605 | LR 2.1967e-06
2026-02-28 02:52:54 INFO Epoch 3 | Step 8040/15377 | Loss 0.4604 | LR 2.2035e-06
2026-02-28 02:53:16 INFO Epoch 3 | Step 8060/15377 | Loss 0.4604 | LR 2.2103e-06
2026-02-28 02:53:39 INFO Epoch 3 | Step 8080/15377 | Loss 0.4604 | LR 2.2171e-06
2026-02-28 02:54:02 INFO Epoch 3 | Step 8100/15377 | Loss 0.4603 | LR 2.2240e-06
2026-02-28 02:54:25 INFO Epoch 3 | Step 8120/15377 | Loss 0.4603 | LR 2.2308e-06
2026-02-28 02:54:48 INFO Epoch 3 | Step 8140/15377 | Loss 0.4602 | LR 2.2377e-06
2026-02-28 02:55:10 INFO Epoch 3 | Step 8160/15377 | Loss 0.4601 | LR 2.2446e-06
2026-02-28 02:55:33 INFO Epoch 3 | Step 8180/15377 | Loss 0.4601 | LR 2.2515e-06
2026-02-28 02:55:56 INFO Epoch 3 | Step 8200/15377 | Loss 0.4600 | LR 2.2584e-06
2026-02-28 02:56:19 INFO Epoch 3 | Step 8220/15377 | Loss 0.4599 | LR 2.2654e-06
2026-02-28 02:56:42 INFO Epoch 3 | Step 8240/15377 | Loss 0.4599 | LR 2.2723e-06
2026-02-28 02:57:04 INFO Epoch 3 | Step 8260/15377 | Loss 0.4600 | LR 2.2793e-06
2026-02-28 02:57:27 INFO Epoch 3 | Step 8280/15377 | Loss 0.4600 | LR 2.2863e-06
2026-02-28 02:57:50 INFO Epoch 3 | Step 8300/15377 | Loss 0.4599 | LR 2.2933e-06
2026-02-28 02:58:13 INFO Epoch 3 | Step 8320/15377 | Loss 0.4599 | LR 2.3003e-06
2026-02-28 02:58:36 INFO Epoch 3 | Step 8340/15377 | Loss 0.4599 | LR 2.3073e-06
2026-02-28 02:58:58 INFO Epoch 3 | Step 8360/15377 | Loss 0.4599 | LR 2.3143e-06
2026-02-28 02:59:21 INFO Epoch 3 | Step 8380/15377 | Loss 0.4599 | LR 2.3214e-06
2026-02-28 02:59:44 INFO Epoch 3 | Step 8400/15377 | Loss 0.4598 | LR 2.3285e-06
2026-02-28 03:00:07 INFO Epoch 3 | Step 8420/15377 | Loss 0.4598 | LR 2.3356e-06
2026-02-28 03:00:30 INFO Epoch 3 | Step 8440/15377 | Loss 0.4597 | LR 2.3427e-06
2026-02-28 03:00:53 INFO Epoch 3 | Step 8460/15377 | Loss 0.4597 | LR 2.3498e-06
2026-02-28 03:01:16 INFO Epoch 3 | Step 8480/15377 | Loss 0.4597 | LR 2.3569e-06
2026-02-28 03:01:39 INFO Epoch 3 | Step 8500/15377 | Loss 0.4597 | LR 2.3640e-06
2026-02-28 03:02:02 INFO Epoch 3 | Step 8520/15377 | Loss 0.4597 | LR 2.3712e-06
2026-02-28 03:02:25 INFO Epoch 3 | Step 8540/15377 | Loss 0.4596 | LR 2.3784e-06
2026-02-28 03:02:48 INFO Epoch 3 | Step 8560/15377 | Loss 0.4596 | LR 2.3856e-06
2026-02-28 03:03:11 INFO Epoch 3 | Step 8580/15377 | Loss 0.4596 | LR 2.3928e-06
2026-02-28 03:03:34 INFO Epoch 3 | Step 8600/15377 | Loss 0.4595 | LR 2.4000e-06
2026-02-28 03:03:57 INFO Epoch 3 | Step 8620/15377 | Loss 0.4595 | LR 2.4072e-06
2026-02-28 03:04:20 INFO Epoch 3 | Step 8640/15377 | Loss 0.4594 | LR 2.4145e-06
2026-02-28 03:04:43 INFO Epoch 3 | Step 8660/15377 | Loss 0.4593 | LR 2.4218e-06
2026-02-28 03:05:05 INFO Epoch 3 | Step 8680/15377 | Loss 0.4593 | LR 2.4290e-06
2026-02-28 03:05:28 INFO Epoch 3 | Step 8700/15377 | Loss 0.4592 | LR 2.4363e-06
2026-02-28 03:05:51 INFO Epoch 3 | Step 8720/15377 | Loss 0.4592 | LR 2.4436e-06
2026-02-28 03:06:14 INFO Epoch 3 | Step 8740/15377 | Loss 0.4591 | LR 2.4510e-06
2026-02-28 03:06:37 INFO Epoch 3 | Step 8760/15377 | Loss 0.4590 | LR 2.4583e-06
2026-02-28 03:07:00 INFO Epoch 3 | Step 8780/15377 | Loss 0.4590 | LR 2.4657e-06
2026-02-28 03:07:23 INFO Epoch 3 | Step 8800/15377 | Loss 0.4589 | LR 2.4730e-06
2026-02-28 03:07:46 INFO Epoch 3 | Step 8820/15377 | Loss 0.4588 | LR 2.4804e-06
2026-02-28 03:08:09 INFO Epoch 3 | Step 8840/15377 | Loss 0.4587 | LR 2.4878e-06
2026-02-28 03:08:32 INFO Epoch 3 | Step 8860/15377 | Loss 0.4587 | LR 2.4952e-06
2026-02-28 03:08:55 INFO Epoch 3 | Step 8880/15377 | Loss 0.4586 | LR 2.5026e-06
2026-02-28 03:09:18 INFO Epoch 3 | Step 8900/15377 | Loss 0.4586 | LR 2.5101e-06
2026-02-28 03:09:41 INFO Epoch 3 | Step 8920/15377 | Loss 0.4585 | LR 2.5175e-06
2026-02-28 03:10:04 INFO Epoch 3 | Step 8940/15377 | Loss 0.4585 | LR 2.5250e-06
2026-02-28 03:10:26 INFO Epoch 3 | Step 8960/15377 | Loss 0.4585 | LR 2.5325e-06
2026-02-28 03:10:49 INFO Epoch 3 | Step 8980/15377 | Loss 0.4584 | LR 2.5400e-06
2026-02-28 03:11:12 INFO Epoch 3 | Step 9000/15377 | Loss 0.4583 | LR 2.5475e-06
2026-02-28 03:11:35 INFO Epoch 3 | Step 9020/15377 | Loss 0.4583 | LR 2.5550e-06
2026-02-28 03:11:58 INFO Epoch 3 | Step 9040/15377 | Loss 0.4582 | LR 2.5626e-06
2026-02-28 03:12:21 INFO Epoch 3 | Step 9060/15377 | Loss 0.4582 | LR 2.5701e-06
2026-02-28 03:12:44 INFO Epoch 3 | Step 9080/15377 | Loss 0.4582 | LR 2.5777e-06
2026-02-28 03:13:07 INFO Epoch 3 | Step 9100/15377 | Loss 0.4581 | LR 2.5853e-06
2026-02-28 03:13:30 INFO Epoch 3 | Step 9120/15377 | Loss 0.4581 | LR 2.5929e-06
2026-02-28 03:13:53 INFO Epoch 3 | Step 9140/15377 | Loss 0.4580 | LR 2.6005e-06
2026-02-28 03:14:16 INFO Epoch 3 | Step 9160/15377 | Loss 0.4580 | LR 2.6082e-06
2026-02-28 03:14:39 INFO Epoch 3 | Step 9180/15377 | Loss 0.4580 | LR 2.6158e-06
2026-02-28 03:15:02 INFO Epoch 3 | Step 9200/15377 | Loss 0.4579 | LR 2.6235e-06
2026-02-28 03:15:24 INFO Epoch 3 | Step 9220/15377 | Loss 0.4578 | LR 2.6311e-06
2026-02-28 03:15:47 INFO Epoch 3 | Step 9240/15377 | Loss 0.4578 | LR 2.6388e-06
2026-02-28 03:16:10 INFO Epoch 3 | Step 9260/15377 | Loss 0.4577 | LR 2.6465e-06
2026-02-28 03:16:33 INFO Epoch 3 | Step 9280/15377 | Loss 0.4577 | LR 2.6542e-06
2026-02-28 03:16:56 INFO Epoch 3 | Step 9300/15377 | Loss 0.4576 | LR 2.6620e-06
2026-02-28 03:17:19 INFO Epoch 3 | Step 9320/15377 | Loss 0.4576 | LR 2.6697e-06
2026-02-28 03:17:42 INFO Epoch 3 | Step 9340/15377 | Loss 0.4576 | LR 2.6775e-06
2026-02-28 03:18:05 INFO Epoch 3 | Step 9360/15377 | Loss 0.4576 | LR 2.6853e-06
2026-02-28 03:18:28 INFO Epoch 3 | Step 9380/15377 | Loss 0.4575 | LR 2.6930e-06
2026-02-28 03:18:51 INFO Epoch 3 | Step 9400/15377 | Loss 0.4575 | LR 2.7008e-06
2026-02-28 03:19:14 INFO Epoch 3 | Step 9420/15377 | Loss 0.4574 | LR 2.7087e-06
2026-02-28 03:19:37 INFO Epoch 3 | Step 9440/15377 | Loss 0.4574 | LR 2.7165e-06
2026-02-28 03:20:00 INFO Epoch 3 | Step 9460/15377 | Loss 0.4574 | LR 2.7243e-06
2026-02-28 03:20:23 INFO Epoch 3 | Step 9480/15377 | Loss 0.4573 | LR 2.7322e-06
2026-02-28 03:20:46 INFO Epoch 3 | Step 9500/15377 | Loss 0.4572 | LR 2.7401e-06
2026-02-28 03:21:09 INFO Epoch 3 | Step 9520/15377 | Loss 0.4572 | LR 2.7480e-06
2026-02-28 03:21:32 INFO Epoch 3 | Step 9540/15377 | Loss 0.4572 | LR 2.7559e-06
2026-02-28 03:21:55 INFO Epoch 3 | Step 9560/15377 | Loss 0.4572 | LR 2.7638e-06
2026-02-28 03:22:18 INFO Epoch 3 | Step 9580/15377 | Loss 0.4571 | LR 2.7717e-06
2026-02-28 03:22:41 INFO Epoch 3 | Step 9600/15377 | Loss 0.4570 | LR 2.7797e-06
2026-02-28 03:23:04 INFO Epoch 3 | Step 9620/15377 | Loss 0.4570 | LR 2.7876e-06
2026-02-28 03:23:27 INFO Epoch 3 | Step 9640/15377 | Loss 0.4570 | LR 2.7956e-06
2026-02-28 03:23:50 INFO Epoch 3 | Step 9660/15377 | Loss 0.4570 | LR 2.8036e-06
2026-02-28 03:24:13 INFO Epoch 3 | Step 9680/15377 | Loss 0.4569 | LR 2.8116e-06
2026-02-28 03:24:36 INFO Epoch 3 | Step 9700/15377 | Loss 0.4569 | LR 2.8196e-06
2026-02-28 03:24:59 INFO Epoch 3 | Step 9720/15377 | Loss 0.4568 | LR 2.8276e-06
2026-02-28 03:25:22 INFO Epoch 3 | Step 9740/15377 | Loss 0.4568 | LR 2.8357e-06
2026-02-28 03:25:44 INFO Epoch 3 | Step 9760/15377 | Loss 0.4567 | LR 2.8437e-06
2026-02-28 03:26:07 INFO Epoch 3 | Step 9780/15377 | Loss 0.4567 | LR 2.8518e-06
2026-02-28 03:26:30 INFO Epoch 3 | Step 9800/15377 | Loss 0.4566 | LR 2.8599e-06
2026-02-28 03:26:53 INFO Epoch 3 | Step 9820/15377 | Loss 0.4566 | LR 2.8680e-06
2026-02-28 03:27:16 INFO Epoch 3 | Step 9840/15377 | Loss 0.4565 | LR 2.8761e-06
2026-02-28 03:27:39 INFO Epoch 3 | Step 9860/15377 | Loss 0.4565 | LR 2.8842e-06
2026-02-28 03:28:02 INFO Epoch 3 | Step 9880/15377 | Loss 0.4565 | LR 2.8924e-06
2026-02-28 03:28:25 INFO Epoch 3 | Step 9900/15377 | Loss 0.4564 | LR 2.9005e-06
2026-02-28 03:28:48 INFO Epoch 3 | Step 9920/15377 | Loss 0.4563 | LR 2.9087e-06
2026-02-28 03:29:11 INFO Epoch 3 | Step 9940/15377 | Loss 0.4563 | LR 2.9169e-06
2026-02-28 03:29:34 INFO Epoch 3 | Step 9960/15377 | Loss 0.4563 | LR 2.9251e-06
2026-02-28 03:29:57 INFO Epoch 3 | Step 9980/15377 | Loss 0.4563 | LR 2.9333e-06
2026-02-28 03:30:20 INFO Epoch 3 | Step 10000/15377 | Loss 0.4562 | LR 2.9415e-06
2026-02-28 03:30:43 INFO Epoch 3 | Step 10020/15377 | Loss 0.4562 | LR 2.9498e-06
2026-02-28 03:31:06 INFO Epoch 3 | Step 10040/15377 | Loss 0.4562 | LR 2.9580e-06
2026-02-28 03:31:29 INFO Epoch 3 | Step 10060/15377 | Loss 0.4562 | LR 2.9663e-06
2026-02-28 03:31:52 INFO Epoch 3 | Step 10080/15377 | Loss 0.4561 | LR 2.9746e-06
2026-02-28 03:32:15 INFO Epoch 3 | Step 10100/15377 | Loss 0.4561 | LR 2.9829e-06
2026-02-28 03:32:38 INFO Epoch 3 | Step 10120/15377 | Loss 0.4561 | LR 2.9912e-06
2026-02-28 03:33:01 INFO Epoch 3 | Step 10140/15377 | Loss 0.4560 | LR 2.9995e-06
2026-02-28 03:33:24 INFO Epoch 3 | Step 10160/15377 | Loss 0.4560 | LR 3.0078e-06
2026-02-28 03:33:47 INFO Epoch 3 | Step 10180/15377 | Loss 0.4559 | LR 3.0162e-06
2026-02-28 03:34:10 INFO Epoch 3 | Step 10200/15377 | Loss 0.4558 | LR 3.0245e-06
2026-02-28 03:34:33 INFO Epoch 3 | Step 10220/15377 | Loss 0.4558 | LR 3.0329e-06
2026-02-28 03:34:56 INFO Epoch 3 | Step 10240/15377 | Loss 0.4557 | LR 3.0413e-06
2026-02-28 03:35:19 INFO Epoch 3 | Step 10260/15377 | Loss 0.4556 | LR 3.0497e-06
2026-02-28 03:35:42 INFO Epoch 3 | Step 10280/15377 | Loss 0.4556 | LR 3.0581e-06
2026-02-28 03:36:05 INFO Epoch 3 | Step 10300/15377 | Loss 0.4556 | LR 3.0666e-06
2026-02-28 03:36:28 INFO Epoch 3 | Step 10320/15377 | Loss 0.4555 | LR 3.0750e-06
2026-02-28 03:36:51 INFO Epoch 3 | Step 10340/15377 | Loss 0.4555 | LR 3.0835e-06
2026-02-28 03:37:13 INFO Epoch 3 | Step 10360/15377 | Loss 0.4554 | LR 3.0919e-06
2026-02-28 03:37:36 INFO Epoch 3 | Step 10380/15377 | Loss 0.4553 | LR 3.1004e-06
2026-02-28 03:37:59 INFO Epoch 3 | Step 10400/15377 | Loss 0.4553 | LR 3.1089e-06
2026-02-28 03:38:22 INFO Epoch 3 | Step 10420/15377 | Loss 0.4552 | LR 3.1174e-06
2026-02-28 03:38:45 INFO Epoch 3 | Step 10440/15377 | Loss 0.4551 | LR 3.1260e-06
2026-02-28 03:39:08 INFO Epoch 3 | Step 10460/15377 | Loss 0.4551 | LR 3.1345e-06
2026-02-28 03:39:31 INFO Epoch 3 | Step 10480/15377 | Loss 0.4550 | LR 3.1431e-06
2026-02-28 03:39:54 INFO Epoch 3 | Step 10500/15377 | Loss 0.4549 | LR 3.1516e-06
2026-02-28 03:40:17 INFO Epoch 3 | Step 10520/15377 | Loss 0.4549 | LR 3.1602e-06
2026-02-28 03:40:40 INFO Epoch 3 | Step 10540/15377 | Loss 0.4549 | LR 3.1688e-06
2026-02-28 03:41:03 INFO Epoch 3 | Step 10560/15377 | Loss 0.4549 | LR 3.1774e-06
2026-02-28 03:41:26 INFO Epoch 3 | Step 10580/15377 | Loss 0.4548 | LR 3.1860e-06
2026-02-28 03:41:49 INFO Epoch 3 | Step 10600/15377 | Loss 0.4547 | LR 3.1947e-06
2026-02-28 03:42:12 INFO Epoch 3 | Step 10620/15377 | Loss 0.4546 | LR 3.2033e-06
2026-02-28 03:42:35 INFO Epoch 3 | Step 10640/15377 | Loss 0.4546 | LR 3.2120e-06
2026-02-28 03:42:58 INFO Epoch 3 | Step 10660/15377 | Loss 0.4546 | LR 3.2206e-06
2026-02-28 03:43:22 INFO Epoch 3 | Step 10680/15377 | Loss 0.4545 | LR 3.2293e-06
2026-02-28 03:43:44 INFO Epoch 3 | Step 10700/15377 | Loss 0.4545 | LR 3.2380e-06
2026-02-28 03:44:07 INFO Epoch 3 | Step 10720/15377 | Loss 0.4544 | LR 3.2467e-06
2026-02-28 03:44:30 INFO Epoch 3 | Step 10740/15377 | Loss 0.4544 | LR 3.2555e-06
2026-02-28 03:44:53 INFO Epoch 3 | Step 10760/15377 | Loss 0.4544 | LR 3.2642e-06
2026-02-28 03:45:16 INFO Epoch 3 | Step 10780/15377 | Loss 0.4543 | LR 3.2730e-06
2026-02-28 03:45:39 INFO Epoch 3 | Step 10800/15377 | Loss 0.4542 | LR 3.2817e-06
2026-02-28 03:46:02 INFO Epoch 3 | Step 10820/15377 | Loss 0.4542 | LR 3.2905e-06
2026-02-28 03:46:25 INFO Epoch 3 | Step 10840/15377 | Loss 0.4542 | LR 3.2993e-06
2026-02-28 03:46:48 INFO Epoch 3 | Step 10860/15377 | Loss 0.4541 | LR 3.3081e-06
2026-02-28 03:47:11 INFO Epoch 3 | Step 10880/15377 | Loss 0.4541 | LR 3.3169e-06
2026-02-28 03:47:34 INFO Epoch 3 | Step 10900/15377 | Loss 0.4540 | LR 3.3258e-06
2026-02-28 03:47:57 INFO Epoch 3 | Step 10920/15377 | Loss 0.4540 | LR 3.3346e-06
2026-02-28 03:48:20 INFO Epoch 3 | Step 10940/15377 | Loss 0.4539 | LR 3.3435e-06
2026-02-28 03:48:43 INFO Epoch 3 | Step 10960/15377 | Loss 0.4538 | LR 3.3523e-06
2026-02-28 03:49:06 INFO Epoch 3 | Step 10980/15377 | Loss 0.4538 | LR 3.3612e-06
2026-02-28 03:49:29 INFO Epoch 3 | Step 11000/15377 | Loss 0.4538 | LR 3.3701e-06
2026-02-28 03:49:52 INFO Epoch 3 | Step 11020/15377 | Loss 0.4537 | LR 3.3790e-06
2026-02-28 03:50:15 INFO Epoch 3 | Step 11040/15377 | Loss 0.4536 | LR 3.3880e-06
2026-02-28 03:50:38 INFO Epoch 3 | Step 11060/15377 | Loss 0.4536 | LR 3.3969e-06
2026-02-28 03:51:01 INFO Epoch 3 | Step 11080/15377 | Loss 0.4535 | LR 3.4058e-06
2026-02-28 03:51:24 INFO Epoch 3 | Step 11100/15377 | Loss 0.4535 | LR 3.4148e-06
2026-02-28 03:51:47 INFO Epoch 3 | Step 11120/15377 | Loss 0.4535 | LR 3.4238e-06
2026-02-28 03:52:10 INFO Epoch 3 | Step 11140/15377 | Loss 0.4534 | LR 3.4328e-06
2026-02-28 03:52:33 INFO Epoch 3 | Step 11160/15377 | Loss 0.4534 | LR 3.4418e-06
2026-02-28 03:52:56 INFO Epoch 3 | Step 11180/15377 | Loss 0.4533 | LR 3.4508e-06
2026-02-28 03:53:19 INFO Epoch 3 | Step 11200/15377 | Loss 0.4533 | LR 3.4598e-06
2026-02-28 03:53:42 INFO Epoch 3 | Step 11220/15377 | Loss 0.4532 | LR 3.4689e-06
2026-02-28 03:54:05 INFO Epoch 3 | Step 11240/15377 | Loss 0.4532 | LR 3.4779e-06
2026-02-28 03:54:28 INFO Epoch 3 | Step 11260/15377 | Loss 0.4531 | LR 3.4870e-06
2026-02-28 03:54:50 INFO Epoch 3 | Step 11280/15377 | Loss 0.4530 | LR 3.4961e-06
2026-02-28 03:55:13 INFO Epoch 3 | Step 11300/15377 | Loss 0.4529 | LR 3.5051e-06
2026-02-28 03:55:36 INFO Epoch 3 | Step 11320/15377 | Loss 0.4529 | LR 3.5143e-06
2026-02-28 03:55:59 INFO Epoch 3 | Step 11340/15377 | Loss 0.4529 | LR 3.5234e-06
2026-02-28 03:56:22 INFO Epoch 3 | Step 11360/15377 | Loss 0.4529 | LR 3.5325e-06
2026-02-28 03:56:45 INFO Epoch 3 | Step 11380/15377 | Loss 0.4528 | LR 3.5416e-06
2026-02-28 03:57:08 INFO Epoch 3 | Step 11400/15377 | Loss 0.4528 | LR 3.5508e-06
2026-02-28 03:57:30 INFO Epoch 3 | Step 11420/15377 | Loss 0.4527 | LR 3.5600e-06
2026-02-28 03:57:53 INFO Epoch 3 | Step 11440/15377 | Loss 0.4527 | LR 3.5691e-06
2026-02-28 03:58:16 INFO Epoch 3 | Step 11460/15377 | Loss 0.4526 | LR 3.5783e-06
2026-02-28 03:58:39 INFO Epoch 3 | Step 11480/15377 | Loss 0.4526 | LR 3.5875e-06
2026-02-28 03:59:02 INFO Epoch 3 | Step 11500/15377 | Loss 0.4525 | LR 3.5968e-06
2026-02-28 03:59:25 INFO Epoch 3 | Step 11520/15377 | Loss 0.4525 | LR 3.6060e-06
2026-02-28 03:59:47 INFO Epoch 3 | Step 11540/15377 | Loss 0.4524 | LR 3.6152e-06
2026-02-28 04:00:10 INFO Epoch 3 | Step 11560/15377 | Loss 0.4524 | LR 3.6245e-06
2026-02-28 04:00:33 INFO Epoch 3 | Step 11580/15377 | Loss 0.4523 | LR 3.6338e-06
2026-02-28 04:00:56 INFO Epoch 3 | Step 11600/15377 | Loss 0.4523 | LR 3.6431e-06
2026-02-28 04:01:19 INFO Epoch 3 | Step 11620/15377 | Loss 0.4522 | LR 3.6523e-06
2026-02-28 04:01:42 INFO Epoch 3 | Step 11640/15377 | Loss 0.4522 | LR 3.6617e-06
2026-02-28 04:02:04 INFO Epoch 3 | Step 11660/15377 | Loss 0.4522 | LR 3.6710e-06
2026-02-28 04:02:27 INFO Epoch 3 | Step 11680/15377 | Loss 0.4521 | LR 3.6803e-06
2026-02-28 04:02:50 INFO Epoch 3 | Step 11700/15377 | Loss 0.4521 | LR 3.6896e-06
2026-02-28 04:03:13 INFO Epoch 3 | Step 11720/15377 | Loss 0.4521 | LR 3.6990e-06
2026-02-28 04:03:36 INFO Epoch 3 | Step 11740/15377 | Loss 0.4521 | LR 3.7084e-06
2026-02-28 04:03:58 INFO Epoch 3 | Step 11760/15377 | Loss 0.4519 | LR 3.7178e-06
2026-02-28 04:04:21 INFO Epoch 3 | Step 11780/15377 | Loss 0.4519 | LR 3.7272e-06
2026-02-28 04:04:44 INFO Epoch 3 | Step 11800/15377 | Loss 0.4518 | LR 3.7366e-06
2026-02-28 04:05:07 INFO Epoch 3 | Step 11820/15377 | Loss 0.4518 | LR 3.7460e-06
2026-02-28 04:05:30 INFO Epoch 3 | Step 11840/15377 | Loss 0.4517 | LR 3.7554e-06
2026-02-28 04:05:53 INFO Epoch 3 | Step 11860/15377 | Loss 0.4517 | LR 3.7649e-06
2026-02-28 04:06:16 INFO Epoch 3 | Step 11880/15377 | Loss 0.4517 | LR 3.7743e-06
2026-02-28 04:06:38 INFO Epoch 3 | Step 11900/15377 | Loss 0.4516 | LR 3.7838e-06
2026-02-28 04:07:01 INFO Epoch 3 | Step 11920/15377 | Loss 0.4515 | LR 3.7933e-06
2026-02-28 04:07:24 INFO Epoch 3 | Step 11940/15377 | Loss 0.4515 | LR 3.8028e-06
2026-02-28 04:07:47 INFO Epoch 3 | Step 11960/15377 | Loss 0.4515 | LR 3.8123e-06
2026-02-28 04:08:10 INFO Epoch 3 | Step 11980/15377 | Loss 0.4515 | LR 3.8218e-06
2026-02-28 04:08:33 INFO Epoch 3 | Step 12000/15377 | Loss 0.4514 | LR 3.8313e-06
2026-02-28 04:08:55 INFO Epoch 3 | Step 12020/15377 | Loss 0.4513 | LR 3.8408e-06
2026-02-28 04:09:18 INFO Epoch 3 | Step 12040/15377 | Loss 0.4513 | LR 3.8504e-06
2026-02-28 04:09:41 INFO Epoch 3 | Step 12060/15377 | Loss 0.4512 | LR 3.8600e-06
2026-02-28 04:10:04 INFO Epoch 3 | Step 12080/15377 | Loss 0.4512 | LR 3.8695e-06
2026-02-28 04:10:27 INFO Epoch 3 | Step 12100/15377 | Loss 0.4511 | LR 3.8791e-06
2026-02-28 04:10:50 INFO Epoch 3 | Step 12120/15377 | Loss 0.4510 | LR 3.8887e-06
2026-02-28 04:11:13 INFO Epoch 3 | Step 12140/15377 | Loss 0.4510 | LR 3.8984e-06
2026-02-28 04:11:35 INFO Epoch 3 | Step 12160/15377 | Loss 0.4509 | LR 3.9080e-06
2026-02-28 04:11:58 INFO Epoch 3 | Step 12180/15377 | Loss 0.4508 | LR 3.9176e-06
2026-02-28 04:12:21 INFO Epoch 3 | Step 12200/15377 | Loss 0.4509 | LR 3.9273e-06
2026-02-28 04:12:44 INFO Epoch 3 | Step 12220/15377 | Loss 0.4508 | LR 3.9369e-06
2026-02-28 04:13:07 INFO Epoch 3 | Step 12240/15377 | Loss 0.4508 | LR 3.9466e-06
2026-02-28 04:13:30 INFO Epoch 3 | Step 12260/15377 | Loss 0.4507 | LR 3.9563e-06
2026-02-28 04:13:53 INFO Epoch 3 | Step 12280/15377 | Loss 0.4507 | LR 3.9660e-06
2026-02-28 04:14:16 INFO Epoch 3 | Step 12300/15377 | Loss 0.4507 | LR 3.9757e-06
2026-02-28 04:14:38 INFO Epoch 3 | Step 12320/15377 | Loss 0.4506 | LR 3.9854e-06
2026-02-28 04:15:01 INFO Epoch 3 | Step 12340/15377 | Loss 0.4505 | LR 3.9952e-06
2026-02-28 04:15:24 INFO Epoch 3 | Step 12360/15377 | Loss 0.4505 | LR 4.0049e-06
2026-02-28 04:15:47 INFO Epoch 3 | Step 12380/15377 | Loss 0.4505 | LR 4.0147e-06
2026-02-28 04:16:10 INFO Epoch 3 | Step 12400/15377 | Loss 0.4504 | LR 4.0244e-06
2026-02-28 04:16:33 INFO Epoch 3 | Step 12420/15377 | Loss 0.4503 | LR 4.0342e-06
2026-02-28 04:16:56 INFO Epoch 3 | Step 12440/15377 | Loss 0.4503 | LR 4.0440e-06
2026-02-28 04:17:18 INFO Epoch 3 | Step 12460/15377 | Loss 0.4503 | LR 4.0538e-06
2026-02-28 04:17:41 INFO Epoch 3 | Step 12480/15377 | Loss 0.4502 | LR 4.0636e-06
2026-02-28 04:18:04 INFO Epoch 3 | Step 12500/15377 | Loss 0.4501 | LR 4.0735e-06
2026-02-28 04:18:27 INFO Epoch 3 | Step 12520/15377 | Loss 0.4501 | LR 4.0833e-06
2026-02-28 04:18:50 INFO Epoch 3 | Step 12540/15377 | Loss 0.4501 | LR 4.0931e-06
2026-02-28 04:19:13 INFO Epoch 3 | Step 12560/15377 | Loss 0.4501 | LR 4.1030e-06
2026-02-28 04:19:35 INFO Epoch 3 | Step 12580/15377 | Loss 0.4500 | LR 4.1129e-06
2026-02-28 04:19:58 INFO Epoch 3 | Step 12600/15377 | Loss 0.4500 | LR 4.1228e-06
2026-02-28 04:20:21 INFO Epoch 3 | Step 12620/15377 | Loss 0.4499 | LR 4.1327e-06
2026-02-28 04:20:44 INFO Epoch 3 | Step 12640/15377 | Loss 0.4499 | LR 4.1426e-06
2026-02-28 04:21:07 INFO Epoch 3 | Step 12660/15377 | Loss 0.4498 | LR 4.1525e-06
2026-02-28 04:21:30 INFO Epoch 3 | Step 12680/15377 | Loss 0.4497 | LR 4.1624e-06
2026-02-28 04:21:52 INFO Epoch 3 | Step 12700/15377 | Loss 0.4497 | LR 4.1724e-06
2026-02-28 04:22:15 INFO Epoch 3 | Step 12720/15377 | Loss 0.4496 | LR 4.1823e-06
2026-02-28 04:22:38 INFO Epoch 3 | Step 12740/15377 | Loss 0.4496 | LR 4.1923e-06
2026-02-28 04:23:01 INFO Epoch 3 | Step 12760/15377 | Loss 0.4495 | LR 4.2023e-06
2026-02-28 04:23:24 INFO Epoch 3 | Step 12780/15377 | Loss 0.4495 | LR 4.2123e-06
2026-02-28 04:23:47 INFO Epoch 3 | Step 12800/15377 | Loss 0.4494 | LR 4.2223e-06
2026-02-28 04:24:10 INFO Epoch 3 | Step 12820/15377 | Loss 0.4494 | LR 4.2323e-06
2026-02-28 04:24:32 INFO Epoch 3 | Step 12840/15377 | Loss 0.4493 | LR 4.2423e-06
2026-02-28 04:24:55 INFO Epoch 3 | Step 12860/15377 | Loss 0.4493 | LR 4.2524e-06
2026-02-28 04:25:18 INFO Epoch 3 | Step 12880/15377 | Loss 0.4493 | LR 4.2624e-06
2026-02-28 04:25:41 INFO Epoch 3 | Step 12900/15377 | Loss 0.4492 | LR 4.2725e-06
2026-02-28 04:26:04 INFO Epoch 3 | Step 12920/15377 | Loss 0.4491 | LR 4.2825e-06
2026-02-28 04:26:27 INFO Epoch 3 | Step 12940/15377 | Loss 0.4491 | LR 4.2926e-06
2026-02-28 04:26:50 INFO Epoch 3 | Step 12960/15377 | Loss 0.4491 | LR 4.3027e-06
2026-02-28 04:27:13 INFO Epoch 3 | Step 12980/15377 | Loss 0.4491 | LR 4.3128e-06
2026-02-28 04:27:35 INFO Epoch 3 | Step 13000/15377 | Loss 0.4490 | LR 4.3229e-06
2026-02-28 04:27:58 INFO Epoch 3 | Step 13020/15377 | Loss 0.4489 | LR 4.3331e-06
2026-02-28 04:28:21 INFO Epoch 3 | Step 13040/15377 | Loss 0.4489 | LR 4.3432e-06
2026-02-28 04:28:44 INFO Epoch 3 | Step 13060/15377 | Loss 0.4489 | LR 4.3534e-06
2026-02-28 04:29:07 INFO Epoch 3 | Step 13080/15377 | Loss 0.4489 | LR 4.3635e-06
2026-02-28 04:29:30 INFO Epoch 3 | Step 13100/15377 | Loss 0.4489 | LR 4.3737e-06
2026-02-28 04:29:52 INFO Epoch 3 | Step 13120/15377 | Loss 0.4488 | LR 4.3839e-06
2026-02-28 04:30:15 INFO Epoch 3 | Step 13140/15377 | Loss 0.4488 | LR 4.3941e-06
2026-02-28 04:30:38 INFO Epoch 3 | Step 13160/15377 | Loss 0.4488 | LR 4.4043e-06
2026-02-28 04:31:01 INFO Epoch 3 | Step 13180/15377 | Loss 0.4488 | LR 4.4145e-06
2026-02-28 04:31:24 INFO Epoch 3 | Step 13200/15377 | Loss 0.4488 | LR 4.4247e-06
2026-02-28 04:31:47 INFO Epoch 3 | Step 13220/15377 | Loss 0.4488 | LR 4.4350e-06
2026-02-28 04:32:10 INFO Epoch 3 | Step 13240/15377 | Loss 0.4487 | LR 4.4452e-06
2026-02-28 04:32:32 INFO Epoch 3 | Step 13260/15377 | Loss 0.4487 | LR 4.4555e-06
2026-02-28 04:32:55 INFO Epoch 3 | Step 13280/15377 | Loss 0.4486 | LR 4.4658e-06
2026-02-28 04:33:18 INFO Epoch 3 | Step 13300/15377 | Loss 0.4485 | LR 4.4760e-06
2026-02-28 04:33:41 INFO Epoch 3 | Step 13320/15377 | Loss 0.4485 | LR 4.4863e-06
2026-02-28 04:34:04 INFO Epoch 3 | Step 13340/15377 | Loss 0.4484 | LR 4.4966e-06
2026-02-28 04:34:27 INFO Epoch 3 | Step 13360/15377 | Loss 0.4484 | LR 4.5070e-06
2026-02-28 04:34:50 INFO Epoch 3 | Step 13380/15377 | Loss 0.4484 | LR 4.5173e-06
2026-02-28 04:35:13 INFO Epoch 3 | Step 13400/15377 | Loss 0.4483 | LR 4.5276e-06
2026-02-28 04:35:36 INFO Epoch 3 | Step 13420/15377 | Loss 0.4484 | LR 4.5380e-06
2026-02-28 04:35:58 INFO Epoch 3 | Step 13440/15377 | Loss 0.4483 | LR 4.5483e-06
2026-02-28 04:36:21 INFO Epoch 3 | Step 13460/15377 | Loss 0.4483 | LR 4.5587e-06
2026-02-28 04:36:44 INFO Epoch 3 | Step 13480/15377 | Loss 0.4482 | LR 4.5691e-06
2026-02-28 04:37:07 INFO Epoch 3 | Step 13500/15377 | Loss 0.4482 | LR 4.5795e-06
2026-02-28 04:37:30 INFO Epoch 3 | Step 13520/15377 | Loss 0.4481 | LR 4.5899e-06
2026-02-28 04:37:53 INFO Epoch 3 | Step 13540/15377 | Loss 0.4481 | LR 4.6003e-06
2026-02-28 04:38:16 INFO Epoch 3 | Step 13560/15377 | Loss 0.4481 | LR 4.6107e-06
2026-02-28 04:38:39 INFO Epoch 3 | Step 13580/15377 | Loss 0.4480 | LR 4.6212e-06
2026-02-28 04:39:01 INFO Epoch 3 | Step 13600/15377 | Loss 0.4480 | LR 4.6316e-06
2026-02-28 04:39:24 INFO Epoch 3 | Step 13620/15377 | Loss 0.4479 | LR 4.6421e-06
2026-02-28 04:39:47 INFO Epoch 3 | Step 13640/15377 | Loss 0.4479 | LR 4.6525e-06
2026-02-28 04:40:10 INFO Epoch 3 | Step 13660/15377 | Loss 0.4478 | LR 4.6630e-06
2026-02-28 04:40:33 INFO Epoch 3 | Step 13680/15377 | Loss 0.4477 | LR 4.6735e-06
2026-02-28 04:40:56 INFO Epoch 3 | Step 13700/15377 | Loss 0.4477 | LR 4.6840e-06
2026-02-28 04:41:18 INFO Epoch 3 | Step 13720/15377 | Loss 0.4476 | LR 4.6945e-06
2026-02-28 04:41:41 INFO Epoch 3 | Step 13740/15377 | Loss 0.4476 | LR 4.7050e-06
2026-02-28 04:42:04 INFO Epoch 3 | Step 13760/15377 | Loss 0.4475 | LR 4.7156e-06
2026-02-28 04:42:27 INFO Epoch 3 | Step 13780/15377 | Loss 0.4475 | LR 4.7261e-06
2026-02-28 04:42:50 INFO Epoch 3 | Step 13800/15377 | Loss 0.4475 | LR 4.7367e-06
2026-02-28 04:43:13 INFO Epoch 3 | Step 13820/15377 | Loss 0.4474 | LR 4.7472e-06
2026-02-28 04:43:36 INFO Epoch 3 | Step 13840/15377 | Loss 0.4474 | LR 4.7578e-06
2026-02-28 04:43:58 INFO Epoch 3 | Step 13860/15377 | Loss 0.4473 | LR 4.7684e-06
2026-02-28 04:44:21 INFO Epoch 3 | Step 13880/15377 | Loss 0.4473 | LR 4.7790e-06
2026-02-28 04:44:44 INFO Epoch 3 | Step 13900/15377 | Loss 0.4472 | LR 4.7896e-06
2026-02-28 04:45:07 INFO Epoch 3 | Step 13920/15377 | Loss 0.4472 | LR 4.8002e-06
2026-02-28 04:45:30 INFO Epoch 3 | Step 13940/15377 | Loss 0.4472 | LR 4.8108e-06
2026-02-28 04:45:53 INFO Epoch 3 | Step 13960/15377 | Loss 0.4471 | LR 4.8215e-06
2026-02-28 04:46:15 INFO Epoch 3 | Step 13980/15377 | Loss 0.4470 | LR 4.8321e-06
2026-02-28 04:46:38 INFO Epoch 3 | Step 14000/15377 | Loss 0.4470 | LR 4.8428e-06
2026-02-28 04:47:01 INFO Epoch 3 | Step 14020/15377 | Loss 0.4469 | LR 4.8534e-06
2026-02-28 04:47:24 INFO Epoch 3 | Step 14040/15377 | Loss 0.4469 | LR 4.8641e-06
2026-02-28 04:47:47 INFO Epoch 3 | Step 14060/15377 | Loss 0.4468 | LR 4.8748e-06
2026-02-28 04:48:09 INFO Epoch 3 | Step 14080/15377 | Loss 0.4468 | LR 4.8855e-06
2026-02-28 04:48:32 INFO Epoch 3 | Step 14100/15377 | Loss 0.4467 | LR 4.8962e-06
2026-02-28 04:48:55 INFO Epoch 3 | Step 14120/15377 | Loss 0.4467 | LR 4.9069e-06
2026-02-28 04:49:18 INFO Epoch 3 | Step 14140/15377 | Loss 0.4466 | LR 4.9176e-06
2026-02-28 04:49:41 INFO Epoch 3 | Step 14160/15377 | Loss 0.4466 | LR 4.9284e-06
2026-02-28 04:50:04 INFO Epoch 3 | Step 14180/15377 | Loss 0.4465 | LR 4.9391e-06
2026-02-28 04:50:27 INFO Epoch 3 | Step 14200/15377 | Loss 0.4464 | LR 4.9499e-06
2026-02-28 04:50:50 INFO Epoch 3 | Step 14220/15377 | Loss 0.4464 | LR 4.9607e-06
2026-02-28 04:51:12 INFO Epoch 3 | Step 14240/15377 | Loss 0.4463 | LR 4.9714e-06
2026-02-28 04:51:35 INFO Epoch 3 | Step 14260/15377 | Loss 0.4463 | LR 4.9822e-06
2026-02-28 04:51:58 INFO Epoch 3 | Step 14280/15377 | Loss 0.4462 | LR 4.9930e-06
2026-02-28 04:52:21 INFO Epoch 3 | Step 14300/15377 | Loss 0.4462 | LR 5.0038e-06
2026-02-28 04:52:44 INFO Epoch 3 | Step 14320/15377 | Loss 0.4462 | LR 5.0147e-06
2026-02-28 04:53:06 INFO Epoch 3 | Step 14340/15377 | Loss 0.4461 | LR 5.0255e-06
2026-02-28 04:53:29 INFO Epoch 3 | Step 14360/15377 | Loss 0.4461 | LR 5.0363e-06
2026-02-28 04:53:52 INFO Epoch 3 | Step 14380/15377 | Loss 0.4460 | LR 5.0472e-06
2026-02-28 04:54:15 INFO Epoch 3 | Step 14400/15377 | Loss 0.4460 | LR 5.0580e-06
2026-02-28 04:54:38 INFO Epoch 3 | Step 14420/15377 | Loss 0.4460 | LR 5.0689e-06
2026-02-28 04:55:00 INFO Epoch 3 | Step 14440/15377 | Loss 0.4459 | LR 5.0798e-06
2026-02-28 04:55:23 INFO Epoch 3 | Step 14460/15377 | Loss 0.4458 | LR 5.0907e-06
2026-02-28 04:55:46 INFO Epoch 3 | Step 14480/15377 | Loss 0.4458 | LR 5.1016e-06
2026-02-28 04:56:09 INFO Epoch 3 | Step 14500/15377 | Loss 0.4457 | LR 5.1125e-06
2026-02-28 04:56:32 INFO Epoch 3 | Step 14520/15377 | Loss 0.4457 | LR 5.1234e-06
2026-02-28 04:56:54 INFO Epoch 3 | Step 14540/15377 | Loss 0.4457 | LR 5.1343e-06
2026-02-28 04:57:17 INFO Epoch 3 | Step 14560/15377 | Loss 0.4456 | LR 5.1453e-06
2026-02-28 04:57:40 INFO Epoch 3 | Step 14580/15377 | Loss 0.4456 | LR 5.1562e-06
2026-02-28 04:58:03 INFO Epoch 3 | Step 14600/15377 | Loss 0.4455 | LR 5.1672e-06
2026-02-28 04:58:26 INFO Epoch 3 | Step 14620/15377 | Loss 0.4455 | LR 5.1781e-06
2026-02-28 04:58:48 INFO Epoch 3 | Step 14640/15377 | Loss 0.4454 | LR 5.1891e-06
2026-02-28 04:59:11 INFO Epoch 3 | Step 14660/15377 | Loss 0.4453 | LR 5.2001e-06
2026-02-28 04:59:34 INFO Epoch 3 | Step 14680/15377 | Loss 0.4453 | LR 5.2111e-06
2026-02-28 04:59:57 INFO Epoch 3 | Step 14700/15377 | Loss 0.4452 | LR 5.2221e-06
2026-02-28 05:00:20 INFO Epoch 3 | Step 14720/15377 | Loss 0.4451 | LR 5.2331e-06
2026-02-28 05:00:42 INFO Epoch 3 | Step 14740/15377 | Loss 0.4451 | LR 5.2441e-06
2026-02-28 05:01:05 INFO Epoch 3 | Step 14760/15377 | Loss 0.4450 | LR 5.2552e-06
2026-02-28 05:01:28 INFO Epoch 3 | Step 14780/15377 | Loss 0.4450 | LR 5.2662e-06
2026-02-28 05:01:51 INFO Epoch 3 | Step 14800/15377 | Loss 0.4450 | LR 5.2773e-06
2026-02-28 05:02:14 INFO Epoch 3 | Step 14820/15377 | Loss 0.4449 | LR 5.2883e-06
2026-02-28 05:02:36 INFO Epoch 3 | Step 14840/15377 | Loss 0.4448 | LR 5.2994e-06
2026-02-28 05:02:59 INFO Epoch 3 | Step 14860/15377 | Loss 0.4447 | LR 5.3105e-06
2026-02-28 05:03:22 INFO Epoch 3 | Step 14880/15377 | Loss 0.4447 | LR 5.3216e-06
2026-02-28 05:03:45 INFO Epoch 3 | Step 14900/15377 | Loss 0.4446 | LR 5.3327e-06
2026-02-28 05:04:08 INFO Epoch 3 | Step 14920/15377 | Loss 0.4446 | LR 5.3438e-06
2026-02-28 05:04:30 INFO Epoch 3 | Step 14940/15377 | Loss 0.4445 | LR 5.3549e-06
2026-02-28 05:04:53 INFO Epoch 3 | Step 14960/15377 | Loss 0.4445 | LR 5.3660e-06
2026-02-28 05:05:16 INFO Epoch 3 | Step 14980/15377 | Loss 0.4444 | LR 5.3772e-06
2026-02-28 05:05:39 INFO Epoch 3 | Step 15000/15377 | Loss 0.4444 | LR 5.3883e-06
2026-02-28 05:06:02 INFO Epoch 3 | Step 15020/15377 | Loss 0.4443 | LR 5.3995e-06
2026-02-28 05:06:25 INFO Epoch 3 | Step 15040/15377 | Loss 0.4443 | LR 5.4107e-06
2026-02-28 05:06:47 INFO Epoch 3 | Step 15060/15377 | Loss 0.4442 | LR 5.4218e-06
2026-02-28 05:07:10 INFO Epoch 3 | Step 15080/15377 | Loss 0.4442 | LR 5.4330e-06
2026-02-28 05:07:33 INFO Epoch 3 | Step 15100/15377 | Loss 0.4441 | LR 5.4442e-06
2026-02-28 05:07:56 INFO Epoch 3 | Step 15120/15377 | Loss 0.4441 | LR 5.4554e-06
2026-02-28 05:08:19 INFO Epoch 3 | Step 15140/15377 | Loss 0.4440 | LR 5.4666e-06
2026-02-28 05:08:42 INFO Epoch 3 | Step 15160/15377 | Loss 0.4439 | LR 5.4779e-06
2026-02-28 05:09:04 INFO Epoch 3 | Step 15180/15377 | Loss 0.4439 | LR 5.4891e-06
2026-02-28 05:09:27 INFO Epoch 3 | Step 15200/15377 | Loss 0.4438 | LR 5.5003e-06
2026-02-28 05:09:50 INFO Epoch 3 | Step 15220/15377 | Loss 0.4438 | LR 5.5116e-06
2026-02-28 05:10:13 INFO Epoch 3 | Step 15240/15377 | Loss 0.4437 | LR 5.5228e-06
2026-02-28 05:10:35 INFO Epoch 3 | Step 15260/15377 | Loss 0.4437 | LR 5.5341e-06
2026-02-28 05:10:58 INFO Epoch 3 | Step 15280/15377 | Loss 0.4437 | LR 5.5454e-06
2026-02-28 05:11:21 INFO Epoch 3 | Step 15300/15377 | Loss 0.4436 | LR 5.5567e-06
2026-02-28 05:11:44 INFO Epoch 3 | Step 15320/15377 | Loss 0.4436 | LR 5.5680e-06
2026-02-28 05:12:07 INFO Epoch 3 | Step 15340/15377 | Loss 0.4435 | LR 5.5793e-06
2026-02-28 05:12:30 INFO Epoch 3 | Step 15360/15377 | Loss 0.4435 | LR 5.5906e-06
2026-02-28 05:12:49 INFO Epoch 3 | Step 15377/15377 | Loss 0.4434 | LR 5.6002e-06
2026-02-28 05:58:58 INFO CSV Written | Epoch: 3
2026-02-28 05:58:58 INFO Best Saved | Epoch: 3 | Monitor: val_auprc | Value: 0.4642
2026-02-28 05:58:58 INFO Epoch Done | Epoch: 3 | Time: 20343.6456 | Train Loss: 0.4434 | Val Accuracy: 0.9519 | Val AUPRC: 0.4642 | Val Auroc: 0.9675 | Val F1: 0.4129 | Val Loss: 0.3965
2026-02-28 05:58:58 INFO Epoch Start | Epoch: 4
2026-02-28 05:59:08 INFO Epoch 4 | Step 1/2562 | Loss 0.6527 | LR 5.6008e-06
2026-02-28 06:00:39 INFO Epoch 4 | Step 20/2562 | Loss 0.4932 | LR 5.6115e-06
2026-02-28 06:02:15 INFO Epoch 4 | Step 40/2562 | Loss 0.4772 | LR 5.6229e-06
2026-02-28 06:03:51 INFO Epoch 4 | Step 60/2562 | Loss 0.4679 | LR 5.6342e-06
2026-02-28 06:05:27 INFO Epoch 4 | Step 80/2562 | Loss 0.4579 | LR 5.6456e-06
2026-02-28 06:07:02 INFO Epoch 4 | Step 100/2562 | Loss 0.4528 | LR 5.6569e-06
2026-02-28 06:08:38 INFO Epoch 4 | Step 120/2562 | Loss 0.4516 | LR 5.6683e-06
2026-02-28 06:10:14 INFO Epoch 4 | Step 140/2562 | Loss 0.4507 | LR 5.6797e-06
2026-02-28 06:11:49 INFO Epoch 4 | Step 160/2562 | Loss 0.4475 | LR 5.6911e-06
2026-02-28 06:13:25 INFO Epoch 4 | Step 180/2562 | Loss 0.4462 | LR 5.7025e-06
2026-02-28 06:15:01 INFO Epoch 4 | Step 200/2562 | Loss 0.4434 | LR 5.7139e-06
2026-02-28 06:16:37 INFO Epoch 4 | Step 220/2562 | Loss 0.4427 | LR 5.7253e-06
2026-02-28 06:18:12 INFO Epoch 4 | Step 240/2562 | Loss 0.4421 | LR 5.7367e-06
2026-02-28 06:19:48 INFO Epoch 4 | Step 260/2562 | Loss 0.4420 | LR 5.7481e-06
2026-02-28 06:21:24 INFO Epoch 4 | Step 280/2562 | Loss 0.4421 | LR 5.7596e-06
2026-02-28 06:23:00 INFO Epoch 4 | Step 300/2562 | Loss 0.4404 | LR 5.7710e-06
2026-02-28 06:24:36 INFO Epoch 4 | Step 320/2562 | Loss 0.4396 | LR 5.7825e-06
2026-02-28 06:26:13 INFO Epoch 4 | Step 340/2562 | Loss 0.4377 | LR 5.7940e-06
2026-02-28 06:27:49 INFO Epoch 4 | Step 360/2562 | Loss 0.4359 | LR 5.8054e-06
2026-02-28 06:29:25 INFO Epoch 4 | Step 380/2562 | Loss 0.4344 | LR 5.8169e-06
2026-02-28 06:31:01 INFO Epoch 4 | Step 400/2562 | Loss 0.4347 | LR 5.8284e-06
2026-02-28 06:32:36 INFO Epoch 4 | Step 420/2562 | Loss 0.4347 | LR 5.8399e-06
2026-02-28 06:34:12 INFO Epoch 4 | Step 440/2562 | Loss 0.4337 | LR 5.8514e-06
2026-02-28 06:35:48 INFO Epoch 4 | Step 460/2562 | Loss 0.4332 | LR 5.8630e-06
2026-02-28 06:37:23 INFO Epoch 4 | Step 480/2562 | Loss 0.4326 | LR 5.8745e-06
2026-02-28 06:38:58 INFO Epoch 4 | Step 500/2562 | Loss 0.4323 | LR 5.8860e-06
2026-02-28 06:40:32 INFO Epoch 4 | Step 520/2562 | Loss 0.4322 | LR 5.8976e-06
2026-02-28 06:42:07 INFO Epoch 4 | Step 540/2562 | Loss 0.4320 | LR 5.9091e-06
2026-02-28 06:43:42 INFO Epoch 4 | Step 560/2562 | Loss 0.4315 | LR 5.9207e-06
2026-02-28 06:45:16 INFO Epoch 4 | Step 580/2562 | Loss 0.4311 | LR 5.9322e-06
2026-02-28 06:46:51 INFO Epoch 4 | Step 600/2562 | Loss 0.4302 | LR 5.9438e-06
2026-02-28 06:48:26 INFO Epoch 4 | Step 620/2562 | Loss 0.4299 | LR 5.9554e-06
2026-02-28 06:50:00 INFO Epoch 4 | Step 640/2562 | Loss 0.4289 | LR 5.9670e-06
2026-02-28 06:51:35 INFO Epoch 4 | Step 660/2562 | Loss 0.4279 | LR 5.9786e-06
2026-02-28 06:53:10 INFO Epoch 4 | Step 680/2562 | Loss 0.4268 | LR 5.9902e-06
2026-02-28 06:54:44 INFO Epoch 4 | Step 700/2562 | Loss 0.4257 | LR 6.0018e-06
2026-02-28 06:56:19 INFO Epoch 4 | Step 720/2562 | Loss 0.4254 | LR 6.0135e-06
2026-02-28 06:57:54 INFO Epoch 4 | Step 740/2562 | Loss 0.4244 | LR 6.0251e-06
2026-02-28 06:59:29 INFO Epoch 4 | Step 760/2562 | Loss 0.4239 | LR 6.0367e-06
2026-02-28 07:01:04 INFO Epoch 4 | Step 780/2562 | Loss 0.4234 | LR 6.0484e-06
2026-02-28 07:02:38 INFO Epoch 4 | Step 800/2562 | Loss 0.4229 | LR 6.0601e-06
2026-02-28 07:04:13 INFO Epoch 4 | Step 820/2562 | Loss 0.4227 | LR 6.0717e-06
2026-02-28 07:05:48 INFO Epoch 4 | Step 840/2562 | Loss 0.4222 | LR 6.0834e-06
2026-02-28 07:07:22 INFO Epoch 4 | Step 860/2562 | Loss 0.4218 | LR 6.0951e-06
2026-02-28 07:08:57 INFO Epoch 4 | Step 880/2562 | Loss 0.4215 | LR 6.1068e-06
2026-02-28 07:10:32 INFO Epoch 4 | Step 900/2562 | Loss 0.4218 | LR 6.1185e-06
2026-02-28 07:12:07 INFO Epoch 4 | Step 920/2562 | Loss 0.4209 | LR 6.1302e-06
2026-02-28 07:13:41 INFO Epoch 4 | Step 940/2562 | Loss 0.4204 | LR 6.1419e-06
2026-02-28 07:15:17 INFO Epoch 4 | Step 960/2562 | Loss 0.4195 | LR 6.1536e-06
2026-02-28 07:16:53 INFO Epoch 4 | Step 980/2562 | Loss 0.4193 | LR 6.1653e-06
2026-02-28 07:18:29 INFO Epoch 4 | Step 1000/2562 | Loss 0.4187 | LR 6.1771e-06
2026-02-28 07:20:05 INFO Epoch 4 | Step 1020/2562 | Loss 0.4180 | LR 6.1888e-06
2026-02-28 07:21:41 INFO Epoch 4 | Step 1040/2562 | Loss 0.4176 | LR 6.2006e-06
2026-02-28 07:23:17 INFO Epoch 4 | Step 1060/2562 | Loss 0.4172 | LR 6.2123e-06
2026-02-28 07:24:53 INFO Epoch 4 | Step 1080/2562 | Loss 0.4172 | LR 6.2241e-06
2026-02-28 07:26:29 INFO Epoch 4 | Step 1100/2562 | Loss 0.4168 | LR 6.2359e-06
2026-02-28 07:28:05 INFO Epoch 4 | Step 1120/2562 | Loss 0.4162 | LR 6.2477e-06
2026-02-28 07:29:42 INFO Epoch 4 | Step 1140/2562 | Loss 0.4154 | LR 6.2595e-06
2026-02-28 07:31:18 INFO Epoch 4 | Step 1160/2562 | Loss 0.4149 | LR 6.2713e-06
2026-02-28 07:32:54 INFO Epoch 4 | Step 1180/2562 | Loss 0.4139 | LR 6.2831e-06
2026-02-28 07:34:30 INFO Epoch 4 | Step 1200/2562 | Loss 0.4130 | LR 6.2949e-06
2026-02-28 07:36:07 INFO Epoch 4 | Step 1220/2562 | Loss 0.4129 | LR 6.3067e-06
2026-02-28 07:37:43 INFO Epoch 4 | Step 1240/2562 | Loss 0.4124 | LR 6.3186e-06
2026-02-28 07:39:19 INFO Epoch 4 | Step 1260/2562 | Loss 0.4123 | LR 6.3304e-06
2026-02-28 07:40:56 INFO Epoch 4 | Step 1280/2562 | Loss 0.4123 | LR 6.3422e-06
2026-02-28 07:42:32 INFO Epoch 4 | Step 1300/2562 | Loss 0.4117 | LR 6.3541e-06
2026-02-28 07:44:08 INFO Epoch 4 | Step 1320/2562 | Loss 0.4112 | LR 6.3660e-06
2026-02-28 07:45:44 INFO Epoch 4 | Step 1340/2562 | Loss 0.4106 | LR 6.3778e-06
2026-02-28 07:47:20 INFO Epoch 4 | Step 1360/2562 | Loss 0.4100 | LR 6.3897e-06
2026-02-28 07:48:56 INFO Epoch 4 | Step 1380/2562 | Loss 0.4098 | LR 6.4016e-06
2026-02-28 07:50:32 INFO Epoch 4 | Step 1400/2562 | Loss 0.4091 | LR 6.4135e-06
2026-02-28 07:52:07 INFO Epoch 4 | Step 1420/2562 | Loss 0.4086 | LR 6.4254e-06
2026-02-28 07:53:42 INFO Epoch 4 | Step 1440/2562 | Loss 0.4085 | LR 6.4373e-06
2026-02-28 07:55:17 INFO Epoch 4 | Step 1460/2562 | Loss 0.4083 | LR 6.4492e-06
2026-02-28 07:56:52 INFO Epoch 4 | Step 1480/2562 | Loss 0.4081 | LR 6.4611e-06
2026-02-28 07:58:27 INFO Epoch 4 | Step 1500/2562 | Loss 0.4076 | LR 6.4730e-06
2026-02-28 08:00:02 INFO Epoch 4 | Step 1520/2562 | Loss 0.4073 | LR 6.4850e-06
2026-02-28 08:01:36 INFO Epoch 4 | Step 1540/2562 | Loss 0.4071 | LR 6.4969e-06
2026-02-28 08:03:11 INFO Epoch 4 | Step 1560/2562 | Loss 0.4071 | LR 6.5089e-06
2026-02-28 08:04:45 INFO Epoch 4 | Step 1580/2562 | Loss 0.4067 | LR 6.5208e-06
2026-02-28 08:06:20 INFO Epoch 4 | Step 1600/2562 | Loss 0.4062 | LR 6.5328e-06
2026-02-28 08:07:55 INFO Epoch 4 | Step 1620/2562 | Loss 0.4055 | LR 6.5448e-06
2026-02-28 08:09:29 INFO Epoch 4 | Step 1640/2562 | Loss 0.4050 | LR 6.5567e-06
2026-02-28 08:11:04 INFO Epoch 4 | Step 1660/2562 | Loss 0.4048 | LR 6.5687e-06
2026-02-28 08:12:38 INFO Epoch 4 | Step 1680/2562 | Loss 0.4043 | LR 6.5807e-06
2026-02-28 08:14:12 INFO Epoch 4 | Step 1700/2562 | Loss 0.4039 | LR 6.5927e-06
2026-02-28 08:15:47 INFO Epoch 4 | Step 1720/2562 | Loss 0.4034 | LR 6.6047e-06
2026-02-28 08:17:21 INFO Epoch 4 | Step 1740/2562 | Loss 0.4028 | LR 6.6167e-06
2026-02-28 08:18:55 INFO Epoch 4 | Step 1760/2562 | Loss 0.4026 | LR 6.6288e-06
2026-02-28 08:20:30 INFO Epoch 4 | Step 1780/2562 | Loss 0.4026 | LR 6.6408e-06
2026-02-28 08:22:05 INFO Epoch 4 | Step 1800/2562 | Loss 0.4020 | LR 6.6528e-06
2026-02-28 08:23:39 INFO Epoch 4 | Step 1820/2562 | Loss 0.4017 | LR 6.6649e-06
2026-02-28 08:25:14 INFO Epoch 4 | Step 1840/2562 | Loss 0.4013 | LR 6.6769e-06
2026-02-28 08:26:48 INFO Epoch 4 | Step 1860/2562 | Loss 0.4012 | LR 6.6890e-06
2026-02-28 08:28:23 INFO Epoch 4 | Step 1880/2562 | Loss 0.4009 | LR 6.7010e-06
2026-02-28 08:29:58 INFO Epoch 4 | Step 1900/2562 | Loss 0.4006 | LR 6.7131e-06
2026-02-28 08:31:34 INFO Epoch 4 | Step 1920/2562 | Loss 0.4002 | LR 6.7252e-06
2026-02-28 08:33:10 INFO Epoch 4 | Step 1940/2562 | Loss 0.3996 | LR 6.7373e-06
2026-02-28 08:34:47 INFO Epoch 4 | Step 1960/2562 | Loss 0.3992 | LR 6.7494e-06
2026-02-28 08:36:22 INFO Epoch 4 | Step 1980/2562 | Loss 0.3990 | LR 6.7615e-06
2026-02-28 08:37:58 INFO Epoch 4 | Step 2000/2562 | Loss 0.3987 | LR 6.7736e-06
2026-02-28 08:39:34 INFO Epoch 4 | Step 2020/2562 | Loss 0.3983 | LR 6.7857e-06
2026-02-28 08:41:10 INFO Epoch 4 | Step 2040/2562 | Loss 0.3982 | LR 6.7978e-06
2026-02-28 08:42:46 INFO Epoch 4 | Step 2060/2562 | Loss 0.3977 | LR 6.8099e-06
2026-02-28 08:44:22 INFO Epoch 4 | Step 2080/2562 | Loss 0.3974 | LR 6.8220e-06
2026-02-28 08:45:58 INFO Epoch 4 | Step 2100/2562 | Loss 0.3971 | LR 6.8342e-06
2026-02-28 08:47:34 INFO Epoch 4 | Step 2120/2562 | Loss 0.3967 | LR 6.8463e-06
2026-02-28 08:49:10 INFO Epoch 4 | Step 2140/2562 | Loss 0.3965 | LR 6.8585e-06
2026-02-28 08:50:46 INFO Epoch 4 | Step 2160/2562 | Loss 0.3963 | LR 6.8706e-06
2026-02-28 08:52:22 INFO Epoch 4 | Step 2180/2562 | Loss 0.3960 | LR 6.8828e-06
2026-02-28 08:53:57 INFO Epoch 4 | Step 2200/2562 | Loss 0.3957 | LR 6.8950e-06
2026-02-28 08:55:33 INFO Epoch 4 | Step 2220/2562 | Loss 0.3951 | LR 6.9071e-06
2026-02-28 08:57:09 INFO Epoch 4 | Step 2240/2562 | Loss 0.3949 | LR 6.9193e-06
2026-02-28 08:58:45 INFO Epoch 4 | Step 2260/2562 | Loss 0.3944 | LR 6.9315e-06
2026-02-28 09:00:21 INFO Epoch 4 | Step 2280/2562 | Loss 0.3941 | LR 6.9437e-06
2026-02-28 09:01:57 INFO Epoch 4 | Step 2300/2562 | Loss 0.3937 | LR 6.9559e-06
2026-02-28 09:03:33 INFO Epoch 4 | Step 2320/2562 | Loss 0.3933 | LR 6.9681e-06
2026-02-28 09:05:08 INFO Epoch 4 | Step 2340/2562 | Loss 0.3931 | LR 6.9803e-06
2026-02-28 09:06:44 INFO Epoch 4 | Step 2360/2562 | Loss 0.3927 | LR 6.9925e-06
2026-02-28 09:08:19 INFO Epoch 4 | Step 2380/2562 | Loss 0.3925 | LR 7.0048e-06
2026-02-28 09:09:54 INFO Epoch 4 | Step 2400/2562 | Loss 0.3922 | LR 7.0170e-06
2026-02-28 09:11:28 INFO Epoch 4 | Step 2420/2562 | Loss 0.3920 | LR 7.0293e-06
2026-02-28 09:13:03 INFO Epoch 4 | Step 2440/2562 | Loss 0.3916 | LR 7.0415e-06
2026-02-28 09:14:37 INFO Epoch 4 | Step 2460/2562 | Loss 0.3912 | LR 7.0537e-06
2026-02-28 09:16:11 INFO Epoch 4 | Step 2480/2562 | Loss 0.3906 | LR 7.0660e-06
2026-02-28 09:17:45 INFO Epoch 4 | Step 2500/2562 | Loss 0.3905 | LR 7.0783e-06
2026-02-28 09:19:20 INFO Epoch 4 | Step 2520/2562 | Loss 0.3901 | LR 7.0905e-06
2026-02-28 09:20:54 INFO Epoch 4 | Step 2540/2562 | Loss 0.3897 | LR 7.1028e-06
2026-02-28 09:22:28 INFO Epoch 4 | Step 2560/2562 | Loss 0.3897 | LR 7.1151e-06
2026-02-28 09:22:37 INFO Epoch 4 | Step 2562/2562 | Loss 0.3896 | LR 7.1163e-06
2026-02-28 10:08:16 INFO CSV Written | Epoch: 4
2026-02-28 10:08:17 INFO Best Saved | Epoch: 4 | Monitor: val_auprc | Value: 0.6960
2026-02-28 10:08:17 INFO Epoch Done | Epoch: 4 | Time: 14958.5375 | Train Loss: 0.3896 | Val Accuracy: 0.9861 | Val AUPRC: 0.6960 | Val Auroc: 0.9781 | Val F1: 0.6132 | Val Loss: 0.4393
2026-02-28 10:08:17 INFO Epoch Start | Epoch: 5
2026-02-28 10:08:55 INFO Epoch 5 | Step 1/2562 | Loss 0.4632 | LR 7.1169e-06
2026-02-28 10:10:26 INFO Epoch 5 | Step 20/2562 | Loss 0.3196 | LR 7.1286e-06
2026-02-28 10:12:01 INFO Epoch 5 | Step 40/2562 | Loss 0.3378 | LR 7.1409e-06
2026-02-28 10:13:37 INFO Epoch 5 | Step 60/2562 | Loss 0.3404 | LR 7.1532e-06
2026-02-28 10:15:13 INFO Epoch 5 | Step 80/2562 | Loss 0.3417 | LR 7.1655e-06
2026-02-28 10:16:49 INFO Epoch 5 | Step 100/2562 | Loss 0.3409 | LR 7.1778e-06
2026-02-28 10:18:25 INFO Epoch 5 | Step 120/2562 | Loss 0.3415 | LR 7.1902e-06
2026-02-28 10:20:00 INFO Epoch 5 | Step 140/2562 | Loss 0.3419 | LR 7.2025e-06
2026-02-28 10:21:36 INFO Epoch 5 | Step 160/2562 | Loss 0.3426 | LR 7.2148e-06
2026-02-28 10:23:12 INFO Epoch 5 | Step 180/2562 | Loss 0.3414 | LR 7.2272e-06
2026-02-28 10:24:48 INFO Epoch 5 | Step 200/2562 | Loss 0.3414 | LR 7.2395e-06
2026-02-28 10:26:24 INFO Epoch 5 | Step 220/2562 | Loss 0.3417 | LR 7.2519e-06
2026-02-28 10:28:00 INFO Epoch 5 | Step 240/2562 | Loss 0.3415 | LR 7.2642e-06
2026-02-28 10:29:36 INFO Epoch 5 | Step 260/2562 | Loss 0.3416 | LR 7.2766e-06
2026-02-28 10:31:12 INFO Epoch 5 | Step 280/2562 | Loss 0.3409 | LR 7.2889e-06
2026-02-28 10:32:48 INFO Epoch 5 | Step 300/2562 | Loss 0.3407 | LR 7.3013e-06
2026-02-28 10:34:24 INFO Epoch 5 | Step 320/2562 | Loss 0.3405 | LR 7.3137e-06
2026-02-28 10:36:01 INFO Epoch 5 | Step 340/2562 | Loss 0.3413 | LR 7.3261e-06
2026-02-28 10:37:37 INFO Epoch 5 | Step 360/2562 | Loss 0.3413 | LR 7.3385e-06
2026-02-28 10:39:14 INFO Epoch 5 | Step 380/2562 | Loss 0.3406 | LR 7.3509e-06
2026-02-28 10:40:51 INFO Epoch 5 | Step 400/2562 | Loss 0.3423 | LR 7.3633e-06
2026-02-28 10:42:27 INFO Epoch 5 | Step 420/2562 | Loss 0.3412 | LR 7.3757e-06
2026-02-28 10:44:03 INFO Epoch 5 | Step 440/2562 | Loss 0.3429 | LR 7.3881e-06
2026-02-28 10:45:39 INFO Epoch 5 | Step 460/2562 | Loss 0.3441 | LR 7.4005e-06
2026-02-28 10:47:14 INFO Epoch 5 | Step 480/2562 | Loss 0.3453 | LR 7.4129e-06
2026-02-28 10:48:49 INFO Epoch 5 | Step 500/2562 | Loss 0.3445 | LR 7.4254e-06
2026-02-28 10:50:22 INFO Epoch 5 | Step 520/2562 | Loss 0.3447 | LR 7.4378e-06
2026-02-28 10:51:56 INFO Epoch 5 | Step 540/2562 | Loss 0.3436 | LR 7.4502e-06
2026-02-28 10:53:30 INFO Epoch 5 | Step 560/2562 | Loss 0.3423 | LR 7.4627e-06
2026-02-28 10:55:04 INFO Epoch 5 | Step 580/2562 | Loss 0.3416 | LR 7.4751e-06
2026-02-28 10:56:38 INFO Epoch 5 | Step 600/2562 | Loss 0.3411 | LR 7.4876e-06
2026-02-28 10:58:12 INFO Epoch 5 | Step 620/2562 | Loss 0.3400 | LR 7.5000e-06
2026-02-28 10:59:46 INFO Epoch 5 | Step 640/2562 | Loss 0.3397 | LR 7.5125e-06
2026-02-28 11:01:20 INFO Epoch 5 | Step 660/2562 | Loss 0.3400 | LR 7.5250e-06
2026-02-28 11:02:54 INFO Epoch 5 | Step 680/2562 | Loss 0.3402 | LR 7.5375e-06
2026-02-28 11:04:28 INFO Epoch 5 | Step 700/2562 | Loss 0.3396 | LR 7.5499e-06
2026-02-28 11:06:02 INFO Epoch 5 | Step 720/2562 | Loss 0.3396 | LR 7.5624e-06
2026-02-28 11:07:36 INFO Epoch 5 | Step 740/2562 | Loss 0.3389 | LR 7.5749e-06
2026-02-28 11:09:10 INFO Epoch 5 | Step 760/2562 | Loss 0.3383 | LR 7.5874e-06
2026-02-28 11:10:44 INFO Epoch 5 | Step 780/2562 | Loss 0.3380 | LR 7.5999e-06
2026-02-28 11:12:18 INFO Epoch 5 | Step 800/2562 | Loss 0.3381 | LR 7.6124e-06
2026-02-28 11:13:52 INFO Epoch 5 | Step 820/2562 | Loss 0.3383 | LR 7.6250e-06
2026-02-28 11:15:25 INFO Epoch 5 | Step 840/2562 | Loss 0.3380 | LR 7.6375e-06
2026-02-28 11:16:59 INFO Epoch 5 | Step 860/2562 | Loss 0.3374 | LR 7.6500e-06
2026-02-28 11:18:33 INFO Epoch 5 | Step 880/2562 | Loss 0.3379 | LR 7.6625e-06
2026-02-28 11:20:07 INFO Epoch 5 | Step 900/2562 | Loss 0.3383 | LR 7.6751e-06
2026-02-28 11:21:41 INFO Epoch 5 | Step 920/2562 | Loss 0.3398 | LR 7.6876e-06
2026-02-28 11:23:15 INFO Epoch 5 | Step 940/2562 | Loss 0.3396 | LR 7.7002e-06
2026-02-28 11:24:49 INFO Epoch 5 | Step 960/2562 | Loss 0.3395 | LR 7.7127e-06
2026-02-28 11:26:23 INFO Epoch 5 | Step 980/2562 | Loss 0.3392 | LR 7.7253e-06
2026-02-28 11:27:58 INFO Epoch 5 | Step 1000/2562 | Loss 0.3390 | LR 7.7378e-06
2026-02-28 11:29:32 INFO Epoch 5 | Step 1020/2562 | Loss 0.3384 | LR 7.7504e-06
2026-02-28 11:31:06 INFO Epoch 5 | Step 1040/2562 | Loss 0.3384 | LR 7.7630e-06
2026-02-28 11:32:40 INFO Epoch 5 | Step 1060/2562 | Loss 0.3382 | LR 7.7755e-06
2026-02-28 11:34:14 INFO Epoch 5 | Step 1080/2562 | Loss 0.3376 | LR 7.7881e-06
2026-02-28 11:35:49 INFO Epoch 5 | Step 1100/2562 | Loss 0.3375 | LR 7.8007e-06
2026-02-28 11:37:23 INFO Epoch 5 | Step 1120/2562 | Loss 0.3375 | LR 7.8133e-06
2026-02-28 11:38:58 INFO Epoch 5 | Step 1140/2562 | Loss 0.3372 | LR 7.8259e-06
2026-02-28 11:40:32 INFO Epoch 5 | Step 1160/2562 | Loss 0.3374 | LR 7.8385e-06
2026-02-28 11:42:07 INFO Epoch 5 | Step 1180/2562 | Loss 0.3363 | LR 7.8511e-06
2026-02-28 11:43:42 INFO Epoch 5 | Step 1200/2562 | Loss 0.3361 | LR 7.8637e-06
2026-02-28 11:45:16 INFO Epoch 5 | Step 1220/2562 | Loss 0.3356 | LR 7.8763e-06
2026-02-28 11:46:51 INFO Epoch 5 | Step 1240/2562 | Loss 0.3357 | LR 7.8889e-06
2026-02-28 11:48:25 INFO Epoch 5 | Step 1260/2562 | Loss 0.3355 | LR 7.9016e-06
2026-02-28 11:50:00 INFO Epoch 5 | Step 1280/2562 | Loss 0.3351 | LR 7.9142e-06
2026-02-28 11:51:34 INFO Epoch 5 | Step 1300/2562 | Loss 0.3351 | LR 7.9268e-06
2026-02-28 11:53:09 INFO Epoch 5 | Step 1320/2562 | Loss 0.3349 | LR 7.9394e-06
2026-02-28 11:54:43 INFO Epoch 5 | Step 1340/2562 | Loss 0.3347 | LR 7.9521e-06
2026-02-28 11:56:17 INFO Epoch 5 | Step 1360/2562 | Loss 0.3342 | LR 7.9647e-06
2026-02-28 11:57:52 INFO Epoch 5 | Step 1380/2562 | Loss 0.3341 | LR 7.9774e-06
2026-02-28 11:59:26 INFO Epoch 5 | Step 1400/2562 | Loss 0.3339 | LR 7.9900e-06
2026-02-28 12:01:01 INFO Epoch 5 | Step 1420/2562 | Loss 0.3338 | LR 8.0027e-06
2026-02-28 12:02:35 INFO Epoch 5 | Step 1440/2562 | Loss 0.3331 | LR 8.0154e-06
2026-02-28 12:04:09 INFO Epoch 5 | Step 1460/2562 | Loss 0.3330 | LR 8.0280e-06
2026-02-28 12:05:43 INFO Epoch 5 | Step 1480/2562 | Loss 0.3331 | LR 8.0407e-06
2026-02-28 12:07:17 INFO Epoch 5 | Step 1500/2562 | Loss 0.3333 | LR 8.0534e-06
2026-02-28 12:08:51 INFO Epoch 5 | Step 1520/2562 | Loss 0.3333 | LR 8.0661e-06
2026-02-28 12:10:25 INFO Epoch 5 | Step 1540/2562 | Loss 0.3332 | LR 8.0787e-06
2026-02-28 12:12:00 INFO Epoch 5 | Step 1560/2562 | Loss 0.3330 | LR 8.0914e-06
2026-02-28 12:13:34 INFO Epoch 5 | Step 1580/2562 | Loss 0.3331 | LR 8.1041e-06
2026-02-28 12:15:08 INFO Epoch 5 | Step 1600/2562 | Loss 0.3329 | LR 8.1168e-06
2026-02-28 12:16:43 INFO Epoch 5 | Step 1620/2562 | Loss 0.3327 | LR 8.1295e-06
2026-02-28 12:18:18 INFO Epoch 5 | Step 1640/2562 | Loss 0.3326 | LR 8.1422e-06
2026-02-28 12:19:52 INFO Epoch 5 | Step 1660/2562 | Loss 0.3323 | LR 8.1550e-06
2026-02-28 12:21:27 INFO Epoch 5 | Step 1680/2562 | Loss 0.3323 | LR 8.1677e-06
2026-02-28 12:23:02 INFO Epoch 5 | Step 1700/2562 | Loss 0.3318 | LR 8.1804e-06
2026-02-28 12:24:36 INFO Epoch 5 | Step 1720/2562 | Loss 0.3315 | LR 8.1931e-06
2026-02-28 12:26:11 INFO Epoch 5 | Step 1740/2562 | Loss 0.3315 | LR 8.2058e-06
2026-02-28 12:27:46 INFO Epoch 5 | Step 1760/2562 | Loss 0.3311 | LR 8.2186e-06
2026-02-28 12:29:21 INFO Epoch 5 | Step 1780/2562 | Loss 0.3311 | LR 8.2313e-06
2026-02-28 12:30:55 INFO Epoch 5 | Step 1800/2562 | Loss 0.3311 | LR 8.2440e-06
2026-02-28 12:32:30 INFO Epoch 5 | Step 1820/2562 | Loss 0.3312 | LR 8.2568e-06
2026-02-28 12:34:04 INFO Epoch 5 | Step 1840/2562 | Loss 0.3311 | LR 8.2695e-06
2026-02-28 12:35:39 INFO Epoch 5 | Step 1860/2562 | Loss 0.3307 | LR 8.2823e-06
2026-02-28 12:37:14 INFO Epoch 5 | Step 1880/2562 | Loss 0.3303 | LR 8.2950e-06
2026-02-28 12:38:48 INFO Epoch 5 | Step 1900/2562 | Loss 0.3299 | LR 8.3078e-06
2026-02-28 12:40:23 INFO Epoch 5 | Step 1920/2562 | Loss 0.3294 | LR 8.3206e-06
2026-02-28 12:41:58 INFO Epoch 5 | Step 1940/2562 | Loss 0.3294 | LR 8.3333e-06
2026-02-28 12:43:33 INFO Epoch 5 | Step 1960/2562 | Loss 0.3292 | LR 8.3461e-06
2026-02-28 12:45:08 INFO Epoch 5 | Step 1980/2562 | Loss 0.3290 | LR 8.3589e-06
2026-02-28 12:46:43 INFO Epoch 5 | Step 2000/2562 | Loss 0.3289 | LR 8.3717e-06
2026-02-28 12:48:18 INFO Epoch 5 | Step 2020/2562 | Loss 0.3284 | LR 8.3844e-06
2026-02-28 12:49:53 INFO Epoch 5 | Step 2040/2562 | Loss 0.3281 | LR 8.3972e-06
2026-02-28 12:51:28 INFO Epoch 5 | Step 2060/2562 | Loss 0.3279 | LR 8.4100e-06
2026-02-28 12:53:03 INFO Epoch 5 | Step 2080/2562 | Loss 0.3280 | LR 8.4228e-06
2026-02-28 12:54:38 INFO Epoch 5 | Step 2100/2562 | Loss 0.3281 | LR 8.4356e-06
2026-02-28 12:56:12 INFO Epoch 5 | Step 2120/2562 | Loss 0.3280 | LR 8.4484e-06
2026-02-28 12:57:48 INFO Epoch 5 | Step 2140/2562 | Loss 0.3281 | LR 8.4612e-06
2026-02-28 12:59:22 INFO Epoch 5 | Step 2160/2562 | Loss 0.3279 | LR 8.4740e-06
2026-02-28 13:00:57 INFO Epoch 5 | Step 2180/2562 | Loss 0.3280 | LR 8.4868e-06
2026-02-28 13:02:33 INFO Epoch 5 | Step 2200/2562 | Loss 0.3280 | LR 8.4996e-06
2026-02-28 13:04:08 INFO Epoch 5 | Step 2220/2562 | Loss 0.3279 | LR 8.5125e-06
2026-02-28 13:05:43 INFO Epoch 5 | Step 2240/2562 | Loss 0.3278 | LR 8.5253e-06
2026-02-28 13:07:18 INFO Epoch 5 | Step 2260/2562 | Loss 0.3275 | LR 8.5381e-06
2026-02-28 13:08:53 INFO Epoch 5 | Step 2280/2562 | Loss 0.3274 | LR 8.5509e-06
2026-02-28 13:10:28 INFO Epoch 5 | Step 2300/2562 | Loss 0.3272 | LR 8.5638e-06
2026-02-28 13:12:03 INFO Epoch 5 | Step 2320/2562 | Loss 0.3270 | LR 8.5766e-06
2026-02-28 13:13:38 INFO Epoch 5 | Step 2340/2562 | Loss 0.3266 | LR 8.5895e-06
2026-02-28 13:15:12 INFO Epoch 5 | Step 2360/2562 | Loss 0.3265 | LR 8.6023e-06
2026-02-28 13:16:47 INFO Epoch 5 | Step 2380/2562 | Loss 0.3263 | LR 8.6151e-06
2026-02-28 13:18:21 INFO Epoch 5 | Step 2400/2562 | Loss 0.3260 | LR 8.6280e-06
2026-02-28 13:19:55 INFO Epoch 5 | Step 2420/2562 | Loss 0.3259 | LR 8.6408e-06
2026-02-28 13:21:29 INFO Epoch 5 | Step 2440/2562 | Loss 0.3262 | LR 8.6537e-06
2026-02-28 13:23:03 INFO Epoch 5 | Step 2460/2562 | Loss 0.3261 | LR 8.6666e-06
2026-02-28 13:24:37 INFO Epoch 5 | Step 2480/2562 | Loss 0.3259 | LR 8.6794e-06
2026-02-28 13:26:11 INFO Epoch 5 | Step 2500/2562 | Loss 0.3258 | LR 8.6923e-06
2026-02-28 13:27:45 INFO Epoch 5 | Step 2520/2562 | Loss 0.3257 | LR 8.7052e-06
2026-02-28 13:29:19 INFO Epoch 5 | Step 2540/2562 | Loss 0.3257 | LR 8.7180e-06
2026-02-28 13:30:53 INFO Epoch 5 | Step 2560/2562 | Loss 0.3256 | LR 8.7309e-06
2026-02-28 13:31:02 INFO Epoch 5 | Step 2562/2562 | Loss 0.3256 | LR 8.7322e-06
2026-02-28 14:16:53 INFO CSV Written | Epoch: 5
2026-02-28 14:16:53 INFO Best Saved | Epoch: 5 | Monitor: val_auprc | Value: 0.7762
2026-02-28 14:16:53 INFO Epoch Done | Epoch: 5 | Time: 14916.1085 | Train Loss: 0.3256 | Val Accuracy: 0.9888 | Val AUPRC: 0.7762 | Val Auroc: 0.9830 | Val F1: 0.7089 | Val Loss: 0.4176
2026-02-28 14:16:53 INFO Epoch Start | Epoch: 6
2026-02-28 14:17:12 INFO Epoch 6 | Step 1/2562 | Loss 0.3483 | LR 8.7328e-06
2026-02-28 14:18:42 INFO Epoch 6 | Step 20/2562 | Loss 0.2848 | LR 8.7451e-06
2026-02-28 14:20:17 INFO Epoch 6 | Step 40/2562 | Loss 0.2999 | LR 8.7580e-06
2026-02-28 14:21:53 INFO Epoch 6 | Step 60/2562 | Loss 0.2921 | LR 8.7708e-06
2026-02-28 14:23:29 INFO Epoch 6 | Step 80/2562 | Loss 0.2977 | LR 8.7837e-06
2026-02-28 14:25:05 INFO Epoch 6 | Step 100/2562 | Loss 0.3005 | LR 8.7966e-06
2026-02-28 14:26:41 INFO Epoch 6 | Step 120/2562 | Loss 0.2936 | LR 8.8095e-06
2026-02-28 14:28:17 INFO Epoch 6 | Step 140/2562 | Loss 0.2898 | LR 8.8224e-06
2026-02-28 14:29:53 INFO Epoch 6 | Step 160/2562 | Loss 0.2917 | LR 8.8353e-06
2026-02-28 14:31:29 INFO Epoch 6 | Step 180/2562 | Loss 0.2927 | LR 8.8482e-06
2026-02-28 14:33:05 INFO Epoch 6 | Step 200/2562 | Loss 0.2938 | LR 8.8611e-06
2026-02-28 14:34:41 INFO Epoch 6 | Step 220/2562 | Loss 0.2939 | LR 8.8740e-06
2026-02-28 14:36:17 INFO Epoch 6 | Step 240/2562 | Loss 0.2958 | LR 8.8869e-06
2026-02-28 14:37:53 INFO Epoch 6 | Step 260/2562 | Loss 0.2967 | LR 8.8998e-06
2026-02-28 14:39:29 INFO Epoch 6 | Step 280/2562 | Loss 0.2973 | LR 8.9128e-06
2026-02-28 14:41:05 INFO Epoch 6 | Step 300/2562 | Loss 0.2955 | LR 8.9257e-06
2026-02-28 14:42:41 INFO Epoch 6 | Step 320/2562 | Loss 0.2951 | LR 8.9386e-06
2026-02-28 14:44:17 INFO Epoch 6 | Step 340/2562 | Loss 0.2938 | LR 8.9515e-06
2026-02-28 14:45:53 INFO Epoch 6 | Step 360/2562 | Loss 0.2951 | LR 8.9645e-06
2026-02-28 14:47:29 INFO Epoch 6 | Step 380/2562 | Loss 0.2946 | LR 8.9774e-06
2026-02-28 14:49:06 INFO Epoch 6 | Step 400/2562 | Loss 0.2939 | LR 8.9903e-06
2026-02-28 14:50:42 INFO Epoch 6 | Step 420/2562 | Loss 0.2941 | LR 9.0033e-06
2026-02-28 14:52:18 INFO Epoch 6 | Step 440/2562 | Loss 0.2946 | LR 9.0162e-06
2026-02-28 14:53:54 INFO Epoch 6 | Step 460/2562 | Loss 0.2942 | LR 9.0291e-06
2026-02-28 14:55:30 INFO Epoch 6 | Step 480/2562 | Loss 0.2938 | LR 9.0421e-06
2026-02-28 14:57:04 INFO Epoch 6 | Step 500/2562 | Loss 0.2939 | LR 9.0550e-06
2026-02-28 14:58:39 INFO Epoch 6 | Step 520/2562 | Loss 0.2941 | LR 9.0680e-06
2026-02-28 15:00:14 INFO Epoch 6 | Step 540/2562 | Loss 0.2961 | LR 9.0809e-06
2026-02-28 15:01:49 INFO Epoch 6 | Step 560/2562 | Loss 0.2957 | LR 9.0939e-06
2026-02-28 15:03:24 INFO Epoch 6 | Step 580/2562 | Loss 0.2952 | LR 9.1068e-06
2026-02-28 15:04:59 INFO Epoch 6 | Step 600/2562 | Loss 0.2955 | LR 9.1198e-06
2026-02-28 15:06:34 INFO Epoch 6 | Step 620/2562 | Loss 0.2962 | LR 9.1327e-06
2026-02-28 15:08:15 INFO Epoch 6 | Step 640/2562 | Loss 0.2956 | LR 9.1457e-06
2026-02-28 15:09:52 INFO Epoch 6 | Step 660/2562 | Loss 0.2962 | LR 9.1587e-06
2026-02-28 15:11:27 INFO Epoch 6 | Step 680/2562 | Loss 0.2956 | LR 9.1716e-06
2026-02-28 15:13:02 INFO Epoch 6 | Step 700/2562 | Loss 0.2947 | LR 9.1846e-06
2026-02-28 15:14:37 INFO Epoch 6 | Step 720/2562 | Loss 0.2950 | LR 9.1976e-06
2026-02-28 15:16:12 INFO Epoch 6 | Step 740/2562 | Loss 0.2957 | LR 9.2106e-06
2026-02-28 15:17:47 INFO Epoch 6 | Step 760/2562 | Loss 0.2958 | LR 9.2235e-06
2026-02-28 15:19:22 INFO Epoch 6 | Step 780/2562 | Loss 0.2960 | LR 9.2365e-06
2026-02-28 15:20:57 INFO Epoch 6 | Step 800/2562 | Loss 0.2957 | LR 9.2495e-06
2026-02-28 15:22:32 INFO Epoch 6 | Step 820/2562 | Loss 0.2957 | LR 9.2625e-06
2026-02-28 15:24:07 INFO Epoch 6 | Step 840/2562 | Loss 0.2951 | LR 9.2755e-06
2026-02-28 15:25:42 INFO Epoch 6 | Step 860/2562 | Loss 0.2941 | LR 9.2884e-06
2026-02-28 15:27:17 INFO Epoch 6 | Step 880/2562 | Loss 0.2937 | LR 9.3014e-06
2026-02-28 15:28:52 INFO Epoch 6 | Step 900/2562 | Loss 0.2930 | LR 9.3144e-06
2026-02-28 15:30:31 INFO Epoch 6 | Step 920/2562 | Loss 0.2922 | LR 9.3274e-06
2026-02-28 15:32:12 INFO Epoch 6 | Step 940/2562 | Loss 0.2918 | LR 9.3404e-06
2026-02-28 15:33:54 INFO Epoch 6 | Step 960/2562 | Loss 0.2917 | LR 9.3534e-06
2026-02-28 15:35:33 INFO Epoch 6 | Step 980/2562 | Loss 0.2917 | LR 9.3664e-06
2026-02-28 15:37:08 INFO Epoch 6 | Step 1000/2562 | Loss 0.2919 | LR 9.3794e-06
2026-02-28 15:38:43 INFO Epoch 6 | Step 1020/2562 | Loss 0.2924 | LR 9.3924e-06
2026-02-28 15:40:19 INFO Epoch 6 | Step 1040/2562 | Loss 0.2926 | LR 9.4054e-06
2026-02-28 15:41:55 INFO Epoch 6 | Step 1060/2562 | Loss 0.2926 | LR 9.4184e-06
2026-02-28 15:43:31 INFO Epoch 6 | Step 1080/2562 | Loss 0.2926 | LR 9.4314e-06
2026-02-28 15:45:06 INFO Epoch 6 | Step 1100/2562 | Loss 0.2927 | LR 9.4444e-06
2026-02-28 15:46:42 INFO Epoch 6 | Step 1120/2562 | Loss 0.2925 | LR 9.4574e-06
2026-02-28 15:48:18 INFO Epoch 6 | Step 1140/2562 | Loss 0.2930 | LR 9.4705e-06
2026-02-28 15:49:54 INFO Epoch 6 | Step 1160/2562 | Loss 0.2926 | LR 9.4835e-06
2026-02-28 15:51:30 INFO Epoch 6 | Step 1180/2562 | Loss 0.2924 | LR 9.4965e-06
2026-02-28 15:53:07 INFO Epoch 6 | Step 1200/2562 | Loss 0.2929 | LR 9.5095e-06
2026-02-28 15:54:42 INFO Epoch 6 | Step 1220/2562 | Loss 0.2928 | LR 9.5225e-06
2026-02-28 15:56:18 INFO Epoch 6 | Step 1240/2562 | Loss 0.2930 | LR 9.5356e-06
2026-02-28 15:57:54 INFO Epoch 6 | Step 1260/2562 | Loss 0.2927 | LR 9.5486e-06
2026-02-28 15:59:30 INFO Epoch 6 | Step 1280/2562 | Loss 0.2929 | LR 9.5616e-06
2026-02-28 16:01:06 INFO Epoch 6 | Step 1300/2562 | Loss 0.2926 | LR 9.5746e-06
2026-02-28 16:02:42 INFO Epoch 6 | Step 1320/2562 | Loss 0.2924 | LR 9.5877e-06
2026-02-28 16:04:18 INFO Epoch 6 | Step 1340/2562 | Loss 0.2921 | LR 9.6007e-06
2026-02-28 16:05:54 INFO Epoch 6 | Step 1360/2562 | Loss 0.2920 | LR 9.6137e-06
2026-02-28 16:07:30 INFO Epoch 6 | Step 1380/2562 | Loss 0.2922 | LR 9.6268e-06
2026-02-28 16:09:06 INFO Epoch 6 | Step 1400/2562 | Loss 0.2921 | LR 9.6398e-06
2026-02-28 16:10:42 INFO Epoch 6 | Step 1420/2562 | Loss 0.2919 | LR 9.6528e-06
2026-02-28 16:12:16 INFO Epoch 6 | Step 1440/2562 | Loss 0.2916 | LR 9.6659e-06
2026-02-28 16:13:51 INFO Epoch 6 | Step 1460/2562 | Loss 0.2916 | LR 9.6789e-06
2026-02-28 16:15:25 INFO Epoch 6 | Step 1480/2562 | Loss 0.2916 | LR 9.6919e-06
2026-02-28 16:16:59 INFO Epoch 6 | Step 1500/2562 | Loss 0.2912 | LR 9.7050e-06
2026-02-28 16:18:34 INFO Epoch 6 | Step 1520/2562 | Loss 0.2917 | LR 9.7180e-06
2026-02-28 16:20:08 INFO Epoch 6 | Step 1540/2562 | Loss 0.2925 | LR 9.7311e-06
2026-02-28 16:21:43 INFO Epoch 6 | Step 1560/2562 | Loss 0.2925 | LR 9.7441e-06
2026-02-28 16:23:17 INFO Epoch 6 | Step 1580/2562 | Loss 0.2924 | LR 9.7572e-06
2026-02-28 16:24:51 INFO Epoch 6 | Step 1600/2562 | Loss 0.2922 | LR 9.7702e-06
2026-02-28 16:26:29 INFO Epoch 6 | Step 1620/2562 | Loss 0.2922 | LR 9.7832e-06
2026-02-28 16:28:10 INFO Epoch 6 | Step 1640/2562 | Loss 0.2923 | LR 9.7963e-06
2026-02-28 16:29:50 INFO Epoch 6 | Step 1660/2562 | Loss 0.2921 | LR 9.8093e-06
2026-02-28 16:31:31 INFO Epoch 6 | Step 1680/2562 | Loss 0.2921 | LR 9.8224e-06
2026-02-28 16:33:11 INFO Epoch 6 | Step 1700/2562 | Loss 0.2920 | LR 9.8355e-06
2026-02-28 16:34:50 INFO Epoch 6 | Step 1720/2562 | Loss 0.2920 | LR 9.8485e-06
2026-02-28 16:36:25 INFO Epoch 6 | Step 1740/2562 | Loss 0.2915 | LR 9.8616e-06
2026-02-28 16:38:00 INFO Epoch 6 | Step 1760/2562 | Loss 0.2912 | LR 9.8746e-06
2026-02-28 16:39:35 INFO Epoch 6 | Step 1780/2562 | Loss 0.2913 | LR 9.8877e-06
2026-02-28 16:41:09 INFO Epoch 6 | Step 1800/2562 | Loss 0.2915 | LR 9.9007e-06
2026-02-28 16:42:43 INFO Epoch 6 | Step 1820/2562 | Loss 0.2918 | LR 9.9138e-06
2026-02-28 16:44:18 INFO Epoch 6 | Step 1840/2562 | Loss 0.2915 | LR 9.9268e-06
2026-02-28 16:45:52 INFO Epoch 6 | Step 1860/2562 | Loss 0.2913 | LR 9.9399e-06
2026-02-28 16:47:27 INFO Epoch 6 | Step 1880/2562 | Loss 0.2915 | LR 9.9530e-06
2026-02-28 16:49:03 INFO Epoch 6 | Step 1900/2562 | Loss 0.2914 | LR 9.9660e-06
2026-02-28 16:50:38 INFO Epoch 6 | Step 1920/2562 | Loss 0.2916 | LR 9.9791e-06
2026-02-28 16:52:15 INFO Epoch 6 | Step 1940/2562 | Loss 0.2915 | LR 9.9922e-06
2026-02-28 16:53:50 INFO Epoch 6 | Step 1960/2562 | Loss 0.2914 | LR 1.0005e-05
2026-02-28 16:55:26 INFO Epoch 6 | Step 1980/2562 | Loss 0.2916 | LR 1.0018e-05
2026-02-28 16:57:02 INFO Epoch 6 | Step 2000/2562 | Loss 0.2914 | LR 1.0031e-05
2026-02-28 16:58:39 INFO Epoch 6 | Step 2020/2562 | Loss 0.2915 | LR 1.0044e-05
2026-02-28 17:00:15 INFO Epoch 6 | Step 2040/2562 | Loss 0.2913 | LR 1.0057e-05
2026-02-28 17:01:51 INFO Epoch 6 | Step 2060/2562 | Loss 0.2913 | LR 1.0071e-05
2026-02-28 17:03:27 INFO Epoch 6 | Step 2080/2562 | Loss 0.2915 | LR 1.0084e-05
2026-02-28 17:05:03 INFO Epoch 6 | Step 2100/2562 | Loss 0.2912 | LR 1.0097e-05
2026-02-28 17:06:38 INFO Epoch 6 | Step 2120/2562 | Loss 0.2914 | LR 1.0110e-05
2026-02-28 17:08:15 INFO Epoch 6 | Step 2140/2562 | Loss 0.2915 | LR 1.0123e-05
2026-02-28 17:09:50 INFO Epoch 6 | Step 2160/2562 | Loss 0.2912 | LR 1.0136e-05
2026-02-28 17:11:26 INFO Epoch 6 | Step 2180/2562 | Loss 0.2914 | LR 1.0149e-05
2026-02-28 17:13:02 INFO Epoch 6 | Step 2200/2562 | Loss 0.2914 | LR 1.0162e-05
2026-02-28 17:14:38 INFO Epoch 6 | Step 2220/2562 | Loss 0.2913 | LR 1.0175e-05
2026-02-28 17:16:14 INFO Epoch 6 | Step 2240/2562 | Loss 0.2914 | LR 1.0188e-05
2026-02-28 17:17:51 INFO Epoch 6 | Step 2260/2562 | Loss 0.2914 | LR 1.0201e-05
2026-02-28 17:19:27 INFO Epoch 6 | Step 2280/2562 | Loss 0.2911 | LR 1.0214e-05
2026-02-28 17:21:03 INFO Epoch 6 | Step 2300/2562 | Loss 0.2911 | LR 1.0227e-05
2026-02-28 17:22:39 INFO Epoch 6 | Step 2320/2562 | Loss 0.2907 | LR 1.0240e-05
2026-02-28 17:24:15 INFO Epoch 6 | Step 2340/2562 | Loss 0.2907 | LR 1.0254e-05
2026-02-28 17:25:50 INFO Epoch 6 | Step 2360/2562 | Loss 0.2908 | LR 1.0267e-05
2026-02-28 17:27:24 INFO Epoch 6 | Step 2380/2562 | Loss 0.2908 | LR 1.0280e-05
2026-02-28 17:28:59 INFO Epoch 6 | Step 2400/2562 | Loss 0.2910 | LR 1.0293e-05
2026-02-28 17:30:33 INFO Epoch 6 | Step 2420/2562 | Loss 0.2910 | LR 1.0306e-05
2026-02-28 17:32:07 INFO Epoch 6 | Step 2440/2562 | Loss 0.2908 | LR 1.0319e-05
2026-02-28 17:33:42 INFO Epoch 6 | Step 2460/2562 | Loss 0.2909 | LR 1.0332e-05
2026-02-28 17:35:16 INFO Epoch 6 | Step 2480/2562 | Loss 0.2908 | LR 1.0345e-05
2026-02-28 17:36:51 INFO Epoch 6 | Step 2500/2562 | Loss 0.2906 | LR 1.0358e-05
2026-02-28 17:38:25 INFO Epoch 6 | Step 2520/2562 | Loss 0.2903 | LR 1.0371e-05
2026-02-28 17:39:59 INFO Epoch 6 | Step 2540/2562 | Loss 0.2904 | LR 1.0384e-05
2026-02-28 17:41:34 INFO Epoch 6 | Step 2560/2562 | Loss 0.2902 | LR 1.0397e-05
2026-02-28 17:41:43 INFO Epoch 6 | Step 2562/2562 | Loss 0.2902 | LR 1.0399e-05
2026-02-28 18:27:36 INFO CSV Written | Epoch: 6
2026-02-28 18:27:37 INFO Best Saved | Epoch: 6 | Monitor: val_auprc | Value: 0.8126
2026-02-28 18:27:37 INFO Epoch Done | Epoch: 6 | Time: 15042.6133 | Train Loss: 0.2902 | Val Accuracy: 0.9901 | Val AUPRC: 0.8126 | Val Auroc: 0.9856 | Val F1: 0.7403 | Val Loss: 0.4214
2026-02-28 18:27:37 INFO Epoch Start | Epoch: 7
2026-02-28 18:27:54 INFO Epoch 7 | Step 1/2562 | Loss 0.2705 | LR 1.0399e-05
2026-02-28 18:29:23 INFO Epoch 7 | Step 20/2562 | Loss 0.2470 | LR 1.0412e-05
2026-02-28 18:30:58 INFO Epoch 7 | Step 40/2562 | Loss 0.2668 | LR 1.0425e-05
2026-02-28 18:32:33 INFO Epoch 7 | Step 60/2562 | Loss 0.2727 | LR 1.0438e-05
2026-02-28 18:34:08 INFO Epoch 7 | Step 80/2562 | Loss 0.2668 | LR 1.0451e-05
2026-02-28 18:35:43 INFO Epoch 7 | Step 100/2562 | Loss 0.2684 | LR 1.0464e-05
2026-02-28 18:37:18 INFO Epoch 7 | Step 120/2562 | Loss 0.2697 | LR 1.0477e-05
2026-02-28 18:38:54 INFO Epoch 7 | Step 140/2562 | Loss 0.2691 | LR 1.0490e-05
2026-02-28 18:40:29 INFO Epoch 7 | Step 160/2562 | Loss 0.2669 | LR 1.0503e-05
2026-02-28 18:42:05 INFO Epoch 7 | Step 180/2562 | Loss 0.2673 | LR 1.0516e-05
2026-02-28 18:43:40 INFO Epoch 7 | Step 200/2562 | Loss 0.2681 | LR 1.0529e-05
2026-02-28 18:45:15 INFO Epoch 7 | Step 220/2562 | Loss 0.2685 | LR 1.0543e-05
2026-02-28 18:46:51 INFO Epoch 7 | Step 240/2562 | Loss 0.2695 | LR 1.0556e-05
2026-02-28 18:48:26 INFO Epoch 7 | Step 260/2562 | Loss 0.2674 | LR 1.0569e-05
2026-02-28 18:50:02 INFO Epoch 7 | Step 280/2562 | Loss 0.2661 | LR 1.0582e-05
2026-02-28 18:51:37 INFO Epoch 7 | Step 300/2562 | Loss 0.2669 | LR 1.0595e-05
2026-02-28 18:53:12 INFO Epoch 7 | Step 320/2562 | Loss 0.2689 | LR 1.0608e-05
2026-02-28 18:54:47 INFO Epoch 7 | Step 340/2562 | Loss 0.2692 | LR 1.0621e-05
2026-02-28 18:56:22 INFO Epoch 7 | Step 360/2562 | Loss 0.2685 | LR 1.0634e-05
2026-02-28 18:57:58 INFO Epoch 7 | Step 380/2562 | Loss 0.2690 | LR 1.0647e-05
2026-02-28 18:59:33 INFO Epoch 7 | Step 400/2562 | Loss 0.2679 | LR 1.0660e-05
2026-02-28 19:01:08 INFO Epoch 7 | Step 420/2562 | Loss 0.2680 | LR 1.0673e-05
2026-02-28 19:02:44 INFO Epoch 7 | Step 440/2562 | Loss 0.2682 | LR 1.0686e-05
2026-02-28 19:04:20 INFO Epoch 7 | Step 460/2562 | Loss 0.2689 | LR 1.0699e-05
2026-02-28 19:05:55 INFO Epoch 7 | Step 480/2562 | Loss 0.2691 | LR 1.0712e-05
2026-02-28 19:07:29 INFO Epoch 7 | Step 500/2562 | Loss 0.2692 | LR 1.0726e-05
2026-02-28 19:09:03 INFO Epoch 7 | Step 520/2562 | Loss 0.2697 | LR 1.0739e-05
2026-02-28 19:10:38 INFO Epoch 7 | Step 540/2562 | Loss 0.2713 | LR 1.0752e-05
2026-02-28 19:12:12 INFO Epoch 7 | Step 560/2562 | Loss 0.2717 | LR 1.0765e-05
2026-02-28 19:13:46 INFO Epoch 7 | Step 580/2562 | Loss 0.2712 | LR 1.0778e-05
2026-02-28 19:15:21 INFO Epoch 7 | Step 600/2562 | Loss 0.2719 | LR 1.0791e-05
2026-02-28 19:16:55 INFO Epoch 7 | Step 620/2562 | Loss 0.2714 | LR 1.0804e-05
2026-02-28 19:18:30 INFO Epoch 7 | Step 640/2562 | Loss 0.2722 | LR 1.0817e-05
2026-02-28 19:20:04 INFO Epoch 7 | Step 660/2562 | Loss 0.2710 | LR 1.0830e-05
2026-02-28 19:21:38 INFO Epoch 7 | Step 680/2562 | Loss 0.2713 | LR 1.0843e-05
2026-02-28 19:23:13 INFO Epoch 7 | Step 700/2562 | Loss 0.2716 | LR 1.0856e-05
2026-02-28 19:24:47 INFO Epoch 7 | Step 720/2562 | Loss 0.2711 | LR 1.0869e-05
2026-02-28 19:26:21 INFO Epoch 7 | Step 740/2562 | Loss 0.2718 | LR 1.0882e-05
2026-02-28 19:27:56 INFO Epoch 7 | Step 760/2562 | Loss 0.2718 | LR 1.0895e-05
2026-02-28 19:29:30 INFO Epoch 7 | Step 780/2562 | Loss 0.2712 | LR 1.0908e-05
2026-02-28 19:31:05 INFO Epoch 7 | Step 800/2562 | Loss 0.2712 | LR 1.0921e-05
2026-02-28 19:32:39 INFO Epoch 7 | Step 820/2562 | Loss 0.2713 | LR 1.0935e-05
2026-02-28 19:34:14 INFO Epoch 7 | Step 840/2562 | Loss 0.2718 | LR 1.0948e-05
2026-02-28 19:35:48 INFO Epoch 7 | Step 860/2562 | Loss 0.2720 | LR 1.0961e-05
2026-02-28 19:37:23 INFO Epoch 7 | Step 880/2562 | Loss 0.2726 | LR 1.0974e-05
2026-02-28 19:38:57 INFO Epoch 7 | Step 900/2562 | Loss 0.2726 | LR 1.0987e-05
2026-02-28 19:40:32 INFO Epoch 7 | Step 920/2562 | Loss 0.2721 | LR 1.1000e-05
2026-02-28 19:42:06 INFO Epoch 7 | Step 940/2562 | Loss 0.2719 | LR 1.1013e-05
2026-02-28 19:43:41 INFO Epoch 7 | Step 960/2562 | Loss 0.2718 | LR 1.1026e-05
2026-02-28 19:45:17 INFO Epoch 7 | Step 980/2562 | Loss 0.2714 | LR 1.1039e-05
2026-02-28 19:46:53 INFO Epoch 7 | Step 1000/2562 | Loss 0.2713 | LR 1.1052e-05
2026-02-28 19:48:29 INFO Epoch 7 | Step 1020/2562 | Loss 0.2710 | LR 1.1065e-05
2026-02-28 19:50:04 INFO Epoch 7 | Step 1040/2562 | Loss 0.2709 | LR 1.1078e-05
2026-02-28 19:51:40 INFO Epoch 7 | Step 1060/2562 | Loss 0.2701 | LR 1.1091e-05
2026-02-28 19:53:16 INFO Epoch 7 | Step 1080/2562 | Loss 0.2702 | LR 1.1104e-05
2026-02-28 19:54:51 INFO Epoch 7 | Step 1100/2562 | Loss 0.2697 | LR 1.1117e-05
2026-02-28 19:56:27 INFO Epoch 7 | Step 1120/2562 | Loss 0.2699 | LR 1.1130e-05
2026-02-28 19:58:03 INFO Epoch 7 | Step 1140/2562 | Loss 0.2706 | LR 1.1143e-05
2026-02-28 19:59:38 INFO Epoch 7 | Step 1160/2562 | Loss 0.2709 | LR 1.1156e-05
2026-02-28 20:01:14 INFO Epoch 7 | Step 1180/2562 | Loss 0.2702 | LR 1.1169e-05
2026-02-28 20:02:49 INFO Epoch 7 | Step 1200/2562 | Loss 0.2702 | LR 1.1182e-05
2026-02-28 20:04:24 INFO Epoch 7 | Step 1220/2562 | Loss 0.2699 | LR 1.1195e-05
2026-02-28 20:06:00 INFO Epoch 7 | Step 1240/2562 | Loss 0.2699 | LR 1.1208e-05
2026-02-28 20:07:35 INFO Epoch 7 | Step 1260/2562 | Loss 0.2703 | LR 1.1221e-05
2026-02-28 20:09:11 INFO Epoch 7 | Step 1280/2562 | Loss 0.2698 | LR 1.1234e-05
2026-02-28 20:10:46 INFO Epoch 7 | Step 1300/2562 | Loss 0.2691 | LR 1.1248e-05
2026-02-28 20:12:22 INFO Epoch 7 | Step 1320/2562 | Loss 0.2689 | LR 1.1261e-05
2026-02-28 20:13:57 INFO Epoch 7 | Step 1340/2562 | Loss 0.2684 | LR 1.1274e-05
2026-02-28 20:15:33 INFO Epoch 7 | Step 1360/2562 | Loss 0.2680 | LR 1.1287e-05
2026-02-28 20:17:09 INFO Epoch 7 | Step 1380/2562 | Loss 0.2681 | LR 1.1300e-05
2026-02-28 20:18:44 INFO Epoch 7 | Step 1400/2562 | Loss 0.2682 | LR 1.1313e-05
2026-02-28 20:20:19 INFO Epoch 7 | Step 1420/2562 | Loss 0.2678 | LR 1.1326e-05
2026-02-28 20:21:54 INFO Epoch 7 | Step 1440/2562 | Loss 0.2676 | LR 1.1339e-05
2026-02-28 20:23:28 INFO Epoch 7 | Step 1460/2562 | Loss 0.2674 | LR 1.1352e-05
2026-02-28 20:25:03 INFO Epoch 7 | Step 1480/2562 | Loss 0.2672 | LR 1.1365e-05
2026-02-28 20:26:37 INFO Epoch 7 | Step 1500/2562 | Loss 0.2671 | LR 1.1378e-05
2026-02-28 20:28:11 INFO Epoch 7 | Step 1520/2562 | Loss 0.2673 | LR 1.1391e-05
2026-02-28 20:29:46 INFO Epoch 7 | Step 1540/2562 | Loss 0.2668 | LR 1.1404e-05
2026-02-28 20:31:20 INFO Epoch 7 | Step 1560/2562 | Loss 0.2671 | LR 1.1417e-05
2026-02-28 20:32:55 INFO Epoch 7 | Step 1580/2562 | Loss 0.2667 | LR 1.1430e-05
2026-02-28 20:34:29 INFO Epoch 7 | Step 1600/2562 | Loss 0.2667 | LR 1.1443e-05
2026-02-28 20:36:03 INFO Epoch 7 | Step 1620/2562 | Loss 0.2665 | LR 1.1456e-05
2026-02-28 20:37:38 INFO Epoch 7 | Step 1640/2562 | Loss 0.2661 | LR 1.1469e-05
2026-02-28 20:39:12 INFO Epoch 7 | Step 1660/2562 | Loss 0.2661 | LR 1.1482e-05
2026-02-28 20:40:47 INFO Epoch 7 | Step 1680/2562 | Loss 0.2657 | LR 1.1495e-05
2026-02-28 20:42:21 INFO Epoch 7 | Step 1700/2562 | Loss 0.2657 | LR 1.1508e-05
2026-02-28 20:43:55 INFO Epoch 7 | Step 1720/2562 | Loss 0.2656 | LR 1.1521e-05
2026-02-28 20:45:30 INFO Epoch 7 | Step 1740/2562 | Loss 0.2655 | LR 1.1534e-05
2026-02-28 20:47:04 INFO Epoch 7 | Step 1760/2562 | Loss 0.2656 | LR 1.1547e-05
2026-02-28 20:48:38 INFO Epoch 7 | Step 1780/2562 | Loss 0.2655 | LR 1.1560e-05
2026-02-28 20:50:13 INFO Epoch 7 | Step 1800/2562 | Loss 0.2658 | LR 1.1573e-05
2026-02-28 20:51:47 INFO Epoch 7 | Step 1820/2562 | Loss 0.2657 | LR 1.1586e-05
2026-02-28 20:53:21 INFO Epoch 7 | Step 1840/2562 | Loss 0.2657 | LR 1.1599e-05
2026-02-28 20:54:55 INFO Epoch 7 | Step 1860/2562 | Loss 0.2661 | LR 1.1612e-05
2026-02-28 20:56:30 INFO Epoch 7 | Step 1880/2562 | Loss 0.2661 | LR 1.1624e-05
2026-02-28 20:58:05 INFO Epoch 7 | Step 1900/2562 | Loss 0.2661 | LR 1.1637e-05
2026-02-28 20:59:41 INFO Epoch 7 | Step 1920/2562 | Loss 0.2662 | LR 1.1650e-05
2026-02-28 21:01:17 INFO Epoch 7 | Step 1940/2562 | Loss 0.2661 | LR 1.1663e-05
2026-02-28 21:02:52 INFO Epoch 7 | Step 1960/2562 | Loss 0.2660 | LR 1.1676e-05
2026-02-28 21:04:28 INFO Epoch 7 | Step 1980/2562 | Loss 0.2658 | LR 1.1689e-05
2026-02-28 21:06:04 INFO Epoch 7 | Step 2000/2562 | Loss 0.2657 | LR 1.1702e-05
2026-02-28 21:07:40 INFO Epoch 7 | Step 2020/2562 | Loss 0.2655 | LR 1.1715e-05
2026-02-28 21:09:16 INFO Epoch 7 | Step 2040/2562 | Loss 0.2654 | LR 1.1728e-05
2026-02-28 21:10:52 INFO Epoch 7 | Step 2060/2562 | Loss 0.2652 | LR 1.1741e-05
2026-02-28 21:12:27 INFO Epoch 7 | Step 2080/2562 | Loss 0.2652 | LR 1.1754e-05
2026-02-28 21:14:03 INFO Epoch 7 | Step 2100/2562 | Loss 0.2652 | LR 1.1767e-05
2026-02-28 21:15:39 INFO Epoch 7 | Step 2120/2562 | Loss 0.2651 | LR 1.1780e-05
2026-02-28 21:17:15 INFO Epoch 7 | Step 2140/2562 | Loss 0.2649 | LR 1.1793e-05
2026-02-28 21:18:51 INFO Epoch 7 | Step 2160/2562 | Loss 0.2651 | LR 1.1806e-05
2026-02-28 21:20:27 INFO Epoch 7 | Step 2180/2562 | Loss 0.2648 | LR 1.1819e-05
2026-02-28 21:22:02 INFO Epoch 7 | Step 2200/2562 | Loss 0.2648 | LR 1.1832e-05
2026-02-28 21:23:38 INFO Epoch 7 | Step 2220/2562 | Loss 0.2649 | LR 1.1845e-05
2026-02-28 21:25:14 INFO Epoch 7 | Step 2240/2562 | Loss 0.2653 | LR 1.1858e-05
2026-02-28 21:26:50 INFO Epoch 7 | Step 2260/2562 | Loss 0.2651 | LR 1.1870e-05
2026-02-28 21:28:26 INFO Epoch 7 | Step 2280/2562 | Loss 0.2650 | LR 1.1883e-05
2026-02-28 21:30:01 INFO Epoch 7 | Step 2300/2562 | Loss 0.2647 | LR 1.1896e-05
2026-02-28 21:31:37 INFO Epoch 7 | Step 2320/2562 | Loss 0.2646 | LR 1.1909e-05
2026-02-28 21:33:13 INFO Epoch 7 | Step 2340/2562 | Loss 0.2649 | LR 1.1922e-05
2026-02-28 21:34:49 INFO Epoch 7 | Step 2360/2562 | Loss 0.2652 | LR 1.1935e-05
2026-02-28 21:36:23 INFO Epoch 7 | Step 2380/2562 | Loss 0.2651 | LR 1.1948e-05
2026-02-28 21:37:58 INFO Epoch 7 | Step 2400/2562 | Loss 0.2650 | LR 1.1961e-05
2026-02-28 21:39:32 INFO Epoch 7 | Step 2420/2562 | Loss 0.2648 | LR 1.1974e-05
2026-02-28 21:41:06 INFO Epoch 7 | Step 2440/2562 | Loss 0.2647 | LR 1.1987e-05
2026-02-28 21:42:39 INFO Epoch 7 | Step 2460/2562 | Loss 0.2646 | LR 1.2000e-05
2026-02-28 21:44:13 INFO Epoch 7 | Step 2480/2562 | Loss 0.2645 | LR 1.2012e-05
2026-02-28 21:45:47 INFO Epoch 7 | Step 2500/2562 | Loss 0.2644 | LR 1.2025e-05
2026-02-28 21:47:21 INFO Epoch 7 | Step 2520/2562 | Loss 0.2644 | LR 1.2038e-05
2026-02-28 21:48:55 INFO Epoch 7 | Step 2540/2562 | Loss 0.2643 | LR 1.2051e-05
2026-02-28 21:50:29 INFO Epoch 7 | Step 2560/2562 | Loss 0.2641 | LR 1.2064e-05
2026-02-28 21:50:39 INFO Epoch 7 | Step 2562/2562 | Loss 0.2641 | LR 1.2065e-05
2026-02-28 22:36:33 INFO CSV Written | Epoch: 7
2026-02-28 22:36:33 INFO Best Saved | Epoch: 7 | Monitor: val_auprc | Value: 0.8320
2026-02-28 22:36:33 INFO Epoch Done | Epoch: 7 | Time: 14936.3752 | Train Loss: 0.2641 | Val Accuracy: 0.9907 | Val AUPRC: 0.8320 | Val Auroc: 0.9870 | Val F1: 0.7623 | Val Loss: 0.4188
2026-02-28 22:36:33 INFO Epoch Start | Epoch: 8
2026-02-28 22:36:49 INFO Epoch 8 | Step 1/2562 | Loss 0.1820 | LR 1.2066e-05
2026-02-28 22:38:19 INFO Epoch 8 | Step 20/2562 | Loss 0.2487 | LR 1.2078e-05
2026-02-28 22:39:55 INFO Epoch 8 | Step 40/2562 | Loss 0.2547 | LR 1.2091e-05
2026-02-28 22:41:29 INFO Epoch 8 | Step 60/2562 | Loss 0.2511 | LR 1.2104e-05
2026-02-28 22:43:04 INFO Epoch 8 | Step 80/2562 | Loss 0.2496 | LR 1.2117e-05
2026-02-28 22:44:40 INFO Epoch 8 | Step 100/2562 | Loss 0.2471 | LR 1.2130e-05
2026-02-28 22:46:15 INFO Epoch 8 | Step 120/2562 | Loss 0.2435 | LR 1.2142e-05
2026-02-28 22:47:51 INFO Epoch 8 | Step 140/2562 | Loss 0.2464 | LR 1.2155e-05
2026-02-28 22:49:26 INFO Epoch 8 | Step 160/2562 | Loss 0.2490 | LR 1.2168e-05
2026-02-28 22:51:02 INFO Epoch 8 | Step 180/2562 | Loss 0.2520 | LR 1.2181e-05
2026-02-28 22:52:37 INFO Epoch 8 | Step 200/2562 | Loss 0.2474 | LR 1.2194e-05
2026-02-28 22:54:13 INFO Epoch 8 | Step 220/2562 | Loss 0.2484 | LR 1.2207e-05
2026-02-28 22:55:48 INFO Epoch 8 | Step 240/2562 | Loss 0.2478 | LR 1.2220e-05
2026-02-28 22:57:24 INFO Epoch 8 | Step 260/2562 | Loss 0.2490 | LR 1.2232e-05
2026-02-28 22:58:59 INFO Epoch 8 | Step 280/2562 | Loss 0.2495 | LR 1.2245e-05
2026-02-28 23:00:35 INFO Epoch 8 | Step 300/2562 | Loss 0.2501 | LR 1.2258e-05
2026-02-28 23:02:10 INFO Epoch 8 | Step 320/2562 | Loss 0.2497 | LR 1.2271e-05
2026-02-28 23:03:45 INFO Epoch 8 | Step 340/2562 | Loss 0.2477 | LR 1.2284e-05
2026-02-28 23:05:21 INFO Epoch 8 | Step 360/2562 | Loss 0.2492 | LR 1.2297e-05
2026-02-28 23:06:56 INFO Epoch 8 | Step 380/2562 | Loss 0.2500 | LR 1.2309e-05
2026-02-28 23:08:31 INFO Epoch 8 | Step 400/2562 | Loss 0.2509 | LR 1.2322e-05
2026-02-28 23:10:06 INFO Epoch 8 | Step 420/2562 | Loss 0.2504 | LR 1.2335e-05
2026-02-28 23:11:42 INFO Epoch 8 | Step 440/2562 | Loss 0.2506 | LR 1.2348e-05
2026-02-28 23:13:17 INFO Epoch 8 | Step 460/2562 | Loss 0.2524 | LR 1.2361e-05
2026-02-28 23:14:52 INFO Epoch 8 | Step 480/2562 | Loss 0.2516 | LR 1.2373e-05
2026-02-28 23:16:26 INFO Epoch 8 | Step 500/2562 | Loss 0.2520 | LR 1.2386e-05
2026-02-28 23:18:00 INFO Epoch 8 | Step 520/2562 | Loss 0.2525 | LR 1.2399e-05
2026-02-28 23:19:34 INFO Epoch 8 | Step 540/2562 | Loss 0.2515 | LR 1.2412e-05
2026-02-28 23:21:08 INFO Epoch 8 | Step 560/2562 | Loss 0.2508 | LR 1.2425e-05
2026-02-28 23:22:42 INFO Epoch 8 | Step 580/2562 | Loss 0.2500 | LR 1.2437e-05
2026-02-28 23:24:16 INFO Epoch 8 | Step 600/2562 | Loss 0.2498 | LR 1.2450e-05
2026-02-28 23:25:51 INFO Epoch 8 | Step 620/2562 | Loss 0.2486 | LR 1.2463e-05
2026-02-28 23:27:25 INFO Epoch 8 | Step 640/2562 | Loss 0.2493 | LR 1.2476e-05
2026-02-28 23:28:59 INFO Epoch 8 | Step 660/2562 | Loss 0.2497 | LR 1.2488e-05
2026-02-28 23:30:33 INFO Epoch 8 | Step 680/2562 | Loss 0.2490 | LR 1.2501e-05
2026-02-28 23:32:07 INFO Epoch 8 | Step 700/2562 | Loss 0.2478 | LR 1.2514e-05
2026-02-28 23:33:42 INFO Epoch 8 | Step 720/2562 | Loss 0.2480 | LR 1.2527e-05
2026-02-28 23:35:16 INFO Epoch 8 | Step 740/2562 | Loss 0.2481 | LR 1.2539e-05
2026-02-28 23:36:50 INFO Epoch 8 | Step 760/2562 | Loss 0.2483 | LR 1.2552e-05
2026-02-28 23:38:24 INFO Epoch 8 | Step 780/2562 | Loss 0.2475 | LR 1.2565e-05
2026-02-28 23:39:59 INFO Epoch 8 | Step 800/2562 | Loss 0.2479 | LR 1.2578e-05
2026-02-28 23:41:33 INFO Epoch 8 | Step 820/2562 | Loss 0.2478 | LR 1.2590e-05
2026-02-28 23:43:07 INFO Epoch 8 | Step 840/2562 | Loss 0.2475 | LR 1.2603e-05
2026-02-28 23:44:41 INFO Epoch 8 | Step 860/2562 | Loss 0.2477 | LR 1.2616e-05
2026-02-28 23:46:15 INFO Epoch 8 | Step 880/2562 | Loss 0.2477 | LR 1.2629e-05
2026-02-28 23:47:50 INFO Epoch 8 | Step 900/2562 | Loss 0.2473 | LR 1.2641e-05
2026-02-28 23:49:24 INFO Epoch 8 | Step 920/2562 | Loss 0.2476 | LR 1.2654e-05
2026-02-28 23:50:58 INFO Epoch 8 | Step 940/2562 | Loss 0.2467 | LR 1.2667e-05
2026-02-28 23:52:33 INFO Epoch 8 | Step 960/2562 | Loss 0.2471 | LR 1.2679e-05
2026-02-28 23:54:08 INFO Epoch 8 | Step 980/2562 | Loss 0.2467 | LR 1.2692e-05
2026-02-28 23:55:43 INFO Epoch 8 | Step 1000/2562 | Loss 0.2464 | LR 1.2705e-05
2026-02-28 23:57:18 INFO Epoch 8 | Step 1020/2562 | Loss 0.2465 | LR 1.2717e-05
2026-02-28 23:58:54 INFO Epoch 8 | Step 1040/2562 | Loss 0.2468 | LR 1.2730e-05
2026-03-01 00:00:28 INFO Epoch 8 | Step 1060/2562 | Loss 0.2463 | LR 1.2743e-05
2026-03-01 00:02:03 INFO Epoch 8 | Step 1080/2562 | Loss 0.2460 | LR 1.2755e-05
2026-03-01 00:03:38 INFO Epoch 8 | Step 1100/2562 | Loss 0.2464 | LR 1.2768e-05
2026-03-01 00:05:13 INFO Epoch 8 | Step 1120/2562 | Loss 0.2464 | LR 1.2781e-05
2026-03-01 00:06:48 INFO Epoch 8 | Step 1140/2562 | Loss 0.2463 | LR 1.2794e-05
2026-03-01 00:08:23 INFO Epoch 8 | Step 1160/2562 | Loss 0.2462 | LR 1.2806e-05
2026-03-01 00:09:58 INFO Epoch 8 | Step 1180/2562 | Loss 0.2462 | LR 1.2819e-05
2026-03-01 00:11:33 INFO Epoch 8 | Step 1200/2562 | Loss 0.2462 | LR 1.2831e-05
2026-03-01 00:13:10 INFO Epoch 8 | Step 1220/2562 | Loss 0.2455 | LR 1.2844e-05
2026-03-01 00:14:46 INFO Epoch 8 | Step 1240/2562 | Loss 0.2461 | LR 1.2857e-05
2026-03-01 00:16:22 INFO Epoch 8 | Step 1260/2562 | Loss 0.2462 | LR 1.2869e-05
2026-03-01 00:17:57 INFO Epoch 8 | Step 1280/2562 | Loss 0.2462 | LR 1.2882e-05
2026-03-01 00:19:32 INFO Epoch 8 | Step 1300/2562 | Loss 0.2465 | LR 1.2895e-05
2026-03-01 00:21:07 INFO Epoch 8 | Step 1320/2562 | Loss 0.2464 | LR 1.2907e-05
2026-03-01 00:22:41 INFO Epoch 8 | Step 1340/2562 | Loss 0.2467 | LR 1.2920e-05
2026-03-01 00:24:16 INFO Epoch 8 | Step 1360/2562 | Loss 0.2467 | LR 1.2933e-05
2026-03-01 00:25:51 INFO Epoch 8 | Step 1380/2562 | Loss 0.2464 | LR 1.2945e-05
2026-03-01 00:27:26 INFO Epoch 8 | Step 1400/2562 | Loss 0.2463 | LR 1.2958e-05
2026-03-01 00:29:00 INFO Epoch 8 | Step 1420/2562 | Loss 0.2465 | LR 1.2970e-05
2026-03-01 00:30:34 INFO Epoch 8 | Step 1440/2562 | Loss 0.2467 | LR 1.2983e-05
2026-03-01 00:32:08 INFO Epoch 8 | Step 1460/2562 | Loss 0.2463 | LR 1.2996e-05
2026-03-01 00:33:42 INFO Epoch 8 | Step 1480/2562 | Loss 0.2464 | LR 1.3008e-05
2026-03-01 00:35:16 INFO Epoch 8 | Step 1500/2562 | Loss 0.2468 | LR 1.3021e-05
2026-03-01 00:36:50 INFO Epoch 8 | Step 1520/2562 | Loss 0.2470 | LR 1.3033e-05
2026-03-01 00:38:24 INFO Epoch 8 | Step 1540/2562 | Loss 0.2472 | LR 1.3046e-05
2026-03-01 00:39:58 INFO Epoch 8 | Step 1560/2562 | Loss 0.2470 | LR 1.3058e-05
2026-03-01 00:41:32 INFO Epoch 8 | Step 1580/2562 | Loss 0.2470 | LR 1.3071e-05
2026-03-01 00:43:06 INFO Epoch 8 | Step 1600/2562 | Loss 0.2466 | LR 1.3084e-05
2026-03-01 00:44:41 INFO Epoch 8 | Step 1620/2562 | Loss 0.2467 | LR 1.3096e-05
2026-03-01 00:46:15 INFO Epoch 8 | Step 1640/2562 | Loss 0.2471 | LR 1.3109e-05
2026-03-01 00:47:49 INFO Epoch 8 | Step 1660/2562 | Loss 0.2469 | LR 1.3121e-05
2026-03-01 00:49:23 INFO Epoch 8 | Step 1680/2562 | Loss 0.2470 | LR 1.3134e-05
2026-03-01 00:50:57 INFO Epoch 8 | Step 1700/2562 | Loss 0.2472 | LR 1.3146e-05
2026-03-01 00:52:31 INFO Epoch 8 | Step 1720/2562 | Loss 0.2470 | LR 1.3159e-05
2026-03-01 00:54:10 INFO Epoch 8 | Step 1740/2562 | Loss 0.2469 | LR 1.3171e-05
2026-03-01 00:55:50 INFO Epoch 8 | Step 1760/2562 | Loss 0.2469 | LR 1.3184e-05
2026-03-01 00:57:24 INFO Epoch 8 | Step 1780/2562 | Loss 0.2468 | LR 1.3196e-05
2026-03-01 00:58:58 INFO Epoch 8 | Step 1800/2562 | Loss 0.2467 | LR 1.3209e-05
2026-03-01 01:00:32 INFO Epoch 8 | Step 1820/2562 | Loss 0.2469 | LR 1.3221e-05
2026-03-01 01:02:07 INFO Epoch 8 | Step 1840/2562 | Loss 0.2469 | LR 1.3234e-05
2026-03-01 01:03:41 INFO Epoch 8 | Step 1860/2562 | Loss 0.2469 | LR 1.3246e-05
2026-03-01 01:05:15 INFO Epoch 8 | Step 1880/2562 | Loss 0.2470 | LR 1.3259e-05
2026-03-01 01:06:50 INFO Epoch 8 | Step 1900/2562 | Loss 0.2471 | LR 1.3271e-05
2026-03-01 01:08:26 INFO Epoch 8 | Step 1920/2562 | Loss 0.2469 | LR 1.3284e-05
2026-03-01 01:10:01 INFO Epoch 8 | Step 1940/2562 | Loss 0.2469 | LR 1.3296e-05
2026-03-01 01:11:37 INFO Epoch 8 | Step 1960/2562 | Loss 0.2467 | LR 1.3309e-05
2026-03-01 01:13:13 INFO Epoch 8 | Step 1980/2562 | Loss 0.2467 | LR 1.3321e-05
2026-03-01 01:14:48 INFO Epoch 8 | Step 2000/2562 | Loss 0.2465 | LR 1.3334e-05
2026-03-01 01:16:24 INFO Epoch 8 | Step 2020/2562 | Loss 0.2461 | LR 1.3346e-05
2026-03-01 01:18:00 INFO Epoch 8 | Step 2040/2562 | Loss 0.2463 | LR 1.3358e-05
2026-03-01 01:19:35 INFO Epoch 8 | Step 2060/2562 | Loss 0.2460 | LR 1.3371e-05
2026-03-01 01:21:11 INFO Epoch 8 | Step 2080/2562 | Loss 0.2462 | LR 1.3383e-05
2026-03-01 01:22:47 INFO Epoch 8 | Step 2100/2562 | Loss 0.2462 | LR 1.3396e-05
2026-03-01 01:24:22 INFO Epoch 8 | Step 2120/2562 | Loss 0.2462 | LR 1.3408e-05
2026-03-01 01:25:58 INFO Epoch 8 | Step 2140/2562 | Loss 0.2459 | LR 1.3421e-05
2026-03-01 01:27:33 INFO Epoch 8 | Step 2160/2562 | Loss 0.2457 | LR 1.3433e-05
2026-03-01 01:29:09 INFO Epoch 8 | Step 2180/2562 | Loss 0.2459 | LR 1.3445e-05
2026-03-01 01:30:44 INFO Epoch 8 | Step 2200/2562 | Loss 0.2459 | LR 1.3458e-05
2026-03-01 01:32:20 INFO Epoch 8 | Step 2220/2562 | Loss 0.2462 | LR 1.3470e-05
2026-03-01 01:33:55 INFO Epoch 8 | Step 2240/2562 | Loss 0.2463 | LR 1.3483e-05
2026-03-01 01:35:31 INFO Epoch 8 | Step 2260/2562 | Loss 0.2465 | LR 1.3495e-05
2026-03-01 01:37:06 INFO Epoch 8 | Step 2280/2562 | Loss 0.2463 | LR 1.3507e-05
2026-03-01 01:38:42 INFO Epoch 8 | Step 2300/2562 | Loss 0.2463 | LR 1.3520e-05
2026-03-01 01:40:18 INFO Epoch 8 | Step 2320/2562 | Loss 0.2467 | LR 1.3532e-05
2026-03-01 01:41:53 INFO Epoch 8 | Step 2340/2562 | Loss 0.2468 | LR 1.3544e-05
2026-03-01 01:43:28 INFO Epoch 8 | Step 2360/2562 | Loss 0.2466 | LR 1.3557e-05
2026-03-01 01:45:03 INFO Epoch 8 | Step 2380/2562 | Loss 0.2464 | LR 1.3569e-05
2026-03-01 01:46:37 INFO Epoch 8 | Step 2400/2562 | Loss 0.2464 | LR 1.3581e-05
2026-03-01 01:48:11 INFO Epoch 8 | Step 2420/2562 | Loss 0.2465 | LR 1.3594e-05
2026-03-01 01:49:45 INFO Epoch 8 | Step 2440/2562 | Loss 0.2464 | LR 1.3606e-05
2026-03-01 01:51:18 INFO Epoch 8 | Step 2460/2562 | Loss 0.2466 | LR 1.3618e-05
2026-03-01 01:52:52 INFO Epoch 8 | Step 2480/2562 | Loss 0.2462 | LR 1.3631e-05
2026-03-01 01:54:26 INFO Epoch 8 | Step 2500/2562 | Loss 0.2463 | LR 1.3643e-05
2026-03-01 01:56:00 INFO Epoch 8 | Step 2520/2562 | Loss 0.2464 | LR 1.3655e-05
2026-03-01 01:57:34 INFO Epoch 8 | Step 2540/2562 | Loss 0.2463 | LR 1.3668e-05
2026-03-01 01:59:08 INFO Epoch 8 | Step 2560/2562 | Loss 0.2462 | LR 1.3680e-05
2026-03-01 01:59:17 INFO Epoch 8 | Step 2562/2562 | Loss 0.2462 | LR 1.3681e-05
2026-03-01 02:45:10 INFO CSV Written | Epoch: 8
2026-03-01 02:45:10 INFO Best Saved | Epoch: 8 | Monitor: val_auprc | Value: 0.8553
2026-03-01 02:45:10 INFO Epoch Done | Epoch: 8 | Time: 14916.6300 | Train Loss: 0.2462 | Val Accuracy: 0.9916 | Val AUPRC: 0.8553 | Val Auroc: 0.9886 | Val F1: 0.7875 | Val Loss: 0.4125
2026-03-01 02:45:10 INFO Epoch Start | Epoch: 9
2026-03-01 02:45:27 INFO Epoch 9 | Step 1/2562 | Loss 0.3178 | LR 1.3682e-05
2026-03-01 02:46:56 INFO Epoch 9 | Step 20/2562 | Loss 0.2516 | LR 1.3693e-05
2026-03-01 02:48:30 INFO Epoch 9 | Step 40/2562 | Loss 0.2514 | LR 1.3706e-05
2026-03-01 02:50:05 INFO Epoch 9 | Step 60/2562 | Loss 0.2576 | LR 1.3718e-05
2026-03-01 02:51:40 INFO Epoch 9 | Step 80/2562 | Loss 0.2478 | LR 1.3730e-05
2026-03-01 02:53:15 INFO Epoch 9 | Step 100/2562 | Loss 0.2487 | LR 1.3743e-05
2026-03-01 02:54:49 INFO Epoch 9 | Step 120/2562 | Loss 0.2378 | LR 1.3755e-05
2026-03-01 02:56:24 INFO Epoch 9 | Step 140/2562 | Loss 0.2386 | LR 1.3767e-05
2026-03-01 02:57:59 INFO Epoch 9 | Step 160/2562 | Loss 0.2429 | LR 1.3779e-05
2026-03-01 02:59:34 INFO Epoch 9 | Step 180/2562 | Loss 0.2388 | LR 1.3792e-05
2026-03-01 03:01:09 INFO Epoch 9 | Step 200/2562 | Loss 0.2408 | LR 1.3804e-05
2026-03-01 03:02:44 INFO Epoch 9 | Step 220/2562 | Loss 0.2412 | LR 1.3816e-05
2026-03-01 03:04:19 INFO Epoch 9 | Step 240/2562 | Loss 0.2395 | LR 1.3828e-05
2026-03-01 03:05:54 INFO Epoch 9 | Step 260/2562 | Loss 0.2400 | LR 1.3840e-05
2026-03-01 03:07:29 INFO Epoch 9 | Step 280/2562 | Loss 0.2400 | LR 1.3853e-05
2026-03-01 03:09:04 INFO Epoch 9 | Step 300/2562 | Loss 0.2388 | LR 1.3865e-05
2026-03-01 03:10:39 INFO Epoch 9 | Step 320/2562 | Loss 0.2383 | LR 1.3877e-05
2026-03-01 03:12:15 INFO Epoch 9 | Step 340/2562 | Loss 0.2367 | LR 1.3889e-05
2026-03-01 03:13:50 INFO Epoch 9 | Step 360/2562 | Loss 0.2373 | LR 1.3901e-05
2026-03-01 03:15:25 INFO Epoch 9 | Step 380/2562 | Loss 0.2359 | LR 1.3914e-05
2026-03-01 03:17:00 INFO Epoch 9 | Step 400/2562 | Loss 0.2338 | LR 1.3926e-05
2026-03-01 03:18:34 INFO Epoch 9 | Step 420/2562 | Loss 0.2340 | LR 1.3938e-05
2026-03-01 03:20:09 INFO Epoch 9 | Step 440/2562 | Loss 0.2335 | LR 1.3950e-05
2026-03-01 03:21:44 INFO Epoch 9 | Step 460/2562 | Loss 0.2330 | LR 1.3962e-05
2026-03-01 03:23:19 INFO Epoch 9 | Step 480/2562 | Loss 0.2324 | LR 1.3974e-05
2026-03-01 03:24:52 INFO Epoch 9 | Step 500/2562 | Loss 0.2333 | LR 1.3986e-05
2026-03-01 03:26:26 INFO Epoch 9 | Step 520/2562 | Loss 0.2334 | LR 1.3999e-05
2026-03-01 03:28:00 INFO Epoch 9 | Step 540/2562 | Loss 0.2330 | LR 1.4011e-05
2026-03-01 03:29:34 INFO Epoch 9 | Step 560/2562 | Loss 0.2329 | LR 1.4023e-05
2026-03-01 03:31:08 INFO Epoch 9 | Step 580/2562 | Loss 0.2327 | LR 1.4035e-05
2026-03-01 03:32:42 INFO Epoch 9 | Step 600/2562 | Loss 0.2325 | LR 1.4047e-05
2026-03-01 03:34:16 INFO Epoch 9 | Step 620/2562 | Loss 0.2331 | LR 1.4059e-05
2026-03-01 03:35:50 INFO Epoch 9 | Step 640/2562 | Loss 0.2336 | LR 1.4071e-05
2026-03-01 03:37:24 INFO Epoch 9 | Step 660/2562 | Loss 0.2340 | LR 1.4083e-05
2026-03-01 03:38:58 INFO Epoch 9 | Step 680/2562 | Loss 0.2344 | LR 1.4095e-05
2026-03-01 03:40:33 INFO Epoch 9 | Step 700/2562 | Loss 0.2349 | LR 1.4107e-05
2026-03-01 03:42:07 INFO Epoch 9 | Step 720/2562 | Loss 0.2352 | LR 1.4119e-05
2026-03-01 03:43:41 INFO Epoch 9 | Step 740/2562 | Loss 0.2346 | LR 1.4132e-05
2026-03-01 03:45:16 INFO Epoch 9 | Step 760/2562 | Loss 0.2348 | LR 1.4144e-05
2026-03-01 03:46:50 INFO Epoch 9 | Step 780/2562 | Loss 0.2353 | LR 1.4156e-05
2026-03-01 03:48:24 INFO Epoch 9 | Step 800/2562 | Loss 0.2347 | LR 1.4168e-05
2026-03-01 03:49:59 INFO Epoch 9 | Step 820/2562 | Loss 0.2349 | LR 1.4180e-05
2026-03-01 03:51:33 INFO Epoch 9 | Step 840/2562 | Loss 0.2347 | LR 1.4192e-05
2026-03-01 03:53:08 INFO Epoch 9 | Step 860/2562 | Loss 0.2342 | LR 1.4204e-05
2026-03-01 03:54:42 INFO Epoch 9 | Step 880/2562 | Loss 0.2344 | LR 1.4216e-05
2026-03-01 03:56:16 INFO Epoch 9 | Step 900/2562 | Loss 0.2342 | LR 1.4228e-05
2026-03-01 03:57:50 INFO Epoch 9 | Step 920/2562 | Loss 0.2343 | LR 1.4240e-05
2026-03-01 03:59:24 INFO Epoch 9 | Step 940/2562 | Loss 0.2352 | LR 1.4252e-05
2026-03-01 04:00:59 INFO Epoch 9 | Step 960/2562 | Loss 0.2343 | LR 1.4264e-05
2026-03-01 04:02:34 INFO Epoch 9 | Step 980/2562 | Loss 0.2344 | LR 1.4276e-05
2026-03-01 04:04:09 INFO Epoch 9 | Step 1000/2562 | Loss 0.2343 | LR 1.4288e-05
2026-03-01 04:05:44 INFO Epoch 9 | Step 1020/2562 | Loss 0.2337 | LR 1.4299e-05
2026-03-01 04:07:18 INFO Epoch 9 | Step 1040/2562 | Loss 0.2337 | LR 1.4311e-05
2026-03-01 04:08:54 INFO Epoch 9 | Step 1060/2562 | Loss 0.2342 | LR 1.4323e-05
2026-03-01 04:10:29 INFO Epoch 9 | Step 1080/2562 | Loss 0.2344 | LR 1.4335e-05
2026-03-01 04:12:04 INFO Epoch 9 | Step 1100/2562 | Loss 0.2341 | LR 1.4347e-05
2026-03-01 04:13:39 INFO Epoch 9 | Step 1120/2562 | Loss 0.2342 | LR 1.4359e-05
2026-03-01 04:15:15 INFO Epoch 9 | Step 1140/2562 | Loss 0.2348 | LR 1.4371e-05
2026-03-01 04:16:50 INFO Epoch 9 | Step 1160/2562 | Loss 0.2347 | LR 1.4383e-05
2026-03-01 04:18:25 INFO Epoch 9 | Step 1180/2562 | Loss 0.2343 | LR 1.4395e-05
2026-03-01 04:20:00 INFO Epoch 9 | Step 1200/2562 | Loss 0.2345 | LR 1.4407e-05
2026-03-01 04:21:36 INFO Epoch 9 | Step 1220/2562 | Loss 0.2340 | LR 1.4419e-05
2026-03-01 04:23:11 INFO Epoch 9 | Step 1240/2562 | Loss 0.2339 | LR 1.4430e-05
2026-03-01 04:24:47 INFO Epoch 9 | Step 1260/2562 | Loss 0.2333 | LR 1.4442e-05
2026-03-01 04:26:22 INFO Epoch 9 | Step 1280/2562 | Loss 0.2327 | LR 1.4454e-05
2026-03-01 04:27:58 INFO Epoch 9 | Step 1300/2562 | Loss 0.2324 | LR 1.4466e-05
2026-03-01 04:29:33 INFO Epoch 9 | Step 1320/2562 | Loss 0.2323 | LR 1.4478e-05
2026-03-01 04:31:09 INFO Epoch 9 | Step 1340/2562 | Loss 0.2319 | LR 1.4490e-05
2026-03-01 04:32:44 INFO Epoch 9 | Step 1360/2562 | Loss 0.2317 | LR 1.4502e-05
2026-03-01 04:34:19 INFO Epoch 9 | Step 1380/2562 | Loss 0.2315 | LR 1.4513e-05
2026-03-01 04:35:55 INFO Epoch 9 | Step 1400/2562 | Loss 0.2313 | LR 1.4525e-05
2026-03-01 04:37:30 INFO Epoch 9 | Step 1420/2562 | Loss 0.2312 | LR 1.4537e-05
2026-03-01 04:39:04 INFO Epoch 9 | Step 1440/2562 | Loss 0.2311 | LR 1.4549e-05
2026-03-01 04:40:39 INFO Epoch 9 | Step 1460/2562 | Loss 0.2312 | LR 1.4561e-05
2026-03-01 04:42:13 INFO Epoch 9 | Step 1480/2562 | Loss 0.2313 | LR 1.4572e-05
2026-03-01 04:43:47 INFO Epoch 9 | Step 1500/2562 | Loss 0.2313 | LR 1.4584e-05
2026-03-01 04:45:21 INFO Epoch 9 | Step 1520/2562 | Loss 0.2312 | LR 1.4596e-05
2026-03-01 04:46:55 INFO Epoch 9 | Step 1540/2562 | Loss 0.2311 | LR 1.4608e-05
2026-03-01 04:48:29 INFO Epoch 9 | Step 1560/2562 | Loss 0.2314 | LR 1.4619e-05
2026-03-01 04:50:03 INFO Epoch 9 | Step 1580/2562 | Loss 0.2309 | LR 1.4631e-05
2026-03-01 04:51:38 INFO Epoch 9 | Step 1600/2562 | Loss 0.2307 | LR 1.4643e-05
2026-03-01 04:53:12 INFO Epoch 9 | Step 1620/2562 | Loss 0.2311 | LR 1.4655e-05
2026-03-01 04:54:46 INFO Epoch 9 | Step 1640/2562 | Loss 0.2315 | LR 1.4666e-05
2026-03-01 04:56:20 INFO Epoch 9 | Step 1660/2562 | Loss 0.2315 | LR 1.4678e-05
2026-03-01 04:57:54 INFO Epoch 9 | Step 1680/2562 | Loss 0.2318 | LR 1.4690e-05
2026-03-01 04:59:28 INFO Epoch 9 | Step 1700/2562 | Loss 0.2314 | LR 1.4701e-05
2026-03-01 05:01:02 INFO Epoch 9 | Step 1720/2562 | Loss 0.2314 | LR 1.4713e-05
2026-03-01 05:02:36 INFO Epoch 9 | Step 1740/2562 | Loss 0.2312 | LR 1.4725e-05
2026-03-01 05:04:10 INFO Epoch 9 | Step 1760/2562 | Loss 0.2313 | LR 1.4736e-05
2026-03-01 05:05:45 INFO Epoch 9 | Step 1780/2562 | Loss 0.2315 | LR 1.4748e-05
2026-03-01 05:07:19 INFO Epoch 9 | Step 1800/2562 | Loss 0.2315 | LR 1.4760e-05
2026-03-01 05:08:53 INFO Epoch 9 | Step 1820/2562 | Loss 0.2318 | LR 1.4771e-05
2026-03-01 05:10:27 INFO Epoch 9 | Step 1840/2562 | Loss 0.2317 | LR 1.4783e-05
2026-03-01 05:12:01 INFO Epoch 9 | Step 1860/2562 | Loss 0.2314 | LR 1.4795e-05
2026-03-01 05:13:35 INFO Epoch 9 | Step 1880/2562 | Loss 0.2316 | LR 1.4806e-05
2026-03-01 05:15:10 INFO Epoch 9 | Step 1900/2562 | Loss 0.2317 | LR 1.4818e-05
2026-03-01 05:16:45 INFO Epoch 9 | Step 1920/2562 | Loss 0.2315 | LR 1.4830e-05
2026-03-01 05:18:20 INFO Epoch 9 | Step 1940/2562 | Loss 0.2315 | LR 1.4841e-05
2026-03-01 05:19:55 INFO Epoch 9 | Step 1960/2562 | Loss 0.2317 | LR 1.4853e-05
2026-03-01 05:21:29 INFO Epoch 9 | Step 1980/2562 | Loss 0.2318 | LR 1.4864e-05
2026-03-01 05:23:04 INFO Epoch 9 | Step 2000/2562 | Loss 0.2316 | LR 1.4876e-05
2026-03-01 05:24:39 INFO Epoch 9 | Step 2020/2562 | Loss 0.2318 | LR 1.4887e-05
2026-03-01 05:26:14 INFO Epoch 9 | Step 2040/2562 | Loss 0.2319 | LR 1.4899e-05
2026-03-01 05:27:48 INFO Epoch 9 | Step 2060/2562 | Loss 0.2319 | LR 1.4911e-05
2026-03-01 05:29:23 INFO Epoch 9 | Step 2080/2562 | Loss 0.2324 | LR 1.4922e-05
2026-03-01 05:30:58 INFO Epoch 9 | Step 2100/2562 | Loss 0.2321 | LR 1.4934e-05
2026-03-01 05:32:33 INFO Epoch 9 | Step 2120/2562 | Loss 0.2321 | LR 1.4945e-05
2026-03-01 05:34:08 INFO Epoch 9 | Step 2140/2562 | Loss 0.2321 | LR 1.4957e-05
2026-03-01 05:35:42 INFO Epoch 9 | Step 2160/2562 | Loss 0.2320 | LR 1.4968e-05
2026-03-01 05:37:17 INFO Epoch 9 | Step 2180/2562 | Loss 0.2319 | LR 1.4980e-05
2026-03-01 05:38:52 INFO Epoch 9 | Step 2200/2562 | Loss 0.2319 | LR 1.4991e-05
2026-03-01 05:40:26 INFO Epoch 9 | Step 2220/2562 | Loss 0.2320 | LR 1.5003e-05
2026-03-01 05:42:01 INFO Epoch 9 | Step 2240/2562 | Loss 0.2321 | LR 1.5014e-05
2026-03-01 05:43:36 INFO Epoch 9 | Step 2260/2562 | Loss 0.2317 | LR 1.5026e-05
2026-03-01 05:45:11 INFO Epoch 9 | Step 2280/2562 | Loss 0.2314 | LR 1.5037e-05
2026-03-01 05:46:45 INFO Epoch 9 | Step 2300/2562 | Loss 0.2316 | LR 1.5048e-05
2026-03-01 05:48:20 INFO Epoch 9 | Step 2320/2562 | Loss 0.2316 | LR 1.5060e-05
2026-03-01 05:49:55 INFO Epoch 9 | Step 2340/2562 | Loss 0.2318 | LR 1.5071e-05
2026-03-01 05:51:30 INFO Epoch 9 | Step 2360/2562 | Loss 0.2316 | LR 1.5083e-05
2026-03-01 05:53:04 INFO Epoch 9 | Step 2380/2562 | Loss 0.2315 | LR 1.5094e-05
2026-03-01 05:54:38 INFO Epoch 9 | Step 2400/2562 | Loss 0.2315 | LR 1.5106e-05
2026-03-01 05:56:12 INFO Epoch 9 | Step 2420/2562 | Loss 0.2316 | LR 1.5117e-05
2026-03-01 05:57:46 INFO Epoch 9 | Step 2440/2562 | Loss 0.2316 | LR 1.5128e-05
2026-03-01 05:59:21 INFO Epoch 9 | Step 2460/2562 | Loss 0.2315 | LR 1.5140e-05
2026-03-01 06:00:55 INFO Epoch 9 | Step 2480/2562 | Loss 0.2317 | LR 1.5151e-05
2026-03-01 06:02:29 INFO Epoch 9 | Step 2500/2562 | Loss 0.2318 | LR 1.5162e-05
2026-03-01 06:04:03 INFO Epoch 9 | Step 2520/2562 | Loss 0.2317 | LR 1.5174e-05
2026-03-01 06:05:37 INFO Epoch 9 | Step 2540/2562 | Loss 0.2318 | LR 1.5185e-05
2026-03-01 06:07:12 INFO Epoch 9 | Step 2560/2562 | Loss 0.2317 | LR 1.5196e-05
2026-03-01 06:07:21 INFO Epoch 9 | Step 2562/2562 | Loss 0.2317 | LR 1.5198e-05
2026-03-01 06:53:16 INFO CSV Written | Epoch: 9
2026-03-01 06:53:17 INFO Best Saved | Epoch: 9 | Monitor: val_auprc | Value: 0.8681
2026-03-01 06:53:17 INFO Epoch Done | Epoch: 9 | Time: 14886.3310 | Train Loss: 0.2317 | Val Accuracy: 0.9923 | Val AUPRC: 0.8681 | Val Auroc: 0.9894 | Val F1: 0.8055 | Val Loss: 0.4091
2026-03-01 06:53:17 INFO Epoch Start | Epoch: 10
2026-03-01 06:53:32 INFO Epoch 10 | Step 1/2562 | Loss 0.1659 | LR 1.5198e-05
2026-03-01 06:55:02 INFO Epoch 10 | Step 20/2562 | Loss 0.2026 | LR 1.5209e-05
2026-03-01 06:56:37 INFO Epoch 10 | Step 40/2562 | Loss 0.2029 | LR 1.5220e-05
2026-03-01 06:58:13 INFO Epoch 10 | Step 60/2562 | Loss 0.2002 | LR 1.5231e-05
2026-03-01 06:59:48 INFO Epoch 10 | Step 80/2562 | Loss 0.2008 | LR 1.5243e-05
2026-03-01 07:01:24 INFO Epoch 10 | Step 100/2562 | Loss 0.2059 | LR 1.5254e-05
2026-03-01 07:02:59 INFO Epoch 10 | Step 120/2562 | Loss 0.2055 | LR 1.5265e-05
2026-03-01 07:04:35 INFO Epoch 10 | Step 140/2562 | Loss 0.2055 | LR 1.5277e-05
2026-03-01 07:06:10 INFO Epoch 10 | Step 160/2562 | Loss 0.2070 | LR 1.5288e-05
2026-03-01 07:07:45 INFO Epoch 10 | Step 180/2562 | Loss 0.2104 | LR 1.5299e-05
2026-03-01 07:09:20 INFO Epoch 10 | Step 200/2562 | Loss 0.2109 | LR 1.5310e-05
2026-03-01 07:10:55 INFO Epoch 10 | Step 220/2562 | Loss 0.2149 | LR 1.5322e-05
2026-03-01 07:12:29 INFO Epoch 10 | Step 240/2562 | Loss 0.2156 | LR 1.5333e-05
2026-03-01 07:14:04 INFO Epoch 10 | Step 260/2562 | Loss 0.2169 | LR 1.5344e-05
2026-03-01 07:15:39 INFO Epoch 10 | Step 280/2562 | Loss 0.2201 | LR 1.5355e-05
2026-03-01 07:17:14 INFO Epoch 10 | Step 300/2562 | Loss 0.2201 | LR 1.5366e-05
2026-03-01 07:18:48 INFO Epoch 10 | Step 320/2562 | Loss 0.2197 | LR 1.5378e-05
2026-03-01 07:20:23 INFO Epoch 10 | Step 340/2562 | Loss 0.2187 | LR 1.5389e-05
2026-03-01 07:21:57 INFO Epoch 10 | Step 360/2562 | Loss 0.2192 | LR 1.5400e-05
2026-03-01 07:23:32 INFO Epoch 10 | Step 380/2562 | Loss 0.2192 | LR 1.5411e-05
2026-03-01 07:25:07 INFO Epoch 10 | Step 400/2562 | Loss 0.2213 | LR 1.5422e-05
2026-03-01 07:26:41 INFO Epoch 10 | Step 420/2562 | Loss 0.2203 | LR 1.5433e-05
2026-03-01 07:28:16 INFO Epoch 10 | Step 440/2562 | Loss 0.2226 | LR 1.5445e-05
2026-03-01 07:29:51 INFO Epoch 10 | Step 460/2562 | Loss 0.2220 | LR 1.5456e-05
2026-03-01 07:31:25 INFO Epoch 10 | Step 480/2562 | Loss 0.2222 | LR 1.5467e-05
2026-03-01 07:32:59 INFO Epoch 10 | Step 500/2562 | Loss 0.2214 | LR 1.5478e-05
2026-03-01 07:34:33 INFO Epoch 10 | Step 520/2562 | Loss 0.2220 | LR 1.5489e-05
2026-03-01 07:36:07 INFO Epoch 10 | Step 540/2562 | Loss 0.2217 | LR 1.5500e-05
2026-03-01 07:37:41 INFO Epoch 10 | Step 560/2562 | Loss 0.2219 | LR 1.5511e-05
2026-03-01 07:39:15 INFO Epoch 10 | Step 580/2562 | Loss 0.2210 | LR 1.5522e-05
2026-03-01 07:40:48 INFO Epoch 10 | Step 600/2562 | Loss 0.2218 | LR 1.5533e-05
2026-03-01 07:42:22 INFO Epoch 10 | Step 620/2562 | Loss 0.2212 | LR 1.5544e-05
2026-03-01 07:43:56 INFO Epoch 10 | Step 640/2562 | Loss 0.2208 | LR 1.5555e-05
2026-03-01 07:45:30 INFO Epoch 10 | Step 660/2562 | Loss 0.2212 | LR 1.5566e-05
2026-03-01 07:47:04 INFO Epoch 10 | Step 680/2562 | Loss 0.2208 | LR 1.5577e-05
2026-03-01 07:48:38 INFO Epoch 10 | Step 700/2562 | Loss 0.2196 | LR 1.5588e-05
2026-03-01 07:50:12 INFO Epoch 10 | Step 720/2562 | Loss 0.2196 | LR 1.5599e-05
2026-03-01 07:51:46 INFO Epoch 10 | Step 740/2562 | Loss 0.2201 | LR 1.5610e-05
2026-03-01 07:53:20 INFO Epoch 10 | Step 760/2562 | Loss 0.2201 | LR 1.5621e-05
2026-03-01 07:54:54 INFO Epoch 10 | Step 780/2562 | Loss 0.2200 | LR 1.5632e-05
2026-03-01 07:56:28 INFO Epoch 10 | Step 800/2562 | Loss 0.2204 | LR 1.5643e-05
2026-03-01 07:58:02 INFO Epoch 10 | Step 820/2562 | Loss 0.2205 | LR 1.5654e-05
2026-03-01 07:59:36 INFO Epoch 10 | Step 840/2562 | Loss 0.2201 | LR 1.5665e-05
2026-03-01 08:01:10 INFO Epoch 10 | Step 860/2562 | Loss 0.2202 | LR 1.5676e-05
2026-03-01 08:02:44 INFO Epoch 10 | Step 880/2562 | Loss 0.2208 | LR 1.5687e-05
2026-03-01 08:04:18 INFO Epoch 10 | Step 900/2562 | Loss 0.2206 | LR 1.5698e-05
2026-03-01 08:05:52 INFO Epoch 10 | Step 920/2562 | Loss 0.2199 | LR 1.5709e-05
2026-03-01 08:07:26 INFO Epoch 10 | Step 940/2562 | Loss 0.2194 | LR 1.5720e-05
2026-03-01 08:09:01 INFO Epoch 10 | Step 960/2562 | Loss 0.2192 | LR 1.5731e-05
2026-03-01 08:10:35 INFO Epoch 10 | Step 980/2562 | Loss 0.2192 | LR 1.5741e-05
2026-03-01 08:12:09 INFO Epoch 10 | Step 1000/2562 | Loss 0.2187 | LR 1.5752e-05
2026-03-01 08:13:44 INFO Epoch 10 | Step 1020/2562 | Loss 0.2194 | LR 1.5763e-05
2026-03-01 08:15:19 INFO Epoch 10 | Step 1040/2562 | Loss 0.2193 | LR 1.5774e-05
2026-03-01 08:16:53 INFO Epoch 10 | Step 1060/2562 | Loss 0.2195 | LR 1.5785e-05
2026-03-01 08:18:28 INFO Epoch 10 | Step 1080/2562 | Loss 0.2195 | LR 1.5796e-05
2026-03-01 08:20:02 INFO Epoch 10 | Step 1100/2562 | Loss 0.2195 | LR 1.5806e-05
2026-03-01 08:21:37 INFO Epoch 10 | Step 1120/2562 | Loss 0.2192 | LR 1.5817e-05
2026-03-01 08:23:11 INFO Epoch 10 | Step 1140/2562 | Loss 0.2186 | LR 1.5828e-05
2026-03-01 08:24:46 INFO Epoch 10 | Step 1160/2562 | Loss 0.2189 | LR 1.5839e-05
2026-03-01 08:26:21 INFO Epoch 10 | Step 1180/2562 | Loss 0.2192 | LR 1.5850e-05
2026-03-01 08:27:55 INFO Epoch 10 | Step 1200/2562 | Loss 0.2192 | LR 1.5860e-05
2026-03-01 08:29:30 INFO Epoch 10 | Step 1220/2562 | Loss 0.2190 | LR 1.5871e-05
2026-03-01 08:31:05 INFO Epoch 10 | Step 1240/2562 | Loss 0.2191 | LR 1.5882e-05
2026-03-01 08:32:39 INFO Epoch 10 | Step 1260/2562 | Loss 0.2192 | LR 1.5893e-05
2026-03-01 08:34:14 INFO Epoch 10 | Step 1280/2562 | Loss 0.2191 | LR 1.5903e-05
2026-03-01 08:35:48 INFO Epoch 10 | Step 1300/2562 | Loss 0.2188 | LR 1.5914e-05
2026-03-01 08:37:23 INFO Epoch 10 | Step 1320/2562 | Loss 0.2189 | LR 1.5925e-05
2026-03-01 08:38:58 INFO Epoch 10 | Step 1340/2562 | Loss 0.2184 | LR 1.5935e-05
2026-03-01 08:40:32 INFO Epoch 10 | Step 1360/2562 | Loss 0.2178 | LR 1.5946e-05
2026-03-01 08:42:07 INFO Epoch 10 | Step 1380/2562 | Loss 0.2181 | LR 1.5957e-05
2026-03-01 08:43:42 INFO Epoch 10 | Step 1400/2562 | Loss 0.2178 | LR 1.5967e-05
2026-03-01 08:45:17 INFO Epoch 10 | Step 1420/2562 | Loss 0.2179 | LR 1.5978e-05
2026-03-01 08:46:51 INFO Epoch 10 | Step 1440/2562 | Loss 0.2179 | LR 1.5989e-05
2026-03-01 08:48:26 INFO Epoch 10 | Step 1460/2562 | Loss 0.2179 | LR 1.5999e-05
2026-03-01 08:50:00 INFO Epoch 10 | Step 1480/2562 | Loss 0.2187 | LR 1.6010e-05
2026-03-01 08:51:35 INFO Epoch 10 | Step 1500/2562 | Loss 0.2187 | LR 1.6021e-05
2026-03-01 08:53:09 INFO Epoch 10 | Step 1520/2562 | Loss 0.2184 | LR 1.6031e-05
2026-03-01 08:54:43 INFO Epoch 10 | Step 1540/2562 | Loss 0.2183 | LR 1.6042e-05
2026-03-01 08:56:18 INFO Epoch 10 | Step 1560/2562 | Loss 0.2184 | LR 1.6052e-05
2026-03-01 08:57:52 INFO Epoch 10 | Step 1580/2562 | Loss 0.2185 | LR 1.6063e-05
2026-03-01 08:59:27 INFO Epoch 10 | Step 1600/2562 | Loss 0.2186 | LR 1.6073e-05
2026-03-01 09:01:01 INFO Epoch 10 | Step 1620/2562 | Loss 0.2186 | LR 1.6084e-05
2026-03-01 09:02:35 INFO Epoch 10 | Step 1640/2562 | Loss 0.2185 | LR 1.6094e-05
2026-03-01 09:04:09 INFO Epoch 10 | Step 1660/2562 | Loss 0.2188 | LR 1.6105e-05
2026-03-01 09:05:44 INFO Epoch 10 | Step 1680/2562 | Loss 0.2189 | LR 1.6115e-05
2026-03-01 09:07:18 INFO Epoch 10 | Step 1700/2562 | Loss 0.2192 | LR 1.6126e-05
2026-03-01 09:08:52 INFO Epoch 10 | Step 1720/2562 | Loss 0.2194 | LR 1.6136e-05
2026-03-01 09:10:27 INFO Epoch 10 | Step 1740/2562 | Loss 0.2196 | LR 1.6147e-05
2026-03-01 09:12:01 INFO Epoch 10 | Step 1760/2562 | Loss 0.2196 | LR 1.6157e-05
2026-03-01 09:13:35 INFO Epoch 10 | Step 1780/2562 | Loss 0.2195 | LR 1.6168e-05
2026-03-01 09:15:10 INFO Epoch 10 | Step 1800/2562 | Loss 0.2192 | LR 1.6178e-05
2026-03-01 09:16:44 INFO Epoch 10 | Step 1820/2562 | Loss 0.2196 | LR 1.6189e-05
2026-03-01 09:18:19 INFO Epoch 10 | Step 1840/2562 | Loss 0.2192 | LR 1.6199e-05
2026-03-01 09:19:53 INFO Epoch 10 | Step 1860/2562 | Loss 0.2192 | LR 1.6210e-05
2026-03-01 09:21:27 INFO Epoch 10 | Step 1880/2562 | Loss 0.2197 | LR 1.6220e-05
2026-03-01 09:23:02 INFO Epoch 10 | Step 1900/2562 | Loss 0.2197 | LR 1.6230e-05
2026-03-01 09:24:37 INFO Epoch 10 | Step 1920/2562 | Loss 0.2197 | LR 1.6241e-05
2026-03-01 09:26:12 INFO Epoch 10 | Step 1940/2562 | Loss 0.2199 | LR 1.6251e-05
2026-03-01 09:27:48 INFO Epoch 10 | Step 1960/2562 | Loss 0.2200 | LR 1.6262e-05
2026-03-01 09:29:24 INFO Epoch 10 | Step 1980/2562 | Loss 0.2201 | LR 1.6272e-05
2026-03-01 09:30:59 INFO Epoch 10 | Step 2000/2562 | Loss 0.2201 | LR 1.6282e-05
2026-03-01 09:32:35 INFO Epoch 10 | Step 2020/2562 | Loss 0.2199 | LR 1.6293e-05
2026-03-01 09:34:10 INFO Epoch 10 | Step 2040/2562 | Loss 0.2196 | LR 1.6303e-05
2026-03-01 09:35:46 INFO Epoch 10 | Step 2060/2562 | Loss 0.2196 | LR 1.6313e-05
2026-03-01 09:37:21 INFO Epoch 10 | Step 2080/2562 | Loss 0.2196 | LR 1.6323e-05
2026-03-01 09:38:57 INFO Epoch 10 | Step 2100/2562 | Loss 0.2193 | LR 1.6334e-05
2026-03-01 09:40:33 INFO Epoch 10 | Step 2120/2562 | Loss 0.2196 | LR 1.6344e-05
2026-03-01 09:42:08 INFO Epoch 10 | Step 2140/2562 | Loss 0.2195 | LR 1.6354e-05
2026-03-01 09:43:43 INFO Epoch 10 | Step 2160/2562 | Loss 0.2196 | LR 1.6365e-05
2026-03-01 09:45:18 INFO Epoch 10 | Step 2180/2562 | Loss 0.2199 | LR 1.6375e-05
2026-03-01 09:46:53 INFO Epoch 10 | Step 2200/2562 | Loss 0.2200 | LR 1.6385e-05
2026-03-01 09:48:28 INFO Epoch 10 | Step 2220/2562 | Loss 0.2203 | LR 1.6395e-05
2026-03-01 09:50:04 INFO Epoch 10 | Step 2240/2562 | Loss 0.2201 | LR 1.6405e-05
2026-03-01 09:51:38 INFO Epoch 10 | Step 2260/2562 | Loss 0.2203 | LR 1.6416e-05
2026-03-01 09:53:13 INFO Epoch 10 | Step 2280/2562 | Loss 0.2205 | LR 1.6426e-05
2026-03-01 09:54:48 INFO Epoch 10 | Step 2300/2562 | Loss 0.2204 | LR 1.6436e-05
2026-03-01 09:56:23 INFO Epoch 10 | Step 2320/2562 | Loss 0.2203 | LR 1.6446e-05
2026-03-01 09:57:57 INFO Epoch 10 | Step 2340/2562 | Loss 0.2202 | LR 1.6456e-05
2026-03-01 09:59:32 INFO Epoch 10 | Step 2360/2562 | Loss 0.2201 | LR 1.6466e-05
2026-03-01 10:01:06 INFO Epoch 10 | Step 2380/2562 | Loss 0.2204 | LR 1.6477e-05
2026-03-01 10:02:40 INFO Epoch 10 | Step 2400/2562 | Loss 0.2201 | LR 1.6487e-05
2026-03-01 10:04:14 INFO Epoch 10 | Step 2420/2562 | Loss 0.2200 | LR 1.6497e-05
2026-03-01 10:05:47 INFO Epoch 10 | Step 2440/2562 | Loss 0.2201 | LR 1.6507e-05
2026-03-01 10:07:21 INFO Epoch 10 | Step 2460/2562 | Loss 0.2201 | LR 1.6517e-05
2026-03-01 10:08:55 INFO Epoch 10 | Step 2480/2562 | Loss 0.2198 | LR 1.6527e-05
2026-03-01 10:10:29 INFO Epoch 10 | Step 2500/2562 | Loss 0.2199 | LR 1.6537e-05
2026-03-01 10:12:02 INFO Epoch 10 | Step 2520/2562 | Loss 0.2198 | LR 1.6547e-05
2026-03-01 10:13:36 INFO Epoch 10 | Step 2540/2562 | Loss 0.2199 | LR 1.6557e-05
2026-03-01 10:15:10 INFO Epoch 10 | Step 2560/2562 | Loss 0.2197 | LR 1.6567e-05
2026-03-01 10:15:19 INFO Epoch 10 | Step 2562/2562 | Loss 0.2198 | LR 1.6568e-05
2026-03-01 11:01:17 INFO CSV Written | Epoch: 10
2026-03-01 11:01:17 INFO Best Saved | Epoch: 10 | Monitor: val_auprc | Value: 0.8764
2026-03-01 11:01:17 INFO Epoch Done | Epoch: 10 | Time: 14880.3357 | Train Loss: 0.2198 | Val Accuracy: 0.9926 | Val AUPRC: 0.8764 | Val Auroc: 0.9903 | Val F1: 0.8165 | Val Loss: 0.4082
2026-03-01 11:01:17 INFO Epoch Start | Epoch: 11
2026-03-01 11:01:33 INFO Epoch 11 | Step 1/2562 | Loss 0.2251 | LR 1.6569e-05
2026-03-01 11:03:04 INFO Epoch 11 | Step 20/2562 | Loss 0.2171 | LR 1.6578e-05
2026-03-01 11:04:40 INFO Epoch 11 | Step 40/2562 | Loss 0.2169 | LR 1.6588e-05
2026-03-01 11:06:17 INFO Epoch 11 | Step 60/2562 | Loss 0.2075 | LR 1.6598e-05
2026-03-01 11:07:53 INFO Epoch 11 | Step 80/2562 | Loss 0.2040 | LR 1.6608e-05
2026-03-01 11:09:30 INFO Epoch 11 | Step 100/2562 | Loss 0.2035 | LR 1.6618e-05
2026-03-01 11:11:07 INFO Epoch 11 | Step 120/2562 | Loss 0.1999 | LR 1.6628e-05
2026-03-01 11:12:45 INFO Epoch 11 | Step 140/2562 | Loss 0.2049 | LR 1.6638e-05
2026-03-01 11:14:22 INFO Epoch 11 | Step 160/2562 | Loss 0.2044 | LR 1.6648e-05
2026-03-01 11:15:59 INFO Epoch 11 | Step 180/2562 | Loss 0.2013 | LR 1.6658e-05
2026-03-01 11:17:36 INFO Epoch 11 | Step 200/2562 | Loss 0.2012 | LR 1.6668e-05
2026-03-01 11:19:13 INFO Epoch 11 | Step 220/2562 | Loss 0.2001 | LR 1.6678e-05
2026-03-01 11:20:54 INFO Epoch 11 | Step 240/2562 | Loss 0.1998 | LR 1.6688e-05
2026-03-01 11:22:38 INFO Epoch 11 | Step 260/2562 | Loss 0.1999 | LR 1.6697e-05
2026-03-01 11:24:22 INFO Epoch 11 | Step 280/2562 | Loss 0.1995 | LR 1.6707e-05
2026-03-01 11:26:06 INFO Epoch 11 | Step 300/2562 | Loss 0.1977 | LR 1.6717e-05
2026-03-01 11:27:51 INFO Epoch 11 | Step 320/2562 | Loss 0.1988 | LR 1.6727e-05
2026-03-01 11:29:35 INFO Epoch 11 | Step 340/2562 | Loss 0.1975 | LR 1.6737e-05
2026-03-01 11:31:15 INFO Epoch 11 | Step 360/2562 | Loss 0.1968 | LR 1.6747e-05
2026-03-01 11:32:52 INFO Epoch 11 | Step 380/2562 | Loss 0.1986 | LR 1.6756e-05
2026-03-01 11:34:29 INFO Epoch 11 | Step 400/2562 | Loss 0.1991 | LR 1.6766e-05
2026-03-01 11:36:06 INFO Epoch 11 | Step 420/2562 | Loss 0.2018 | LR 1.6776e-05
2026-03-01 11:37:43 INFO Epoch 11 | Step 440/2562 | Loss 0.2024 | LR 1.6786e-05
2026-03-01 11:39:20 INFO Epoch 11 | Step 460/2562 | Loss 0.2024 | LR 1.6796e-05
2026-03-01 11:40:56 INFO Epoch 11 | Step 480/2562 | Loss 0.2020 | LR 1.6805e-05
2026-03-01 11:42:31 INFO Epoch 11 | Step 500/2562 | Loss 0.2000 | LR 1.6815e-05
2026-03-01 11:44:05 INFO Epoch 11 | Step 520/2562 | Loss 0.1996 | LR 1.6825e-05
2026-03-01 11:45:40 INFO Epoch 11 | Step 540/2562 | Loss 0.1992 | LR 1.6834e-05
2026-03-01 11:47:15 INFO Epoch 11 | Step 560/2562 | Loss 0.1989 | LR 1.6844e-05
2026-03-01 11:48:49 INFO Epoch 11 | Step 580/2562 | Loss 0.2013 | LR 1.6854e-05
2026-03-01 11:50:24 INFO Epoch 11 | Step 600/2562 | Loss 0.2027 | LR 1.6864e-05
2026-03-01 11:51:58 INFO Epoch 11 | Step 620/2562 | Loss 0.2030 | LR 1.6873e-05
2026-03-01 11:53:33 INFO Epoch 11 | Step 640/2562 | Loss 0.2037 | LR 1.6883e-05
2026-03-01 11:55:07 INFO Epoch 11 | Step 660/2562 | Loss 0.2040 | LR 1.6893e-05
2026-03-01 11:56:42 INFO Epoch 11 | Step 680/2562 | Loss 0.2033 | LR 1.6902e-05
2026-03-01 11:58:16 INFO Epoch 11 | Step 700/2562 | Loss 0.2029 | LR 1.6912e-05
2026-03-01 11:59:51 INFO Epoch 11 | Step 720/2562 | Loss 0.2022 | LR 1.6921e-05
2026-03-01 12:01:25 INFO Epoch 11 | Step 740/2562 | Loss 0.2018 | LR 1.6931e-05
2026-03-01 12:02:59 INFO Epoch 11 | Step 760/2562 | Loss 0.2027 | LR 1.6941e-05
2026-03-01 12:04:34 INFO Epoch 11 | Step 780/2562 | Loss 0.2035 | LR 1.6950e-05
2026-03-01 12:06:08 INFO Epoch 11 | Step 800/2562 | Loss 0.2026 | LR 1.6960e-05
2026-03-01 12:07:42 INFO Epoch 11 | Step 820/2562 | Loss 0.2027 | LR 1.6969e-05
2026-03-01 12:09:17 INFO Epoch 11 | Step 840/2562 | Loss 0.2028 | LR 1.6979e-05
2026-03-01 12:10:51 INFO Epoch 11 | Step 860/2562 | Loss 0.2034 | LR 1.6988e-05
2026-03-01 12:12:25 INFO Epoch 11 | Step 880/2562 | Loss 0.2036 | LR 1.6998e-05
2026-03-01 12:14:00 INFO Epoch 11 | Step 900/2562 | Loss 0.2042 | LR 1.7007e-05
2026-03-01 12:15:35 INFO Epoch 11 | Step 920/2562 | Loss 0.2047 | LR 1.7017e-05
2026-03-01 12:17:10 INFO Epoch 11 | Step 940/2562 | Loss 0.2046 | LR 1.7026e-05
2026-03-01 12:18:45 INFO Epoch 11 | Step 960/2562 | Loss 0.2046 | LR 1.7036e-05
2026-03-01 12:20:21 INFO Epoch 11 | Step 980/2562 | Loss 0.2045 | LR 1.7045e-05
2026-03-01 12:21:57 INFO Epoch 11 | Step 1000/2562 | Loss 0.2043 | LR 1.7054e-05
2026-03-01 12:23:34 INFO Epoch 11 | Step 1020/2562 | Loss 0.2039 | LR 1.7064e-05
2026-03-01 12:25:11 INFO Epoch 11 | Step 1040/2562 | Loss 0.2036 | LR 1.7073e-05
2026-03-01 12:26:47 INFO Epoch 11 | Step 1060/2562 | Loss 0.2037 | LR 1.7083e-05
2026-03-01 12:28:24 INFO Epoch 11 | Step 1080/2562 | Loss 0.2039 | LR 1.7092e-05
2026-03-01 12:30:00 INFO Epoch 11 | Step 1100/2562 | Loss 0.2042 | LR 1.7101e-05
2026-03-01 12:31:36 INFO Epoch 11 | Step 1120/2562 | Loss 0.2044 | LR 1.7111e-05
2026-03-01 12:33:12 INFO Epoch 11 | Step 1140/2562 | Loss 0.2042 | LR 1.7120e-05
2026-03-01 12:34:49 INFO Epoch 11 | Step 1160/2562 | Loss 0.2047 | LR 1.7129e-05
2026-03-01 12:36:26 INFO Epoch 11 | Step 1180/2562 | Loss 0.2053 | LR 1.7139e-05
2026-03-01 12:38:02 INFO Epoch 11 | Step 1200/2562 | Loss 0.2051 | LR 1.7148e-05
2026-03-01 12:39:39 INFO Epoch 11 | Step 1220/2562 | Loss 0.2054 | LR 1.7157e-05
2026-03-01 12:41:15 INFO Epoch 11 | Step 1240/2562 | Loss 0.2053 | LR 1.7167e-05
2026-03-01 12:42:52 INFO Epoch 11 | Step 1260/2562 | Loss 0.2054 | LR 1.7176e-05
2026-03-01 12:44:28 INFO Epoch 11 | Step 1280/2562 | Loss 0.2055 | LR 1.7185e-05
2026-03-01 12:46:04 INFO Epoch 11 | Step 1300/2562 | Loss 0.2053 | LR 1.7194e-05
2026-03-01 12:47:41 INFO Epoch 11 | Step 1320/2562 | Loss 0.2060 | LR 1.7204e-05
2026-03-01 12:49:17 INFO Epoch 11 | Step 1340/2562 | Loss 0.2056 | LR 1.7213e-05
2026-03-01 12:50:53 INFO Epoch 11 | Step 1360/2562 | Loss 0.2053 | LR 1.7222e-05
2026-03-01 12:52:30 INFO Epoch 11 | Step 1380/2562 | Loss 0.2054 | LR 1.7231e-05
2026-03-01 12:54:06 INFO Epoch 11 | Step 1400/2562 | Loss 0.2052 | LR 1.7240e-05
2026-03-01 12:55:41 INFO Epoch 11 | Step 1420/2562 | Loss 0.2052 | LR 1.7250e-05
2026-03-01 12:57:16 INFO Epoch 11 | Step 1440/2562 | Loss 0.2051 | LR 1.7259e-05
2026-03-01 12:58:51 INFO Epoch 11 | Step 1460/2562 | Loss 0.2049 | LR 1.7268e-05
2026-03-01 13:00:25 INFO Epoch 11 | Step 1480/2562 | Loss 0.2052 | LR 1.7277e-05
2026-03-01 13:01:59 INFO Epoch 11 | Step 1500/2562 | Loss 0.2051 | LR 1.7286e-05
2026-03-01 13:03:34 INFO Epoch 11 | Step 1520/2562 | Loss 0.2054 | LR 1.7295e-05
2026-03-01 13:05:08 INFO Epoch 11 | Step 1540/2562 | Loss 0.2055 | LR 1.7304e-05
2026-03-01 13:06:43 INFO Epoch 11 | Step 1560/2562 | Loss 0.2056 | LR 1.7313e-05
2026-03-01 13:08:19 INFO Epoch 11 | Step 1580/2562 | Loss 0.2061 | LR 1.7323e-05
2026-03-01 13:09:55 INFO Epoch 11 | Step 1600/2562 | Loss 0.2066 | LR 1.7332e-05
2026-03-01 13:11:31 INFO Epoch 11 | Step 1620/2562 | Loss 0.2062 | LR 1.7341e-05
2026-03-01 13:13:07 INFO Epoch 11 | Step 1640/2562 | Loss 0.2065 | LR 1.7350e-05
2026-03-01 13:14:43 INFO Epoch 11 | Step 1660/2562 | Loss 0.2064 | LR 1.7359e-05
2026-03-01 13:16:19 INFO Epoch 11 | Step 1680/2562 | Loss 0.2067 | LR 1.7368e-05
2026-03-01 13:17:54 INFO Epoch 11 | Step 1700/2562 | Loss 0.2070 | LR 1.7377e-05
2026-03-01 13:19:29 INFO Epoch 11 | Step 1720/2562 | Loss 0.2068 | LR 1.7386e-05
2026-03-01 13:21:03 INFO Epoch 11 | Step 1740/2562 | Loss 0.2072 | LR 1.7395e-05
2026-03-01 13:22:37 INFO Epoch 11 | Step 1760/2562 | Loss 0.2071 | LR 1.7404e-05
2026-03-01 13:24:12 INFO Epoch 11 | Step 1780/2562 | Loss 0.2073 | LR 1.7412e-05
2026-03-01 13:25:46 INFO Epoch 11 | Step 1800/2562 | Loss 0.2074 | LR 1.7421e-05
2026-03-01 13:27:20 INFO Epoch 11 | Step 1820/2562 | Loss 0.2071 | LR 1.7430e-05
2026-03-01 13:28:55 INFO Epoch 11 | Step 1840/2562 | Loss 0.2070 | LR 1.7439e-05
2026-03-01 13:30:29 INFO Epoch 11 | Step 1860/2562 | Loss 0.2068 | LR 1.7448e-05
2026-03-01 13:32:03 INFO Epoch 11 | Step 1880/2562 | Loss 0.2066 | LR 1.7457e-05
2026-03-01 13:33:39 INFO Epoch 11 | Step 1900/2562 | Loss 0.2067 | LR 1.7466e-05
2026-03-01 13:35:14 INFO Epoch 11 | Step 1920/2562 | Loss 0.2069 | LR 1.7475e-05
2026-03-01 13:36:49 INFO Epoch 11 | Step 1940/2562 | Loss 0.2072 | LR 1.7484e-05
2026-03-01 13:38:25 INFO Epoch 11 | Step 1960/2562 | Loss 0.2076 | LR 1.7492e-05
2026-03-01 13:40:00 INFO Epoch 11 | Step 1980/2562 | Loss 0.2073 | LR 1.7501e-05
2026-03-01 13:41:36 INFO Epoch 11 | Step 2000/2562 | Loss 0.2073 | LR 1.7510e-05
2026-03-01 13:43:11 INFO Epoch 11 | Step 2020/2562 | Loss 0.2077 | LR 1.7519e-05
2026-03-01 13:44:48 INFO Epoch 11 | Step 2040/2562 | Loss 0.2081 | LR 1.7527e-05
2026-03-01 13:46:25 INFO Epoch 11 | Step 2060/2562 | Loss 0.2082 | LR 1.7536e-05
2026-03-01 13:48:01 INFO Epoch 11 | Step 2080/2562 | Loss 0.2083 | LR 1.7545e-05
2026-03-01 13:49:37 INFO Epoch 11 | Step 2100/2562 | Loss 0.2080 | LR 1.7554e-05
2026-03-01 13:51:13 INFO Epoch 11 | Step 2120/2562 | Loss 0.2080 | LR 1.7562e-05
2026-03-01 13:52:49 INFO Epoch 11 | Step 2140/2562 | Loss 0.2081 | LR 1.7571e-05
2026-03-01 13:54:24 INFO Epoch 11 | Step 2160/2562 | Loss 0.2084 | LR 1.7580e-05
2026-03-01 13:56:00 INFO Epoch 11 | Step 2180/2562 | Loss 0.2082 | LR 1.7588e-05
2026-03-01 13:57:36 INFO Epoch 11 | Step 2200/2562 | Loss 0.2084 | LR 1.7597e-05
2026-03-01 13:59:12 INFO Epoch 11 | Step 2220/2562 | Loss 0.2085 | LR 1.7606e-05
2026-03-01 14:00:47 INFO Epoch 11 | Step 2240/2562 | Loss 0.2084 | LR 1.7614e-05
2026-03-01 14:02:23 INFO Epoch 11 | Step 2260/2562 | Loss 0.2087 | LR 1.7623e-05
2026-03-01 14:03:59 INFO Epoch 11 | Step 2280/2562 | Loss 0.2088 | LR 1.7632e-05
2026-03-01 14:05:35 INFO Epoch 11 | Step 2300/2562 | Loss 0.2089 | LR 1.7640e-05
2026-03-01 14:07:10 INFO Epoch 11 | Step 2320/2562 | Loss 0.2088 | LR 1.7649e-05
2026-03-01 14:08:46 INFO Epoch 11 | Step 2340/2562 | Loss 0.2089 | LR 1.7657e-05
2026-03-01 14:10:21 INFO Epoch 11 | Step 2360/2562 | Loss 0.2092 | LR 1.7666e-05
2026-03-01 14:11:56 INFO Epoch 11 | Step 2380/2562 | Loss 0.2092 | LR 1.7674e-05
2026-03-01 14:13:30 INFO Epoch 11 | Step 2400/2562 | Loss 0.2089 | LR 1.7683e-05
2026-03-01 14:15:04 INFO Epoch 11 | Step 2420/2562 | Loss 0.2090 | LR 1.7692e-05
2026-03-01 14:16:38 INFO Epoch 11 | Step 2440/2562 | Loss 0.2090 | LR 1.7700e-05
2026-03-01 14:18:12 INFO Epoch 11 | Step 2460/2562 | Loss 0.2090 | LR 1.7708e-05
2026-03-01 14:19:46 INFO Epoch 11 | Step 2480/2562 | Loss 0.2090 | LR 1.7717e-05
2026-03-01 14:21:21 INFO Epoch 11 | Step 2500/2562 | Loss 0.2090 | LR 1.7725e-05
2026-03-01 14:22:55 INFO Epoch 11 | Step 2520/2562 | Loss 0.2094 | LR 1.7734e-05
2026-03-01 14:24:29 INFO Epoch 11 | Step 2540/2562 | Loss 0.2093 | LR 1.7742e-05
2026-03-01 14:26:04 INFO Epoch 11 | Step 2560/2562 | Loss 0.2092 | LR 1.7751e-05
2026-03-01 14:26:13 INFO Epoch 11 | Step 2562/2562 | Loss 0.2092 | LR 1.7752e-05
2026-03-01 15:12:17 INFO CSV Written | Epoch: 11
2026-03-01 15:12:17 INFO Best Saved | Epoch: 11 | Monitor: val_auprc | Value: 0.8840
2026-03-01 15:12:17 INFO Epoch Done | Epoch: 11 | Time: 15059.2064 | Train Loss: 0.2092 | Val Accuracy: 0.9926 | Val AUPRC: 0.8840 | Val Auroc: 0.9910 | Val F1: 0.8134 | Val Loss: 0.4202
2026-03-01 15:12:17 INFO Epoch Start | Epoch: 12
2026-03-01 15:12:27 INFO Epoch 12 | Step 1/2562 | Loss 0.2560 | LR 1.7752e-05
2026-03-01 15:13:58 INFO Epoch 12 | Step 20/2562 | Loss 0.2109 | LR 1.7760e-05
2026-03-01 15:15:34 INFO Epoch 12 | Step 40/2562 | Loss 0.2034 | LR 1.7768e-05
2026-03-01 15:17:10 INFO Epoch 12 | Step 60/2562 | Loss 0.1967 | LR 1.7777e-05
2026-03-01 15:18:46 INFO Epoch 12 | Step 80/2562 | Loss 0.2038 | LR 1.7785e-05
2026-03-01 15:20:22 INFO Epoch 12 | Step 100/2562 | Loss 0.1993 | LR 1.7793e-05
2026-03-01 15:21:59 INFO Epoch 12 | Step 120/2562 | Loss 0.1985 | LR 1.7802e-05
2026-03-01 15:23:35 INFO Epoch 12 | Step 140/2562 | Loss 0.1936 | LR 1.7810e-05
2026-03-01 15:25:12 INFO Epoch 12 | Step 160/2562 | Loss 0.1937 | LR 1.7818e-05
2026-03-01 15:26:49 INFO Epoch 12 | Step 180/2562 | Loss 0.1916 | LR 1.7827e-05
2026-03-01 15:28:26 INFO Epoch 12 | Step 200/2562 | Loss 0.1910 | LR 1.7835e-05
2026-03-01 15:30:02 INFO Epoch 12 | Step 220/2562 | Loss 0.1912 | LR 1.7843e-05
2026-03-01 15:31:39 INFO Epoch 12 | Step 240/2562 | Loss 0.1907 | LR 1.7851e-05
2026-03-01 15:33:16 INFO Epoch 12 | Step 260/2562 | Loss 0.1916 | LR 1.7860e-05
2026-03-01 15:34:53 INFO Epoch 12 | Step 280/2562 | Loss 0.1925 | LR 1.7868e-05
2026-03-01 15:36:30 INFO Epoch 12 | Step 300/2562 | Loss 0.1936 | LR 1.7876e-05
2026-03-01 15:38:07 INFO Epoch 12 | Step 320/2562 | Loss 0.1935 | LR 1.7884e-05
2026-03-01 15:39:43 INFO Epoch 12 | Step 340/2562 | Loss 0.1922 | LR 1.7893e-05
2026-03-01 15:41:20 INFO Epoch 12 | Step 360/2562 | Loss 0.1922 | LR 1.7901e-05
2026-03-01 15:42:57 INFO Epoch 12 | Step 380/2562 | Loss 0.1929 | LR 1.7909e-05
2026-03-01 15:44:34 INFO Epoch 12 | Step 400/2562 | Loss 0.1945 | LR 1.7917e-05
2026-03-01 15:46:10 INFO Epoch 12 | Step 420/2562 | Loss 0.1946 | LR 1.7925e-05
2026-03-01 15:47:47 INFO Epoch 12 | Step 440/2562 | Loss 0.1962 | LR 1.7933e-05
2026-03-01 15:49:24 INFO Epoch 12 | Step 460/2562 | Loss 0.1964 | LR 1.7941e-05
2026-03-01 15:50:59 INFO Epoch 12 | Step 480/2562 | Loss 0.1967 | LR 1.7949e-05
2026-03-01 15:52:34 INFO Epoch 12 | Step 500/2562 | Loss 0.1960 | LR 1.7957e-05
2026-03-01 15:54:08 INFO Epoch 12 | Step 520/2562 | Loss 0.1971 | LR 1.7966e-05
2026-03-01 15:55:42 INFO Epoch 12 | Step 540/2562 | Loss 0.1966 | LR 1.7974e-05
2026-03-01 15:57:17 INFO Epoch 12 | Step 560/2562 | Loss 0.1969 | LR 1.7982e-05
2026-03-01 15:58:51 INFO Epoch 12 | Step 580/2562 | Loss 0.1972 | LR 1.7990e-05
2026-03-01 16:00:25 INFO Epoch 12 | Step 600/2562 | Loss 0.1979 | LR 1.7998e-05
2026-03-01 16:02:00 INFO Epoch 12 | Step 620/2562 | Loss 0.1979 | LR 1.8006e-05
2026-03-01 16:03:34 INFO Epoch 12 | Step 640/2562 | Loss 0.1977 | LR 1.8014e-05
2026-03-01 16:05:08 INFO Epoch 12 | Step 660/2562 | Loss 0.1982 | LR 1.8022e-05
2026-03-01 16:06:42 INFO Epoch 12 | Step 680/2562 | Loss 0.1989 | LR 1.8029e-05
2026-03-01 16:08:17 INFO Epoch 12 | Step 700/2562 | Loss 0.1985 | LR 1.8037e-05
2026-03-01 16:09:51 INFO Epoch 12 | Step 720/2562 | Loss 0.1982 | LR 1.8045e-05
2026-03-01 16:11:26 INFO Epoch 12 | Step 740/2562 | Loss 0.1982 | LR 1.8053e-05
2026-03-01 16:13:00 INFO Epoch 12 | Step 760/2562 | Loss 0.1986 | LR 1.8061e-05
2026-03-01 16:14:35 INFO Epoch 12 | Step 780/2562 | Loss 0.1989 | LR 1.8069e-05
2026-03-01 16:16:09 INFO Epoch 12 | Step 800/2562 | Loss 0.1984 | LR 1.8077e-05
2026-03-01 16:17:43 INFO Epoch 12 | Step 820/2562 | Loss 0.1983 | LR 1.8085e-05
2026-03-01 16:19:17 INFO Epoch 12 | Step 840/2562 | Loss 0.1978 | LR 1.8093e-05
2026-03-01 16:20:52 INFO Epoch 12 | Step 860/2562 | Loss 0.1982 | LR 1.8100e-05
2026-03-01 16:22:26 INFO Epoch 12 | Step 880/2562 | Loss 0.1989 | LR 1.8108e-05
2026-03-01 16:24:00 INFO Epoch 12 | Step 900/2562 | Loss 0.1989 | LR 1.8116e-05
2026-03-01 16:25:35 INFO Epoch 12 | Step 920/2562 | Loss 0.1999 | LR 1.8124e-05
2026-03-01 16:27:09 INFO Epoch 12 | Step 940/2562 | Loss 0.1993 | LR 1.8131e-05
2026-03-01 16:28:44 INFO Epoch 12 | Step 960/2562 | Loss 0.1990 | LR 1.8139e-05
2026-03-01 16:30:19 INFO Epoch 12 | Step 980/2562 | Loss 0.1993 | LR 1.8147e-05
2026-03-01 16:31:55 INFO Epoch 12 | Step 1000/2562 | Loss 0.1988 | LR 1.8155e-05
2026-03-01 16:33:30 INFO Epoch 12 | Step 1020/2562 | Loss 0.1993 | LR 1.8162e-05
2026-03-01 16:35:06 INFO Epoch 12 | Step 1040/2562 | Loss 0.1996 | LR 1.8170e-05
2026-03-01 16:36:41 INFO Epoch 12 | Step 1060/2562 | Loss 0.1992 | LR 1.8178e-05
2026-03-01 16:38:17 INFO Epoch 12 | Step 1080/2562 | Loss 0.1990 | LR 1.8185e-05
2026-03-01 16:39:52 INFO Epoch 12 | Step 1100/2562 | Loss 0.1988 | LR 1.8193e-05
2026-03-01 16:41:27 INFO Epoch 12 | Step 1120/2562 | Loss 0.1986 | LR 1.8201e-05
2026-03-01 16:43:03 INFO Epoch 12 | Step 1140/2562 | Loss 0.1991 | LR 1.8208e-05
2026-03-01 16:44:38 INFO Epoch 12 | Step 1160/2562 | Loss 0.1988 | LR 1.8216e-05
2026-03-01 16:46:14 INFO Epoch 12 | Step 1180/2562 | Loss 0.1988 | LR 1.8223e-05
2026-03-01 16:47:49 INFO Epoch 12 | Step 1200/2562 | Loss 0.1986 | LR 1.8231e-05
2026-03-01 16:49:25 INFO Epoch 12 | Step 1220/2562 | Loss 0.1992 | LR 1.8239e-05
2026-03-01 16:51:01 INFO Epoch 12 | Step 1240/2562 | Loss 0.1994 | LR 1.8246e-05
2026-03-01 16:52:36 INFO Epoch 12 | Step 1260/2562 | Loss 0.1992 | LR 1.8254e-05
2026-03-01 16:54:12 INFO Epoch 12 | Step 1280/2562 | Loss 0.1991 | LR 1.8261e-05
2026-03-01 16:55:47 INFO Epoch 12 | Step 1300/2562 | Loss 0.1988 | LR 1.8269e-05
2026-03-01 16:57:23 INFO Epoch 12 | Step 1320/2562 | Loss 0.1990 | LR 1.8276e-05
2026-03-01 16:58:59 INFO Epoch 12 | Step 1340/2562 | Loss 0.1992 | LR 1.8284e-05
2026-03-01 17:00:34 INFO Epoch 12 | Step 1360/2562 | Loss 0.1990 | LR 1.8291e-05
2026-03-01 17:02:09 INFO Epoch 12 | Step 1380/2562 | Loss 0.1990 | LR 1.8298e-05
2026-03-01 17:03:45 INFO Epoch 12 | Step 1400/2562 | Loss 0.1991 | LR 1.8306e-05
2026-03-01 17:05:20 INFO Epoch 12 | Step 1420/2562 | Loss 0.1988 | LR 1.8313e-05
2026-03-01 17:06:55 INFO Epoch 12 | Step 1440/2562 | Loss 0.1985 | LR 1.8321e-05
2026-03-01 17:08:31 INFO Epoch 12 | Step 1460/2562 | Loss 0.1988 | LR 1.8328e-05
2026-03-01 17:10:05 INFO Epoch 12 | Step 1480/2562 | Loss 0.1989 | LR 1.8335e-05
2026-03-01 17:11:39 INFO Epoch 12 | Step 1500/2562 | Loss 0.1989 | LR 1.8343e-05
2026-03-01 17:13:13 INFO Epoch 12 | Step 1520/2562 | Loss 0.1989 | LR 1.8350e-05
2026-03-01 17:14:47 INFO Epoch 12 | Step 1540/2562 | Loss 0.1992 | LR 1.8357e-05
2026-03-01 17:16:21 INFO Epoch 12 | Step 1560/2562 | Loss 0.1992 | LR 1.8365e-05
2026-03-01 17:17:55 INFO Epoch 12 | Step 1580/2562 | Loss 0.1990 | LR 1.8372e-05
2026-03-01 17:19:29 INFO Epoch 12 | Step 1600/2562 | Loss 0.1988 | LR 1.8379e-05
2026-03-01 17:21:04 INFO Epoch 12 | Step 1620/2562 | Loss 0.1990 | LR 1.8387e-05
2026-03-01 17:22:38 INFO Epoch 12 | Step 1640/2562 | Loss 0.1990 | LR 1.8394e-05
2026-03-01 17:24:12 INFO Epoch 12 | Step 1660/2562 | Loss 0.1992 | LR 1.8401e-05
2026-03-01 17:25:47 INFO Epoch 12 | Step 1680/2562 | Loss 0.1995 | LR 1.8408e-05
2026-03-01 17:27:21 INFO Epoch 12 | Step 1700/2562 | Loss 0.1990 | LR 1.8416e-05
2026-03-01 17:28:55 INFO Epoch 12 | Step 1720/2562 | Loss 0.1990 | LR 1.8423e-05
2026-03-01 17:30:29 INFO Epoch 12 | Step 1740/2562 | Loss 0.1988 | LR 1.8430e-05
2026-03-01 17:32:03 INFO Epoch 12 | Step 1760/2562 | Loss 0.1990 | LR 1.8437e-05
2026-03-01 17:33:38 INFO Epoch 12 | Step 1780/2562 | Loss 0.1992 | LR 1.8444e-05
2026-03-01 17:35:12 INFO Epoch 12 | Step 1800/2562 | Loss 0.1991 | LR 1.8451e-05
2026-03-01 17:36:46 INFO Epoch 12 | Step 1820/2562 | Loss 0.1996 | LR 1.8458e-05
2026-03-01 17:38:21 INFO Epoch 12 | Step 1840/2562 | Loss 0.1996 | LR 1.8466e-05
2026-03-01 17:39:55 INFO Epoch 12 | Step 1860/2562 | Loss 0.1994 | LR 1.8473e-05
2026-03-01 17:41:29 INFO Epoch 12 | Step 1880/2562 | Loss 0.1991 | LR 1.8480e-05
2026-03-01 17:43:05 INFO Epoch 12 | Step 1900/2562 | Loss 0.1990 | LR 1.8487e-05
2026-03-01 17:44:40 INFO Epoch 12 | Step 1920/2562 | Loss 0.1989 | LR 1.8494e-05
2026-03-01 17:46:15 INFO Epoch 12 | Step 1940/2562 | Loss 0.1989 | LR 1.8501e-05
2026-03-01 17:47:51 INFO Epoch 12 | Step 1960/2562 | Loss 0.1987 | LR 1.8508e-05
2026-03-01 17:49:27 INFO Epoch 12 | Step 1980/2562 | Loss 0.1990 | LR 1.8515e-05
2026-03-01 17:51:02 INFO Epoch 12 | Step 2000/2562 | Loss 0.1988 | LR 1.8522e-05
2026-03-01 17:52:38 INFO Epoch 12 | Step 2020/2562 | Loss 0.1987 | LR 1.8529e-05
2026-03-01 17:54:13 INFO Epoch 12 | Step 2040/2562 | Loss 0.1986 | LR 1.8536e-05
2026-03-01 17:55:48 INFO Epoch 12 | Step 2060/2562 | Loss 0.1987 | LR 1.8543e-05
2026-03-01 17:57:24 INFO Epoch 12 | Step 2080/2562 | Loss 0.1988 | LR 1.8550e-05
2026-03-01 17:59:00 INFO Epoch 12 | Step 2100/2562 | Loss 0.1986 | LR 1.8556e-05
2026-03-01 18:00:35 INFO Epoch 12 | Step 2120/2562 | Loss 0.1987 | LR 1.8563e-05
2026-03-01 18:02:11 INFO Epoch 12 | Step 2140/2562 | Loss 0.1990 | LR 1.8570e-05
2026-03-01 18:03:46 INFO Epoch 12 | Step 2160/2562 | Loss 0.1989 | LR 1.8577e-05
2026-03-01 18:05:22 INFO Epoch 12 | Step 2180/2562 | Loss 0.1991 | LR 1.8584e-05
2026-03-01 18:06:57 INFO Epoch 12 | Step 2200/2562 | Loss 0.1994 | LR 1.8591e-05
2026-03-01 18:08:32 INFO Epoch 12 | Step 2220/2562 | Loss 0.1993 | LR 1.8598e-05
2026-03-01 18:10:08 INFO Epoch 12 | Step 2240/2562 | Loss 0.1990 | LR 1.8604e-05
2026-03-01 18:11:43 INFO Epoch 12 | Step 2260/2562 | Loss 0.1990 | LR 1.8611e-05
2026-03-01 18:13:19 INFO Epoch 12 | Step 2280/2562 | Loss 0.1989 | LR 1.8618e-05
2026-03-01 18:14:54 INFO Epoch 12 | Step 2300/2562 | Loss 0.1991 | LR 1.8625e-05
2026-03-01 18:16:29 INFO Epoch 12 | Step 2320/2562 | Loss 0.1995 | LR 1.8631e-05
2026-03-01 18:18:05 INFO Epoch 12 | Step 2340/2562 | Loss 0.1994 | LR 1.8638e-05
2026-03-01 18:19:40 INFO Epoch 12 | Step 2360/2562 | Loss 0.1996 | LR 1.8645e-05
2026-03-01 18:21:14 INFO Epoch 12 | Step 2380/2562 | Loss 0.1996 | LR 1.8651e-05
2026-03-01 18:22:49 INFO Epoch 12 | Step 2400/2562 | Loss 0.1995 | LR 1.8658e-05
2026-03-01 18:24:23 INFO Epoch 12 | Step 2420/2562 | Loss 0.1994 | LR 1.8665e-05
2026-03-01 18:25:57 INFO Epoch 12 | Step 2440/2562 | Loss 0.1995 | LR 1.8671e-05
2026-03-01 18:27:33 INFO Epoch 12 | Step 2460/2562 | Loss 0.1996 | LR 1.8678e-05
2026-03-01 18:29:07 INFO Epoch 12 | Step 2480/2562 | Loss 0.1996 | LR 1.8685e-05
2026-03-01 18:30:41 INFO Epoch 12 | Step 2500/2562 | Loss 0.1997 | LR 1.8691e-05
2026-03-01 18:32:15 INFO Epoch 12 | Step 2520/2562 | Loss 0.1997 | LR 1.8698e-05
2026-03-01 18:33:49 INFO Epoch 12 | Step 2540/2562 | Loss 0.1996 | LR 1.8704e-05
2026-03-01 18:35:23 INFO Epoch 12 | Step 2560/2562 | Loss 0.1995 | LR 1.8711e-05
2026-03-01 18:35:32 INFO Epoch 12 | Step 2562/2562 | Loss 0.1996 | LR 1.8712e-05
2026-03-01 19:21:25 INFO CSV Written | Epoch: 12
2026-03-01 19:21:25 INFO Best Saved | Epoch: 12 | Monitor: val_auprc | Value: 0.8889
2026-03-01 19:21:25 INFO Epoch Done | Epoch: 12 | Time: 14947.5995 | Train Loss: 0.1996 | Val Accuracy: 0.9932 | Val AUPRC: 0.8889 | Val Auroc: 0.9913 | Val F1: 0.8334 | Val Loss: 0.4072
2026-03-01 19:21:25 INFO Epoch Start | Epoch: 13
2026-03-01 19:21:44 INFO Epoch 13 | Step 1/2562 | Loss 0.2316 | LR 1.8712e-05
2026-03-01 19:23:14 INFO Epoch 13 | Step 20/2562 | Loss 0.1961 | LR 1.8718e-05
2026-03-01 19:24:50 INFO Epoch 13 | Step 40/2562 | Loss 0.1965 | LR 1.8725e-05
2026-03-01 19:26:26 INFO Epoch 13 | Step 60/2562 | Loss 0.1959 | LR 1.8731e-05
2026-03-01 19:28:02 INFO Epoch 13 | Step 80/2562 | Loss 0.1952 | LR 1.8738e-05
2026-03-01 19:29:38 INFO Epoch 13 | Step 100/2562 | Loss 0.1950 | LR 1.8744e-05
2026-03-01 19:31:14 INFO Epoch 13 | Step 120/2562 | Loss 0.1951 | LR 1.8751e-05
2026-03-01 19:32:50 INFO Epoch 13 | Step 140/2562 | Loss 0.1950 | LR 1.8757e-05
2026-03-01 19:34:26 INFO Epoch 13 | Step 160/2562 | Loss 0.1922 | LR 1.8764e-05
2026-03-01 19:36:03 INFO Epoch 13 | Step 180/2562 | Loss 0.1882 | LR 1.8770e-05
2026-03-01 19:37:39 INFO Epoch 13 | Step 200/2562 | Loss 0.1870 | LR 1.8776e-05
2026-03-01 19:39:15 INFO Epoch 13 | Step 220/2562 | Loss 0.1890 | LR 1.8783e-05
2026-03-01 19:40:51 INFO Epoch 13 | Step 240/2562 | Loss 0.1888 | LR 1.8789e-05
2026-03-01 19:42:27 INFO Epoch 13 | Step 260/2562 | Loss 0.1860 | LR 1.8795e-05
2026-03-01 19:44:03 INFO Epoch 13 | Step 280/2562 | Loss 0.1862 | LR 1.8802e-05
2026-03-01 19:45:40 INFO Epoch 13 | Step 300/2562 | Loss 0.1875 | LR 1.8808e-05
2026-03-01 19:47:16 INFO Epoch 13 | Step 320/2562 | Loss 0.1882 | LR 1.8814e-05
2026-03-01 19:48:52 INFO Epoch 13 | Step 340/2562 | Loss 0.1882 | LR 1.8821e-05
2026-03-01 19:50:28 INFO Epoch 13 | Step 360/2562 | Loss 0.1881 | LR 1.8827e-05
2026-03-01 19:52:03 INFO Epoch 13 | Step 380/2562 | Loss 0.1876 | LR 1.8833e-05
2026-03-01 19:53:39 INFO Epoch 13 | Step 400/2562 | Loss 0.1885 | LR 1.8839e-05
2026-03-01 19:55:16 INFO Epoch 13 | Step 420/2562 | Loss 0.1906 | LR 1.8846e-05
2026-03-01 19:56:52 INFO Epoch 13 | Step 440/2562 | Loss 0.1901 | LR 1.8852e-05
2026-03-01 19:58:28 INFO Epoch 13 | Step 460/2562 | Loss 0.1901 | LR 1.8858e-05
2026-03-01 20:00:03 INFO Epoch 13 | Step 480/2562 | Loss 0.1901 | LR 1.8864e-05
2026-03-01 20:01:37 INFO Epoch 13 | Step 500/2562 | Loss 0.1897 | LR 1.8870e-05
2026-03-01 20:03:11 INFO Epoch 13 | Step 520/2562 | Loss 0.1893 | LR 1.8877e-05
2026-03-01 20:04:45 INFO Epoch 13 | Step 540/2562 | Loss 0.1897 | LR 1.8883e-05
2026-03-01 20:06:19 INFO Epoch 13 | Step 560/2562 | Loss 0.1901 | LR 1.8889e-05
2026-03-01 20:07:54 INFO Epoch 13 | Step 580/2562 | Loss 0.1898 | LR 1.8895e-05
2026-03-01 20:09:28 INFO Epoch 13 | Step 600/2562 | Loss 0.1895 | LR 1.8901e-05
2026-03-01 20:11:02 INFO Epoch 13 | Step 620/2562 | Loss 0.1901 | LR 1.8907e-05
2026-03-01 20:12:36 INFO Epoch 13 | Step 640/2562 | Loss 0.1899 | LR 1.8913e-05
2026-03-01 20:14:10 INFO Epoch 13 | Step 660/2562 | Loss 0.1900 | LR 1.8919e-05
2026-03-01 20:15:44 INFO Epoch 13 | Step 680/2562 | Loss 0.1901 | LR 1.8925e-05
2026-03-01 20:17:18 INFO Epoch 13 | Step 700/2562 | Loss 0.1898 | LR 1.8931e-05
2026-03-01 20:18:53 INFO Epoch 13 | Step 720/2562 | Loss 0.1899 | LR 1.8937e-05
2026-03-01 20:20:27 INFO Epoch 13 | Step 740/2562 | Loss 0.1904 | LR 1.8943e-05
2026-03-01 20:22:01 INFO Epoch 13 | Step 760/2562 | Loss 0.1908 | LR 1.8949e-05
2026-03-01 20:23:35 INFO Epoch 13 | Step 780/2562 | Loss 0.1903 | LR 1.8955e-05
2026-03-01 20:25:09 INFO Epoch 13 | Step 800/2562 | Loss 0.1907 | LR 1.8961e-05
2026-03-01 20:26:44 INFO Epoch 13 | Step 820/2562 | Loss 0.1909 | LR 1.8967e-05
2026-03-01 20:28:20 INFO Epoch 13 | Step 840/2562 | Loss 0.1907 | LR 1.8973e-05
2026-03-01 20:29:54 INFO Epoch 13 | Step 860/2562 | Loss 0.1909 | LR 1.8979e-05
2026-03-01 20:31:29 INFO Epoch 13 | Step 880/2562 | Loss 0.1909 | LR 1.8984e-05
2026-03-01 20:33:03 INFO Epoch 13 | Step 900/2562 | Loss 0.1903 | LR 1.8990e-05
2026-03-01 20:34:37 INFO Epoch 13 | Step 920/2562 | Loss 0.1902 | LR 1.8996e-05
2026-03-01 20:36:12 INFO Epoch 13 | Step 940/2562 | Loss 0.1901 | LR 1.9002e-05
2026-03-01 20:37:47 INFO Epoch 13 | Step 960/2562 | Loss 0.1899 | LR 1.9008e-05
2026-03-01 20:39:22 INFO Epoch 13 | Step 980/2562 | Loss 0.1895 | LR 1.9014e-05
2026-03-01 20:40:58 INFO Epoch 13 | Step 1000/2562 | Loss 0.1898 | LR 1.9019e-05
2026-03-01 20:42:34 INFO Epoch 13 | Step 1020/2562 | Loss 0.1899 | LR 1.9025e-05
2026-03-01 20:44:09 INFO Epoch 13 | Step 1040/2562 | Loss 0.1900 | LR 1.9031e-05
2026-03-01 20:45:45 INFO Epoch 13 | Step 1060/2562 | Loss 0.1903 | LR 1.9036e-05
2026-03-01 20:47:21 INFO Epoch 13 | Step 1080/2562 | Loss 0.1905 | LR 1.9042e-05
2026-03-01 20:48:57 INFO Epoch 13 | Step 1100/2562 | Loss 0.1908 | LR 1.9048e-05
2026-03-01 20:50:32 INFO Epoch 13 | Step 1120/2562 | Loss 0.1909 | LR 1.9054e-05
2026-03-01 20:52:08 INFO Epoch 13 | Step 1140/2562 | Loss 0.1913 | LR 1.9059e-05
2026-03-01 20:53:44 INFO Epoch 13 | Step 1160/2562 | Loss 0.1916 | LR 1.9065e-05
2026-03-01 20:55:19 INFO Epoch 13 | Step 1180/2562 | Loss 0.1916 | LR 1.9070e-05
2026-03-01 20:56:55 INFO Epoch 13 | Step 1200/2562 | Loss 0.1916 | LR 1.9076e-05
2026-03-01 20:58:31 INFO Epoch 13 | Step 1220/2562 | Loss 0.1916 | LR 1.9082e-05
2026-03-01 21:00:06 INFO Epoch 13 | Step 1240/2562 | Loss 0.1922 | LR 1.9087e-05
2026-03-01 21:01:42 INFO Epoch 13 | Step 1260/2562 | Loss 0.1917 | LR 1.9093e-05
2026-03-01 21:03:17 INFO Epoch 13 | Step 1280/2562 | Loss 0.1912 | LR 1.9098e-05
2026-03-01 21:04:53 INFO Epoch 13 | Step 1300/2562 | Loss 0.1909 | LR 1.9104e-05
2026-03-01 21:06:28 INFO Epoch 13 | Step 1320/2562 | Loss 0.1906 | LR 1.9109e-05
2026-03-01 21:08:04 INFO Epoch 13 | Step 1340/2562 | Loss 0.1908 | LR 1.9115e-05
2026-03-01 21:09:39 INFO Epoch 13 | Step 1360/2562 | Loss 0.1909 | LR 1.9120e-05
2026-03-01 21:11:14 INFO Epoch 13 | Step 1380/2562 | Loss 0.1911 | LR 1.9126e-05
2026-03-01 21:12:50 INFO Epoch 13 | Step 1400/2562 | Loss 0.1915 | LR 1.9131e-05
2026-03-01 21:14:25 INFO Epoch 13 | Step 1420/2562 | Loss 0.1915 | LR 1.9137e-05
2026-03-01 21:15:59 INFO Epoch 13 | Step 1440/2562 | Loss 0.1914 | LR 1.9142e-05
2026-03-01 21:17:33 INFO Epoch 13 | Step 1460/2562 | Loss 0.1920 | LR 1.9147e-05
2026-03-01 21:19:07 INFO Epoch 13 | Step 1480/2562 | Loss 0.1920 | LR 1.9153e-05
2026-03-01 21:20:41 INFO Epoch 13 | Step 1500/2562 | Loss 0.1919 | LR 1.9158e-05
2026-03-01 21:22:15 INFO Epoch 13 | Step 1520/2562 | Loss 0.1918 | LR 1.9164e-05
2026-03-01 21:23:50 INFO Epoch 13 | Step 1540/2562 | Loss 0.1918 | LR 1.9169e-05
2026-03-01 21:25:24 INFO Epoch 13 | Step 1560/2562 | Loss 0.1919 | LR 1.9174e-05
2026-03-01 21:26:58 INFO Epoch 13 | Step 1580/2562 | Loss 0.1916 | LR 1.9179e-05
2026-03-01 21:28:32 INFO Epoch 13 | Step 1600/2562 | Loss 0.1912 | LR 1.9185e-05
2026-03-01 21:30:06 INFO Epoch 13 | Step 1620/2562 | Loss 0.1912 | LR 1.9190e-05
2026-03-01 21:31:41 INFO Epoch 13 | Step 1640/2562 | Loss 0.1912 | LR 1.9195e-05
2026-03-01 21:33:16 INFO Epoch 13 | Step 1660/2562 | Loss 0.1913 | LR 1.9201e-05
2026-03-01 21:34:52 INFO Epoch 13 | Step 1680/2562 | Loss 0.1913 | LR 1.9206e-05
2026-03-01 21:36:27 INFO Epoch 13 | Step 1700/2562 | Loss 0.1915 | LR 1.9211e-05
2026-03-01 21:38:02 INFO Epoch 13 | Step 1720/2562 | Loss 0.1915 | LR 1.9216e-05
2026-03-01 21:39:37 INFO Epoch 13 | Step 1740/2562 | Loss 0.1915 | LR 1.9221e-05
2026-03-01 21:41:11 INFO Epoch 13 | Step 1760/2562 | Loss 0.1914 | LR 1.9226e-05
2026-03-01 21:42:45 INFO Epoch 13 | Step 1780/2562 | Loss 0.1915 | LR 1.9232e-05
2026-03-01 21:44:19 INFO Epoch 13 | Step 1800/2562 | Loss 0.1912 | LR 1.9237e-05
2026-03-01 21:45:53 INFO Epoch 13 | Step 1820/2562 | Loss 0.1912 | LR 1.9242e-05
2026-03-01 21:47:27 INFO Epoch 13 | Step 1840/2562 | Loss 0.1912 | LR 1.9247e-05
2026-03-01 21:49:01 INFO Epoch 13 | Step 1860/2562 | Loss 0.1912 | LR 1.9252e-05
2026-03-01 21:50:36 INFO Epoch 13 | Step 1880/2562 | Loss 0.1913 | LR 1.9257e-05
2026-03-01 21:52:11 INFO Epoch 13 | Step 1900/2562 | Loss 0.1914 | LR 1.9262e-05
2026-03-01 21:53:47 INFO Epoch 13 | Step 1920/2562 | Loss 0.1916 | LR 1.9267e-05
2026-03-01 21:55:22 INFO Epoch 13 | Step 1940/2562 | Loss 0.1917 | LR 1.9272e-05
2026-03-01 21:56:58 INFO Epoch 13 | Step 1960/2562 | Loss 0.1918 | LR 1.9277e-05
2026-03-01 21:58:34 INFO Epoch 13 | Step 1980/2562 | Loss 0.1919 | LR 1.9282e-05
2026-03-01 22:00:10 INFO Epoch 13 | Step 2000/2562 | Loss 0.1919 | LR 1.9287e-05
2026-03-01 22:01:46 INFO Epoch 13 | Step 2020/2562 | Loss 0.1920 | LR 1.9292e-05
2026-03-01 22:03:22 INFO Epoch 13 | Step 2040/2562 | Loss 0.1927 | LR 1.9297e-05
2026-03-01 22:04:59 INFO Epoch 13 | Step 2060/2562 | Loss 0.1929 | LR 1.9302e-05
2026-03-01 22:06:35 INFO Epoch 13 | Step 2080/2562 | Loss 0.1928 | LR 1.9307e-05
2026-03-01 22:08:11 INFO Epoch 13 | Step 2100/2562 | Loss 0.1929 | LR 1.9311e-05
2026-03-01 22:09:46 INFO Epoch 13 | Step 2120/2562 | Loss 0.1926 | LR 1.9316e-05
2026-03-01 22:11:22 INFO Epoch 13 | Step 2140/2562 | Loss 0.1923 | LR 1.9321e-05
2026-03-01 22:12:58 INFO Epoch 13 | Step 2160/2562 | Loss 0.1924 | LR 1.9326e-05
2026-03-01 22:14:33 INFO Epoch 13 | Step 2180/2562 | Loss 0.1924 | LR 1.9331e-05
2026-03-01 22:16:09 INFO Epoch 13 | Step 2200/2562 | Loss 0.1926 | LR 1.9336e-05
2026-03-01 22:17:44 INFO Epoch 13 | Step 2220/2562 | Loss 0.1928 | LR 1.9340e-05
2026-03-01 22:19:20 INFO Epoch 13 | Step 2240/2562 | Loss 0.1927 | LR 1.9345e-05
2026-03-01 22:20:55 INFO Epoch 13 | Step 2260/2562 | Loss 0.1929 | LR 1.9350e-05
2026-03-01 22:22:31 INFO Epoch 13 | Step 2280/2562 | Loss 0.1929 | LR 1.9355e-05
2026-03-01 22:24:06 INFO Epoch 13 | Step 2300/2562 | Loss 0.1931 | LR 1.9359e-05
2026-03-01 22:25:42 INFO Epoch 13 | Step 2320/2562 | Loss 0.1931 | LR 1.9364e-05
2026-03-01 22:27:17 INFO Epoch 13 | Step 2340/2562 | Loss 0.1931 | LR 1.9369e-05
2026-03-01 22:28:52 INFO Epoch 13 | Step 2360/2562 | Loss 0.1932 | LR 1.9373e-05
2026-03-01 22:30:27 INFO Epoch 13 | Step 2380/2562 | Loss 0.1929 | LR 1.9378e-05
2026-03-01 22:32:01 INFO Epoch 13 | Step 2400/2562 | Loss 0.1930 | LR 1.9383e-05
2026-03-01 22:33:35 INFO Epoch 13 | Step 2420/2562 | Loss 0.1932 | LR 1.9387e-05
2026-03-01 22:35:09 INFO Epoch 13 | Step 2440/2562 | Loss 0.1932 | LR 1.9392e-05
2026-03-01 22:36:43 INFO Epoch 13 | Step 2460/2562 | Loss 0.1933 | LR 1.9396e-05
2026-03-01 22:38:17 INFO Epoch 13 | Step 2480/2562 | Loss 0.1932 | LR 1.9401e-05
2026-03-01 22:39:51 INFO Epoch 13 | Step 2500/2562 | Loss 0.1932 | LR 1.9405e-05
2026-03-01 22:41:25 INFO Epoch 13 | Step 2520/2562 | Loss 0.1930 | LR 1.9410e-05
2026-03-01 22:42:59 INFO Epoch 13 | Step 2540/2562 | Loss 0.1929 | LR 1.9414e-05
2026-03-01 22:44:33 INFO Epoch 13 | Step 2560/2562 | Loss 0.1927 | LR 1.9419e-05
2026-03-01 22:44:42 INFO Epoch 13 | Step 2562/2562 | Loss 0.1928 | LR 1.9419e-05
2026-03-01 23:32:18 INFO CSV Written | Epoch: 13
2026-03-01 23:32:18 INFO Best Saved | Epoch: 13 | Monitor: val_auprc | Value: 0.8965
2026-03-01 23:32:18 INFO Epoch Done | Epoch: 13 | Time: 15053.0232 | Train Loss: 0.1928 | Val Accuracy: 0.9934 | Val AUPRC: 0.8965 | Val Auroc: 0.9921 | Val F1: 0.8382 | Val Loss: 0.4098
2026-03-01 23:32:18 INFO Epoch Start | Epoch: 14
2026-03-01 23:32:29 INFO Epoch 14 | Step 1/2562 | Loss 0.2076 | LR 1.9420e-05
2026-03-01 23:33:59 INFO Epoch 14 | Step 20/2562 | Loss 0.1740 | LR 1.9424e-05
2026-03-01 23:35:35 INFO Epoch 14 | Step 40/2562 | Loss 0.1919 | LR 1.9428e-05
2026-03-01 23:37:11 INFO Epoch 14 | Step 60/2562 | Loss 0.1966 | LR 1.9433e-05
2026-03-01 23:38:47 INFO Epoch 14 | Step 80/2562 | Loss 0.1820 | LR 1.9437e-05
2026-03-01 23:40:24 INFO Epoch 14 | Step 100/2562 | Loss 0.1814 | LR 1.9442e-05
2026-03-01 23:42:00 INFO Epoch 14 | Step 120/2562 | Loss 0.1826 | LR 1.9446e-05
2026-03-01 23:43:37 INFO Epoch 14 | Step 140/2562 | Loss 0.1849 | LR 1.9450e-05
2026-03-01 23:45:13 INFO Epoch 14 | Step 160/2562 | Loss 0.1857 | LR 1.9455e-05
2026-03-01 23:46:49 INFO Epoch 14 | Step 180/2562 | Loss 0.1827 | LR 1.9459e-05
2026-03-01 23:48:26 INFO Epoch 14 | Step 200/2562 | Loss 0.1813 | LR 1.9463e-05
2026-03-01 23:50:02 INFO Epoch 14 | Step 220/2562 | Loss 0.1837 | LR 1.9468e-05
2026-03-01 23:51:39 INFO Epoch 14 | Step 240/2562 | Loss 0.1844 | LR 1.9472e-05
2026-03-01 23:53:15 INFO Epoch 14 | Step 260/2562 | Loss 0.1860 | LR 1.9476e-05
2026-03-01 23:54:52 INFO Epoch 14 | Step 280/2562 | Loss 0.1858 | LR 1.9480e-05
2026-03-01 23:56:28 INFO Epoch 14 | Step 300/2562 | Loss 0.1869 | LR 1.9485e-05
2026-03-01 23:58:05 INFO Epoch 14 | Step 320/2562 | Loss 0.1853 | LR 1.9489e-05
2026-03-01 23:59:41 INFO Epoch 14 | Step 340/2562 | Loss 0.1853 | LR 1.9493e-05
2026-03-02 00:01:18 INFO Epoch 14 | Step 360/2562 | Loss 0.1855 | LR 1.9497e-05
2026-03-02 00:02:55 INFO Epoch 14 | Step 380/2562 | Loss 0.1869 | LR 1.9501e-05
2026-03-02 00:04:31 INFO Epoch 14 | Step 400/2562 | Loss 0.1867 | LR 1.9506e-05
2026-03-02 00:06:08 INFO Epoch 14 | Step 420/2562 | Loss 0.1871 | LR 1.9510e-05
2026-03-02 00:07:44 INFO Epoch 14 | Step 440/2562 | Loss 0.1883 | LR 1.9514e-05
2026-03-02 00:09:21 INFO Epoch 14 | Step 460/2562 | Loss 0.1869 | LR 1.9518e-05
2026-03-02 00:10:57 INFO Epoch 14 | Step 480/2562 | Loss 0.1865 | LR 1.9522e-05
2026-03-02 00:12:31 INFO Epoch 14 | Step 500/2562 | Loss 0.1859 | LR 1.9526e-05
2026-03-02 00:14:06 INFO Epoch 14 | Step 520/2562 | Loss 0.1857 | LR 1.9530e-05
2026-03-02 00:15:41 INFO Epoch 14 | Step 540/2562 | Loss 0.1849 | LR 1.9534e-05
2026-03-02 00:17:16 INFO Epoch 14 | Step 560/2562 | Loss 0.1855 | LR 1.9538e-05
2026-03-02 00:18:50 INFO Epoch 14 | Step 580/2562 | Loss 0.1858 | LR 1.9542e-05
2026-03-02 00:20:25 INFO Epoch 14 | Step 600/2562 | Loss 0.1862 | LR 1.9546e-05
2026-03-02 00:22:00 INFO Epoch 14 | Step 620/2562 | Loss 0.1866 | LR 1.9550e-05
2026-03-02 00:23:35 INFO Epoch 14 | Step 640/2562 | Loss 0.1863 | LR 1.9554e-05
2026-03-02 00:25:10 INFO Epoch 14 | Step 660/2562 | Loss 0.1869 | LR 1.9558e-05
2026-03-02 00:26:45 INFO Epoch 14 | Step 680/2562 | Loss 0.1862 | LR 1.9562e-05
2026-03-02 00:28:19 INFO Epoch 14 | Step 700/2562 | Loss 0.1859 | LR 1.9566e-05
2026-03-02 00:29:54 INFO Epoch 14 | Step 720/2562 | Loss 0.1865 | LR 1.9570e-05
2026-03-02 00:31:29 INFO Epoch 14 | Step 740/2562 | Loss 0.1872 | LR 1.9574e-05
2026-03-02 00:33:04 INFO Epoch 14 | Step 760/2562 | Loss 0.1869 | LR 1.9577e-05
2026-03-02 00:34:39 INFO Epoch 14 | Step 780/2562 | Loss 0.1862 | LR 1.9581e-05
2026-03-02 00:36:13 INFO Epoch 14 | Step 800/2562 | Loss 0.1856 | LR 1.9585e-05
2026-03-02 00:37:48 INFO Epoch 14 | Step 820/2562 | Loss 0.1848 | LR 1.9589e-05
2026-03-02 00:39:23 INFO Epoch 14 | Step 840/2562 | Loss 0.1851 | LR 1.9593e-05
2026-03-02 00:40:58 INFO Epoch 14 | Step 860/2562 | Loss 0.1853 | LR 1.9596e-05
2026-03-02 00:42:32 INFO Epoch 14 | Step 880/2562 | Loss 0.1845 | LR 1.9600e-05
2026-03-02 00:44:07 INFO Epoch 14 | Step 900/2562 | Loss 0.1842 | LR 1.9604e-05
2026-03-02 00:45:42 INFO Epoch 14 | Step 920/2562 | Loss 0.1843 | LR 1.9608e-05
2026-03-02 00:47:17 INFO Epoch 14 | Step 940/2562 | Loss 0.1842 | LR 1.9611e-05
2026-03-02 00:48:52 INFO Epoch 14 | Step 960/2562 | Loss 0.1834 | LR 1.9615e-05
2026-03-02 00:50:27 INFO Epoch 14 | Step 980/2562 | Loss 0.1834 | LR 1.9619e-05
2026-03-02 00:52:03 INFO Epoch 14 | Step 1000/2562 | Loss 0.1837 | LR 1.9622e-05
2026-03-02 00:53:39 INFO Epoch 14 | Step 1020/2562 | Loss 0.1837 | LR 1.9626e-05
2026-03-02 00:55:14 INFO Epoch 14 | Step 1040/2562 | Loss 0.1841 | LR 1.9629e-05
2026-03-02 00:56:50 INFO Epoch 14 | Step 1060/2562 | Loss 0.1838 | LR 1.9633e-05
2026-03-02 00:58:25 INFO Epoch 14 | Step 1080/2562 | Loss 0.1837 | LR 1.9637e-05
2026-03-02 01:00:01 INFO Epoch 14 | Step 1100/2562 | Loss 0.1839 | LR 1.9640e-05
2026-03-02 01:01:37 INFO Epoch 14 | Step 1120/2562 | Loss 0.1845 | LR 1.9644e-05
2026-03-02 01:03:12 INFO Epoch 14 | Step 1140/2562 | Loss 0.1843 | LR 1.9647e-05
2026-03-02 01:04:48 INFO Epoch 14 | Step 1160/2562 | Loss 0.1842 | LR 1.9651e-05
2026-03-02 01:06:24 INFO Epoch 14 | Step 1180/2562 | Loss 0.1845 | LR 1.9654e-05
2026-03-02 01:08:00 INFO Epoch 14 | Step 1200/2562 | Loss 0.1843 | LR 1.9658e-05
2026-03-02 01:09:35 INFO Epoch 14 | Step 1220/2562 | Loss 0.1845 | LR 1.9661e-05
2026-03-02 01:11:11 INFO Epoch 14 | Step 1240/2562 | Loss 0.1846 | LR 1.9665e-05
2026-03-02 01:12:47 INFO Epoch 14 | Step 1260/2562 | Loss 0.1844 | LR 1.9668e-05
2026-03-02 01:14:23 INFO Epoch 14 | Step 1280/2562 | Loss 0.1843 | LR 1.9671e-05
2026-03-02 01:15:58 INFO Epoch 14 | Step 1300/2562 | Loss 0.1840 | LR 1.9675e-05
2026-03-02 01:17:34 INFO Epoch 14 | Step 1320/2562 | Loss 0.1845 | LR 1.9678e-05
2026-03-02 01:19:10 INFO Epoch 14 | Step 1340/2562 | Loss 0.1847 | LR 1.9681e-05
2026-03-02 01:20:46 INFO Epoch 14 | Step 1360/2562 | Loss 0.1844 | LR 1.9685e-05
2026-03-02 01:22:23 INFO Epoch 14 | Step 1380/2562 | Loss 0.1847 | LR 1.9688e-05
2026-03-02 01:23:59 INFO Epoch 14 | Step 1400/2562 | Loss 0.1850 | LR 1.9691e-05
2026-03-02 01:25:34 INFO Epoch 14 | Step 1420/2562 | Loss 0.1853 | LR 1.9695e-05
2026-03-02 01:27:09 INFO Epoch 14 | Step 1440/2562 | Loss 0.1854 | LR 1.9698e-05
2026-03-02 01:28:45 INFO Epoch 14 | Step 1460/2562 | Loss 0.1855 | LR 1.9701e-05
2026-03-02 01:30:20 INFO Epoch 14 | Step 1480/2562 | Loss 0.1855 | LR 1.9704e-05
2026-03-02 01:31:56 INFO Epoch 14 | Step 1500/2562 | Loss 0.1854 | LR 1.9708e-05
2026-03-02 01:33:31 INFO Epoch 14 | Step 1520/2562 | Loss 0.1856 | LR 1.9711e-05
2026-03-02 01:35:07 INFO Epoch 14 | Step 1540/2562 | Loss 0.1857 | LR 1.9714e-05
2026-03-02 01:36:41 INFO Epoch 14 | Step 1560/2562 | Loss 0.1856 | LR 1.9717e-05
2026-03-02 01:38:15 INFO Epoch 14 | Step 1580/2562 | Loss 0.1856 | LR 1.9720e-05
2026-03-02 01:39:50 INFO Epoch 14 | Step 1600/2562 | Loss 0.1857 | LR 1.9723e-05
2026-03-02 01:41:24 INFO Epoch 14 | Step 1620/2562 | Loss 0.1857 | LR 1.9727e-05
2026-03-02 01:42:59 INFO Epoch 14 | Step 1640/2562 | Loss 0.1857 | LR 1.9730e-05
2026-03-02 01:44:33 INFO Epoch 14 | Step 1660/2562 | Loss 0.1858 | LR 1.9733e-05
2026-03-02 01:46:07 INFO Epoch 14 | Step 1680/2562 | Loss 0.1858 | LR 1.9736e-05
2026-03-02 01:47:41 INFO Epoch 14 | Step 1700/2562 | Loss 0.1860 | LR 1.9739e-05
2026-03-02 01:49:16 INFO Epoch 14 | Step 1720/2562 | Loss 0.1863 | LR 1.9742e-05
2026-03-02 01:50:50 INFO Epoch 14 | Step 1740/2562 | Loss 0.1860 | LR 1.9745e-05
2026-03-02 01:52:25 INFO Epoch 14 | Step 1760/2562 | Loss 0.1857 | LR 1.9748e-05
2026-03-02 01:53:59 INFO Epoch 14 | Step 1780/2562 | Loss 0.1857 | LR 1.9751e-05
2026-03-02 01:55:33 INFO Epoch 14 | Step 1800/2562 | Loss 0.1858 | LR 1.9754e-05
2026-03-02 01:57:08 INFO Epoch 14 | Step 1820/2562 | Loss 0.1860 | LR 1.9757e-05
2026-03-02 01:58:42 INFO Epoch 14 | Step 1840/2562 | Loss 0.1859 | LR 1.9760e-05
2026-03-02 02:00:16 INFO Epoch 14 | Step 1860/2562 | Loss 0.1863 | LR 1.9762e-05
2026-03-02 02:01:51 INFO Epoch 14 | Step 1880/2562 | Loss 0.1864 | LR 1.9765e-05
2026-03-02 02:03:26 INFO Epoch 14 | Step 1900/2562 | Loss 0.1864 | LR 1.9768e-05
2026-03-02 02:05:02 INFO Epoch 14 | Step 1920/2562 | Loss 0.1863 | LR 1.9771e-05
2026-03-02 02:06:37 INFO Epoch 14 | Step 1940/2562 | Loss 0.1862 | LR 1.9774e-05
2026-03-02 02:08:13 INFO Epoch 14 | Step 1960/2562 | Loss 0.1864 | LR 1.9777e-05
2026-03-02 02:09:48 INFO Epoch 14 | Step 1980/2562 | Loss 0.1863 | LR 1.9780e-05
2026-03-02 02:11:24 INFO Epoch 14 | Step 2000/2562 | Loss 0.1863 | LR 1.9782e-05
2026-03-02 02:13:00 INFO Epoch 14 | Step 2020/2562 | Loss 0.1865 | LR 1.9785e-05
2026-03-02 02:14:36 INFO Epoch 14 | Step 2040/2562 | Loss 0.1865 | LR 1.9788e-05
2026-03-02 02:16:12 INFO Epoch 14 | Step 2060/2562 | Loss 0.1864 | LR 1.9791e-05
2026-03-02 02:17:48 INFO Epoch 14 | Step 2080/2562 | Loss 0.1864 | LR 1.9793e-05
2026-03-02 02:19:24 INFO Epoch 14 | Step 2100/2562 | Loss 0.1864 | LR 1.9796e-05
2026-03-02 02:20:59 INFO Epoch 14 | Step 2120/2562 | Loss 0.1862 | LR 1.9799e-05
2026-03-02 02:22:35 INFO Epoch 14 | Step 2140/2562 | Loss 0.1859 | LR 1.9801e-05
2026-03-02 02:24:11 INFO Epoch 14 | Step 2160/2562 | Loss 0.1858 | LR 1.9804e-05
2026-03-02 02:25:47 INFO Epoch 14 | Step 2180/2562 | Loss 0.1858 | LR 1.9807e-05
2026-03-02 02:27:22 INFO Epoch 14 | Step 2200/2562 | Loss 0.1857 | LR 1.9809e-05
2026-03-02 02:28:58 INFO Epoch 14 | Step 2220/2562 | Loss 0.1858 | LR 1.9812e-05
2026-03-02 02:30:33 INFO Epoch 14 | Step 2240/2562 | Loss 0.1856 | LR 1.9814e-05
2026-03-02 02:32:09 INFO Epoch 14 | Step 2260/2562 | Loss 0.1855 | LR 1.9817e-05
2026-03-02 02:33:45 INFO Epoch 14 | Step 2280/2562 | Loss 0.1856 | LR 1.9819e-05
2026-03-02 02:35:20 INFO Epoch 14 | Step 2300/2562 | Loss 0.1856 | LR 1.9822e-05
2026-03-02 02:36:56 INFO Epoch 14 | Step 2320/2562 | Loss 0.1855 | LR 1.9824e-05
2026-03-02 02:38:32 INFO Epoch 14 | Step 2340/2562 | Loss 0.1856 | LR 1.9827e-05
2026-03-02 02:40:07 INFO Epoch 14 | Step 2360/2562 | Loss 0.1857 | LR 1.9829e-05
2026-03-02 02:41:41 INFO Epoch 14 | Step 2380/2562 | Loss 0.1856 | LR 1.9832e-05
2026-03-02 02:43:16 INFO Epoch 14 | Step 2400/2562 | Loss 0.1853 | LR 1.9834e-05
2026-03-02 02:44:50 INFO Epoch 14 | Step 2420/2562 | Loss 0.1853 | LR 1.9837e-05
2026-03-02 02:46:25 INFO Epoch 14 | Step 2440/2562 | Loss 0.1852 | LR 1.9839e-05
2026-03-02 02:47:59 INFO Epoch 14 | Step 2460/2562 | Loss 0.1850 | LR 1.9841e-05
2026-03-02 02:49:33 INFO Epoch 14 | Step 2480/2562 | Loss 0.1851 | LR 1.9844e-05
2026-03-02 02:51:07 INFO Epoch 14 | Step 2500/2562 | Loss 0.1852 | LR 1.9846e-05
2026-03-02 02:52:41 INFO Epoch 14 | Step 2520/2562 | Loss 0.1854 | LR 1.9848e-05
2026-03-02 02:54:16 INFO Epoch 14 | Step 2540/2562 | Loss 0.1854 | LR 1.9851e-05
2026-03-02 02:55:50 INFO Epoch 14 | Step 2560/2562 | Loss 0.1856 | LR 1.9853e-05
2026-03-02 02:55:59 INFO Epoch 14 | Step 2562/2562 | Loss 0.1856 | LR 1.9853e-05
2026-03-02 03:41:41 INFO CSV Written | Epoch: 14
2026-03-02 03:41:41 INFO Best Saved | Epoch: 14 | Monitor: val_auprc | Value: 0.8975
2026-03-02 03:41:41 INFO Epoch Done | Epoch: 14 | Time: 14962.3822 | Train Loss: 0.1856 | Val Accuracy: 0.9937 | Val AUPRC: 0.8975 | Val Auroc: 0.9920 | Val F1: 0.8469 | Val Loss: 0.4046
2026-03-02 03:41:41 INFO Epoch Start | Epoch: 15
2026-03-02 03:41:58 INFO Epoch 15 | Step 1/2562 | Loss 0.0877 | LR 1.9853e-05
2026-03-02 03:43:29 INFO Epoch 15 | Step 20/2562 | Loss 0.1739 | LR 1.9855e-05
2026-03-02 03:45:05 INFO Epoch 15 | Step 40/2562 | Loss 0.1601 | LR 1.9858e-05
2026-03-02 03:46:42 INFO Epoch 15 | Step 60/2562 | Loss 0.1569 | LR 1.9860e-05
2026-03-02 03:48:19 INFO Epoch 15 | Step 80/2562 | Loss 0.1572 | LR 1.9862e-05
2026-03-02 03:49:56 INFO Epoch 15 | Step 100/2562 | Loss 0.1560 | LR 1.9864e-05
2026-03-02 03:51:34 INFO Epoch 15 | Step 120/2562 | Loss 0.1608 | LR 1.9867e-05
2026-03-02 03:53:11 INFO Epoch 15 | Step 140/2562 | Loss 0.1601 | LR 1.9869e-05
2026-03-02 03:54:48 INFO Epoch 15 | Step 160/2562 | Loss 0.1653 | LR 1.9871e-05
2026-03-02 03:56:25 INFO Epoch 15 | Step 180/2562 | Loss 0.1658 | LR 1.9873e-05
2026-03-02 03:58:03 INFO Epoch 15 | Step 200/2562 | Loss 0.1637 | LR 1.9875e-05
2026-03-02 03:59:40 INFO Epoch 15 | Step 220/2562 | Loss 0.1636 | LR 1.9877e-05
2026-03-02 04:01:17 INFO Epoch 15 | Step 240/2562 | Loss 0.1656 | LR 1.9879e-05
2026-03-02 04:02:55 INFO Epoch 15 | Step 260/2562 | Loss 0.1664 | LR 1.9881e-05
2026-03-02 04:04:32 INFO Epoch 15 | Step 280/2562 | Loss 0.1642 | LR 1.9883e-05
2026-03-02 04:06:09 INFO Epoch 15 | Step 300/2562 | Loss 0.1674 | LR 1.9885e-05
2026-03-02 04:07:46 INFO Epoch 15 | Step 320/2562 | Loss 0.1680 | LR 1.9887e-05
2026-03-02 04:09:23 INFO Epoch 15 | Step 340/2562 | Loss 0.1696 | LR 1.9889e-05
2026-03-02 04:11:00 INFO Epoch 15 | Step 360/2562 | Loss 0.1699 | LR 1.9891e-05
2026-03-02 04:12:37 INFO Epoch 15 | Step 380/2562 | Loss 0.1707 | LR 1.9893e-05
2026-03-02 04:14:14 INFO Epoch 15 | Step 400/2562 | Loss 0.1704 | LR 1.9895e-05
2026-03-02 04:15:52 INFO Epoch 15 | Step 420/2562 | Loss 0.1708 | LR 1.9897e-05
2026-03-02 04:17:29 INFO Epoch 15 | Step 440/2562 | Loss 0.1705 | LR 1.9899e-05
2026-03-02 04:19:06 INFO Epoch 15 | Step 460/2562 | Loss 0.1711 | LR 1.9901e-05
2026-03-02 04:20:42 INFO Epoch 15 | Step 480/2562 | Loss 0.1714 | LR 1.9903e-05
2026-03-02 04:22:17 INFO Epoch 15 | Step 500/2562 | Loss 0.1722 | LR 1.9905e-05
2026-03-02 04:23:52 INFO Epoch 15 | Step 520/2562 | Loss 0.1726 | LR 1.9907e-05
2026-03-02 04:25:26 INFO Epoch 15 | Step 540/2562 | Loss 0.1733 | LR 1.9908e-05
2026-03-02 04:27:00 INFO Epoch 15 | Step 560/2562 | Loss 0.1737 | LR 1.9910e-05
2026-03-02 04:28:35 INFO Epoch 15 | Step 580/2562 | Loss 0.1741 | LR 1.9912e-05
2026-03-02 04:30:10 INFO Epoch 15 | Step 600/2562 | Loss 0.1739 | LR 1.9914e-05
2026-03-02 04:31:44 INFO Epoch 15 | Step 620/2562 | Loss 0.1737 | LR 1.9915e-05
2026-03-02 04:33:19 INFO Epoch 15 | Step 640/2562 | Loss 0.1737 | LR 1.9917e-05
2026-03-02 04:34:54 INFO Epoch 15 | Step 660/2562 | Loss 0.1741 | LR 1.9919e-05
2026-03-02 04:36:28 INFO Epoch 15 | Step 680/2562 | Loss 0.1741 | LR 1.9921e-05
2026-03-02 04:38:03 INFO Epoch 15 | Step 700/2562 | Loss 0.1743 | LR 1.9922e-05
2026-03-02 04:39:38 INFO Epoch 15 | Step 720/2562 | Loss 0.1748 | LR 1.9924e-05
2026-03-02 04:41:12 INFO Epoch 15 | Step 740/2562 | Loss 0.1752 | LR 1.9925e-05
2026-03-02 04:42:47 INFO Epoch 15 | Step 760/2562 | Loss 0.1763 | LR 1.9927e-05
2026-03-02 04:44:22 INFO Epoch 15 | Step 780/2562 | Loss 0.1766 | LR 1.9929e-05
2026-03-02 04:45:57 INFO Epoch 15 | Step 800/2562 | Loss 0.1766 | LR 1.9930e-05
2026-03-02 04:47:31 INFO Epoch 15 | Step 820/2562 | Loss 0.1763 | LR 1.9932e-05
2026-03-02 04:49:06 INFO Epoch 15 | Step 840/2562 | Loss 0.1761 | LR 1.9933e-05
2026-03-02 04:50:40 INFO Epoch 15 | Step 860/2562 | Loss 0.1761 | LR 1.9935e-05
2026-03-02 04:52:15 INFO Epoch 15 | Step 880/2562 | Loss 0.1757 | LR 1.9936e-05
2026-03-02 04:53:50 INFO Epoch 15 | Step 900/2562 | Loss 0.1754 | LR 1.9938e-05
2026-03-02 04:55:24 INFO Epoch 15 | Step 920/2562 | Loss 0.1753 | LR 1.9939e-05
2026-03-02 04:56:59 INFO Epoch 15 | Step 940/2562 | Loss 0.1749 | LR 1.9941e-05
2026-03-02 04:58:35 INFO Epoch 15 | Step 960/2562 | Loss 0.1751 | LR 1.9942e-05
2026-03-02 05:00:11 INFO Epoch 15 | Step 980/2562 | Loss 0.1749 | LR 1.9944e-05
2026-03-02 05:01:48 INFO Epoch 15 | Step 1000/2562 | Loss 0.1750 | LR 1.9945e-05
2026-03-02 05:03:24 INFO Epoch 15 | Step 1020/2562 | Loss 0.1753 | LR 1.9946e-05
2026-03-02 05:05:01 INFO Epoch 15 | Step 1040/2562 | Loss 0.1756 | LR 1.9948e-05
2026-03-02 05:06:37 INFO Epoch 15 | Step 1060/2562 | Loss 0.1760 | LR 1.9949e-05
2026-03-02 05:08:13 INFO Epoch 15 | Step 1080/2562 | Loss 0.1757 | LR 1.9951e-05
2026-03-02 05:09:50 INFO Epoch 15 | Step 1100/2562 | Loss 0.1752 | LR 1.9952e-05
2026-03-02 05:11:26 INFO Epoch 15 | Step 1120/2562 | Loss 0.1754 | LR 1.9953e-05
2026-03-02 05:13:02 INFO Epoch 15 | Step 1140/2562 | Loss 0.1755 | LR 1.9954e-05
2026-03-02 05:14:38 INFO Epoch 15 | Step 1160/2562 | Loss 0.1754 | LR 1.9956e-05
2026-03-02 05:16:14 INFO Epoch 15 | Step 1180/2562 | Loss 0.1750 | LR 1.9957e-05
2026-03-02 05:17:50 INFO Epoch 15 | Step 1200/2562 | Loss 0.1755 | LR 1.9958e-05
2026-03-02 05:19:27 INFO Epoch 15 | Step 1220/2562 | Loss 0.1759 | LR 1.9959e-05
2026-03-02 05:21:03 INFO Epoch 15 | Step 1240/2562 | Loss 0.1761 | LR 1.9961e-05
2026-03-02 05:22:39 INFO Epoch 15 | Step 1260/2562 | Loss 0.1762 | LR 1.9962e-05
2026-03-02 05:24:15 INFO Epoch 15 | Step 1280/2562 | Loss 0.1762 | LR 1.9963e-05
2026-03-02 05:25:51 INFO Epoch 15 | Step 1300/2562 | Loss 0.1759 | LR 1.9964e-05
2026-03-02 05:27:27 INFO Epoch 15 | Step 1320/2562 | Loss 0.1759 | LR 1.9965e-05
2026-03-02 05:29:03 INFO Epoch 15 | Step 1340/2562 | Loss 0.1763 | LR 1.9966e-05
2026-03-02 05:30:39 INFO Epoch 15 | Step 1360/2562 | Loss 0.1762 | LR 1.9967e-05
2026-03-02 05:32:15 INFO Epoch 15 | Step 1380/2562 | Loss 0.1764 | LR 1.9968e-05
2026-03-02 05:33:51 INFO Epoch 15 | Step 1400/2562 | Loss 0.1766 | LR 1.9969e-05
2026-03-02 05:35:27 INFO Epoch 15 | Step 1420/2562 | Loss 0.1767 | LR 1.9971e-05
2026-03-02 05:37:01 INFO Epoch 15 | Step 1440/2562 | Loss 0.1768 | LR 1.9972e-05
2026-03-02 05:38:36 INFO Epoch 15 | Step 1460/2562 | Loss 0.1768 | LR 1.9973e-05
2026-03-02 05:40:10 INFO Epoch 15 | Step 1480/2562 | Loss 0.1764 | LR 1.9974e-05
2026-03-02 05:41:44 INFO Epoch 15 | Step 1500/2562 | Loss 0.1766 | LR 1.9974e-05
2026-03-02 05:43:19 INFO Epoch 15 | Step 1520/2562 | Loss 0.1767 | LR 1.9975e-05
2026-03-02 05:44:53 INFO Epoch 15 | Step 1540/2562 | Loss 0.1766 | LR 1.9976e-05
2026-03-02 05:46:28 INFO Epoch 15 | Step 1560/2562 | Loss 0.1769 | LR 1.9977e-05
2026-03-02 05:48:02 INFO Epoch 15 | Step 1580/2562 | Loss 0.1767 | LR 1.9978e-05
2026-03-02 05:49:36 INFO Epoch 15 | Step 1600/2562 | Loss 0.1770 | LR 1.9979e-05
2026-03-02 05:51:10 INFO Epoch 15 | Step 1620/2562 | Loss 0.1768 | LR 1.9980e-05
2026-03-02 05:52:44 INFO Epoch 15 | Step 1640/2562 | Loss 0.1772 | LR 1.9981e-05
2026-03-02 05:54:19 INFO Epoch 15 | Step 1660/2562 | Loss 0.1771 | LR 1.9982e-05
2026-03-02 05:55:53 INFO Epoch 15 | Step 1680/2562 | Loss 0.1768 | LR 1.9982e-05
2026-03-02 05:57:27 INFO Epoch 15 | Step 1700/2562 | Loss 0.1770 | LR 1.9983e-05
2026-03-02 05:59:02 INFO Epoch 15 | Step 1720/2562 | Loss 0.1773 | LR 1.9984e-05
2026-03-02 06:00:36 INFO Epoch 15 | Step 1740/2562 | Loss 0.1779 | LR 1.9985e-05
2026-03-02 06:02:11 INFO Epoch 15 | Step 1760/2562 | Loss 0.1778 | LR 1.9985e-05
2026-03-02 06:03:45 INFO Epoch 15 | Step 1780/2562 | Loss 0.1777 | LR 1.9986e-05
2026-03-02 06:05:19 INFO Epoch 15 | Step 1800/2562 | Loss 0.1775 | LR 1.9987e-05
2026-03-02 06:06:54 INFO Epoch 15 | Step 1820/2562 | Loss 0.1774 | LR 1.9987e-05
2026-03-02 06:08:28 INFO Epoch 15 | Step 1840/2562 | Loss 0.1774 | LR 1.9988e-05
2026-03-02 06:10:02 INFO Epoch 15 | Step 1860/2562 | Loss 0.1773 | LR 1.9989e-05
2026-03-02 06:11:37 INFO Epoch 15 | Step 1880/2562 | Loss 0.1772 | LR 1.9989e-05
2026-03-02 06:13:13 INFO Epoch 15 | Step 1900/2562 | Loss 0.1773 | LR 1.9990e-05
2026-03-02 06:14:49 INFO Epoch 15 | Step 1920/2562 | Loss 0.1772 | LR 1.9991e-05
2026-03-02 06:16:25 INFO Epoch 15 | Step 1940/2562 | Loss 0.1773 | LR 1.9991e-05
2026-03-02 06:18:01 INFO Epoch 15 | Step 1960/2562 | Loss 0.1775 | LR 1.9992e-05
2026-03-02 06:19:37 INFO Epoch 15 | Step 1980/2562 | Loss 0.1775 | LR 1.9992e-05
2026-03-02 06:21:14 INFO Epoch 15 | Step 2000/2562 | Loss 0.1776 | LR 1.9993e-05
2026-03-02 06:22:50 INFO Epoch 15 | Step 2020/2562 | Loss 0.1779 | LR 1.9993e-05
2026-03-02 06:24:26 INFO Epoch 15 | Step 2040/2562 | Loss 0.1781 | LR 1.9994e-05
2026-03-02 06:26:02 INFO Epoch 15 | Step 2060/2562 | Loss 0.1779 | LR 1.9994e-05
2026-03-02 06:27:38 INFO Epoch 15 | Step 2080/2562 | Loss 0.1780 | LR 1.9995e-05
2026-03-02 06:29:15 INFO Epoch 15 | Step 2100/2562 | Loss 0.1780 | LR 1.9995e-05
2026-03-02 06:30:51 INFO Epoch 15 | Step 2120/2562 | Loss 0.1780 | LR 1.9995e-05
2026-03-02 06:32:27 INFO Epoch 15 | Step 2140/2562 | Loss 0.1778 | LR 1.9996e-05
2026-03-02 06:34:03 INFO Epoch 15 | Step 2160/2562 | Loss 0.1779 | LR 1.9996e-05
2026-03-02 06:35:39 INFO Epoch 15 | Step 2180/2562 | Loss 0.1782 | LR 1.9997e-05
2026-03-02 06:37:16 INFO Epoch 15 | Step 2200/2562 | Loss 0.1782 | LR 1.9997e-05
2026-03-02 06:38:52 INFO Epoch 15 | Step 2220/2562 | Loss 0.1783 | LR 1.9997e-05
2026-03-02 06:40:28 INFO Epoch 15 | Step 2240/2562 | Loss 0.1781 | LR 1.9998e-05
2026-03-02 06:42:05 INFO Epoch 15 | Step 2260/2562 | Loss 0.1781 | LR 1.9998e-05
2026-03-02 06:43:41 INFO Epoch 15 | Step 2280/2562 | Loss 0.1783 | LR 1.9998e-05
2026-03-02 06:45:17 INFO Epoch 15 | Step 2300/2562 | Loss 0.1783 | LR 1.9998e-05
2026-03-02 06:46:56 INFO Epoch 15 | Step 2320/2562 | Loss 0.1783 | LR 1.9999e-05
2026-03-02 06:48:36 INFO Epoch 15 | Step 2340/2562 | Loss 0.1779 | LR 1.9999e-05
2026-03-02 06:50:12 INFO Epoch 15 | Step 2360/2562 | Loss 0.1781 | LR 1.9999e-05
2026-03-02 06:51:46 INFO Epoch 15 | Step 2380/2562 | Loss 0.1779 | LR 1.9999e-05
2026-03-02 06:53:21 INFO Epoch 15 | Step 2400/2562 | Loss 0.1778 | LR 1.9999e-05
2026-03-02 06:54:55 INFO Epoch 15 | Step 2420/2562 | Loss 0.1778 | LR 1.9999e-05
2026-03-02 06:56:30 INFO Epoch 15 | Step 2440/2562 | Loss 0.1781 | LR 2.0000e-05
2026-03-02 06:58:04 INFO Epoch 15 | Step 2460/2562 | Loss 0.1782 | LR 2.0000e-05
2026-03-02 06:59:38 INFO Epoch 15 | Step 2480/2562 | Loss 0.1780 | LR 2.0000e-05
2026-03-02 07:01:13 INFO Epoch 15 | Step 2500/2562 | Loss 0.1782 | LR 2.0000e-05
2026-03-02 07:02:47 INFO Epoch 15 | Step 2520/2562 | Loss 0.1783 | LR 2.0000e-05
2026-03-02 07:04:21 INFO Epoch 15 | Step 2540/2562 | Loss 0.1784 | LR 2.0000e-05
2026-03-02 07:05:55 INFO Epoch 15 | Step 2560/2562 | Loss 0.1785 | LR 2.0000e-05
2026-03-02 07:06:05 INFO Epoch 15 | Step 2562/2562 | Loss 0.1784 | LR 2.0000e-05
2026-03-02 07:52:02 INFO CSV Written | Epoch: 15
2026-03-02 07:52:02 INFO Best Saved | Epoch: 15 | Monitor: val_auprc | Value: 0.8978
2026-03-02 07:52:02 INFO Epoch Done | Epoch: 15 | Time: 15021.0588 | Train Loss: 0.1784 | Val Accuracy: 0.9935 | Val AUPRC: 0.8978 | Val Auroc: 0.9923 | Val F1: 0.8423 | Val Loss: 0.4109
2026-03-02 07:52:02 INFO Epoch Start | Epoch: 16
2026-03-02 07:52:14 INFO Epoch 16 | Step 1/2562 | Loss 0.1595 | LR 2.0000e-05
2026-03-02 07:53:44 INFO Epoch 16 | Step 20/2562 | Loss 0.1522 | LR 2.0000e-05
2026-03-02 07:55:19 INFO Epoch 16 | Step 40/2562 | Loss 0.1670 | LR 2.0000e-05
2026-03-02 07:56:55 INFO Epoch 16 | Step 60/2562 | Loss 0.1679 | LR 2.0000e-05
2026-03-02 07:58:32 INFO Epoch 16 | Step 80/2562 | Loss 0.1713 | LR 2.0000e-05
2026-03-02 08:00:08 INFO Epoch 16 | Step 100/2562 | Loss 0.1722 | LR 2.0000e-05
2026-03-02 08:01:45 INFO Epoch 16 | Step 120/2562 | Loss 0.1721 | LR 2.0000e-05
2026-03-02 08:03:21 INFO Epoch 16 | Step 140/2562 | Loss 0.1733 | LR 2.0000e-05
2026-03-02 08:04:56 INFO Epoch 16 | Step 160/2562 | Loss 0.1716 | LR 2.0000e-05
2026-03-02 08:06:32 INFO Epoch 16 | Step 180/2562 | Loss 0.1704 | LR 2.0000e-05
2026-03-02 08:08:08 INFO Epoch 16 | Step 200/2562 | Loss 0.1709 | LR 2.0000e-05
2026-03-02 08:09:43 INFO Epoch 16 | Step 220/2562 | Loss 0.1707 | LR 2.0000e-05
2026-03-02 08:11:19 INFO Epoch 16 | Step 240/2562 | Loss 0.1705 | LR 2.0000e-05
2026-03-02 08:12:56 INFO Epoch 16 | Step 260/2562 | Loss 0.1692 | LR 2.0000e-05
2026-03-02 08:14:32 INFO Epoch 16 | Step 280/2562 | Loss 0.1699 | LR 2.0000e-05
2026-03-02 08:16:08 INFO Epoch 16 | Step 300/2562 | Loss 0.1687 | LR 2.0000e-05
2026-03-02 08:17:44 INFO Epoch 16 | Step 320/2562 | Loss 0.1690 | LR 2.0000e-05
2026-03-02 08:19:20 INFO Epoch 16 | Step 340/2562 | Loss 0.1691 | LR 2.0000e-05
2026-03-02 08:20:55 INFO Epoch 16 | Step 360/2562 | Loss 0.1689 | LR 2.0000e-05
2026-03-02 08:22:31 INFO Epoch 16 | Step 380/2562 | Loss 0.1692 | LR 2.0000e-05
2026-03-02 08:24:07 INFO Epoch 16 | Step 400/2562 | Loss 0.1702 | LR 2.0000e-05
2026-03-02 08:25:43 INFO Epoch 16 | Step 420/2562 | Loss 0.1705 | LR 2.0000e-05
2026-03-02 08:27:19 INFO Epoch 16 | Step 440/2562 | Loss 0.1716 | LR 2.0000e-05
2026-03-02 08:28:55 INFO Epoch 16 | Step 460/2562 | Loss 0.1710 | LR 2.0000e-05
2026-03-02 08:30:30 INFO Epoch 16 | Step 480/2562 | Loss 0.1693 | LR 2.0000e-05
2026-03-02 08:32:04 INFO Epoch 16 | Step 500/2562 | Loss 0.1712 | LR 2.0000e-05
2026-03-02 08:33:39 INFO Epoch 16 | Step 520/2562 | Loss 0.1700 | LR 2.0000e-05
2026-03-02 08:35:13 INFO Epoch 16 | Step 540/2562 | Loss 0.1698 | LR 2.0000e-05
2026-03-02 08:36:47 INFO Epoch 16 | Step 560/2562 | Loss 0.1697 | LR 2.0000e-05
2026-03-02 08:38:22 INFO Epoch 16 | Step 580/2562 | Loss 0.1698 | LR 2.0000e-05
2026-03-02 08:39:56 INFO Epoch 16 | Step 600/2562 | Loss 0.1696 | LR 2.0000e-05
2026-03-02 08:41:30 INFO Epoch 16 | Step 620/2562 | Loss 0.1692 | LR 2.0000e-05
2026-03-02 08:43:05 INFO Epoch 16 | Step 640/2562 | Loss 0.1694 | LR 2.0000e-05
2026-03-02 08:44:39 INFO Epoch 16 | Step 660/2562 | Loss 0.1691 | LR 2.0000e-05
2026-03-02 08:46:13 INFO Epoch 16 | Step 680/2562 | Loss 0.1713 | LR 2.0000e-05
2026-03-02 08:47:47 INFO Epoch 16 | Step 700/2562 | Loss 0.1724 | LR 2.0000e-05
2026-03-02 08:49:22 INFO Epoch 16 | Step 720/2562 | Loss 0.1718 | LR 2.0000e-05
2026-03-02 08:50:56 INFO Epoch 16 | Step 740/2562 | Loss 0.1715 | LR 2.0000e-05
2026-03-02 08:52:30 INFO Epoch 16 | Step 760/2562 | Loss 0.1712 | LR 2.0000e-05
2026-03-02 08:54:04 INFO Epoch 16 | Step 780/2562 | Loss 0.1711 | LR 2.0000e-05
2026-03-02 08:55:38 INFO Epoch 16 | Step 800/2562 | Loss 0.1706 | LR 2.0000e-05
2026-03-02 08:57:13 INFO Epoch 16 | Step 820/2562 | Loss 0.1705 | LR 2.0000e-05
2026-03-02 08:58:47 INFO Epoch 16 | Step 840/2562 | Loss 0.1712 | LR 2.0000e-05
2026-03-02 09:00:21 INFO Epoch 16 | Step 860/2562 | Loss 0.1714 | LR 2.0000e-05
2026-03-02 09:01:56 INFO Epoch 16 | Step 880/2562 | Loss 0.1711 | LR 2.0000e-05
2026-03-02 09:03:30 INFO Epoch 16 | Step 900/2562 | Loss 0.1710 | LR 2.0000e-05
2026-03-02 09:05:04 INFO Epoch 16 | Step 920/2562 | Loss 0.1711 | LR 2.0000e-05
2026-03-02 09:06:39 INFO Epoch 16 | Step 940/2562 | Loss 0.1717 | LR 2.0000e-05
2026-03-02 09:08:14 INFO Epoch 16 | Step 960/2562 | Loss 0.1722 | LR 2.0000e-05
2026-03-02 09:09:49 INFO Epoch 16 | Step 980/2562 | Loss 0.1724 | LR 2.0000e-05
2026-03-02 09:11:25 INFO Epoch 16 | Step 1000/2562 | Loss 0.1724 | LR 2.0000e-05
2026-03-02 09:13:01 INFO Epoch 16 | Step 1020/2562 | Loss 0.1723 | LR 2.0000e-05
2026-03-02 09:14:36 INFO Epoch 16 | Step 1040/2562 | Loss 0.1722 | LR 2.0000e-05
2026-03-02 09:16:11 INFO Epoch 16 | Step 1060/2562 | Loss 0.1720 | LR 2.0000e-05
2026-03-02 09:17:47 INFO Epoch 16 | Step 1080/2562 | Loss 0.1721 | LR 2.0000e-05
2026-03-02 09:19:23 INFO Epoch 16 | Step 1100/2562 | Loss 0.1724 | LR 2.0000e-05
2026-03-02 09:20:58 INFO Epoch 16 | Step 1120/2562 | Loss 0.1723 | LR 2.0000e-05
2026-03-02 09:22:33 INFO Epoch 16 | Step 1140/2562 | Loss 0.1726 | LR 2.0000e-05
2026-03-02 09:24:09 INFO Epoch 16 | Step 1160/2562 | Loss 0.1722 | LR 2.0000e-05
2026-03-02 09:25:45 INFO Epoch 16 | Step 1180/2562 | Loss 0.1724 | LR 2.0000e-05
2026-03-02 09:27:20 INFO Epoch 16 | Step 1200/2562 | Loss 0.1724 | LR 2.0000e-05
2026-03-02 09:28:55 INFO Epoch 16 | Step 1220/2562 | Loss 0.1719 | LR 2.0000e-05
2026-03-02 09:30:31 INFO Epoch 16 | Step 1240/2562 | Loss 0.1718 | LR 2.0000e-05
2026-03-02 09:32:07 INFO Epoch 16 | Step 1260/2562 | Loss 0.1722 | LR 2.0000e-05
2026-03-02 09:33:42 INFO Epoch 16 | Step 1280/2562 | Loss 0.1715 | LR 2.0000e-05
2026-03-02 09:35:17 INFO Epoch 16 | Step 1300/2562 | Loss 0.1713 | LR 2.0000e-05
2026-03-02 09:36:53 INFO Epoch 16 | Step 1320/2562 | Loss 0.1711 | LR 2.0000e-05
2026-03-02 09:38:28 INFO Epoch 16 | Step 1340/2562 | Loss 0.1712 | LR 1.9999e-05
2026-03-02 09:40:04 INFO Epoch 16 | Step 1360/2562 | Loss 0.1710 | LR 1.9999e-05
2026-03-02 09:41:39 INFO Epoch 16 | Step 1380/2562 | Loss 0.1706 | LR 1.9999e-05
2026-03-02 09:43:15 INFO Epoch 16 | Step 1400/2562 | Loss 0.1706 | LR 1.9999e-05
2026-03-02 09:44:50 INFO Epoch 16 | Step 1420/2562 | Loss 0.1707 | LR 1.9999e-05
2026-03-02 09:46:24 INFO Epoch 16 | Step 1440/2562 | Loss 0.1708 | LR 1.9999e-05
2026-03-02 09:47:58 INFO Epoch 16 | Step 1460/2562 | Loss 0.1705 | LR 1.9999e-05
2026-03-02 09:49:32 INFO Epoch 16 | Step 1480/2562 | Loss 0.1706 | LR 1.9999e-05
2026-03-02 09:51:07 INFO Epoch 16 | Step 1500/2562 | Loss 0.1706 | LR 1.9999e-05
2026-03-02 09:52:40 INFO Epoch 16 | Step 1520/2562 | Loss 0.1707 | LR 1.9999e-05
2026-03-02 09:54:15 INFO Epoch 16 | Step 1540/2562 | Loss 0.1707 | LR 1.9999e-05
2026-03-02 09:55:49 INFO Epoch 16 | Step 1560/2562 | Loss 0.1711 | LR 1.9999e-05
2026-03-02 09:57:23 INFO Epoch 16 | Step 1580/2562 | Loss 0.1714 | LR 1.9999e-05
2026-03-02 09:58:57 INFO Epoch 16 | Step 1600/2562 | Loss 0.1712 | LR 1.9999e-05
2026-03-02 10:00:32 INFO Epoch 16 | Step 1620/2562 | Loss 0.1715 | LR 1.9999e-05
2026-03-02 10:02:06 INFO Epoch 16 | Step 1640/2562 | Loss 0.1712 | LR 1.9999e-05
2026-03-02 10:03:40 INFO Epoch 16 | Step 1660/2562 | Loss 0.1714 | LR 1.9999e-05
2026-03-02 10:05:14 INFO Epoch 16 | Step 1680/2562 | Loss 0.1713 | LR 1.9999e-05
2026-03-02 10:06:48 INFO Epoch 16 | Step 1700/2562 | Loss 0.1716 | LR 1.9999e-05
2026-03-02 10:08:22 INFO Epoch 16 | Step 1720/2562 | Loss 0.1716 | LR 1.9999e-05
2026-03-02 10:09:56 INFO Epoch 16 | Step 1740/2562 | Loss 0.1717 | LR 1.9999e-05
2026-03-02 10:11:31 INFO Epoch 16 | Step 1760/2562 | Loss 0.1716 | LR 1.9999e-05
2026-03-02 10:13:06 INFO Epoch 16 | Step 1780/2562 | Loss 0.1716 | LR 1.9999e-05
2026-03-02 10:14:41 INFO Epoch 16 | Step 1800/2562 | Loss 0.1716 | LR 1.9999e-05
2026-03-02 10:16:16 INFO Epoch 16 | Step 1820/2562 | Loss 0.1718 | LR 1.9999e-05
2026-03-02 10:17:50 INFO Epoch 16 | Step 1840/2562 | Loss 0.1717 | LR 1.9999e-05
2026-03-02 10:19:24 INFO Epoch 16 | Step 1860/2562 | Loss 0.1719 | LR 1.9999e-05
2026-03-02 10:20:58 INFO Epoch 16 | Step 1880/2562 | Loss 0.1721 | LR 1.9999e-05
2026-03-02 10:22:32 INFO Epoch 16 | Step 1900/2562 | Loss 0.1721 | LR 1.9999e-05
2026-03-02 10:24:08 INFO Epoch 16 | Step 1920/2562 | Loss 0.1717 | LR 1.9999e-05
2026-03-02 10:25:43 INFO Epoch 16 | Step 1940/2562 | Loss 0.1716 | LR 1.9999e-05
2026-03-02 10:27:17 INFO Epoch 16 | Step 1960/2562 | Loss 0.1719 | LR 1.9999e-05
2026-03-02 10:28:52 INFO Epoch 16 | Step 1980/2562 | Loss 0.1719 | LR 1.9999e-05
2026-03-02 10:30:28 INFO Epoch 16 | Step 2000/2562 | Loss 0.1718 | LR 1.9999e-05
2026-03-02 10:32:03 INFO Epoch 16 | Step 2020/2562 | Loss 0.1718 | LR 1.9999e-05
2026-03-02 10:33:38 INFO Epoch 16 | Step 2040/2562 | Loss 0.1720 | LR 1.9999e-05
2026-03-02 10:35:13 INFO Epoch 16 | Step 2060/2562 | Loss 0.1718 | LR 1.9999e-05
2026-03-02 10:36:49 INFO Epoch 16 | Step 2080/2562 | Loss 0.1719 | LR 1.9999e-05
2026-03-02 10:38:24 INFO Epoch 16 | Step 2100/2562 | Loss 0.1717 | LR 1.9999e-05
2026-03-02 10:39:59 INFO Epoch 16 | Step 2120/2562 | Loss 0.1717 | LR 1.9999e-05
2026-03-02 10:41:34 INFO Epoch 16 | Step 2140/2562 | Loss 0.1717 | LR 1.9999e-05
2026-03-02 10:43:10 INFO Epoch 16 | Step 2160/2562 | Loss 0.1717 | LR 1.9999e-05
2026-03-02 10:44:45 INFO Epoch 16 | Step 2180/2562 | Loss 0.1719 | LR 1.9999e-05
2026-03-02 10:46:20 INFO Epoch 16 | Step 2200/2562 | Loss 0.1719 | LR 1.9999e-05
2026-03-02 10:47:55 INFO Epoch 16 | Step 2220/2562 | Loss 0.1718 | LR 1.9999e-05
2026-03-02 10:49:30 INFO Epoch 16 | Step 2240/2562 | Loss 0.1715 | LR 1.9999e-05
2026-03-02 10:51:06 INFO Epoch 16 | Step 2260/2562 | Loss 0.1716 | LR 1.9999e-05
2026-03-02 10:52:41 INFO Epoch 16 | Step 2280/2562 | Loss 0.1717 | LR 1.9999e-05
2026-03-02 10:54:16 INFO Epoch 16 | Step 2300/2562 | Loss 0.1718 | LR 1.9998e-05
2026-03-02 10:55:51 INFO Epoch 16 | Step 2320/2562 | Loss 0.1719 | LR 1.9998e-05
2026-03-02 10:57:26 INFO Epoch 16 | Step 2340/2562 | Loss 0.1721 | LR 1.9998e-05
2026-03-02 10:59:01 INFO Epoch 16 | Step 2360/2562 | Loss 0.1723 | LR 1.9998e-05
2026-03-02 11:00:35 INFO Epoch 16 | Step 2380/2562 | Loss 0.1723 | LR 1.9998e-05
2026-03-02 11:02:09 INFO Epoch 16 | Step 2400/2562 | Loss 0.1722 | LR 1.9998e-05
2026-03-02 11:03:43 INFO Epoch 16 | Step 2420/2562 | Loss 0.1721 | LR 1.9998e-05
2026-03-02 11:05:17 INFO Epoch 16 | Step 2440/2562 | Loss 0.1723 | LR 1.9998e-05
2026-03-02 11:06:51 INFO Epoch 16 | Step 2460/2562 | Loss 0.1721 | LR 1.9998e-05
2026-03-02 11:08:25 INFO Epoch 16 | Step 2480/2562 | Loss 0.1721 | LR 1.9998e-05
2026-03-02 11:09:59 INFO Epoch 16 | Step 2500/2562 | Loss 0.1720 | LR 1.9998e-05
2026-03-02 11:11:33 INFO Epoch 16 | Step 2520/2562 | Loss 0.1718 | LR 1.9998e-05
2026-03-02 11:13:07 INFO Epoch 16 | Step 2540/2562 | Loss 0.1719 | LR 1.9998e-05
2026-03-02 11:14:41 INFO Epoch 16 | Step 2560/2562 | Loss 0.1719 | LR 1.9998e-05
2026-03-02 11:14:50 INFO Epoch 16 | Step 2562/2562 | Loss 0.1720 | LR 1.9998e-05
2026-03-02 12:02:38 INFO CSV Written | Epoch: 16
2026-03-02 12:02:39 INFO Best Saved | Epoch: 16 | Monitor: val_auprc | Value: 0.9048
2026-03-02 12:02:39 INFO Epoch Done | Epoch: 16 | Time: 15036.2877 | Train Loss: 0.1720 | Val Accuracy: 0.9937 | Val AUPRC: 0.9048 | Val Auroc: 0.9931 | Val F1: 0.8495 | Val Loss: 0.4060
2026-03-02 12:02:39 INFO Epoch Start | Epoch: 17
2026-03-02 12:02:49 INFO Epoch 17 | Step 1/2562 | Loss 0.1961 | LR 1.9998e-05
2026-03-02 12:04:19 INFO Epoch 17 | Step 20/2562 | Loss 0.1792 | LR 1.9998e-05
2026-03-02 12:05:56 INFO Epoch 17 | Step 40/2562 | Loss 0.1864 | LR 1.9998e-05
2026-03-02 12:07:32 INFO Epoch 17 | Step 60/2562 | Loss 0.1793 | LR 1.9998e-05
2026-03-02 12:09:08 INFO Epoch 17 | Step 80/2562 | Loss 0.1782 | LR 1.9998e-05
2026-03-02 12:10:45 INFO Epoch 17 | Step 100/2562 | Loss 0.1744 | LR 1.9998e-05
2026-03-02 12:12:21 INFO Epoch 17 | Step 120/2562 | Loss 0.1703 | LR 1.9998e-05
2026-03-02 12:13:57 INFO Epoch 17 | Step 140/2562 | Loss 0.1714 | LR 1.9998e-05
2026-03-02 12:15:34 INFO Epoch 17 | Step 160/2562 | Loss 0.1721 | LR 1.9998e-05
2026-03-02 12:17:10 INFO Epoch 17 | Step 180/2562 | Loss 0.1720 | LR 1.9998e-05
2026-03-02 12:18:53 INFO Epoch 17 | Step 200/2562 | Loss 0.1705 | LR 1.9998e-05
2026-03-02 12:20:35 INFO Epoch 17 | Step 220/2562 | Loss 0.1696 | LR 1.9998e-05
2026-03-02 12:22:14 INFO Epoch 17 | Step 240/2562 | Loss 0.1712 | LR 1.9998e-05
2026-03-02 12:23:50 INFO Epoch 17 | Step 260/2562 | Loss 0.1698 | LR 1.9998e-05
2026-03-02 12:25:27 INFO Epoch 17 | Step 280/2562 | Loss 0.1685 | LR 1.9998e-05
2026-03-02 12:27:03 INFO Epoch 17 | Step 300/2562 | Loss 0.1696 | LR 1.9998e-05
2026-03-02 12:28:40 INFO Epoch 17 | Step 320/2562 | Loss 0.1702 | LR 1.9998e-05
2026-03-02 12:30:16 INFO Epoch 17 | Step 340/2562 | Loss 0.1689 | LR 1.9998e-05
2026-03-02 12:31:53 INFO Epoch 17 | Step 360/2562 | Loss 0.1697 | LR 1.9998e-05
2026-03-02 12:33:29 INFO Epoch 17 | Step 380/2562 | Loss 0.1698 | LR 1.9998e-05
2026-03-02 12:35:05 INFO Epoch 17 | Step 400/2562 | Loss 0.1711 | LR 1.9998e-05
2026-03-02 12:36:42 INFO Epoch 17 | Step 420/2562 | Loss 0.1715 | LR 1.9997e-05
2026-03-02 12:38:18 INFO Epoch 17 | Step 440/2562 | Loss 0.1718 | LR 1.9997e-05
2026-03-02 12:39:55 INFO Epoch 17 | Step 460/2562 | Loss 0.1714 | LR 1.9997e-05
2026-03-02 12:41:30 INFO Epoch 17 | Step 480/2562 | Loss 0.1716 | LR 1.9997e-05
2026-03-02 12:43:05 INFO Epoch 17 | Step 500/2562 | Loss 0.1713 | LR 1.9997e-05
2026-03-02 12:44:39 INFO Epoch 17 | Step 520/2562 | Loss 0.1703 | LR 1.9997e-05
2026-03-02 12:46:14 INFO Epoch 17 | Step 540/2562 | Loss 0.1698 | LR 1.9997e-05
2026-03-02 12:47:49 INFO Epoch 17 | Step 560/2562 | Loss 0.1692 | LR 1.9997e-05
2026-03-02 12:49:23 INFO Epoch 17 | Step 580/2562 | Loss 0.1687 | LR 1.9997e-05
2026-03-02 12:50:58 INFO Epoch 17 | Step 600/2562 | Loss 0.1680 | LR 1.9997e-05
2026-03-02 12:52:32 INFO Epoch 17 | Step 620/2562 | Loss 0.1677 | LR 1.9997e-05
2026-03-02 12:54:07 INFO Epoch 17 | Step 640/2562 | Loss 0.1677 | LR 1.9997e-05
2026-03-02 12:55:42 INFO Epoch 17 | Step 660/2562 | Loss 0.1673 | LR 1.9997e-05
2026-03-02 12:57:16 INFO Epoch 17 | Step 680/2562 | Loss 0.1669 | LR 1.9997e-05
2026-03-02 12:58:51 INFO Epoch 17 | Step 700/2562 | Loss 0.1669 | LR 1.9997e-05
2026-03-02 13:00:25 INFO Epoch 17 | Step 720/2562 | Loss 0.1667 | LR 1.9997e-05
2026-03-02 13:02:00 INFO Epoch 17 | Step 740/2562 | Loss 0.1661 | LR 1.9997e-05
2026-03-02 13:03:34 INFO Epoch 17 | Step 760/2562 | Loss 0.1656 | LR 1.9997e-05
2026-03-02 13:05:09 INFO Epoch 17 | Step 780/2562 | Loss 0.1661 | LR 1.9997e-05
2026-03-02 13:06:43 INFO Epoch 17 | Step 800/2562 | Loss 0.1656 | LR 1.9997e-05
2026-03-02 13:08:18 INFO Epoch 17 | Step 820/2562 | Loss 0.1657 | LR 1.9997e-05
2026-03-02 13:09:53 INFO Epoch 17 | Step 840/2562 | Loss 0.1667 | LR 1.9997e-05
2026-03-02 13:11:27 INFO Epoch 17 | Step 860/2562 | Loss 0.1661 | LR 1.9997e-05
2026-03-02 13:13:02 INFO Epoch 17 | Step 880/2562 | Loss 0.1658 | LR 1.9997e-05
2026-03-02 13:14:37 INFO Epoch 17 | Step 900/2562 | Loss 0.1665 | LR 1.9997e-05
2026-03-02 13:16:13 INFO Epoch 17 | Step 920/2562 | Loss 0.1666 | LR 1.9997e-05
2026-03-02 13:17:54 INFO Epoch 17 | Step 940/2562 | Loss 0.1671 | LR 1.9997e-05
2026-03-02 13:19:29 INFO Epoch 17 | Step 960/2562 | Loss 0.1673 | LR 1.9996e-05
2026-03-02 13:21:04 INFO Epoch 17 | Step 980/2562 | Loss 0.1675 | LR 1.9996e-05
2026-03-02 13:22:40 INFO Epoch 17 | Step 1000/2562 | Loss 0.1671 | LR 1.9996e-05
2026-03-02 13:24:15 INFO Epoch 17 | Step 1020/2562 | Loss 0.1672 | LR 1.9996e-05
2026-03-02 13:25:50 INFO Epoch 17 | Step 1040/2562 | Loss 0.1679 | LR 1.9996e-05
2026-03-02 13:27:26 INFO Epoch 17 | Step 1060/2562 | Loss 0.1675 | LR 1.9996e-05
2026-03-02 13:29:01 INFO Epoch 17 | Step 1080/2562 | Loss 0.1677 | LR 1.9996e-05
2026-03-02 13:30:36 INFO Epoch 17 | Step 1100/2562 | Loss 0.1682 | LR 1.9996e-05
2026-03-02 13:32:11 INFO Epoch 17 | Step 1120/2562 | Loss 0.1682 | LR 1.9996e-05
2026-03-02 13:33:46 INFO Epoch 17 | Step 1140/2562 | Loss 0.1677 | LR 1.9996e-05
2026-03-02 13:35:22 INFO Epoch 17 | Step 1160/2562 | Loss 0.1673 | LR 1.9996e-05
2026-03-02 13:36:59 INFO Epoch 17 | Step 1180/2562 | Loss 0.1676 | LR 1.9996e-05
2026-03-02 13:38:37 INFO Epoch 17 | Step 1200/2562 | Loss 0.1675 | LR 1.9996e-05
2026-03-02 13:40:13 INFO Epoch 17 | Step 1220/2562 | Loss 0.1677 | LR 1.9996e-05
2026-03-02 13:41:48 INFO Epoch 17 | Step 1240/2562 | Loss 0.1676 | LR 1.9996e-05
2026-03-02 13:43:24 INFO Epoch 17 | Step 1260/2562 | Loss 0.1682 | LR 1.9996e-05
2026-03-02 13:45:00 INFO Epoch 17 | Step 1280/2562 | Loss 0.1684 | LR 1.9996e-05
2026-03-02 13:46:35 INFO Epoch 17 | Step 1300/2562 | Loss 0.1685 | LR 1.9996e-05
2026-03-02 13:48:11 INFO Epoch 17 | Step 1320/2562 | Loss 0.1689 | LR 1.9996e-05
2026-03-02 13:49:46 INFO Epoch 17 | Step 1340/2562 | Loss 0.1688 | LR 1.9996e-05
2026-03-02 13:51:22 INFO Epoch 17 | Step 1360/2562 | Loss 0.1689 | LR 1.9996e-05
2026-03-02 13:52:57 INFO Epoch 17 | Step 1380/2562 | Loss 0.1688 | LR 1.9996e-05
2026-03-02 13:54:32 INFO Epoch 17 | Step 1400/2562 | Loss 0.1690 | LR 1.9996e-05
2026-03-02 13:56:08 INFO Epoch 17 | Step 1420/2562 | Loss 0.1686 | LR 1.9995e-05
2026-03-02 13:57:42 INFO Epoch 17 | Step 1440/2562 | Loss 0.1686 | LR 1.9995e-05
2026-03-02 13:59:17 INFO Epoch 17 | Step 1460/2562 | Loss 0.1684 | LR 1.9995e-05
2026-03-02 14:00:51 INFO Epoch 17 | Step 1480/2562 | Loss 0.1683 | LR 1.9995e-05
2026-03-02 14:02:25 INFO Epoch 17 | Step 1500/2562 | Loss 0.1681 | LR 1.9995e-05
2026-03-02 14:04:00 INFO Epoch 17 | Step 1520/2562 | Loss 0.1682 | LR 1.9995e-05
2026-03-02 14:05:34 INFO Epoch 17 | Step 1540/2562 | Loss 0.1680 | LR 1.9995e-05
2026-03-02 14:07:08 INFO Epoch 17 | Step 1560/2562 | Loss 0.1683 | LR 1.9995e-05
2026-03-02 14:08:43 INFO Epoch 17 | Step 1580/2562 | Loss 0.1680 | LR 1.9995e-05
2026-03-02 14:10:17 INFO Epoch 17 | Step 1600/2562 | Loss 0.1680 | LR 1.9995e-05
2026-03-02 14:11:52 INFO Epoch 17 | Step 1620/2562 | Loss 0.1682 | LR 1.9995e-05
2026-03-02 14:13:26 INFO Epoch 17 | Step 1640/2562 | Loss 0.1682 | LR 1.9995e-05
2026-03-02 14:15:01 INFO Epoch 17 | Step 1660/2562 | Loss 0.1687 | LR 1.9995e-05
2026-03-02 14:16:35 INFO Epoch 17 | Step 1680/2562 | Loss 0.1686 | LR 1.9995e-05
2026-03-02 14:18:10 INFO Epoch 17 | Step 1700/2562 | Loss 0.1684 | LR 1.9995e-05
2026-03-02 14:19:44 INFO Epoch 17 | Step 1720/2562 | Loss 0.1680 | LR 1.9995e-05
2026-03-02 14:21:19 INFO Epoch 17 | Step 1740/2562 | Loss 0.1681 | LR 1.9995e-05
2026-03-02 14:22:55 INFO Epoch 17 | Step 1760/2562 | Loss 0.1680 | LR 1.9995e-05
2026-03-02 14:24:31 INFO Epoch 17 | Step 1780/2562 | Loss 0.1680 | LR 1.9995e-05
2026-03-02 14:26:06 INFO Epoch 17 | Step 1800/2562 | Loss 0.1677 | LR 1.9995e-05
2026-03-02 14:27:41 INFO Epoch 17 | Step 1820/2562 | Loss 0.1672 | LR 1.9995e-05
2026-03-02 14:29:16 INFO Epoch 17 | Step 1840/2562 | Loss 0.1672 | LR 1.9994e-05
2026-03-02 14:30:50 INFO Epoch 17 | Step 1860/2562 | Loss 0.1675 | LR 1.9994e-05
2026-03-02 14:32:24 INFO Epoch 17 | Step 1880/2562 | Loss 0.1676 | LR 1.9994e-05
2026-03-02 14:33:59 INFO Epoch 17 | Step 1900/2562 | Loss 0.1675 | LR 1.9994e-05
2026-03-02 14:35:35 INFO Epoch 17 | Step 1920/2562 | Loss 0.1675 | LR 1.9994e-05
2026-03-02 14:37:11 INFO Epoch 17 | Step 1940/2562 | Loss 0.1678 | LR 1.9994e-05
2026-03-02 14:38:46 INFO Epoch 17 | Step 1960/2562 | Loss 0.1677 | LR 1.9994e-05
2026-03-02 14:40:21 INFO Epoch 17 | Step 1980/2562 | Loss 0.1675 | LR 1.9994e-05
2026-03-02 14:41:57 INFO Epoch 17 | Step 2000/2562 | Loss 0.1677 | LR 1.9994e-05
2026-03-02 14:43:33 INFO Epoch 17 | Step 2020/2562 | Loss 0.1678 | LR 1.9994e-05
2026-03-02 14:45:09 INFO Epoch 17 | Step 2040/2562 | Loss 0.1678 | LR 1.9994e-05
2026-03-02 14:46:44 INFO Epoch 17 | Step 2060/2562 | Loss 0.1677 | LR 1.9994e-05
2026-03-02 14:48:20 INFO Epoch 17 | Step 2080/2562 | Loss 0.1678 | LR 1.9994e-05
2026-03-02 14:49:56 INFO Epoch 17 | Step 2100/2562 | Loss 0.1679 | LR 1.9994e-05
2026-03-02 14:51:32 INFO Epoch 17 | Step 2120/2562 | Loss 0.1678 | LR 1.9994e-05
2026-03-02 14:53:08 INFO Epoch 17 | Step 2140/2562 | Loss 0.1680 | LR 1.9994e-05
2026-03-02 14:54:43 INFO Epoch 17 | Step 2160/2562 | Loss 0.1680 | LR 1.9994e-05
2026-03-02 14:56:19 INFO Epoch 17 | Step 2180/2562 | Loss 0.1681 | LR 1.9994e-05
2026-03-02 14:57:55 INFO Epoch 17 | Step 2200/2562 | Loss 0.1682 | LR 1.9994e-05
2026-03-02 14:59:31 INFO Epoch 17 | Step 2220/2562 | Loss 0.1682 | LR 1.9993e-05
2026-03-02 15:01:07 INFO Epoch 17 | Step 2240/2562 | Loss 0.1681 | LR 1.9993e-05
2026-03-02 15:02:42 INFO Epoch 17 | Step 2260/2562 | Loss 0.1684 | LR 1.9993e-05
2026-03-02 15:04:18 INFO Epoch 17 | Step 2280/2562 | Loss 0.1684 | LR 1.9993e-05
2026-03-02 15:05:53 INFO Epoch 17 | Step 2300/2562 | Loss 0.1683 | LR 1.9993e-05
2026-03-02 15:07:29 INFO Epoch 17 | Step 2320/2562 | Loss 0.1683 | LR 1.9993e-05
2026-03-02 15:09:05 INFO Epoch 17 | Step 2340/2562 | Loss 0.1685 | LR 1.9993e-05
2026-03-02 15:10:40 INFO Epoch 17 | Step 2360/2562 | Loss 0.1686 | LR 1.9993e-05
2026-03-02 15:12:14 INFO Epoch 17 | Step 2380/2562 | Loss 0.1688 | LR 1.9993e-05
2026-03-02 15:13:49 INFO Epoch 17 | Step 2400/2562 | Loss 0.1686 | LR 1.9993e-05
2026-03-02 15:15:23 INFO Epoch 17 | Step 2420/2562 | Loss 0.1686 | LR 1.9993e-05
2026-03-02 15:16:57 INFO Epoch 17 | Step 2440/2562 | Loss 0.1685 | LR 1.9993e-05
2026-03-02 15:18:31 INFO Epoch 17 | Step 2460/2562 | Loss 0.1684 | LR 1.9993e-05
2026-03-02 15:20:05 INFO Epoch 17 | Step 2480/2562 | Loss 0.1683 | LR 1.9993e-05
2026-03-02 15:21:39 INFO Epoch 17 | Step 2500/2562 | Loss 0.1683 | LR 1.9993e-05
2026-03-02 15:23:13 INFO Epoch 17 | Step 2520/2562 | Loss 0.1683 | LR 1.9993e-05
2026-03-02 15:24:47 INFO Epoch 17 | Step 2540/2562 | Loss 0.1682 | LR 1.9993e-05
2026-03-02 15:26:21 INFO Epoch 17 | Step 2560/2562 | Loss 0.1683 | LR 1.9993e-05
2026-03-02 15:26:30 INFO Epoch 17 | Step 2562/2562 | Loss 0.1683 | LR 1.9993e-05
2026-03-02 16:12:29 INFO CSV Written | Epoch: 17
2026-03-02 16:12:30 INFO Best Saved | Epoch: 17 | Monitor: val_auprc | Value: 0.9052
2026-03-02 16:12:30 INFO Epoch Done | Epoch: 17 | Time: 14990.5438 | Train Loss: 0.1683 | Val Accuracy: 0.9940 | Val AUPRC: 0.9052 | Val Auroc: 0.9931 | Val F1: 0.8596 | Val Loss: 0.4003
2026-03-02 16:12:30 INFO Epoch Start | Epoch: 18
2026-03-02 16:12:46 INFO Epoch 18 | Step 1/2562 | Loss 0.0797 | LR 1.9993e-05
2026-03-02 16:14:17 INFO Epoch 18 | Step 20/2562 | Loss 0.1896 | LR 1.9992e-05
2026-03-02 16:15:53 INFO Epoch 18 | Step 40/2562 | Loss 0.1745 | LR 1.9992e-05
2026-03-02 16:17:29 INFO Epoch 18 | Step 60/2562 | Loss 0.1721 | LR 1.9992e-05
2026-03-02 16:19:06 INFO Epoch 18 | Step 80/2562 | Loss 0.1673 | LR 1.9992e-05
2026-03-02 16:20:43 INFO Epoch 18 | Step 100/2562 | Loss 0.1729 | LR 1.9992e-05
2026-03-02 16:22:19 INFO Epoch 18 | Step 120/2562 | Loss 0.1710 | LR 1.9992e-05
2026-03-02 16:23:56 INFO Epoch 18 | Step 140/2562 | Loss 0.1725 | LR 1.9992e-05
2026-03-02 16:25:32 INFO Epoch 18 | Step 160/2562 | Loss 0.1702 | LR 1.9992e-05
2026-03-02 16:27:08 INFO Epoch 18 | Step 180/2562 | Loss 0.1675 | LR 1.9992e-05
2026-03-02 16:28:45 INFO Epoch 18 | Step 200/2562 | Loss 0.1680 | LR 1.9992e-05
2026-03-02 16:30:22 INFO Epoch 18 | Step 220/2562 | Loss 0.1670 | LR 1.9992e-05
2026-03-02 16:31:58 INFO Epoch 18 | Step 240/2562 | Loss 0.1675 | LR 1.9992e-05
2026-03-02 16:33:35 INFO Epoch 18 | Step 260/2562 | Loss 0.1662 | LR 1.9992e-05
2026-03-02 16:35:12 INFO Epoch 18 | Step 280/2562 | Loss 0.1657 | LR 1.9992e-05
2026-03-02 16:36:49 INFO Epoch 18 | Step 300/2562 | Loss 0.1657 | LR 1.9992e-05
2026-03-02 16:38:26 INFO Epoch 18 | Step 320/2562 | Loss 0.1676 | LR 1.9992e-05
2026-03-02 16:40:03 INFO Epoch 18 | Step 340/2562 | Loss 0.1673 | LR 1.9991e-05
2026-03-02 16:41:40 INFO Epoch 18 | Step 360/2562 | Loss 0.1641 | LR 1.9991e-05
2026-03-02 16:43:16 INFO Epoch 18 | Step 380/2562 | Loss 0.1646 | LR 1.9991e-05
2026-03-02 16:44:53 INFO Epoch 18 | Step 400/2562 | Loss 0.1634 | LR 1.9991e-05
2026-03-02 16:46:30 INFO Epoch 18 | Step 420/2562 | Loss 0.1648 | LR 1.9991e-05
2026-03-02 16:48:07 INFO Epoch 18 | Step 440/2562 | Loss 0.1638 | LR 1.9991e-05
2026-03-02 16:49:44 INFO Epoch 18 | Step 460/2562 | Loss 0.1642 | LR 1.9991e-05
2026-03-02 16:51:20 INFO Epoch 18 | Step 480/2562 | Loss 0.1628 | LR 1.9991e-05
2026-03-02 16:52:55 INFO Epoch 18 | Step 500/2562 | Loss 0.1631 | LR 1.9991e-05
2026-03-02 16:54:29 INFO Epoch 18 | Step 520/2562 | Loss 0.1627 | LR 1.9991e-05
2026-03-02 16:56:03 INFO Epoch 18 | Step 540/2562 | Loss 0.1629 | LR 1.9991e-05
2026-03-02 16:57:38 INFO Epoch 18 | Step 560/2562 | Loss 0.1639 | LR 1.9991e-05
2026-03-02 16:59:12 INFO Epoch 18 | Step 580/2562 | Loss 0.1634 | LR 1.9991e-05
2026-03-02 17:00:47 INFO Epoch 18 | Step 600/2562 | Loss 0.1636 | LR 1.9991e-05
2026-03-02 17:02:21 INFO Epoch 18 | Step 620/2562 | Loss 0.1634 | LR 1.9991e-05
2026-03-02 17:03:56 INFO Epoch 18 | Step 640/2562 | Loss 0.1624 | LR 1.9991e-05
2026-03-02 17:05:30 INFO Epoch 18 | Step 660/2562 | Loss 0.1622 | LR 1.9990e-05
2026-03-02 17:07:05 INFO Epoch 18 | Step 680/2562 | Loss 0.1618 | LR 1.9990e-05
2026-03-02 17:08:40 INFO Epoch 18 | Step 700/2562 | Loss 0.1624 | LR 1.9990e-05
2026-03-02 17:10:14 INFO Epoch 18 | Step 720/2562 | Loss 0.1624 | LR 1.9990e-05
2026-03-02 17:11:49 INFO Epoch 18 | Step 740/2562 | Loss 0.1619 | LR 1.9990e-05
2026-03-02 17:13:23 INFO Epoch 18 | Step 760/2562 | Loss 0.1619 | LR 1.9990e-05
2026-03-02 17:14:58 INFO Epoch 18 | Step 780/2562 | Loss 0.1622 | LR 1.9990e-05
2026-03-02 17:16:32 INFO Epoch 18 | Step 800/2562 | Loss 0.1629 | LR 1.9990e-05
2026-03-02 17:18:07 INFO Epoch 18 | Step 820/2562 | Loss 0.1633 | LR 1.9990e-05
2026-03-02 17:19:41 INFO Epoch 18 | Step 840/2562 | Loss 0.1635 | LR 1.9990e-05
2026-03-02 17:21:16 INFO Epoch 18 | Step 860/2562 | Loss 0.1633 | LR 1.9990e-05
2026-03-02 17:22:50 INFO Epoch 18 | Step 880/2562 | Loss 0.1633 | LR 1.9990e-05
2026-03-02 17:24:25 INFO Epoch 18 | Step 900/2562 | Loss 0.1629 | LR 1.9990e-05
2026-03-02 17:25:59 INFO Epoch 18 | Step 920/2562 | Loss 0.1625 | LR 1.9990e-05
2026-03-02 17:27:34 INFO Epoch 18 | Step 940/2562 | Loss 0.1625 | LR 1.9990e-05
2026-03-02 17:29:09 INFO Epoch 18 | Step 960/2562 | Loss 0.1626 | LR 1.9989e-05
2026-03-02 17:30:45 INFO Epoch 18 | Step 980/2562 | Loss 0.1626 | LR 1.9989e-05
2026-03-02 17:32:21 INFO Epoch 18 | Step 1000/2562 | Loss 0.1626 | LR 1.9989e-05
2026-03-02 17:33:56 INFO Epoch 18 | Step 1020/2562 | Loss 0.1620 | LR 1.9989e-05
2026-03-02 17:35:32 INFO Epoch 18 | Step 1040/2562 | Loss 0.1624 | LR 1.9989e-05
2026-03-02 17:37:08 INFO Epoch 18 | Step 1060/2562 | Loss 0.1626 | LR 1.9989e-05
2026-03-02 17:38:43 INFO Epoch 18 | Step 1080/2562 | Loss 0.1635 | LR 1.9989e-05
2026-03-02 17:40:19 INFO Epoch 18 | Step 1100/2562 | Loss 0.1635 | LR 1.9989e-05
2026-03-02 17:41:54 INFO Epoch 18 | Step 1120/2562 | Loss 0.1637 | LR 1.9989e-05
2026-03-02 17:43:30 INFO Epoch 18 | Step 1140/2562 | Loss 0.1638 | LR 1.9989e-05
2026-03-02 17:45:06 INFO Epoch 18 | Step 1160/2562 | Loss 0.1640 | LR 1.9989e-05
2026-03-02 17:46:41 INFO Epoch 18 | Step 1180/2562 | Loss 0.1638 | LR 1.9989e-05
2026-03-02 17:48:17 INFO Epoch 18 | Step 1200/2562 | Loss 0.1637 | LR 1.9989e-05
2026-03-02 17:49:53 INFO Epoch 18 | Step 1220/2562 | Loss 0.1638 | LR 1.9989e-05
2026-03-02 17:51:28 INFO Epoch 18 | Step 1240/2562 | Loss 0.1636 | LR 1.9988e-05
2026-03-02 17:53:04 INFO Epoch 18 | Step 1260/2562 | Loss 0.1641 | LR 1.9988e-05
2026-03-02 17:54:39 INFO Epoch 18 | Step 1280/2562 | Loss 0.1642 | LR 1.9988e-05
2026-03-02 17:56:15 INFO Epoch 18 | Step 1300/2562 | Loss 0.1642 | LR 1.9988e-05
2026-03-02 17:57:51 INFO Epoch 18 | Step 1320/2562 | Loss 0.1644 | LR 1.9988e-05
2026-03-02 17:59:27 INFO Epoch 18 | Step 1340/2562 | Loss 0.1639 | LR 1.9988e-05
2026-03-02 18:01:03 INFO Epoch 18 | Step 1360/2562 | Loss 0.1636 | LR 1.9988e-05
2026-03-02 18:02:40 INFO Epoch 18 | Step 1380/2562 | Loss 0.1640 | LR 1.9988e-05
2026-03-02 18:04:16 INFO Epoch 18 | Step 1400/2562 | Loss 0.1640 | LR 1.9988e-05
2026-03-02 18:05:51 INFO Epoch 18 | Step 1420/2562 | Loss 0.1639 | LR 1.9988e-05
2026-03-02 18:07:26 INFO Epoch 18 | Step 1440/2562 | Loss 0.1640 | LR 1.9988e-05
2026-03-02 18:09:02 INFO Epoch 18 | Step 1460/2562 | Loss 0.1642 | LR 1.9988e-05
2026-03-02 18:10:38 INFO Epoch 18 | Step 1480/2562 | Loss 0.1640 | LR 1.9988e-05
2026-03-02 18:12:14 INFO Epoch 18 | Step 1500/2562 | Loss 0.1641 | LR 1.9987e-05
2026-03-02 18:13:48 INFO Epoch 18 | Step 1520/2562 | Loss 0.1640 | LR 1.9987e-05
2026-03-02 18:15:23 INFO Epoch 18 | Step 1540/2562 | Loss 0.1639 | LR 1.9987e-05
2026-03-02 18:16:58 INFO Epoch 18 | Step 1560/2562 | Loss 0.1640 | LR 1.9987e-05
2026-03-02 18:18:33 INFO Epoch 18 | Step 1580/2562 | Loss 0.1642 | LR 1.9987e-05
2026-03-02 18:20:08 INFO Epoch 18 | Step 1600/2562 | Loss 0.1643 | LR 1.9987e-05
2026-03-02 18:21:43 INFO Epoch 18 | Step 1620/2562 | Loss 0.1643 | LR 1.9987e-05
2026-03-02 18:23:18 INFO Epoch 18 | Step 1640/2562 | Loss 0.1643 | LR 1.9987e-05
2026-03-02 18:24:53 INFO Epoch 18 | Step 1660/2562 | Loss 0.1642 | LR 1.9987e-05
2026-03-02 18:26:28 INFO Epoch 18 | Step 1680/2562 | Loss 0.1641 | LR 1.9987e-05
2026-03-02 18:28:03 INFO Epoch 18 | Step 1700/2562 | Loss 0.1641 | LR 1.9987e-05
2026-03-02 18:29:38 INFO Epoch 18 | Step 1720/2562 | Loss 0.1640 | LR 1.9987e-05
2026-03-02 18:31:13 INFO Epoch 18 | Step 1740/2562 | Loss 0.1640 | LR 1.9987e-05
2026-03-02 18:32:49 INFO Epoch 18 | Step 1760/2562 | Loss 0.1637 | LR 1.9986e-05
2026-03-02 18:34:24 INFO Epoch 18 | Step 1780/2562 | Loss 0.1639 | LR 1.9986e-05
2026-03-02 18:35:59 INFO Epoch 18 | Step 1800/2562 | Loss 0.1641 | LR 1.9986e-05
2026-03-02 18:37:34 INFO Epoch 18 | Step 1820/2562 | Loss 0.1642 | LR 1.9986e-05
2026-03-02 18:39:09 INFO Epoch 18 | Step 1840/2562 | Loss 0.1640 | LR 1.9986e-05
2026-03-02 18:40:44 INFO Epoch 18 | Step 1860/2562 | Loss 0.1640 | LR 1.9986e-05
2026-03-02 18:42:19 INFO Epoch 18 | Step 1880/2562 | Loss 0.1642 | LR 1.9986e-05
2026-03-02 18:43:55 INFO Epoch 18 | Step 1900/2562 | Loss 0.1646 | LR 1.9986e-05
2026-03-02 18:45:30 INFO Epoch 18 | Step 1920/2562 | Loss 0.1646 | LR 1.9986e-05
2026-03-02 18:47:06 INFO Epoch 18 | Step 1940/2562 | Loss 0.1644 | LR 1.9986e-05
2026-03-02 18:48:42 INFO Epoch 18 | Step 1960/2562 | Loss 0.1644 | LR 1.9986e-05
2026-03-02 18:50:18 INFO Epoch 18 | Step 1980/2562 | Loss 0.1644 | LR 1.9986e-05
2026-03-02 18:51:54 INFO Epoch 18 | Step 2000/2562 | Loss 0.1645 | LR 1.9986e-05
2026-03-02 18:53:30 INFO Epoch 18 | Step 2020/2562 | Loss 0.1646 | LR 1.9985e-05
2026-03-02 18:55:06 INFO Epoch 18 | Step 2040/2562 | Loss 0.1648 | LR 1.9985e-05
2026-03-02 18:56:42 INFO Epoch 18 | Step 2060/2562 | Loss 0.1647 | LR 1.9985e-05
2026-03-02 18:58:18 INFO Epoch 18 | Step 2080/2562 | Loss 0.1645 | LR 1.9985e-05
2026-03-02 18:59:54 INFO Epoch 18 | Step 2100/2562 | Loss 0.1643 | LR 1.9985e-05
2026-03-02 19:01:30 INFO Epoch 18 | Step 2120/2562 | Loss 0.1642 | LR 1.9985e-05
2026-03-02 19:03:07 INFO Epoch 18 | Step 2140/2562 | Loss 0.1642 | LR 1.9985e-05
2026-03-02 19:04:43 INFO Epoch 18 | Step 2160/2562 | Loss 0.1641 | LR 1.9985e-05
2026-03-02 19:06:19 INFO Epoch 18 | Step 2180/2562 | Loss 0.1640 | LR 1.9985e-05
2026-03-02 19:07:55 INFO Epoch 18 | Step 2200/2562 | Loss 0.1641 | LR 1.9985e-05
2026-03-02 19:09:31 INFO Epoch 18 | Step 2220/2562 | Loss 0.1639 | LR 1.9985e-05
2026-03-02 19:11:07 INFO Epoch 18 | Step 2240/2562 | Loss 0.1639 | LR 1.9985e-05
2026-03-02 19:12:43 INFO Epoch 18 | Step 2260/2562 | Loss 0.1636 | LR 1.9984e-05
2026-03-02 19:14:19 INFO Epoch 18 | Step 2280/2562 | Loss 0.1635 | LR 1.9984e-05
2026-03-02 19:15:55 INFO Epoch 18 | Step 2300/2562 | Loss 0.1634 | LR 1.9984e-05
2026-03-02 19:17:31 INFO Epoch 18 | Step 2320/2562 | Loss 0.1631 | LR 1.9984e-05
2026-03-02 19:19:07 INFO Epoch 18 | Step 2340/2562 | Loss 0.1632 | LR 1.9984e-05
2026-03-02 19:20:42 INFO Epoch 18 | Step 2360/2562 | Loss 0.1632 | LR 1.9984e-05
2026-03-02 19:22:17 INFO Epoch 18 | Step 2380/2562 | Loss 0.1631 | LR 1.9984e-05
2026-03-02 19:23:52 INFO Epoch 18 | Step 2400/2562 | Loss 0.1630 | LR 1.9984e-05
2026-03-02 19:25:26 INFO Epoch 18 | Step 2420/2562 | Loss 0.1631 | LR 1.9984e-05
2026-03-02 19:27:00 INFO Epoch 18 | Step 2440/2562 | Loss 0.1629 | LR 1.9984e-05
2026-03-02 19:28:35 INFO Epoch 18 | Step 2460/2562 | Loss 0.1629 | LR 1.9984e-05
2026-03-02 19:30:09 INFO Epoch 18 | Step 2480/2562 | Loss 0.1626 | LR 1.9983e-05
2026-03-02 19:31:43 INFO Epoch 18 | Step 2500/2562 | Loss 0.1627 | LR 1.9983e-05
2026-03-02 19:33:17 INFO Epoch 18 | Step 2520/2562 | Loss 0.1628 | LR 1.9983e-05
2026-03-02 19:34:51 INFO Epoch 18 | Step 2540/2562 | Loss 0.1629 | LR 1.9983e-05
2026-03-02 19:36:26 INFO Epoch 18 | Step 2560/2562 | Loss 0.1629 | LR 1.9983e-05
2026-03-02 19:36:35 INFO Epoch 18 | Step 2562/2562 | Loss 0.1628 | LR 1.9983e-05
2026-03-02 20:22:31 INFO CSV Written | Epoch: 18
2026-03-02 20:22:31 INFO Best Saved | Epoch: 18 | Monitor: val_auprc | Value: 0.9072
2026-03-02 20:22:31 INFO Epoch Done | Epoch: 18 | Time: 15001.5035 | Train Loss: 0.1628 | Val Accuracy: 0.9938 | Val AUPRC: 0.9072 | Val Auroc: 0.9932 | Val F1: 0.8505 | Val Loss: 0.4107
2026-03-02 20:22:31 INFO Epoch Start | Epoch: 19
2026-03-02 20:22:49 INFO Epoch 19 | Step 1/2562 | Loss 0.1732 | LR 1.9983e-05
2026-03-02 20:24:19 INFO Epoch 19 | Step 20/2562 | Loss 0.1594 | LR 1.9983e-05
2026-03-02 20:25:55 INFO Epoch 19 | Step 40/2562 | Loss 0.1528 | LR 1.9983e-05
2026-03-02 20:27:32 INFO Epoch 19 | Step 60/2562 | Loss 0.1522 | LR 1.9983e-05
2026-03-02 20:29:09 INFO Epoch 19 | Step 80/2562 | Loss 0.1522 | LR 1.9983e-05
2026-03-02 20:30:46 INFO Epoch 19 | Step 100/2562 | Loss 0.1525 | LR 1.9983e-05
2026-03-02 20:32:23 INFO Epoch 19 | Step 120/2562 | Loss 0.1525 | LR 1.9983e-05
2026-03-02 20:33:59 INFO Epoch 19 | Step 140/2562 | Loss 0.1562 | LR 1.9983e-05
2026-03-02 20:35:36 INFO Epoch 19 | Step 160/2562 | Loss 0.1545 | LR 1.9982e-05
2026-03-02 20:37:13 INFO Epoch 19 | Step 180/2562 | Loss 0.1544 | LR 1.9982e-05
2026-03-02 20:38:50 INFO Epoch 19 | Step 200/2562 | Loss 0.1552 | LR 1.9982e-05
2026-03-02 20:40:26 INFO Epoch 19 | Step 220/2562 | Loss 0.1531 | LR 1.9982e-05
2026-03-02 20:42:03 INFO Epoch 19 | Step 240/2562 | Loss 0.1525 | LR 1.9982e-05
2026-03-02 20:43:40 INFO Epoch 19 | Step 260/2562 | Loss 0.1543 | LR 1.9982e-05
2026-03-02 20:45:17 INFO Epoch 19 | Step 280/2562 | Loss 0.1550 | LR 1.9982e-05
2026-03-02 20:46:54 INFO Epoch 19 | Step 300/2562 | Loss 0.1552 | LR 1.9982e-05
2026-03-02 20:48:31 INFO Epoch 19 | Step 320/2562 | Loss 0.1557 | LR 1.9982e-05
2026-03-02 20:50:08 INFO Epoch 19 | Step 340/2562 | Loss 0.1573 | LR 1.9982e-05
2026-03-02 20:51:45 INFO Epoch 19 | Step 360/2562 | Loss 0.1571 | LR 1.9982e-05
2026-03-02 20:53:23 INFO Epoch 19 | Step 380/2562 | Loss 0.1585 | LR 1.9981e-05
2026-03-02 20:55:00 INFO Epoch 19 | Step 400/2562 | Loss 0.1576 | LR 1.9981e-05
2026-03-02 20:56:37 INFO Epoch 19 | Step 420/2562 | Loss 0.1565 | LR 1.9981e-05
2026-03-02 20:58:14 INFO Epoch 19 | Step 440/2562 | Loss 0.1566 | LR 1.9981e-05
2026-03-02 20:59:51 INFO Epoch 19 | Step 460/2562 | Loss 0.1575 | LR 1.9981e-05
2026-03-02 21:01:27 INFO Epoch 19 | Step 480/2562 | Loss 0.1581 | LR 1.9981e-05
2026-03-02 21:03:02 INFO Epoch 19 | Step 500/2562 | Loss 0.1580 | LR 1.9981e-05
2026-03-02 21:04:36 INFO Epoch 19 | Step 520/2562 | Loss 0.1576 | LR 1.9981e-05
2026-03-02 21:06:11 INFO Epoch 19 | Step 540/2562 | Loss 0.1567 | LR 1.9981e-05
2026-03-02 21:07:45 INFO Epoch 19 | Step 560/2562 | Loss 0.1570 | LR 1.9981e-05
2026-03-02 21:09:20 INFO Epoch 19 | Step 580/2562 | Loss 0.1563 | LR 1.9980e-05
2026-03-02 21:10:55 INFO Epoch 19 | Step 600/2562 | Loss 0.1571 | LR 1.9980e-05
2026-03-02 21:12:29 INFO Epoch 19 | Step 620/2562 | Loss 0.1565 | LR 1.9980e-05
2026-03-02 21:14:04 INFO Epoch 19 | Step 640/2562 | Loss 0.1560 | LR 1.9980e-05
2026-03-02 21:15:38 INFO Epoch 19 | Step 660/2562 | Loss 0.1564 | LR 1.9980e-05
2026-03-02 21:17:13 INFO Epoch 19 | Step 680/2562 | Loss 0.1559 | LR 1.9980e-05
2026-03-02 21:18:47 INFO Epoch 19 | Step 700/2562 | Loss 0.1561 | LR 1.9980e-05
2026-03-02 21:20:22 INFO Epoch 19 | Step 720/2562 | Loss 0.1563 | LR 1.9980e-05
2026-03-02 21:21:56 INFO Epoch 19 | Step 740/2562 | Loss 0.1565 | LR 1.9980e-05
2026-03-02 21:23:31 INFO Epoch 19 | Step 760/2562 | Loss 0.1555 | LR 1.9980e-05
2026-03-02 21:25:05 INFO Epoch 19 | Step 780/2562 | Loss 0.1556 | LR 1.9980e-05
2026-03-02 21:26:40 INFO Epoch 19 | Step 800/2562 | Loss 0.1560 | LR 1.9979e-05
2026-03-02 21:28:14 INFO Epoch 19 | Step 820/2562 | Loss 0.1555 | LR 1.9979e-05
2026-03-02 21:29:49 INFO Epoch 19 | Step 840/2562 | Loss 0.1548 | LR 1.9979e-05
2026-03-02 21:31:24 INFO Epoch 19 | Step 860/2562 | Loss 0.1549 | LR 1.9979e-05
2026-03-02 21:32:58 INFO Epoch 19 | Step 880/2562 | Loss 0.1552 | LR 1.9979e-05
2026-03-02 21:34:33 INFO Epoch 19 | Step 900/2562 | Loss 0.1548 | LR 1.9979e-05
2026-03-02 21:36:07 INFO Epoch 19 | Step 920/2562 | Loss 0.1550 | LR 1.9979e-05
2026-03-02 21:37:42 INFO Epoch 19 | Step 940/2562 | Loss 0.1547 | LR 1.9979e-05
2026-03-02 21:39:17 INFO Epoch 19 | Step 960/2562 | Loss 0.1545 | LR 1.9979e-05
2026-03-02 21:40:54 INFO Epoch 19 | Step 980/2562 | Loss 0.1545 | LR 1.9979e-05
2026-03-02 21:42:30 INFO Epoch 19 | Step 1000/2562 | Loss 0.1547 | LR 1.9978e-05
2026-03-02 21:44:06 INFO Epoch 19 | Step 1020/2562 | Loss 0.1551 | LR 1.9978e-05
2026-03-02 21:45:42 INFO Epoch 19 | Step 1040/2562 | Loss 0.1549 | LR 1.9978e-05
2026-03-02 21:47:18 INFO Epoch 19 | Step 1060/2562 | Loss 0.1551 | LR 1.9978e-05
2026-03-02 21:48:54 INFO Epoch 19 | Step 1080/2562 | Loss 0.1553 | LR 1.9978e-05
2026-03-02 21:50:30 INFO Epoch 19 | Step 1100/2562 | Loss 0.1548 | LR 1.9978e-05
2026-03-02 21:52:06 INFO Epoch 19 | Step 1120/2562 | Loss 0.1550 | LR 1.9978e-05
2026-03-02 21:53:42 INFO Epoch 19 | Step 1140/2562 | Loss 0.1550 | LR 1.9978e-05
2026-03-02 21:55:19 INFO Epoch 19 | Step 1160/2562 | Loss 0.1549 | LR 1.9978e-05
2026-03-02 21:56:55 INFO Epoch 19 | Step 1180/2562 | Loss 0.1552 | LR 1.9978e-05
2026-03-02 21:58:31 INFO Epoch 19 | Step 1200/2562 | Loss 0.1556 | LR 1.9977e-05
2026-03-02 22:00:07 INFO Epoch 19 | Step 1220/2562 | Loss 0.1558 | LR 1.9977e-05
2026-03-02 22:01:43 INFO Epoch 19 | Step 1240/2562 | Loss 0.1557 | LR 1.9977e-05
2026-03-02 22:03:18 INFO Epoch 19 | Step 1260/2562 | Loss 0.1558 | LR 1.9977e-05
2026-03-02 22:04:54 INFO Epoch 19 | Step 1280/2562 | Loss 0.1562 | LR 1.9977e-05
2026-03-02 22:06:29 INFO Epoch 19 | Step 1300/2562 | Loss 0.1563 | LR 1.9977e-05
2026-03-02 22:08:05 INFO Epoch 19 | Step 1320/2562 | Loss 0.1562 | LR 1.9977e-05
2026-03-02 22:09:40 INFO Epoch 19 | Step 1340/2562 | Loss 0.1559 | LR 1.9977e-05
2026-03-02 22:11:15 INFO Epoch 19 | Step 1360/2562 | Loss 0.1561 | LR 1.9977e-05
2026-03-02 22:12:51 INFO Epoch 19 | Step 1380/2562 | Loss 0.1564 | LR 1.9977e-05
2026-03-02 22:14:27 INFO Epoch 19 | Step 1400/2562 | Loss 0.1564 | LR 1.9976e-05
2026-03-02 22:16:02 INFO Epoch 19 | Step 1420/2562 | Loss 0.1562 | LR 1.9976e-05
2026-03-02 22:17:37 INFO Epoch 19 | Step 1440/2562 | Loss 0.1564 | LR 1.9976e-05
2026-03-02 22:19:11 INFO Epoch 19 | Step 1460/2562 | Loss 0.1563 | LR 1.9976e-05
2026-03-02 22:20:45 INFO Epoch 19 | Step 1480/2562 | Loss 0.1561 | LR 1.9976e-05
2026-03-02 22:22:20 INFO Epoch 19 | Step 1500/2562 | Loss 0.1561 | LR 1.9976e-05
2026-03-02 22:23:54 INFO Epoch 19 | Step 1520/2562 | Loss 0.1564 | LR 1.9976e-05
2026-03-02 22:25:28 INFO Epoch 19 | Step 1540/2562 | Loss 0.1569 | LR 1.9976e-05
2026-03-02 22:27:02 INFO Epoch 19 | Step 1560/2562 | Loss 0.1571 | LR 1.9976e-05
2026-03-02 22:28:36 INFO Epoch 19 | Step 1580/2562 | Loss 0.1571 | LR 1.9975e-05
2026-03-02 22:30:11 INFO Epoch 19 | Step 1600/2562 | Loss 0.1572 | LR 1.9975e-05
2026-03-02 22:31:45 INFO Epoch 19 | Step 1620/2562 | Loss 0.1568 | LR 1.9975e-05
2026-03-02 22:33:19 INFO Epoch 19 | Step 1640/2562 | Loss 0.1568 | LR 1.9975e-05
2026-03-02 22:34:53 INFO Epoch 19 | Step 1660/2562 | Loss 0.1568 | LR 1.9975e-05
2026-03-02 22:36:27 INFO Epoch 19 | Step 1680/2562 | Loss 0.1565 | LR 1.9975e-05
2026-03-02 22:38:02 INFO Epoch 19 | Step 1700/2562 | Loss 0.1565 | LR 1.9975e-05
2026-03-02 22:39:36 INFO Epoch 19 | Step 1720/2562 | Loss 0.1564 | LR 1.9975e-05
2026-03-02 22:41:11 INFO Epoch 19 | Step 1740/2562 | Loss 0.1564 | LR 1.9975e-05
2026-03-02 22:42:45 INFO Epoch 19 | Step 1760/2562 | Loss 0.1564 | LR 1.9975e-05
2026-03-02 22:44:20 INFO Epoch 19 | Step 1780/2562 | Loss 0.1570 | LR 1.9974e-05
2026-03-02 22:45:55 INFO Epoch 19 | Step 1800/2562 | Loss 0.1569 | LR 1.9974e-05
2026-03-02 22:47:29 INFO Epoch 19 | Step 1820/2562 | Loss 0.1569 | LR 1.9974e-05
2026-03-02 22:49:04 INFO Epoch 19 | Step 1840/2562 | Loss 0.1573 | LR 1.9974e-05
2026-03-02 22:50:38 INFO Epoch 19 | Step 1860/2562 | Loss 0.1577 | LR 1.9974e-05
2026-03-02 22:52:13 INFO Epoch 19 | Step 1880/2562 | Loss 0.1576 | LR 1.9974e-05
2026-03-02 22:53:49 INFO Epoch 19 | Step 1900/2562 | Loss 0.1576 | LR 1.9974e-05
2026-03-02 22:55:25 INFO Epoch 19 | Step 1920/2562 | Loss 0.1577 | LR 1.9974e-05
2026-03-02 22:57:01 INFO Epoch 19 | Step 1940/2562 | Loss 0.1579 | LR 1.9974e-05
2026-03-02 22:58:37 INFO Epoch 19 | Step 1960/2562 | Loss 0.1583 | LR 1.9973e-05
2026-03-02 23:00:14 INFO Epoch 19 | Step 1980/2562 | Loss 0.1583 | LR 1.9973e-05
2026-03-02 23:01:53 INFO Epoch 19 | Step 2000/2562 | Loss 0.1584 | LR 1.9973e-05
2026-03-02 23:03:33 INFO Epoch 19 | Step 2020/2562 | Loss 0.1586 | LR 1.9973e-05
2026-03-02 23:05:09 INFO Epoch 19 | Step 2040/2562 | Loss 0.1588 | LR 1.9973e-05
2026-03-02 23:06:45 INFO Epoch 19 | Step 2060/2562 | Loss 0.1587 | LR 1.9973e-05
2026-03-02 23:08:21 INFO Epoch 19 | Step 2080/2562 | Loss 0.1586 | LR 1.9973e-05
2026-03-02 23:09:58 INFO Epoch 19 | Step 2100/2562 | Loss 0.1584 | LR 1.9973e-05
2026-03-02 23:11:35 INFO Epoch 19 | Step 2120/2562 | Loss 0.1583 | LR 1.9973e-05
2026-03-02 23:13:11 INFO Epoch 19 | Step 2140/2562 | Loss 0.1582 | LR 1.9972e-05
2026-03-02 23:14:47 INFO Epoch 19 | Step 2160/2562 | Loss 0.1583 | LR 1.9972e-05
2026-03-02 23:16:23 INFO Epoch 19 | Step 2180/2562 | Loss 0.1584 | LR 1.9972e-05
2026-03-02 23:18:00 INFO Epoch 19 | Step 2200/2562 | Loss 0.1585 | LR 1.9972e-05
2026-03-02 23:19:36 INFO Epoch 19 | Step 2220/2562 | Loss 0.1585 | LR 1.9972e-05
2026-03-02 23:21:12 INFO Epoch 19 | Step 2240/2562 | Loss 0.1584 | LR 1.9972e-05
2026-03-02 23:22:48 INFO Epoch 19 | Step 2260/2562 | Loss 0.1585 | LR 1.9972e-05
2026-03-02 23:24:24 INFO Epoch 19 | Step 2280/2562 | Loss 0.1584 | LR 1.9972e-05
2026-03-02 23:26:00 INFO Epoch 19 | Step 2300/2562 | Loss 0.1585 | LR 1.9972e-05
2026-03-02 23:27:36 INFO Epoch 19 | Step 2320/2562 | Loss 0.1583 | LR 1.9971e-05
2026-03-02 23:29:12 INFO Epoch 19 | Step 2340/2562 | Loss 0.1581 | LR 1.9971e-05
2026-03-02 23:30:48 INFO Epoch 19 | Step 2360/2562 | Loss 0.1580 | LR 1.9971e-05
2026-03-02 23:32:22 INFO Epoch 19 | Step 2380/2562 | Loss 0.1580 | LR 1.9971e-05
2026-03-02 23:33:56 INFO Epoch 19 | Step 2400/2562 | Loss 0.1581 | LR 1.9971e-05
2026-03-02 23:35:31 INFO Epoch 19 | Step 2420/2562 | Loss 0.1584 | LR 1.9971e-05
2026-03-02 23:37:05 INFO Epoch 19 | Step 2440/2562 | Loss 0.1585 | LR 1.9971e-05
2026-03-02 23:38:39 INFO Epoch 19 | Step 2460/2562 | Loss 0.1586 | LR 1.9971e-05
2026-03-02 23:40:13 INFO Epoch 19 | Step 2480/2562 | Loss 0.1585 | LR 1.9970e-05
2026-03-02 23:41:48 INFO Epoch 19 | Step 2500/2562 | Loss 0.1586 | LR 1.9970e-05
2026-03-02 23:43:22 INFO Epoch 19 | Step 2520/2562 | Loss 0.1588 | LR 1.9970e-05
2026-03-02 23:44:57 INFO Epoch 19 | Step 2540/2562 | Loss 0.1588 | LR 1.9970e-05
2026-03-02 23:46:31 INFO Epoch 19 | Step 2560/2562 | Loss 0.1589 | LR 1.9970e-05
2026-03-02 23:46:40 INFO Epoch 19 | Step 2562/2562 | Loss 0.1589 | LR 1.9970e-05
2026-03-03 00:32:38 INFO CSV Written | Epoch: 19
2026-03-03 00:32:38 INFO Best Saved | Epoch: 19 | Monitor: val_auprc | Value: 0.9074
2026-03-03 00:32:38 INFO Epoch Done | Epoch: 19 | Time: 15006.4075 | Train Loss: 0.1589 | Val Accuracy: 0.9938 | Val AUPRC: 0.9074 | Val Auroc: 0.9934 | Val F1: 0.8524 | Val Loss: 0.4119
2026-03-03 00:32:38 INFO Epoch Start | Epoch: 20
2026-03-03 00:32:52 INFO Epoch 20 | Step 1/2562 | Loss 0.0754 | LR 1.9970e-05
2026-03-03 00:34:22 INFO Epoch 20 | Step 20/2562 | Loss 0.1841 | LR 1.9970e-05
2026-03-03 00:35:58 INFO Epoch 20 | Step 40/2562 | Loss 0.1624 | LR 1.9970e-05
2026-03-03 00:37:34 INFO Epoch 20 | Step 60/2562 | Loss 0.1529 | LR 1.9970e-05
2026-03-03 00:39:10 INFO Epoch 20 | Step 80/2562 | Loss 0.1567 | LR 1.9970e-05
2026-03-03 00:40:46 INFO Epoch 20 | Step 100/2562 | Loss 0.1556 | LR 1.9969e-05
2026-03-03 00:42:23 INFO Epoch 20 | Step 120/2562 | Loss 0.1522 | LR 1.9969e-05
2026-03-03 00:43:59 INFO Epoch 20 | Step 140/2562 | Loss 0.1548 | LR 1.9969e-05
2026-03-03 00:45:35 INFO Epoch 20 | Step 160/2562 | Loss 0.1527 | LR 1.9969e-05
2026-03-03 00:47:11 INFO Epoch 20 | Step 180/2562 | Loss 0.1538 | LR 1.9969e-05
2026-03-03 00:48:47 INFO Epoch 20 | Step 200/2562 | Loss 0.1545 | LR 1.9969e-05
2026-03-03 00:50:24 INFO Epoch 20 | Step 220/2562 | Loss 0.1569 | LR 1.9969e-05
2026-03-03 00:52:00 INFO Epoch 20 | Step 240/2562 | Loss 0.1553 | LR 1.9969e-05
2026-03-03 00:53:37 INFO Epoch 20 | Step 260/2562 | Loss 0.1554 | LR 1.9968e-05
2026-03-03 00:55:13 INFO Epoch 20 | Step 280/2562 | Loss 0.1540 | LR 1.9968e-05
2026-03-03 00:56:50 INFO Epoch 20 | Step 300/2562 | Loss 0.1533 | LR 1.9968e-05
2026-03-03 00:58:26 INFO Epoch 20 | Step 320/2562 | Loss 0.1536 | LR 1.9968e-05
2026-03-03 01:00:03 INFO Epoch 20 | Step 340/2562 | Loss 0.1526 | LR 1.9968e-05
2026-03-03 01:01:39 INFO Epoch 20 | Step 360/2562 | Loss 0.1529 | LR 1.9968e-05
2026-03-03 01:03:15 INFO Epoch 20 | Step 380/2562 | Loss 0.1528 | LR 1.9968e-05
2026-03-03 01:04:52 INFO Epoch 20 | Step 400/2562 | Loss 0.1528 | LR 1.9968e-05
2026-03-03 01:06:28 INFO Epoch 20 | Step 420/2562 | Loss 0.1523 | LR 1.9967e-05
2026-03-03 01:08:05 INFO Epoch 20 | Step 440/2562 | Loss 0.1523 | LR 1.9967e-05
2026-03-03 01:09:41 INFO Epoch 20 | Step 460/2562 | Loss 0.1523 | LR 1.9967e-05
2026-03-03 01:11:16 INFO Epoch 20 | Step 480/2562 | Loss 0.1519 | LR 1.9967e-05
2026-03-03 01:12:51 INFO Epoch 20 | Step 500/2562 | Loss 0.1515 | LR 1.9967e-05
2026-03-03 01:14:25 INFO Epoch 20 | Step 520/2562 | Loss 0.1509 | LR 1.9967e-05
2026-03-03 01:16:00 INFO Epoch 20 | Step 540/2562 | Loss 0.1515 | LR 1.9967e-05
2026-03-03 01:17:34 INFO Epoch 20 | Step 560/2562 | Loss 0.1511 | LR 1.9967e-05
2026-03-03 01:19:09 INFO Epoch 20 | Step 580/2562 | Loss 0.1517 | LR 1.9967e-05
2026-03-03 01:20:43 INFO Epoch 20 | Step 600/2562 | Loss 0.1509 | LR 1.9966e-05
2026-03-03 01:22:18 INFO Epoch 20 | Step 620/2562 | Loss 0.1506 | LR 1.9966e-05
2026-03-03 01:23:52 INFO Epoch 20 | Step 640/2562 | Loss 0.1508 | LR 1.9966e-05
2026-03-03 01:25:27 INFO Epoch 20 | Step 660/2562 | Loss 0.1522 | LR 1.9966e-05
2026-03-03 01:27:02 INFO Epoch 20 | Step 680/2562 | Loss 0.1529 | LR 1.9966e-05
2026-03-03 01:28:36 INFO Epoch 20 | Step 700/2562 | Loss 0.1532 | LR 1.9966e-05
2026-03-03 01:30:10 INFO Epoch 20 | Step 720/2562 | Loss 0.1527 | LR 1.9966e-05
2026-03-03 01:31:45 INFO Epoch 20 | Step 740/2562 | Loss 0.1530 | LR 1.9966e-05
2026-03-03 01:33:19 INFO Epoch 20 | Step 760/2562 | Loss 0.1529 | LR 1.9965e-05
2026-03-03 01:34:54 INFO Epoch 20 | Step 780/2562 | Loss 0.1527 | LR 1.9965e-05
2026-03-03 01:36:28 INFO Epoch 20 | Step 800/2562 | Loss 0.1525 | LR 1.9965e-05
2026-03-03 01:38:03 INFO Epoch 20 | Step 820/2562 | Loss 0.1533 | LR 1.9965e-05
2026-03-03 01:39:37 INFO Epoch 20 | Step 840/2562 | Loss 0.1525 | LR 1.9965e-05
2026-03-03 01:41:12 INFO Epoch 20 | Step 860/2562 | Loss 0.1532 | LR 1.9965e-05
2026-03-03 01:42:46 INFO Epoch 20 | Step 880/2562 | Loss 0.1531 | LR 1.9965e-05
2026-03-03 01:44:20 INFO Epoch 20 | Step 900/2562 | Loss 0.1533 | LR 1.9964e-05
2026-03-03 01:45:55 INFO Epoch 20 | Step 920/2562 | Loss 0.1528 | LR 1.9964e-05
2026-03-03 01:47:29 INFO Epoch 20 | Step 940/2562 | Loss 0.1526 | LR 1.9964e-05
2026-03-03 01:49:04 INFO Epoch 20 | Step 960/2562 | Loss 0.1523 | LR 1.9964e-05
2026-03-03 01:50:38 INFO Epoch 20 | Step 980/2562 | Loss 0.1525 | LR 1.9964e-05
2026-03-03 01:52:13 INFO Epoch 20 | Step 1000/2562 | Loss 0.1528 | LR 1.9964e-05
2026-03-03 01:53:48 INFO Epoch 20 | Step 1020/2562 | Loss 0.1527 | LR 1.9964e-05
2026-03-03 01:55:23 INFO Epoch 20 | Step 1040/2562 | Loss 0.1537 | LR 1.9964e-05
2026-03-03 01:56:59 INFO Epoch 20 | Step 1060/2562 | Loss 0.1543 | LR 1.9963e-05
2026-03-03 01:58:34 INFO Epoch 20 | Step 1080/2562 | Loss 0.1546 | LR 1.9963e-05
2026-03-03 02:00:10 INFO Epoch 20 | Step 1100/2562 | Loss 0.1545 | LR 1.9963e-05
2026-03-03 02:01:46 INFO Epoch 20 | Step 1120/2562 | Loss 0.1546 | LR 1.9963e-05
2026-03-03 02:03:21 INFO Epoch 20 | Step 1140/2562 | Loss 0.1539 | LR 1.9963e-05
2026-03-03 02:04:57 INFO Epoch 20 | Step 1160/2562 | Loss 0.1538 | LR 1.9963e-05
2026-03-03 02:06:32 INFO Epoch 20 | Step 1180/2562 | Loss 0.1536 | LR 1.9963e-05
2026-03-03 02:08:07 INFO Epoch 20 | Step 1200/2562 | Loss 0.1535 | LR 1.9963e-05
2026-03-03 02:09:43 INFO Epoch 20 | Step 1220/2562 | Loss 0.1533 | LR 1.9962e-05
2026-03-03 02:11:18 INFO Epoch 20 | Step 1240/2562 | Loss 0.1533 | LR 1.9962e-05
2026-03-03 02:12:54 INFO Epoch 20 | Step 1260/2562 | Loss 0.1530 | LR 1.9962e-05
2026-03-03 02:14:29 INFO Epoch 20 | Step 1280/2562 | Loss 0.1531 | LR 1.9962e-05
2026-03-03 02:16:04 INFO Epoch 20 | Step 1300/2562 | Loss 0.1534 | LR 1.9962e-05
2026-03-03 02:17:40 INFO Epoch 20 | Step 1320/2562 | Loss 0.1537 | LR 1.9962e-05
2026-03-03 02:19:15 INFO Epoch 20 | Step 1340/2562 | Loss 0.1536 | LR 1.9962e-05
2026-03-03 02:20:51 INFO Epoch 20 | Step 1360/2562 | Loss 0.1537 | LR 1.9962e-05
2026-03-03 02:22:26 INFO Epoch 20 | Step 1380/2562 | Loss 0.1537 | LR 1.9961e-05
2026-03-03 02:24:02 INFO Epoch 20 | Step 1400/2562 | Loss 0.1539 | LR 1.9961e-05
2026-03-03 02:25:37 INFO Epoch 20 | Step 1420/2562 | Loss 0.1543 | LR 1.9961e-05
2026-03-03 02:27:11 INFO Epoch 20 | Step 1440/2562 | Loss 0.1542 | LR 1.9961e-05
2026-03-03 02:28:46 INFO Epoch 20 | Step 1460/2562 | Loss 0.1540 | LR 1.9961e-05
2026-03-03 02:30:20 INFO Epoch 20 | Step 1480/2562 | Loss 0.1539 | LR 1.9961e-05
2026-03-03 02:31:54 INFO Epoch 20 | Step 1500/2562 | Loss 0.1543 | LR 1.9961e-05
2026-03-03 02:33:29 INFO Epoch 20 | Step 1520/2562 | Loss 0.1542 | LR 1.9960e-05
2026-03-03 02:35:03 INFO Epoch 20 | Step 1540/2562 | Loss 0.1546 | LR 1.9960e-05
2026-03-03 02:36:37 INFO Epoch 20 | Step 1560/2562 | Loss 0.1548 | LR 1.9960e-05
2026-03-03 02:38:12 INFO Epoch 20 | Step 1580/2562 | Loss 0.1550 | LR 1.9960e-05
2026-03-03 02:39:46 INFO Epoch 20 | Step 1600/2562 | Loss 0.1549 | LR 1.9960e-05
2026-03-03 02:41:21 INFO Epoch 20 | Step 1620/2562 | Loss 0.1547 | LR 1.9960e-05
2026-03-03 02:42:55 INFO Epoch 20 | Step 1640/2562 | Loss 0.1551 | LR 1.9960e-05
2026-03-03 02:44:30 INFO Epoch 20 | Step 1660/2562 | Loss 0.1550 | LR 1.9959e-05
2026-03-03 02:46:04 INFO Epoch 20 | Step 1680/2562 | Loss 0.1548 | LR 1.9959e-05
2026-03-03 02:47:38 INFO Epoch 20 | Step 1700/2562 | Loss 0.1547 | LR 1.9959e-05
2026-03-03 02:49:13 INFO Epoch 20 | Step 1720/2562 | Loss 0.1548 | LR 1.9959e-05
2026-03-03 02:50:47 INFO Epoch 20 | Step 1740/2562 | Loss 0.1549 | LR 1.9959e-05
2026-03-03 02:52:21 INFO Epoch 20 | Step 1760/2562 | Loss 0.1549 | LR 1.9959e-05
2026-03-03 02:53:56 INFO Epoch 20 | Step 1780/2562 | Loss 0.1549 | LR 1.9959e-05
2026-03-03 02:55:30 INFO Epoch 20 | Step 1800/2562 | Loss 0.1545 | LR 1.9959e-05
2026-03-03 02:57:04 INFO Epoch 20 | Step 1820/2562 | Loss 0.1544 | LR 1.9958e-05
2026-03-03 02:58:40 INFO Epoch 20 | Step 1840/2562 | Loss 0.1542 | LR 1.9958e-05
2026-03-03 03:00:17 INFO Epoch 20 | Step 1860/2562 | Loss 0.1540 | LR 1.9958e-05
2026-03-03 03:01:57 INFO Epoch 20 | Step 1880/2562 | Loss 0.1538 | LR 1.9958e-05
2026-03-03 03:03:40 INFO Epoch 20 | Step 1900/2562 | Loss 0.1540 | LR 1.9958e-05
2026-03-03 03:05:21 INFO Epoch 20 | Step 1920/2562 | Loss 0.1541 | LR 1.9958e-05
2026-03-03 03:07:04 INFO Epoch 20 | Step 1940/2562 | Loss 0.1539 | LR 1.9958e-05
2026-03-03 03:08:46 INFO Epoch 20 | Step 1960/2562 | Loss 0.1539 | LR 1.9957e-05
2026-03-03 03:10:28 INFO Epoch 20 | Step 1980/2562 | Loss 0.1539 | LR 1.9957e-05
2026-03-03 03:12:07 INFO Epoch 20 | Step 2000/2562 | Loss 0.1538 | LR 1.9957e-05
2026-03-03 03:13:43 INFO Epoch 20 | Step 2020/2562 | Loss 0.1538 | LR 1.9957e-05
2026-03-03 03:15:19 INFO Epoch 20 | Step 2040/2562 | Loss 0.1540 | LR 1.9957e-05
2026-03-03 03:16:54 INFO Epoch 20 | Step 2060/2562 | Loss 0.1539 | LR 1.9957e-05
2026-03-03 03:18:30 INFO Epoch 20 | Step 2080/2562 | Loss 0.1540 | LR 1.9957e-05
2026-03-03 03:20:06 INFO Epoch 20 | Step 2100/2562 | Loss 0.1540 | LR 1.9956e-05
2026-03-03 03:21:42 INFO Epoch 20 | Step 2120/2562 | Loss 0.1540 | LR 1.9956e-05
2026-03-03 03:23:18 INFO Epoch 20 | Step 2140/2562 | Loss 0.1539 | LR 1.9956e-05
2026-03-03 03:24:53 INFO Epoch 20 | Step 2160/2562 | Loss 0.1538 | LR 1.9956e-05
2026-03-03 03:26:29 INFO Epoch 20 | Step 2180/2562 | Loss 0.1538 | LR 1.9956e-05
2026-03-03 03:28:05 INFO Epoch 20 | Step 2200/2562 | Loss 0.1539 | LR 1.9956e-05
2026-03-03 03:29:41 INFO Epoch 20 | Step 2220/2562 | Loss 0.1538 | LR 1.9956e-05
2026-03-03 03:31:17 INFO Epoch 20 | Step 2240/2562 | Loss 0.1537 | LR 1.9955e-05
2026-03-03 03:32:52 INFO Epoch 20 | Step 2260/2562 | Loss 0.1537 | LR 1.9955e-05
2026-03-03 03:34:28 INFO Epoch 20 | Step 2280/2562 | Loss 0.1536 | LR 1.9955e-05
2026-03-03 03:36:03 INFO Epoch 20 | Step 2300/2562 | Loss 0.1538 | LR 1.9955e-05
2026-03-03 03:37:39 INFO Epoch 20 | Step 2320/2562 | Loss 0.1536 | LR 1.9955e-05
2026-03-03 03:39:14 INFO Epoch 20 | Step 2340/2562 | Loss 0.1538 | LR 1.9955e-05
2026-03-03 03:40:49 INFO Epoch 20 | Step 2360/2562 | Loss 0.1538 | LR 1.9955e-05
2026-03-03 03:42:24 INFO Epoch 20 | Step 2380/2562 | Loss 0.1538 | LR 1.9954e-05
2026-03-03 03:43:58 INFO Epoch 20 | Step 2400/2562 | Loss 0.1540 | LR 1.9954e-05
2026-03-03 03:45:32 INFO Epoch 20 | Step 2420/2562 | Loss 0.1540 | LR 1.9954e-05
2026-03-03 03:47:06 INFO Epoch 20 | Step 2440/2562 | Loss 0.1540 | LR 1.9954e-05
2026-03-03 03:48:40 INFO Epoch 20 | Step 2460/2562 | Loss 0.1538 | LR 1.9954e-05
2026-03-03 03:50:14 INFO Epoch 20 | Step 2480/2562 | Loss 0.1537 | LR 1.9954e-05
2026-03-03 03:51:48 INFO Epoch 20 | Step 2500/2562 | Loss 0.1535 | LR 1.9954e-05
2026-03-03 03:53:22 INFO Epoch 20 | Step 2520/2562 | Loss 0.1535 | LR 1.9953e-05
2026-03-03 03:54:56 INFO Epoch 20 | Step 2540/2562 | Loss 0.1533 | LR 1.9953e-05
2026-03-03 03:56:30 INFO Epoch 20 | Step 2560/2562 | Loss 0.1533 | LR 1.9953e-05
2026-03-03 03:56:39 INFO Epoch 20 | Step 2562/2562 | Loss 0.1533 | LR 1.9953e-05
2026-03-03 04:42:29 INFO CSV Written | Epoch: 20
2026-03-03 04:42:30 INFO Best Saved | Epoch: 20 | Monitor: val_auprc | Value: 0.9085
2026-03-03 04:42:30 INFO Epoch Done | Epoch: 20 | Time: 14991.3014 | Train Loss: 0.1533 | Val Accuracy: 0.9938 | Val AUPRC: 0.9085 | Val Auroc: 0.9934 | Val F1: 0.8553 | Val Loss: 0.4035
2026-03-03 04:42:30 INFO Epoch Start | Epoch: 21
2026-03-03 04:42:44 INFO Epoch 21 | Step 1/2562 | Loss 0.1793 | LR 1.9953e-05
2026-03-03 04:44:14 INFO Epoch 21 | Step 20/2562 | Loss 0.1446 | LR 1.9953e-05
2026-03-03 04:45:49 INFO Epoch 21 | Step 40/2562 | Loss 0.1432 | LR 1.9953e-05
2026-03-03 04:47:23 INFO Epoch 21 | Step 60/2562 | Loss 0.1484 | LR 1.9953e-05
2026-03-03 04:48:57 INFO Epoch 21 | Step 80/2562 | Loss 0.1462 | LR 1.9953e-05
2026-03-03 04:50:33 INFO Epoch 21 | Step 100/2562 | Loss 0.1485 | LR 1.9952e-05
2026-03-03 04:52:08 INFO Epoch 21 | Step 120/2562 | Loss 0.1525 | LR 1.9952e-05
2026-03-03 04:53:42 INFO Epoch 21 | Step 140/2562 | Loss 0.1502 | LR 1.9952e-05
2026-03-03 04:55:17 INFO Epoch 21 | Step 160/2562 | Loss 0.1478 | LR 1.9952e-05
2026-03-03 04:56:52 INFO Epoch 21 | Step 180/2562 | Loss 0.1462 | LR 1.9952e-05
2026-03-03 04:58:27 INFO Epoch 21 | Step 200/2562 | Loss 0.1478 | LR 1.9952e-05
2026-03-03 05:00:02 INFO Epoch 21 | Step 220/2562 | Loss 0.1481 | LR 1.9952e-05
2026-03-03 05:01:38 INFO Epoch 21 | Step 240/2562 | Loss 0.1478 | LR 1.9951e-05
2026-03-03 05:03:13 INFO Epoch 21 | Step 260/2562 | Loss 0.1476 | LR 1.9951e-05
2026-03-03 05:04:48 INFO Epoch 21 | Step 280/2562 | Loss 0.1470 | LR 1.9951e-05
2026-03-03 05:06:23 INFO Epoch 21 | Step 300/2562 | Loss 0.1469 | LR 1.9951e-05
2026-03-03 05:07:58 INFO Epoch 21 | Step 320/2562 | Loss 0.1472 | LR 1.9951e-05
2026-03-03 05:09:33 INFO Epoch 21 | Step 340/2562 | Loss 0.1473 | LR 1.9951e-05
2026-03-03 05:11:08 INFO Epoch 21 | Step 360/2562 | Loss 0.1473 | LR 1.9950e-05
2026-03-03 05:12:43 INFO Epoch 21 | Step 380/2562 | Loss 0.1485 | LR 1.9950e-05
2026-03-03 05:14:19 INFO Epoch 21 | Step 400/2562 | Loss 0.1489 | LR 1.9950e-05
2026-03-03 05:15:54 INFO Epoch 21 | Step 420/2562 | Loss 0.1490 | LR 1.9950e-05
2026-03-03 05:17:30 INFO Epoch 21 | Step 440/2562 | Loss 0.1484 | LR 1.9950e-05
2026-03-03 05:19:05 INFO Epoch 21 | Step 460/2562 | Loss 0.1473 | LR 1.9950e-05
2026-03-03 05:20:40 INFO Epoch 21 | Step 480/2562 | Loss 0.1469 | LR 1.9950e-05
2026-03-03 05:22:14 INFO Epoch 21 | Step 500/2562 | Loss 0.1472 | LR 1.9949e-05
2026-03-03 05:23:49 INFO Epoch 21 | Step 520/2562 | Loss 0.1479 | LR 1.9949e-05
2026-03-03 05:25:24 INFO Epoch 21 | Step 540/2562 | Loss 0.1481 | LR 1.9949e-05
2026-03-03 05:26:58 INFO Epoch 21 | Step 560/2562 | Loss 0.1468 | LR 1.9949e-05
2026-03-03 05:28:33 INFO Epoch 21 | Step 580/2562 | Loss 0.1461 | LR 1.9949e-05
2026-03-03 05:30:07 INFO Epoch 21 | Step 600/2562 | Loss 0.1459 | LR 1.9949e-05
2026-03-03 05:31:42 INFO Epoch 21 | Step 620/2562 | Loss 0.1471 | LR 1.9948e-05
2026-03-03 05:33:17 INFO Epoch 21 | Step 640/2562 | Loss 0.1476 | LR 1.9948e-05
2026-03-03 05:34:51 INFO Epoch 21 | Step 660/2562 | Loss 0.1473 | LR 1.9948e-05
2026-03-03 05:36:26 INFO Epoch 21 | Step 680/2562 | Loss 0.1475 | LR 1.9948e-05
2026-03-03 05:38:00 INFO Epoch 21 | Step 700/2562 | Loss 0.1473 | LR 1.9948e-05
2026-03-03 05:39:35 INFO Epoch 21 | Step 720/2562 | Loss 0.1474 | LR 1.9948e-05
2026-03-03 05:41:10 INFO Epoch 21 | Step 740/2562 | Loss 0.1471 | LR 1.9948e-05
2026-03-03 05:42:44 INFO Epoch 21 | Step 760/2562 | Loss 0.1472 | LR 1.9947e-05
2026-03-03 05:44:19 INFO Epoch 21 | Step 780/2562 | Loss 0.1473 | LR 1.9947e-05
2026-03-03 05:45:54 INFO Epoch 21 | Step 800/2562 | Loss 0.1486 | LR 1.9947e-05
2026-03-03 05:47:30 INFO Epoch 21 | Step 820/2562 | Loss 0.1483 | LR 1.9947e-05
2026-03-03 05:49:04 INFO Epoch 21 | Step 840/2562 | Loss 0.1479 | LR 1.9947e-05
2026-03-03 05:50:39 INFO Epoch 21 | Step 860/2562 | Loss 0.1473 | LR 1.9947e-05
2026-03-03 05:52:13 INFO Epoch 21 | Step 880/2562 | Loss 0.1478 | LR 1.9946e-05
2026-03-03 05:53:48 INFO Epoch 21 | Step 900/2562 | Loss 0.1483 | LR 1.9946e-05
2026-03-03 05:55:23 INFO Epoch 21 | Step 920/2562 | Loss 0.1476 | LR 1.9946e-05
2026-03-03 05:56:58 INFO Epoch 21 | Step 940/2562 | Loss 0.1471 | LR 1.9946e-05
2026-03-03 05:58:32 INFO Epoch 21 | Step 960/2562 | Loss 0.1472 | LR 1.9946e-05
2026-03-03 06:00:07 INFO Epoch 21 | Step 980/2562 | Loss 0.1473 | LR 1.9946e-05
2026-03-03 06:01:42 INFO Epoch 21 | Step 1000/2562 | Loss 0.1477 | LR 1.9946e-05
2026-03-03 06:03:18 INFO Epoch 21 | Step 1020/2562 | Loss 0.1472 | LR 1.9945e-05
2026-03-03 06:04:53 INFO Epoch 21 | Step 1040/2562 | Loss 0.1468 | LR 1.9945e-05
2026-03-03 06:06:28 INFO Epoch 21 | Step 1060/2562 | Loss 0.1464 | LR 1.9945e-05
2026-03-03 06:08:03 INFO Epoch 21 | Step 1080/2562 | Loss 0.1467 | LR 1.9945e-05
2026-03-03 06:09:38 INFO Epoch 21 | Step 1100/2562 | Loss 0.1467 | LR 1.9945e-05
2026-03-03 06:11:13 INFO Epoch 21 | Step 1120/2562 | Loss 0.1471 | LR 1.9945e-05
2026-03-03 06:12:48 INFO Epoch 21 | Step 1140/2562 | Loss 0.1469 | LR 1.9944e-05
2026-03-03 06:14:23 INFO Epoch 21 | Step 1160/2562 | Loss 0.1468 | LR 1.9944e-05
2026-03-03 06:15:58 INFO Epoch 21 | Step 1180/2562 | Loss 0.1469 | LR 1.9944e-05
2026-03-03 06:17:33 INFO Epoch 21 | Step 1200/2562 | Loss 0.1468 | LR 1.9944e-05
2026-03-03 06:19:08 INFO Epoch 21 | Step 1220/2562 | Loss 0.1465 | LR 1.9944e-05
2026-03-03 06:20:43 INFO Epoch 21 | Step 1240/2562 | Loss 0.1467 | LR 1.9944e-05
2026-03-03 06:22:18 INFO Epoch 21 | Step 1260/2562 | Loss 0.1469 | LR 1.9943e-05
2026-03-03 06:23:54 INFO Epoch 21 | Step 1280/2562 | Loss 0.1472 | LR 1.9943e-05
2026-03-03 06:25:28 INFO Epoch 21 | Step 1300/2562 | Loss 0.1476 | LR 1.9943e-05
2026-03-03 06:27:03 INFO Epoch 21 | Step 1320/2562 | Loss 0.1474 | LR 1.9943e-05
2026-03-03 06:28:38 INFO Epoch 21 | Step 1340/2562 | Loss 0.1472 | LR 1.9943e-05
2026-03-03 06:30:14 INFO Epoch 21 | Step 1360/2562 | Loss 0.1472 | LR 1.9943e-05
2026-03-03 06:31:49 INFO Epoch 21 | Step 1380/2562 | Loss 0.1471 | LR 1.9942e-05
2026-03-03 06:33:24 INFO Epoch 21 | Step 1400/2562 | Loss 0.1471 | LR 1.9942e-05
2026-03-03 06:34:59 INFO Epoch 21 | Step 1420/2562 | Loss 0.1473 | LR 1.9942e-05
2026-03-03 06:36:33 INFO Epoch 21 | Step 1440/2562 | Loss 0.1470 | LR 1.9942e-05
2026-03-03 06:38:07 INFO Epoch 21 | Step 1460/2562 | Loss 0.1473 | LR 1.9942e-05
2026-03-03 06:39:42 INFO Epoch 21 | Step 1480/2562 | Loss 0.1474 | LR 1.9942e-05
2026-03-03 06:41:16 INFO Epoch 21 | Step 1500/2562 | Loss 0.1478 | LR 1.9942e-05
2026-03-03 06:42:50 INFO Epoch 21 | Step 1520/2562 | Loss 0.1475 | LR 1.9941e-05
2026-03-03 06:44:24 INFO Epoch 21 | Step 1540/2562 | Loss 0.1472 | LR 1.9941e-05
2026-03-03 06:45:59 INFO Epoch 21 | Step 1560/2562 | Loss 0.1473 | LR 1.9941e-05
2026-03-03 06:47:34 INFO Epoch 21 | Step 1580/2562 | Loss 0.1475 | LR 1.9941e-05
2026-03-03 06:49:08 INFO Epoch 21 | Step 1600/2562 | Loss 0.1478 | LR 1.9941e-05
2026-03-03 06:50:43 INFO Epoch 21 | Step 1620/2562 | Loss 0.1478 | LR 1.9941e-05
2026-03-03 06:52:18 INFO Epoch 21 | Step 1640/2562 | Loss 0.1480 | LR 1.9940e-05
2026-03-03 06:53:53 INFO Epoch 21 | Step 1660/2562 | Loss 0.1479 | LR 1.9940e-05
2026-03-03 06:55:27 INFO Epoch 21 | Step 1680/2562 | Loss 0.1478 | LR 1.9940e-05
2026-03-03 06:57:02 INFO Epoch 21 | Step 1700/2562 | Loss 0.1476 | LR 1.9940e-05
2026-03-03 06:58:36 INFO Epoch 21 | Step 1720/2562 | Loss 0.1477 | LR 1.9940e-05
2026-03-03 07:00:11 INFO Epoch 21 | Step 1740/2562 | Loss 0.1479 | LR 1.9940e-05
2026-03-03 07:01:46 INFO Epoch 21 | Step 1760/2562 | Loss 0.1478 | LR 1.9939e-05
2026-03-03 07:03:21 INFO Epoch 21 | Step 1780/2562 | Loss 0.1480 | LR 1.9939e-05
2026-03-03 07:04:55 INFO Epoch 21 | Step 1800/2562 | Loss 0.1481 | LR 1.9939e-05
2026-03-03 07:06:30 INFO Epoch 21 | Step 1820/2562 | Loss 0.1484 | LR 1.9939e-05
2026-03-03 07:08:05 INFO Epoch 21 | Step 1840/2562 | Loss 0.1486 | LR 1.9939e-05
2026-03-03 07:09:40 INFO Epoch 21 | Step 1860/2562 | Loss 0.1485 | LR 1.9939e-05
2026-03-03 07:11:16 INFO Epoch 21 | Step 1880/2562 | Loss 0.1486 | LR 1.9938e-05
2026-03-03 07:12:51 INFO Epoch 21 | Step 1900/2562 | Loss 0.1488 | LR 1.9938e-05
2026-03-03 07:14:27 INFO Epoch 21 | Step 1920/2562 | Loss 0.1490 | LR 1.9938e-05
2026-03-03 07:16:03 INFO Epoch 21 | Step 1940/2562 | Loss 0.1488 | LR 1.9938e-05
2026-03-03 07:17:39 INFO Epoch 21 | Step 1960/2562 | Loss 0.1487 | LR 1.9938e-05
2026-03-03 07:19:15 INFO Epoch 21 | Step 1980/2562 | Loss 0.1487 | LR 1.9938e-05
2026-03-03 07:20:51 INFO Epoch 21 | Step 2000/2562 | Loss 0.1485 | LR 1.9937e-05
2026-03-03 07:22:27 INFO Epoch 21 | Step 2020/2562 | Loss 0.1485 | LR 1.9937e-05
2026-03-03 07:24:03 INFO Epoch 21 | Step 2040/2562 | Loss 0.1488 | LR 1.9937e-05
2026-03-03 07:25:38 INFO Epoch 21 | Step 2060/2562 | Loss 0.1491 | LR 1.9937e-05
2026-03-03 07:27:14 INFO Epoch 21 | Step 2080/2562 | Loss 0.1488 | LR 1.9937e-05
2026-03-03 07:28:50 INFO Epoch 21 | Step 2100/2562 | Loss 0.1487 | LR 1.9937e-05
2026-03-03 07:30:26 INFO Epoch 21 | Step 2120/2562 | Loss 0.1487 | LR 1.9936e-05
2026-03-03 07:32:02 INFO Epoch 21 | Step 2140/2562 | Loss 0.1485 | LR 1.9936e-05
2026-03-03 07:33:38 INFO Epoch 21 | Step 2160/2562 | Loss 0.1484 | LR 1.9936e-05
2026-03-03 07:35:13 INFO Epoch 21 | Step 2180/2562 | Loss 0.1484 | LR 1.9936e-05
2026-03-03 07:36:48 INFO Epoch 21 | Step 2200/2562 | Loss 0.1484 | LR 1.9936e-05
2026-03-03 07:38:23 INFO Epoch 21 | Step 2220/2562 | Loss 0.1485 | LR 1.9935e-05
2026-03-03 07:39:59 INFO Epoch 21 | Step 2240/2562 | Loss 0.1486 | LR 1.9935e-05
2026-03-03 07:41:34 INFO Epoch 21 | Step 2260/2562 | Loss 0.1488 | LR 1.9935e-05
2026-03-03 07:43:09 INFO Epoch 21 | Step 2280/2562 | Loss 0.1488 | LR 1.9935e-05
2026-03-03 07:44:45 INFO Epoch 21 | Step 2300/2562 | Loss 0.1488 | LR 1.9935e-05
2026-03-03 07:46:20 INFO Epoch 21 | Step 2320/2562 | Loss 0.1488 | LR 1.9935e-05
2026-03-03 07:47:56 INFO Epoch 21 | Step 2340/2562 | Loss 0.1490 | LR 1.9934e-05
2026-03-03 07:49:31 INFO Epoch 21 | Step 2360/2562 | Loss 0.1492 | LR 1.9934e-05
2026-03-03 07:51:05 INFO Epoch 21 | Step 2380/2562 | Loss 0.1491 | LR 1.9934e-05
2026-03-03 07:52:39 INFO Epoch 21 | Step 2400/2562 | Loss 0.1490 | LR 1.9934e-05
2026-03-03 07:54:13 INFO Epoch 21 | Step 2420/2562 | Loss 0.1494 | LR 1.9934e-05
2026-03-03 07:55:47 INFO Epoch 21 | Step 2440/2562 | Loss 0.1494 | LR 1.9934e-05
2026-03-03 07:57:21 INFO Epoch 21 | Step 2460/2562 | Loss 0.1495 | LR 1.9933e-05
2026-03-03 07:58:55 INFO Epoch 21 | Step 2480/2562 | Loss 0.1495 | LR 1.9933e-05
2026-03-03 08:00:29 INFO Epoch 21 | Step 2500/2562 | Loss 0.1498 | LR 1.9933e-05
2026-03-03 08:02:03 INFO Epoch 21 | Step 2520/2562 | Loss 0.1497 | LR 1.9933e-05
2026-03-03 08:03:37 INFO Epoch 21 | Step 2540/2562 | Loss 0.1499 | LR 1.9933e-05
2026-03-03 08:05:11 INFO Epoch 21 | Step 2560/2562 | Loss 0.1497 | LR 1.9933e-05
2026-03-03 08:05:20 INFO Epoch 21 | Step 2562/2562 | Loss 0.1496 | LR 1.9933e-05
2026-03-03 08:51:15 INFO CSV Written | Epoch: 21
2026-03-03 08:51:15 INFO Epoch Done | Epoch: 21 | Time: 14924.8011 | Train Loss: 0.1496 | Val Accuracy: 0.9939 | Val AUPRC: 0.9081 | Val Auroc: 0.9933 | Val F1: 0.8545 | Val Loss: 0.4215
2026-03-03 08:51:15 INFO Epoch Start | Epoch: 22
2026-03-03 08:51:44 INFO Epoch 22 | Step 1/2562 | Loss 0.1263 | LR 1.9932e-05
2026-03-03 08:53:14 INFO Epoch 22 | Step 20/2562 | Loss 0.1305 | LR 1.9932e-05
2026-03-03 08:54:51 INFO Epoch 22 | Step 40/2562 | Loss 0.1361 | LR 1.9932e-05
2026-03-03 08:56:28 INFO Epoch 22 | Step 60/2562 | Loss 0.1295 | LR 1.9932e-05
2026-03-03 08:58:05 INFO Epoch 22 | Step 80/2562 | Loss 0.1302 | LR 1.9932e-05
2026-03-03 08:59:42 INFO Epoch 22 | Step 100/2562 | Loss 0.1319 | LR 1.9932e-05
2026-03-03 09:01:18 INFO Epoch 22 | Step 120/2562 | Loss 0.1383 | LR 1.9931e-05
2026-03-03 09:02:56 INFO Epoch 22 | Step 140/2562 | Loss 0.1411 | LR 1.9931e-05
2026-03-03 09:04:32 INFO Epoch 22 | Step 160/2562 | Loss 0.1412 | LR 1.9931e-05
2026-03-03 09:06:09 INFO Epoch 22 | Step 180/2562 | Loss 0.1413 | LR 1.9931e-05
2026-03-03 09:07:46 INFO Epoch 22 | Step 200/2562 | Loss 0.1427 | LR 1.9931e-05
2026-03-03 09:09:23 INFO Epoch 22 | Step 220/2562 | Loss 0.1419 | LR 1.9931e-05
2026-03-03 09:10:59 INFO Epoch 22 | Step 240/2562 | Loss 0.1435 | LR 1.9930e-05
2026-03-03 09:12:36 INFO Epoch 22 | Step 260/2562 | Loss 0.1442 | LR 1.9930e-05
2026-03-03 09:14:13 INFO Epoch 22 | Step 280/2562 | Loss 0.1425 | LR 1.9930e-05
2026-03-03 09:15:50 INFO Epoch 22 | Step 300/2562 | Loss 0.1425 | LR 1.9930e-05
2026-03-03 09:17:27 INFO Epoch 22 | Step 320/2562 | Loss 0.1427 | LR 1.9930e-05
2026-03-03 09:19:04 INFO Epoch 22 | Step 340/2562 | Loss 0.1422 | LR 1.9929e-05
2026-03-03 09:20:41 INFO Epoch 22 | Step 360/2562 | Loss 0.1413 | LR 1.9929e-05
2026-03-03 09:22:18 INFO Epoch 22 | Step 380/2562 | Loss 0.1403 | LR 1.9929e-05
2026-03-03 09:23:55 INFO Epoch 22 | Step 400/2562 | Loss 0.1416 | LR 1.9929e-05
2026-03-03 09:25:32 INFO Epoch 22 | Step 420/2562 | Loss 0.1426 | LR 1.9929e-05
2026-03-03 09:27:09 INFO Epoch 22 | Step 440/2562 | Loss 0.1422 | LR 1.9929e-05
2026-03-03 09:28:46 INFO Epoch 22 | Step 460/2562 | Loss 0.1421 | LR 1.9928e-05
2026-03-03 09:30:22 INFO Epoch 22 | Step 480/2562 | Loss 0.1416 | LR 1.9928e-05
2026-03-03 09:31:57 INFO Epoch 22 | Step 500/2562 | Loss 0.1421 | LR 1.9928e-05
2026-03-03 09:33:32 INFO Epoch 22 | Step 520/2562 | Loss 0.1425 | LR 1.9928e-05
2026-03-03 09:35:06 INFO Epoch 22 | Step 540/2562 | Loss 0.1423 | LR 1.9928e-05
2026-03-03 09:36:41 INFO Epoch 22 | Step 560/2562 | Loss 0.1411 | LR 1.9928e-05
2026-03-03 09:38:16 INFO Epoch 22 | Step 580/2562 | Loss 0.1416 | LR 1.9927e-05
2026-03-03 09:39:50 INFO Epoch 22 | Step 600/2562 | Loss 0.1409 | LR 1.9927e-05
2026-03-03 09:41:25 INFO Epoch 22 | Step 620/2562 | Loss 0.1411 | LR 1.9927e-05
2026-03-03 09:43:00 INFO Epoch 22 | Step 640/2562 | Loss 0.1410 | LR 1.9927e-05
2026-03-03 09:44:35 INFO Epoch 22 | Step 660/2562 | Loss 0.1407 | LR 1.9927e-05
2026-03-03 09:46:10 INFO Epoch 22 | Step 680/2562 | Loss 0.1413 | LR 1.9926e-05
2026-03-03 09:47:44 INFO Epoch 22 | Step 700/2562 | Loss 0.1418 | LR 1.9926e-05
2026-03-03 09:49:19 INFO Epoch 22 | Step 720/2562 | Loss 0.1414 | LR 1.9926e-05
2026-03-03 09:50:54 INFO Epoch 22 | Step 740/2562 | Loss 0.1424 | LR 1.9926e-05
2026-03-03 09:52:29 INFO Epoch 22 | Step 760/2562 | Loss 0.1424 | LR 1.9926e-05
2026-03-03 09:54:03 INFO Epoch 22 | Step 780/2562 | Loss 0.1430 | LR 1.9925e-05
2026-03-03 09:55:38 INFO Epoch 22 | Step 800/2562 | Loss 0.1430 | LR 1.9925e-05
2026-03-03 09:57:13 INFO Epoch 22 | Step 820/2562 | Loss 0.1426 | LR 1.9925e-05
2026-03-03 09:58:48 INFO Epoch 22 | Step 840/2562 | Loss 0.1428 | LR 1.9925e-05
2026-03-03 10:00:23 INFO Epoch 22 | Step 860/2562 | Loss 0.1420 | LR 1.9925e-05
2026-03-03 10:01:57 INFO Epoch 22 | Step 880/2562 | Loss 0.1419 | LR 1.9925e-05
2026-03-03 10:03:32 INFO Epoch 22 | Step 900/2562 | Loss 0.1429 | LR 1.9924e-05
2026-03-03 10:05:07 INFO Epoch 22 | Step 920/2562 | Loss 0.1430 | LR 1.9924e-05
2026-03-03 10:06:41 INFO Epoch 22 | Step 940/2562 | Loss 0.1432 | LR 1.9924e-05
2026-03-03 10:08:16 INFO Epoch 22 | Step 960/2562 | Loss 0.1432 | LR 1.9924e-05
2026-03-03 10:09:52 INFO Epoch 22 | Step 980/2562 | Loss 0.1433 | LR 1.9924e-05
2026-03-03 10:11:28 INFO Epoch 22 | Step 1000/2562 | Loss 0.1432 | LR 1.9923e-05
2026-03-03 10:13:03 INFO Epoch 22 | Step 1020/2562 | Loss 0.1440 | LR 1.9923e-05
2026-03-03 10:14:39 INFO Epoch 22 | Step 1040/2562 | Loss 0.1436 | LR 1.9923e-05
2026-03-03 10:16:15 INFO Epoch 22 | Step 1060/2562 | Loss 0.1437 | LR 1.9923e-05
2026-03-03 10:17:51 INFO Epoch 22 | Step 1080/2562 | Loss 0.1435 | LR 1.9923e-05
2026-03-03 10:19:27 INFO Epoch 22 | Step 1100/2562 | Loss 0.1435 | LR 1.9923e-05
2026-03-03 10:21:03 INFO Epoch 22 | Step 1120/2562 | Loss 0.1440 | LR 1.9922e-05
2026-03-03 10:22:39 INFO Epoch 22 | Step 1140/2562 | Loss 0.1439 | LR 1.9922e-05
2026-03-03 10:24:15 INFO Epoch 22 | Step 1160/2562 | Loss 0.1440 | LR 1.9922e-05
2026-03-03 10:25:51 INFO Epoch 22 | Step 1180/2562 | Loss 0.1441 | LR 1.9922e-05
2026-03-03 10:27:27 INFO Epoch 22 | Step 1200/2562 | Loss 0.1442 | LR 1.9922e-05
2026-03-03 10:29:02 INFO Epoch 22 | Step 1220/2562 | Loss 0.1442 | LR 1.9921e-05
2026-03-03 10:30:38 INFO Epoch 22 | Step 1240/2562 | Loss 0.1442 | LR 1.9921e-05
2026-03-03 10:32:14 INFO Epoch 22 | Step 1260/2562 | Loss 0.1442 | LR 1.9921e-05
2026-03-03 10:33:49 INFO Epoch 22 | Step 1280/2562 | Loss 0.1440 | LR 1.9921e-05
2026-03-03 10:35:25 INFO Epoch 22 | Step 1300/2562 | Loss 0.1448 | LR 1.9921e-05
2026-03-03 10:37:01 INFO Epoch 22 | Step 1320/2562 | Loss 0.1445 | LR 1.9920e-05
2026-03-03 10:38:37 INFO Epoch 22 | Step 1340/2562 | Loss 0.1447 | LR 1.9920e-05
2026-03-03 10:40:13 INFO Epoch 22 | Step 1360/2562 | Loss 0.1448 | LR 1.9920e-05
2026-03-03 10:41:49 INFO Epoch 22 | Step 1380/2562 | Loss 0.1448 | LR 1.9920e-05
2026-03-03 10:43:25 INFO Epoch 22 | Step 1400/2562 | Loss 0.1449 | LR 1.9920e-05
2026-03-03 10:45:00 INFO Epoch 22 | Step 1420/2562 | Loss 0.1451 | LR 1.9919e-05
2026-03-03 10:46:35 INFO Epoch 22 | Step 1440/2562 | Loss 0.1451 | LR 1.9919e-05
2026-03-03 10:48:10 INFO Epoch 22 | Step 1460/2562 | Loss 0.1454 | LR 1.9919e-05
2026-03-03 10:49:45 INFO Epoch 22 | Step 1480/2562 | Loss 0.1453 | LR 1.9919e-05
2026-03-03 10:51:19 INFO Epoch 22 | Step 1500/2562 | Loss 0.1452 | LR 1.9919e-05
2026-03-03 10:52:54 INFO Epoch 22 | Step 1520/2562 | Loss 0.1452 | LR 1.9919e-05
2026-03-03 10:54:28 INFO Epoch 22 | Step 1540/2562 | Loss 0.1454 | LR 1.9918e-05
2026-03-03 10:56:03 INFO Epoch 22 | Step 1560/2562 | Loss 0.1451 | LR 1.9918e-05
2026-03-03 10:57:37 INFO Epoch 22 | Step 1580/2562 | Loss 0.1449 | LR 1.9918e-05
2026-03-03 10:59:11 INFO Epoch 22 | Step 1600/2562 | Loss 0.1449 | LR 1.9918e-05
2026-03-03 11:00:46 INFO Epoch 22 | Step 1620/2562 | Loss 0.1446 | LR 1.9918e-05
2026-03-03 11:02:20 INFO Epoch 22 | Step 1640/2562 | Loss 0.1447 | LR 1.9917e-05
2026-03-03 11:03:55 INFO Epoch 22 | Step 1660/2562 | Loss 0.1448 | LR 1.9917e-05
2026-03-03 11:05:29 INFO Epoch 22 | Step 1680/2562 | Loss 0.1446 | LR 1.9917e-05
2026-03-03 11:07:03 INFO Epoch 22 | Step 1700/2562 | Loss 0.1447 | LR 1.9917e-05
2026-03-03 11:08:38 INFO Epoch 22 | Step 1720/2562 | Loss 0.1447 | LR 1.9917e-05
2026-03-03 11:10:12 INFO Epoch 22 | Step 1740/2562 | Loss 0.1448 | LR 1.9916e-05
2026-03-03 11:11:47 INFO Epoch 22 | Step 1760/2562 | Loss 0.1448 | LR 1.9916e-05
2026-03-03 11:13:22 INFO Epoch 22 | Step 1780/2562 | Loss 0.1448 | LR 1.9916e-05
2026-03-03 11:14:57 INFO Epoch 22 | Step 1800/2562 | Loss 0.1448 | LR 1.9916e-05
2026-03-03 11:16:31 INFO Epoch 22 | Step 1820/2562 | Loss 0.1447 | LR 1.9916e-05
2026-03-03 11:18:06 INFO Epoch 22 | Step 1840/2562 | Loss 0.1446 | LR 1.9915e-05
2026-03-03 11:19:40 INFO Epoch 22 | Step 1860/2562 | Loss 0.1451 | LR 1.9915e-05
2026-03-03 11:21:15 INFO Epoch 22 | Step 1880/2562 | Loss 0.1450 | LR 1.9915e-05
2026-03-03 11:22:50 INFO Epoch 22 | Step 1900/2562 | Loss 0.1448 | LR 1.9915e-05
2026-03-03 11:24:26 INFO Epoch 22 | Step 1920/2562 | Loss 0.1449 | LR 1.9915e-05
2026-03-03 11:26:03 INFO Epoch 22 | Step 1940/2562 | Loss 0.1450 | LR 1.9914e-05
2026-03-03 11:27:39 INFO Epoch 22 | Step 1960/2562 | Loss 0.1451 | LR 1.9914e-05
2026-03-03 11:29:15 INFO Epoch 22 | Step 1980/2562 | Loss 0.1453 | LR 1.9914e-05
2026-03-03 11:30:52 INFO Epoch 22 | Step 2000/2562 | Loss 0.1455 | LR 1.9914e-05
2026-03-03 11:32:28 INFO Epoch 22 | Step 2020/2562 | Loss 0.1453 | LR 1.9914e-05
2026-03-03 11:34:04 INFO Epoch 22 | Step 2040/2562 | Loss 0.1451 | LR 1.9913e-05
2026-03-03 11:35:40 INFO Epoch 22 | Step 2060/2562 | Loss 0.1451 | LR 1.9913e-05
2026-03-03 11:37:16 INFO Epoch 22 | Step 2080/2562 | Loss 0.1450 | LR 1.9913e-05
2026-03-03 11:38:53 INFO Epoch 22 | Step 2100/2562 | Loss 0.1447 | LR 1.9913e-05
2026-03-03 11:40:29 INFO Epoch 22 | Step 2120/2562 | Loss 0.1447 | LR 1.9913e-05
2026-03-03 11:42:05 INFO Epoch 22 | Step 2140/2562 | Loss 0.1447 | LR 1.9912e-05
2026-03-03 11:43:41 INFO Epoch 22 | Step 2160/2562 | Loss 0.1446 | LR 1.9912e-05
2026-03-03 11:45:18 INFO Epoch 22 | Step 2180/2562 | Loss 0.1444 | LR 1.9912e-05
2026-03-03 11:46:54 INFO Epoch 22 | Step 2200/2562 | Loss 0.1443 | LR 1.9912e-05
2026-03-03 11:48:30 INFO Epoch 22 | Step 2220/2562 | Loss 0.1441 | LR 1.9912e-05
2026-03-03 11:50:07 INFO Epoch 22 | Step 2240/2562 | Loss 0.1442 | LR 1.9911e-05
2026-03-03 11:51:42 INFO Epoch 22 | Step 2260/2562 | Loss 0.1443 | LR 1.9911e-05
2026-03-03 11:53:18 INFO Epoch 22 | Step 2280/2562 | Loss 0.1444 | LR 1.9911e-05
2026-03-03 11:54:54 INFO Epoch 22 | Step 2300/2562 | Loss 0.1447 | LR 1.9911e-05
2026-03-03 11:56:30 INFO Epoch 22 | Step 2320/2562 | Loss 0.1446 | LR 1.9911e-05
2026-03-03 11:58:05 INFO Epoch 22 | Step 2340/2562 | Loss 0.1448 | LR 1.9910e-05
2026-03-03 11:59:41 INFO Epoch 22 | Step 2360/2562 | Loss 0.1447 | LR 1.9910e-05
2026-03-03 12:01:15 INFO Epoch 22 | Step 2380/2562 | Loss 0.1450 | LR 1.9910e-05
2026-03-03 12:02:50 INFO Epoch 22 | Step 2400/2562 | Loss 0.1450 | LR 1.9910e-05
2026-03-03 12:04:24 INFO Epoch 22 | Step 2420/2562 | Loss 0.1449 | LR 1.9910e-05
2026-03-03 12:05:59 INFO Epoch 22 | Step 2440/2562 | Loss 0.1451 | LR 1.9909e-05
2026-03-03 12:07:33 INFO Epoch 22 | Step 2460/2562 | Loss 0.1451 | LR 1.9909e-05
2026-03-03 12:09:08 INFO Epoch 22 | Step 2480/2562 | Loss 0.1451 | LR 1.9909e-05
2026-03-03 12:10:42 INFO Epoch 22 | Step 2500/2562 | Loss 0.1449 | LR 1.9909e-05
2026-03-03 12:12:17 INFO Epoch 22 | Step 2520/2562 | Loss 0.1450 | LR 1.9909e-05
2026-03-03 12:13:51 INFO Epoch 22 | Step 2540/2562 | Loss 0.1451 | LR 1.9908e-05
2026-03-03 12:15:25 INFO Epoch 22 | Step 2560/2562 | Loss 0.1452 | LR 1.9908e-05
2026-03-03 12:15:35 INFO Epoch 22 | Step 2562/2562 | Loss 0.1452 | LR 1.9908e-05
2026-03-03 13:01:36 INFO CSV Written | Epoch: 22
2026-03-03 13:01:36 INFO Epoch Done | Epoch: 22 | Time: 15021.8106 | Train Loss: 0.1452 | Val Accuracy: 0.9935 | Val AUPRC: 0.9079 | Val Auroc: 0.9934 | Val F1: 0.8522 | Val Loss: 0.4026
2026-03-03 13:01:36 INFO Epoch Start | Epoch: 23
2026-03-03 13:01:50 INFO Epoch 23 | Step 1/2562 | Loss 0.1477 | LR 1.9908e-05
2026-03-03 13:03:19 INFO Epoch 23 | Step 20/2562 | Loss 0.1331 | LR 1.9908e-05
2026-03-03 13:04:54 INFO Epoch 23 | Step 40/2562 | Loss 0.1338 | LR 1.9908e-05
2026-03-03 13:06:29 INFO Epoch 23 | Step 60/2562 | Loss 0.1389 | LR 1.9908e-05
2026-03-03 13:08:04 INFO Epoch 23 | Step 80/2562 | Loss 0.1498 | LR 1.9907e-05
2026-03-03 13:09:40 INFO Epoch 23 | Step 100/2562 | Loss 0.1510 | LR 1.9907e-05
2026-03-03 13:11:15 INFO Epoch 23 | Step 120/2562 | Loss 0.1482 | LR 1.9907e-05
2026-03-03 13:12:51 INFO Epoch 23 | Step 140/2562 | Loss 0.1498 | LR 1.9907e-05
2026-03-03 13:14:26 INFO Epoch 23 | Step 160/2562 | Loss 0.1473 | LR 1.9907e-05
2026-03-03 13:16:02 INFO Epoch 23 | Step 180/2562 | Loss 0.1438 | LR 1.9906e-05
2026-03-03 13:17:38 INFO Epoch 23 | Step 200/2562 | Loss 0.1432 | LR 1.9906e-05
2026-03-03 13:19:13 INFO Epoch 23 | Step 220/2562 | Loss 0.1396 | LR 1.9906e-05
2026-03-03 13:20:49 INFO Epoch 23 | Step 240/2562 | Loss 0.1396 | LR 1.9906e-05
2026-03-03 13:22:24 INFO Epoch 23 | Step 260/2562 | Loss 0.1399 | LR 1.9905e-05
2026-03-03 13:23:59 INFO Epoch 23 | Step 280/2562 | Loss 0.1371 | LR 1.9905e-05
2026-03-03 13:25:35 INFO Epoch 23 | Step 300/2562 | Loss 0.1368 | LR 1.9905e-05
2026-03-03 13:27:10 INFO Epoch 23 | Step 320/2562 | Loss 0.1374 | LR 1.9905e-05
2026-03-03 13:28:45 INFO Epoch 23 | Step 340/2562 | Loss 0.1369 | LR 1.9905e-05
2026-03-03 13:30:21 INFO Epoch 23 | Step 360/2562 | Loss 0.1381 | LR 1.9904e-05
2026-03-03 13:31:56 INFO Epoch 23 | Step 380/2562 | Loss 0.1378 | LR 1.9904e-05
2026-03-03 13:33:32 INFO Epoch 23 | Step 400/2562 | Loss 0.1381 | LR 1.9904e-05
2026-03-03 13:35:07 INFO Epoch 23 | Step 420/2562 | Loss 0.1380 | LR 1.9904e-05
2026-03-03 13:36:43 INFO Epoch 23 | Step 440/2562 | Loss 0.1366 | LR 1.9904e-05
2026-03-03 13:38:18 INFO Epoch 23 | Step 460/2562 | Loss 0.1361 | LR 1.9903e-05
2026-03-03 13:39:53 INFO Epoch 23 | Step 480/2562 | Loss 0.1365 | LR 1.9903e-05
2026-03-03 13:41:27 INFO Epoch 23 | Step 500/2562 | Loss 0.1366 | LR 1.9903e-05
2026-03-03 13:43:01 INFO Epoch 23 | Step 520/2562 | Loss 0.1374 | LR 1.9903e-05
2026-03-03 13:44:36 INFO Epoch 23 | Step 540/2562 | Loss 0.1380 | LR 1.9903e-05
2026-03-03 13:46:10 INFO Epoch 23 | Step 560/2562 | Loss 0.1384 | LR 1.9902e-05
2026-03-03 13:47:44 INFO Epoch 23 | Step 580/2562 | Loss 0.1384 | LR 1.9902e-05
2026-03-03 13:49:19 INFO Epoch 23 | Step 600/2562 | Loss 0.1381 | LR 1.9902e-05
2026-03-03 13:50:53 INFO Epoch 23 | Step 620/2562 | Loss 0.1383 | LR 1.9902e-05
2026-03-03 13:52:27 INFO Epoch 23 | Step 640/2562 | Loss 0.1381 | LR 1.9901e-05
2026-03-03 13:54:02 INFO Epoch 23 | Step 660/2562 | Loss 0.1382 | LR 1.9901e-05
2026-03-03 13:55:36 INFO Epoch 23 | Step 680/2562 | Loss 0.1387 | LR 1.9901e-05
2026-03-03 13:57:10 INFO Epoch 23 | Step 700/2562 | Loss 0.1398 | LR 1.9901e-05
2026-03-03 13:58:44 INFO Epoch 23 | Step 720/2562 | Loss 0.1392 | LR 1.9901e-05
2026-03-03 14:00:19 INFO Epoch 23 | Step 740/2562 | Loss 0.1388 | LR 1.9900e-05
2026-03-03 14:01:53 INFO Epoch 23 | Step 760/2562 | Loss 0.1388 | LR 1.9900e-05
2026-03-03 14:03:28 INFO Epoch 23 | Step 780/2562 | Loss 0.1393 | LR 1.9900e-05
2026-03-03 14:05:02 INFO Epoch 23 | Step 800/2562 | Loss 0.1393 | LR 1.9900e-05
2026-03-03 14:06:36 INFO Epoch 23 | Step 820/2562 | Loss 0.1382 | LR 1.9900e-05
2026-03-03 14:08:11 INFO Epoch 23 | Step 840/2562 | Loss 0.1383 | LR 1.9899e-05
2026-03-03 14:09:45 INFO Epoch 23 | Step 860/2562 | Loss 0.1390 | LR 1.9899e-05
2026-03-03 14:11:19 INFO Epoch 23 | Step 880/2562 | Loss 0.1392 | LR 1.9899e-05
2026-03-03 14:12:53 INFO Epoch 23 | Step 900/2562 | Loss 0.1397 | LR 1.9899e-05
2026-03-03 14:14:27 INFO Epoch 23 | Step 920/2562 | Loss 0.1399 | LR 1.9899e-05
2026-03-03 14:16:02 INFO Epoch 23 | Step 940/2562 | Loss 0.1398 | LR 1.9898e-05
2026-03-03 14:17:37 INFO Epoch 23 | Step 960/2562 | Loss 0.1397 | LR 1.9898e-05
2026-03-03 14:19:12 INFO Epoch 23 | Step 980/2562 | Loss 0.1394 | LR 1.9898e-05
2026-03-03 14:20:48 INFO Epoch 23 | Step 1000/2562 | Loss 0.1397 | LR 1.9898e-05
2026-03-03 14:22:23 INFO Epoch 23 | Step 1020/2562 | Loss 0.1397 | LR 1.9897e-05
2026-03-03 14:23:59 INFO Epoch 23 | Step 1040/2562 | Loss 0.1398 | LR 1.9897e-05
2026-03-03 14:25:34 INFO Epoch 23 | Step 1060/2562 | Loss 0.1402 | LR 1.9897e-05
2026-03-03 14:27:09 INFO Epoch 23 | Step 1080/2562 | Loss 0.1400 | LR 1.9897e-05
2026-03-03 14:28:45 INFO Epoch 23 | Step 1100/2562 | Loss 0.1399 | LR 1.9897e-05
2026-03-03 14:30:20 INFO Epoch 23 | Step 1120/2562 | Loss 0.1397 | LR 1.9896e-05
2026-03-03 14:31:56 INFO Epoch 23 | Step 1140/2562 | Loss 0.1399 | LR 1.9896e-05
2026-03-03 14:33:31 INFO Epoch 23 | Step 1160/2562 | Loss 0.1404 | LR 1.9896e-05
2026-03-03 14:35:07 INFO Epoch 23 | Step 1180/2562 | Loss 0.1408 | LR 1.9896e-05
2026-03-03 14:36:42 INFO Epoch 23 | Step 1200/2562 | Loss 0.1405 | LR 1.9895e-05
2026-03-03 14:38:18 INFO Epoch 23 | Step 1220/2562 | Loss 0.1406 | LR 1.9895e-05
2026-03-03 14:39:53 INFO Epoch 23 | Step 1240/2562 | Loss 0.1412 | LR 1.9895e-05
2026-03-03 14:41:33 INFO Epoch 23 | Step 1260/2562 | Loss 0.1413 | LR 1.9895e-05
2026-03-03 14:43:14 INFO Epoch 23 | Step 1280/2562 | Loss 0.1415 | LR 1.9895e-05
2026-03-03 14:44:55 INFO Epoch 23 | Step 1300/2562 | Loss 0.1416 | LR 1.9894e-05
2026-03-03 14:46:35 INFO Epoch 23 | Step 1320/2562 | Loss 0.1420 | LR 1.9894e-05
2026-03-03 14:48:12 INFO Epoch 23 | Step 1340/2562 | Loss 0.1419 | LR 1.9894e-05
2026-03-03 14:49:48 INFO Epoch 23 | Step 1360/2562 | Loss 0.1422 | LR 1.9894e-05
2026-03-03 14:51:23 INFO Epoch 23 | Step 1380/2562 | Loss 0.1420 | LR 1.9893e-05
2026-03-03 14:52:59 INFO Epoch 23 | Step 1400/2562 | Loss 0.1419 | LR 1.9893e-05
2026-03-03 14:54:34 INFO Epoch 23 | Step 1420/2562 | Loss 0.1418 | LR 1.9893e-05
2026-03-03 14:56:08 INFO Epoch 23 | Step 1440/2562 | Loss 0.1416 | LR 1.9893e-05
2026-03-03 14:57:43 INFO Epoch 23 | Step 1460/2562 | Loss 0.1415 | LR 1.9893e-05
2026-03-03 14:59:17 INFO Epoch 23 | Step 1480/2562 | Loss 0.1415 | LR 1.9892e-05
2026-03-03 15:00:51 INFO Epoch 23 | Step 1500/2562 | Loss 0.1416 | LR 1.9892e-05
2026-03-03 15:02:26 INFO Epoch 23 | Step 1520/2562 | Loss 0.1415 | LR 1.9892e-05
2026-03-03 15:04:00 INFO Epoch 23 | Step 1540/2562 | Loss 0.1417 | LR 1.9892e-05
2026-03-03 15:05:34 INFO Epoch 23 | Step 1560/2562 | Loss 0.1413 | LR 1.9892e-05
2026-03-03 15:07:08 INFO Epoch 23 | Step 1580/2562 | Loss 0.1410 | LR 1.9891e-05
2026-03-03 15:08:42 INFO Epoch 23 | Step 1600/2562 | Loss 0.1407 | LR 1.9891e-05
2026-03-03 15:10:16 INFO Epoch 23 | Step 1620/2562 | Loss 0.1405 | LR 1.9891e-05
2026-03-03 15:11:50 INFO Epoch 23 | Step 1640/2562 | Loss 0.1409 | LR 1.9891e-05
2026-03-03 15:13:24 INFO Epoch 23 | Step 1660/2562 | Loss 0.1412 | LR 1.9890e-05
2026-03-03 15:14:59 INFO Epoch 23 | Step 1680/2562 | Loss 0.1409 | LR 1.9890e-05
2026-03-03 15:16:33 INFO Epoch 23 | Step 1700/2562 | Loss 0.1411 | LR 1.9890e-05
2026-03-03 15:18:07 INFO Epoch 23 | Step 1720/2562 | Loss 0.1412 | LR 1.9890e-05
2026-03-03 15:19:41 INFO Epoch 23 | Step 1740/2562 | Loss 0.1411 | LR 1.9889e-05
2026-03-03 15:21:15 INFO Epoch 23 | Step 1760/2562 | Loss 0.1412 | LR 1.9889e-05
2026-03-03 15:22:49 INFO Epoch 23 | Step 1780/2562 | Loss 0.1411 | LR 1.9889e-05
2026-03-03 15:24:23 INFO Epoch 23 | Step 1800/2562 | Loss 0.1414 | LR 1.9889e-05
2026-03-03 15:25:58 INFO Epoch 23 | Step 1820/2562 | Loss 0.1414 | LR 1.9889e-05
2026-03-03 15:27:32 INFO Epoch 23 | Step 1840/2562 | Loss 0.1412 | LR 1.9888e-05
2026-03-03 15:29:06 INFO Epoch 23 | Step 1860/2562 | Loss 0.1411 | LR 1.9888e-05
2026-03-03 15:30:40 INFO Epoch 23 | Step 1880/2562 | Loss 0.1410 | LR 1.9888e-05
2026-03-03 15:32:15 INFO Epoch 23 | Step 1900/2562 | Loss 0.1411 | LR 1.9888e-05
2026-03-03 15:33:50 INFO Epoch 23 | Step 1920/2562 | Loss 0.1410 | LR 1.9887e-05
2026-03-03 15:35:26 INFO Epoch 23 | Step 1940/2562 | Loss 0.1411 | LR 1.9887e-05
2026-03-03 15:37:01 INFO Epoch 23 | Step 1960/2562 | Loss 0.1411 | LR 1.9887e-05
2026-03-03 15:38:36 INFO Epoch 23 | Step 1980/2562 | Loss 0.1414 | LR 1.9887e-05
2026-03-03 15:40:11 INFO Epoch 23 | Step 2000/2562 | Loss 0.1414 | LR 1.9887e-05
2026-03-03 15:41:47 INFO Epoch 23 | Step 2020/2562 | Loss 0.1416 | LR 1.9886e-05
2026-03-03 15:43:22 INFO Epoch 23 | Step 2040/2562 | Loss 0.1416 | LR 1.9886e-05
2026-03-03 15:44:57 INFO Epoch 23 | Step 2060/2562 | Loss 0.1415 | LR 1.9886e-05
2026-03-03 15:46:32 INFO Epoch 23 | Step 2080/2562 | Loss 0.1416 | LR 1.9886e-05
2026-03-03 15:48:07 INFO Epoch 23 | Step 2100/2562 | Loss 0.1417 | LR 1.9885e-05
2026-03-03 15:49:43 INFO Epoch 23 | Step 2120/2562 | Loss 0.1416 | LR 1.9885e-05
2026-03-03 15:51:18 INFO Epoch 23 | Step 2140/2562 | Loss 0.1417 | LR 1.9885e-05
2026-03-03 15:52:54 INFO Epoch 23 | Step 2160/2562 | Loss 0.1417 | LR 1.9885e-05
2026-03-03 15:54:29 INFO Epoch 23 | Step 2180/2562 | Loss 0.1422 | LR 1.9885e-05
2026-03-03 15:56:04 INFO Epoch 23 | Step 2200/2562 | Loss 0.1422 | LR 1.9884e-05
2026-03-03 15:57:40 INFO Epoch 23 | Step 2220/2562 | Loss 0.1421 | LR 1.9884e-05
2026-03-03 15:59:15 INFO Epoch 23 | Step 2240/2562 | Loss 0.1425 | LR 1.9884e-05
2026-03-03 16:00:51 INFO Epoch 23 | Step 2260/2562 | Loss 0.1424 | LR 1.9884e-05
2026-03-03 16:02:27 INFO Epoch 23 | Step 2280/2562 | Loss 0.1424 | LR 1.9883e-05
2026-03-03 16:04:02 INFO Epoch 23 | Step 2300/2562 | Loss 0.1425 | LR 1.9883e-05
2026-03-03 16:05:38 INFO Epoch 23 | Step 2320/2562 | Loss 0.1424 | LR 1.9883e-05
2026-03-03 16:07:13 INFO Epoch 23 | Step 2340/2562 | Loss 0.1423 | LR 1.9883e-05
2026-03-03 16:08:48 INFO Epoch 23 | Step 2360/2562 | Loss 0.1422 | LR 1.9882e-05
2026-03-03 16:10:22 INFO Epoch 23 | Step 2380/2562 | Loss 0.1421 | LR 1.9882e-05
2026-03-03 16:11:57 INFO Epoch 23 | Step 2400/2562 | Loss 0.1420 | LR 1.9882e-05
2026-03-03 16:13:31 INFO Epoch 23 | Step 2420/2562 | Loss 0.1421 | LR 1.9882e-05
2026-03-03 16:15:05 INFO Epoch 23 | Step 2440/2562 | Loss 0.1420 | LR 1.9882e-05
2026-03-03 16:16:39 INFO Epoch 23 | Step 2460/2562 | Loss 0.1421 | LR 1.9881e-05
2026-03-03 16:18:13 INFO Epoch 23 | Step 2480/2562 | Loss 0.1423 | LR 1.9881e-05
2026-03-03 16:19:46 INFO Epoch 23 | Step 2500/2562 | Loss 0.1425 | LR 1.9881e-05
2026-03-03 16:21:20 INFO Epoch 23 | Step 2520/2562 | Loss 0.1427 | LR 1.9881e-05
2026-03-03 16:22:54 INFO Epoch 23 | Step 2540/2562 | Loss 0.1427 | LR 1.9880e-05
