2026-03-10 12:34:24 INFO Startup | Rank: 0 | Run Id: 20260310_123424 | Seed: 47 | Stages: pretrain,finetune,evaluate | World Size: 4
2026-03-10 12:34:24 INFO Device | Resolved Device: cuda:0
2026-03-10 12:36:40 INFO Model Init | Model: v3 | Params: 31695105
2026-03-10 12:36:44 INFO DDP Ready | Wrapped: True
2026-03-10 12:36:51 INFO Data Ready | Test: 188697 | Train: 1367504 | Valid: 71974
2026-03-10 12:36:51 INFO Begin Training
2026-03-10 12:36:51 INFO Stage Start | Run Id: 20260310_123424
2026-03-10 12:36:51 INFO Train Config | Epochs: 10 | Monitor: auprc | Patience: 3
2026-03-10 12:36:51 INFO Epoch Start | Epoch: 1
2026-03-10 12:36:54 INFO Epoch 1 | Step 1/10683 | Loss 0.8341 | LR 4.0000e-06
2026-03-10 12:37:10 INFO Epoch 1 | Step 20/10683 | Loss 0.7449 | LR 4.0004e-06
2026-03-10 12:37:27 INFO Epoch 1 | Step 40/10683 | Loss 0.7367 | LR 4.0015e-06
2026-03-10 12:37:43 INFO Epoch 1 | Step 60/10683 | Loss 0.7280 | LR 4.0033e-06
2026-03-10 12:38:00 INFO Epoch 1 | Step 80/10683 | Loss 0.7216 | LR 4.0059e-06
2026-03-10 12:38:17 INFO Epoch 1 | Step 100/10683 | Loss 0.7194 | LR 4.0092e-06
2026-03-10 12:38:34 INFO Epoch 1 | Step 120/10683 | Loss 0.7122 | LR 4.0133e-06
2026-03-10 12:38:51 INFO Epoch 1 | Step 140/10683 | Loss 0.7090 | LR 4.0181e-06
2026-03-10 12:39:07 INFO Epoch 1 | Step 160/10683 | Loss 0.7068 | LR 4.0236e-06
2026-03-10 12:39:24 INFO Epoch 1 | Step 180/10683 | Loss 0.7031 | LR 4.0299e-06
2026-03-10 12:39:41 INFO Epoch 1 | Step 200/10683 | Loss 0.7008 | LR 4.0369e-06
2026-03-10 12:39:58 INFO Epoch 1 | Step 220/10683 | Loss 0.6993 | LR 4.0446e-06
2026-03-10 12:40:14 INFO Epoch 1 | Step 240/10683 | Loss 0.6959 | LR 4.0531e-06
2026-03-10 12:40:31 INFO Epoch 1 | Step 260/10683 | Loss 0.6943 | LR 4.0624e-06
2026-03-10 12:40:48 INFO Epoch 1 | Step 280/10683 | Loss 0.6929 | LR 4.0723e-06
2026-03-10 12:41:05 INFO Epoch 1 | Step 300/10683 | Loss 0.6915 | LR 4.0830e-06
2026-03-10 12:41:22 INFO Epoch 1 | Step 320/10683 | Loss 0.6906 | LR 4.0944e-06
2026-03-10 12:41:39 INFO Epoch 1 | Step 340/10683 | Loss 0.6896 | LR 4.1066e-06
2026-03-10 12:41:55 INFO Epoch 1 | Step 360/10683 | Loss 0.6890 | LR 4.1195e-06
2026-03-10 12:42:12 INFO Epoch 1 | Step 380/10683 | Loss 0.6876 | LR 4.1332e-06
2026-03-10 12:42:29 INFO Epoch 1 | Step 400/10683 | Loss 0.6866 | LR 4.1475e-06
2026-03-10 12:42:46 INFO Epoch 1 | Step 420/10683 | Loss 0.6849 | LR 4.1626e-06
2026-03-10 12:43:03 INFO Epoch 1 | Step 440/10683 | Loss 0.6835 | LR 4.1785e-06
2026-03-10 12:43:20 INFO Epoch 1 | Step 460/10683 | Loss 0.6813 | LR 4.1951e-06
2026-03-10 12:43:36 INFO Epoch 1 | Step 480/10683 | Loss 0.6804 | LR 4.2124e-06
2026-03-10 12:43:53 INFO Epoch 1 | Step 500/10683 | Loss 0.6785 | LR 4.2305e-06
2026-03-10 12:44:10 INFO Epoch 1 | Step 520/10683 | Loss 0.6780 | LR 4.2492e-06
2026-03-10 12:44:27 INFO Epoch 1 | Step 540/10683 | Loss 0.6767 | LR 4.2688e-06
2026-03-10 12:44:44 INFO Epoch 1 | Step 560/10683 | Loss 0.6757 | LR 4.2890e-06
2026-03-10 12:45:01 INFO Epoch 1 | Step 580/10683 | Loss 0.6747 | LR 4.3100e-06
2026-03-10 12:45:17 INFO Epoch 1 | Step 600/10683 | Loss 0.6741 | LR 4.3317e-06
2026-03-10 12:45:34 INFO Epoch 1 | Step 620/10683 | Loss 0.6730 | LR 4.3542e-06
2026-03-10 12:45:51 INFO Epoch 1 | Step 640/10683 | Loss 0.6716 | LR 4.3774e-06
2026-03-10 12:46:08 INFO Epoch 1 | Step 660/10683 | Loss 0.6696 | LR 4.4013e-06
2026-03-10 12:46:24 INFO Epoch 1 | Step 680/10683 | Loss 0.6681 | LR 4.4260e-06
2026-03-10 12:46:41 INFO Epoch 1 | Step 700/10683 | Loss 0.6671 | LR 4.4513e-06
2026-03-10 12:46:58 INFO Epoch 1 | Step 720/10683 | Loss 0.6662 | LR 4.4775e-06
2026-03-10 12:47:15 INFO Epoch 1 | Step 740/10683 | Loss 0.6662 | LR 4.5043e-06
2026-03-10 12:47:32 INFO Epoch 1 | Step 760/10683 | Loss 0.6656 | LR 4.5319e-06
2026-03-10 12:47:48 INFO Epoch 1 | Step 780/10683 | Loss 0.6653 | LR 4.5602e-06
2026-03-10 12:48:05 INFO Epoch 1 | Step 800/10683 | Loss 0.6646 | LR 4.5892e-06
2026-03-10 12:48:22 INFO Epoch 1 | Step 820/10683 | Loss 0.6641 | LR 4.6190e-06
2026-03-10 12:48:39 INFO Epoch 1 | Step 840/10683 | Loss 0.6638 | LR 4.6495e-06
2026-03-10 12:48:56 INFO Epoch 1 | Step 860/10683 | Loss 0.6632 | LR 4.6807e-06
2026-03-10 12:49:13 INFO Epoch 1 | Step 880/10683 | Loss 0.6624 | LR 4.7127e-06
2026-03-10 12:49:29 INFO Epoch 1 | Step 900/10683 | Loss 0.6620 | LR 4.7453e-06
2026-03-10 12:49:46 INFO Epoch 1 | Step 920/10683 | Loss 0.6612 | LR 4.7787e-06
2026-03-10 12:50:03 INFO Epoch 1 | Step 940/10683 | Loss 0.6607 | LR 4.8129e-06
2026-03-10 12:50:20 INFO Epoch 1 | Step 960/10683 | Loss 0.6602 | LR 4.8477e-06
2026-03-10 12:50:36 INFO Epoch 1 | Step 980/10683 | Loss 0.6595 | LR 4.8833e-06
2026-03-10 12:50:53 INFO Epoch 1 | Step 1000/10683 | Loss 0.6591 | LR 4.9196e-06
2026-03-10 12:51:10 INFO Epoch 1 | Step 1020/10683 | Loss 0.6587 | LR 4.9566e-06
2026-03-10 12:51:27 INFO Epoch 1 | Step 1040/10683 | Loss 0.6580 | LR 4.9944e-06
2026-03-10 12:51:44 INFO Epoch 1 | Step 1060/10683 | Loss 0.6573 | LR 5.0329e-06
2026-03-10 12:52:01 INFO Epoch 1 | Step 1080/10683 | Loss 0.6568 | LR 5.0721e-06
2026-03-10 12:52:18 INFO Epoch 1 | Step 1100/10683 | Loss 0.6561 | LR 5.1120e-06
2026-03-10 12:52:34 INFO Epoch 1 | Step 1120/10683 | Loss 0.6554 | LR 5.1526e-06
2026-03-10 12:52:51 INFO Epoch 1 | Step 1140/10683 | Loss 0.6548 | LR 5.1940e-06
2026-03-10 12:53:08 INFO Epoch 1 | Step 1160/10683 | Loss 0.6546 | LR 5.2361e-06
2026-03-10 12:53:25 INFO Epoch 1 | Step 1180/10683 | Loss 0.6540 | LR 5.2789e-06
2026-03-10 12:53:42 INFO Epoch 1 | Step 1200/10683 | Loss 0.6533 | LR 5.3224e-06
2026-03-10 12:53:58 INFO Epoch 1 | Step 1220/10683 | Loss 0.6532 | LR 5.3666e-06
2026-03-10 12:54:15 INFO Epoch 1 | Step 1240/10683 | Loss 0.6528 | LR 5.4116e-06
2026-03-10 12:54:32 INFO Epoch 1 | Step 1260/10683 | Loss 0.6523 | LR 5.4572e-06
2026-03-10 12:54:49 INFO Epoch 1 | Step 1280/10683 | Loss 0.6521 | LR 5.5036e-06
2026-03-10 12:55:06 INFO Epoch 1 | Step 1300/10683 | Loss 0.6516 | LR 5.5507e-06
2026-03-10 12:55:22 INFO Epoch 1 | Step 1320/10683 | Loss 0.6510 | LR 5.5985e-06
2026-03-10 12:55:39 INFO Epoch 1 | Step 1340/10683 | Loss 0.6508 | LR 5.6470e-06
2026-03-10 12:55:56 INFO Epoch 1 | Step 1360/10683 | Loss 0.6504 | LR 5.6963e-06
2026-03-10 12:56:13 INFO Epoch 1 | Step 1380/10683 | Loss 0.6502 | LR 5.7462e-06
2026-03-10 12:56:30 INFO Epoch 1 | Step 1400/10683 | Loss 0.6500 | LR 5.7969e-06
2026-03-10 12:56:46 INFO Epoch 1 | Step 1420/10683 | Loss 0.6496 | LR 5.8483e-06
2026-03-10 12:57:03 INFO Epoch 1 | Step 1440/10683 | Loss 0.6490 | LR 5.9004e-06
2026-03-10 12:57:20 INFO Epoch 1 | Step 1460/10683 | Loss 0.6487 | LR 5.9531e-06
2026-03-10 12:57:37 INFO Epoch 1 | Step 1480/10683 | Loss 0.6483 | LR 6.0066e-06
2026-03-10 12:57:54 INFO Epoch 1 | Step 1500/10683 | Loss 0.6480 | LR 6.0608e-06
2026-03-10 12:58:11 INFO Epoch 1 | Step 1520/10683 | Loss 0.6473 | LR 6.1158e-06
2026-03-10 12:58:27 INFO Epoch 1 | Step 1540/10683 | Loss 0.6468 | LR 6.1714e-06
2026-03-10 12:58:44 INFO Epoch 1 | Step 1560/10683 | Loss 0.6464 | LR 6.2277e-06
2026-03-10 12:59:01 INFO Epoch 1 | Step 1580/10683 | Loss 0.6463 | LR 6.2847e-06
2026-03-10 12:59:18 INFO Epoch 1 | Step 1600/10683 | Loss 0.6459 | LR 6.3425e-06
2026-03-10 12:59:34 INFO Epoch 1 | Step 1620/10683 | Loss 0.6452 | LR 6.4009e-06
2026-03-10 12:59:51 INFO Epoch 1 | Step 1640/10683 | Loss 0.6450 | LR 6.4600e-06
2026-03-10 13:00:08 INFO Epoch 1 | Step 1660/10683 | Loss 0.6445 | LR 6.5199e-06
2026-03-10 13:00:25 INFO Epoch 1 | Step 1680/10683 | Loss 0.6441 | LR 6.5804e-06
2026-03-10 13:00:41 INFO Epoch 1 | Step 1700/10683 | Loss 0.6436 | LR 6.6416e-06
2026-03-10 13:00:58 INFO Epoch 1 | Step 1720/10683 | Loss 0.6435 | LR 6.7035e-06
2026-03-10 13:01:15 INFO Epoch 1 | Step 1740/10683 | Loss 0.6433 | LR 6.7662e-06
2026-03-10 13:01:32 INFO Epoch 1 | Step 1760/10683 | Loss 0.6429 | LR 6.8295e-06
2026-03-10 13:01:49 INFO Epoch 1 | Step 1780/10683 | Loss 0.6426 | LR 6.8935e-06
2026-03-10 13:02:05 INFO Epoch 1 | Step 1800/10683 | Loss 0.6423 | LR 6.9582e-06
2026-03-10 13:02:22 INFO Epoch 1 | Step 1820/10683 | Loss 0.6421 | LR 7.0236e-06
2026-03-10 13:02:38 INFO Epoch 1 | Step 1840/10683 | Loss 0.6417 | LR 7.0897e-06
2026-03-10 13:02:54 INFO Epoch 1 | Step 1860/10683 | Loss 0.6416 | LR 7.1565e-06
2026-03-10 13:03:10 INFO Epoch 1 | Step 1880/10683 | Loss 0.6413 | LR 7.2240e-06
2026-03-10 13:03:26 INFO Epoch 1 | Step 1900/10683 | Loss 0.6410 | LR 7.2921e-06
2026-03-10 13:03:43 INFO Epoch 1 | Step 1920/10683 | Loss 0.6407 | LR 7.3610e-06
2026-03-10 13:03:59 INFO Epoch 1 | Step 1940/10683 | Loss 0.6402 | LR 7.4305e-06
2026-03-10 13:04:16 INFO Epoch 1 | Step 1960/10683 | Loss 0.6396 | LR 7.5007e-06
2026-03-10 13:04:32 INFO Epoch 1 | Step 1980/10683 | Loss 0.6392 | LR 7.5716e-06
2026-03-10 13:04:49 INFO Epoch 1 | Step 2000/10683 | Loss 0.6389 | LR 7.6432e-06
2026-03-10 13:05:06 INFO Epoch 1 | Step 2020/10683 | Loss 0.6385 | LR 7.7155e-06
2026-03-10 13:05:22 INFO Epoch 1 | Step 2040/10683 | Loss 0.6383 | LR 7.7884e-06
2026-03-10 13:05:39 INFO Epoch 1 | Step 2060/10683 | Loss 0.6378 | LR 7.8621e-06
2026-03-10 13:05:55 INFO Epoch 1 | Step 2080/10683 | Loss 0.6375 | LR 7.9364e-06
2026-03-10 13:06:12 INFO Epoch 1 | Step 2100/10683 | Loss 0.6371 | LR 8.0114e-06
2026-03-10 13:06:28 INFO Epoch 1 | Step 2120/10683 | Loss 0.6367 | LR 8.0870e-06
2026-03-10 13:06:44 INFO Epoch 1 | Step 2140/10683 | Loss 0.6364 | LR 8.1634e-06
2026-03-10 13:07:01 INFO Epoch 1 | Step 2160/10683 | Loss 0.6361 | LR 8.2404e-06
2026-03-10 13:07:18 INFO Epoch 1 | Step 2180/10683 | Loss 0.6358 | LR 8.3180e-06
2026-03-10 13:07:34 INFO Epoch 1 | Step 2200/10683 | Loss 0.6354 | LR 8.3964e-06
2026-03-10 13:07:51 INFO Epoch 1 | Step 2220/10683 | Loss 0.6352 | LR 8.4754e-06
2026-03-10 13:08:07 INFO Epoch 1 | Step 2240/10683 | Loss 0.6350 | LR 8.5551e-06
2026-03-10 13:08:24 INFO Epoch 1 | Step 2260/10683 | Loss 0.6348 | LR 8.6355e-06
2026-03-10 13:08:40 INFO Epoch 1 | Step 2280/10683 | Loss 0.6343 | LR 8.7165e-06
2026-03-10 13:08:57 INFO Epoch 1 | Step 2300/10683 | Loss 0.6341 | LR 8.7982e-06
2026-03-10 13:09:13 INFO Epoch 1 | Step 2320/10683 | Loss 0.6337 | LR 8.8806e-06
2026-03-10 13:09:30 INFO Epoch 1 | Step 2340/10683 | Loss 0.6332 | LR 8.9636e-06
2026-03-10 13:09:46 INFO Epoch 1 | Step 2360/10683 | Loss 0.6329 | LR 9.0473e-06
2026-03-10 13:10:03 INFO Epoch 1 | Step 2380/10683 | Loss 0.6328 | LR 9.1316e-06
2026-03-10 13:10:19 INFO Epoch 1 | Step 2400/10683 | Loss 0.6325 | LR 9.2166e-06
2026-03-10 13:10:36 INFO Epoch 1 | Step 2420/10683 | Loss 0.6321 | LR 9.3023e-06
2026-03-10 13:10:52 INFO Epoch 1 | Step 2440/10683 | Loss 0.6320 | LR 9.3886e-06
2026-03-10 13:11:09 INFO Epoch 1 | Step 2460/10683 | Loss 0.6315 | LR 9.4756e-06
2026-03-10 13:11:25 INFO Epoch 1 | Step 2480/10683 | Loss 0.6313 | LR 9.5632e-06
2026-03-10 13:11:42 INFO Epoch 1 | Step 2500/10683 | Loss 0.6307 | LR 9.6515e-06
2026-03-10 13:11:58 INFO Epoch 1 | Step 2520/10683 | Loss 0.6303 | LR 9.7404e-06
2026-03-10 13:12:15 INFO Epoch 1 | Step 2540/10683 | Loss 0.6301 | LR 9.8300e-06
2026-03-10 13:12:31 INFO Epoch 1 | Step 2560/10683 | Loss 0.6297 | LR 9.9202e-06
2026-03-10 13:12:48 INFO Epoch 1 | Step 2580/10683 | Loss 0.6294 | LR 1.0011e-05
2026-03-10 13:13:05 INFO Epoch 1 | Step 2600/10683 | Loss 0.6290 | LR 1.0103e-05
2026-03-10 13:13:21 INFO Epoch 1 | Step 2620/10683 | Loss 0.6289 | LR 1.0195e-05
2026-03-10 13:13:38 INFO Epoch 1 | Step 2640/10683 | Loss 0.6289 | LR 1.0288e-05
2026-03-10 13:13:54 INFO Epoch 1 | Step 2660/10683 | Loss 0.6288 | LR 1.0381e-05
2026-03-10 13:14:11 INFO Epoch 1 | Step 2680/10683 | Loss 0.6284 | LR 1.0475e-05
2026-03-10 13:14:27 INFO Epoch 1 | Step 2700/10683 | Loss 0.6281 | LR 1.0570e-05
2026-03-10 13:14:44 INFO Epoch 1 | Step 2720/10683 | Loss 0.6276 | LR 1.0665e-05
2026-03-10 13:15:00 INFO Epoch 1 | Step 2740/10683 | Loss 0.6274 | LR 1.0761e-05
2026-03-10 13:15:17 INFO Epoch 1 | Step 2760/10683 | Loss 0.6269 | LR 1.0858e-05
2026-03-10 13:15:33 INFO Epoch 1 | Step 2780/10683 | Loss 0.6266 | LR 1.0955e-05
2026-03-10 13:15:50 INFO Epoch 1 | Step 2800/10683 | Loss 0.6260 | LR 1.1053e-05
2026-03-10 13:16:06 INFO Epoch 1 | Step 2820/10683 | Loss 0.6256 | LR 1.1152e-05
2026-03-10 13:16:23 INFO Epoch 1 | Step 2840/10683 | Loss 0.6252 | LR 1.1251e-05
2026-03-10 13:16:39 INFO Epoch 1 | Step 2860/10683 | Loss 0.6247 | LR 1.1351e-05
2026-03-10 13:16:56 INFO Epoch 1 | Step 2880/10683 | Loss 0.6245 | LR 1.1451e-05
2026-03-10 13:17:12 INFO Epoch 1 | Step 2900/10683 | Loss 0.6239 | LR 1.1552e-05
2026-03-10 13:17:28 INFO Epoch 1 | Step 2920/10683 | Loss 0.6236 | LR 1.1654e-05
2026-03-10 13:17:45 INFO Epoch 1 | Step 2940/10683 | Loss 0.6231 | LR 1.1756e-05
2026-03-10 13:18:01 INFO Epoch 1 | Step 2960/10683 | Loss 0.6229 | LR 1.1859e-05
2026-03-10 13:18:18 INFO Epoch 1 | Step 2980/10683 | Loss 0.6227 | LR 1.1962e-05
2026-03-10 13:18:34 INFO Epoch 1 | Step 3000/10683 | Loss 0.6224 | LR 1.2066e-05
2026-03-10 13:18:51 INFO Epoch 1 | Step 3020/10683 | Loss 0.6221 | LR 1.2171e-05
2026-03-10 13:19:07 INFO Epoch 1 | Step 3040/10683 | Loss 0.6219 | LR 1.2277e-05
2026-03-10 13:19:24 INFO Epoch 1 | Step 3060/10683 | Loss 0.6218 | LR 1.2382e-05
2026-03-10 13:19:40 INFO Epoch 1 | Step 3080/10683 | Loss 0.6215 | LR 1.2489e-05
2026-03-10 13:19:57 INFO Epoch 1 | Step 3100/10683 | Loss 0.6210 | LR 1.2596e-05
2026-03-10 13:20:13 INFO Epoch 1 | Step 3120/10683 | Loss 0.6207 | LR 1.2704e-05
2026-03-10 13:20:30 INFO Epoch 1 | Step 3140/10683 | Loss 0.6204 | LR 1.2812e-05
2026-03-10 13:20:46 INFO Epoch 1 | Step 3160/10683 | Loss 0.6201 | LR 1.2921e-05
2026-03-10 13:21:03 INFO Epoch 1 | Step 3180/10683 | Loss 0.6195 | LR 1.3031e-05
2026-03-10 13:21:19 INFO Epoch 1 | Step 3200/10683 | Loss 0.6191 | LR 1.3141e-05
2026-03-10 13:21:36 INFO Epoch 1 | Step 3220/10683 | Loss 0.6189 | LR 1.3252e-05
2026-03-10 13:21:52 INFO Epoch 1 | Step 3240/10683 | Loss 0.6186 | LR 1.3363e-05
2026-03-10 13:22:09 INFO Epoch 1 | Step 3260/10683 | Loss 0.6182 | LR 1.3475e-05
2026-03-10 13:22:25 INFO Epoch 1 | Step 3280/10683 | Loss 0.6178 | LR 1.3588e-05
2026-03-10 13:22:42 INFO Epoch 1 | Step 3300/10683 | Loss 0.6176 | LR 1.3701e-05
2026-03-10 13:22:58 INFO Epoch 1 | Step 3320/10683 | Loss 0.6173 | LR 1.3815e-05
2026-03-10 13:23:15 INFO Epoch 1 | Step 3340/10683 | Loss 0.6171 | LR 1.3929e-05
2026-03-10 13:23:31 INFO Epoch 1 | Step 3360/10683 | Loss 0.6167 | LR 1.4044e-05
2026-03-10 13:23:48 INFO Epoch 1 | Step 3380/10683 | Loss 0.6163 | LR 1.4160e-05
2026-03-10 13:24:04 INFO Epoch 1 | Step 3400/10683 | Loss 0.6159 | LR 1.4276e-05
2026-03-10 13:24:21 INFO Epoch 1 | Step 3420/10683 | Loss 0.6156 | LR 1.4392e-05
2026-03-10 13:24:37 INFO Epoch 1 | Step 3440/10683 | Loss 0.6154 | LR 1.4510e-05
2026-03-10 13:24:54 INFO Epoch 1 | Step 3460/10683 | Loss 0.6148 | LR 1.4627e-05
2026-03-10 13:25:10 INFO Epoch 1 | Step 3480/10683 | Loss 0.6144 | LR 1.4746e-05
2026-03-10 13:25:27 INFO Epoch 1 | Step 3500/10683 | Loss 0.6140 | LR 1.4865e-05
2026-03-10 13:25:43 INFO Epoch 1 | Step 3520/10683 | Loss 0.6137 | LR 1.4984e-05
2026-03-10 13:26:00 INFO Epoch 1 | Step 3540/10683 | Loss 0.6132 | LR 1.5104e-05
2026-03-10 13:26:16 INFO Epoch 1 | Step 3560/10683 | Loss 0.6129 | LR 1.5225e-05
2026-03-10 13:26:33 INFO Epoch 1 | Step 3580/10683 | Loss 0.6124 | LR 1.5346e-05
2026-03-10 13:26:49 INFO Epoch 1 | Step 3600/10683 | Loss 0.6119 | LR 1.5468e-05
2026-03-10 13:27:06 INFO Epoch 1 | Step 3620/10683 | Loss 0.6116 | LR 1.5591e-05
2026-03-10 13:27:22 INFO Epoch 1 | Step 3640/10683 | Loss 0.6111 | LR 1.5714e-05
2026-03-10 13:27:39 INFO Epoch 1 | Step 3660/10683 | Loss 0.6107 | LR 1.5837e-05
2026-03-10 13:27:55 INFO Epoch 1 | Step 3680/10683 | Loss 0.6103 | LR 1.5961e-05
2026-03-10 13:28:12 INFO Epoch 1 | Step 3700/10683 | Loss 0.6098 | LR 1.6086e-05
2026-03-10 13:28:28 INFO Epoch 1 | Step 3720/10683 | Loss 0.6092 | LR 1.6211e-05
2026-03-10 13:28:45 INFO Epoch 1 | Step 3740/10683 | Loss 0.6088 | LR 1.6337e-05
2026-03-10 13:29:01 INFO Epoch 1 | Step 3760/10683 | Loss 0.6084 | LR 1.6463e-05
2026-03-10 13:29:18 INFO Epoch 1 | Step 3780/10683 | Loss 0.6082 | LR 1.6590e-05
2026-03-10 13:29:34 INFO Epoch 1 | Step 3800/10683 | Loss 0.6077 | LR 1.6717e-05
2026-03-10 13:29:51 INFO Epoch 1 | Step 3820/10683 | Loss 0.6072 | LR 1.6845e-05
2026-03-10 13:30:07 INFO Epoch 1 | Step 3840/10683 | Loss 0.6068 | LR 1.6973e-05
2026-03-10 13:30:24 INFO Epoch 1 | Step 3860/10683 | Loss 0.6063 | LR 1.7102e-05
2026-03-10 13:30:40 INFO Epoch 1 | Step 3880/10683 | Loss 0.6059 | LR 1.7232e-05
2026-03-10 13:30:57 INFO Epoch 1 | Step 3900/10683 | Loss 0.6054 | LR 1.7362e-05
2026-03-10 13:31:13 INFO Epoch 1 | Step 3920/10683 | Loss 0.6050 | LR 1.7492e-05
2026-03-10 13:31:30 INFO Epoch 1 | Step 3940/10683 | Loss 0.6046 | LR 1.7623e-05
2026-03-10 13:31:46 INFO Epoch 1 | Step 3960/10683 | Loss 0.6041 | LR 1.7755e-05
2026-03-10 13:32:03 INFO Epoch 1 | Step 3980/10683 | Loss 0.6039 | LR 1.7887e-05
2026-03-10 13:32:19 INFO Epoch 1 | Step 4000/10683 | Loss 0.6034 | LR 1.8020e-05
2026-03-10 13:32:35 INFO Epoch 1 | Step 4020/10683 | Loss 0.6028 | LR 1.8153e-05
2026-03-10 13:32:52 INFO Epoch 1 | Step 4040/10683 | Loss 0.6024 | LR 1.8287e-05
2026-03-10 13:33:08 INFO Epoch 1 | Step 4060/10683 | Loss 0.6020 | LR 1.8421e-05
2026-03-10 13:33:25 INFO Epoch 1 | Step 4080/10683 | Loss 0.6016 | LR 1.8556e-05
2026-03-10 13:33:41 INFO Epoch 1 | Step 4100/10683 | Loss 0.6011 | LR 1.8691e-05
2026-03-10 13:33:58 INFO Epoch 1 | Step 4120/10683 | Loss 0.6007 | LR 1.8827e-05
2026-03-10 13:34:14 INFO Epoch 1 | Step 4140/10683 | Loss 0.6004 | LR 1.8963e-05
2026-03-10 13:34:31 INFO Epoch 1 | Step 4160/10683 | Loss 0.5999 | LR 1.9100e-05
2026-03-10 13:34:47 INFO Epoch 1 | Step 4180/10683 | Loss 0.5995 | LR 1.9237e-05
2026-03-10 13:35:04 INFO Epoch 1 | Step 4200/10683 | Loss 0.5989 | LR 1.9375e-05
2026-03-10 13:35:20 INFO Epoch 1 | Step 4220/10683 | Loss 0.5987 | LR 1.9513e-05
2026-03-10 13:35:37 INFO Epoch 1 | Step 4240/10683 | Loss 0.5982 | LR 1.9652e-05
2026-03-10 13:35:53 INFO Epoch 1 | Step 4260/10683 | Loss 0.5978 | LR 1.9791e-05
2026-03-10 13:36:10 INFO Epoch 1 | Step 4280/10683 | Loss 0.5973 | LR 1.9931e-05
2026-03-10 13:36:26 INFO Epoch 1 | Step 4300/10683 | Loss 0.5969 | LR 2.0071e-05
2026-03-10 13:36:43 INFO Epoch 1 | Step 4320/10683 | Loss 0.5966 | LR 2.0212e-05
2026-03-10 13:37:00 INFO Epoch 1 | Step 4340/10683 | Loss 0.5962 | LR 2.0354e-05
2026-03-10 13:37:16 INFO Epoch 1 | Step 4360/10683 | Loss 0.5957 | LR 2.0495e-05
2026-03-10 13:37:33 INFO Epoch 1 | Step 4380/10683 | Loss 0.5953 | LR 2.0638e-05
2026-03-10 13:37:49 INFO Epoch 1 | Step 4400/10683 | Loss 0.5951 | LR 2.0780e-05
2026-03-10 13:38:06 INFO Epoch 1 | Step 4420/10683 | Loss 0.5946 | LR 2.0923e-05
2026-03-10 13:38:22 INFO Epoch 1 | Step 4440/10683 | Loss 0.5943 | LR 2.1067e-05
2026-03-10 13:38:39 INFO Epoch 1 | Step 4460/10683 | Loss 0.5939 | LR 2.1211e-05
2026-03-10 13:38:55 INFO Epoch 1 | Step 4480/10683 | Loss 0.5934 | LR 2.1356e-05
2026-03-10 13:39:12 INFO Epoch 1 | Step 4500/10683 | Loss 0.5929 | LR 2.1501e-05
2026-03-10 13:39:29 INFO Epoch 1 | Step 4520/10683 | Loss 0.5926 | LR 2.1647e-05
2026-03-10 13:39:45 INFO Epoch 1 | Step 4540/10683 | Loss 0.5921 | LR 2.1793e-05
2026-03-10 13:40:01 INFO Epoch 1 | Step 4560/10683 | Loss 0.5917 | LR 2.1939e-05
2026-03-10 13:40:18 INFO Epoch 1 | Step 4580/10683 | Loss 0.5912 | LR 2.2086e-05
2026-03-10 13:40:35 INFO Epoch 1 | Step 4600/10683 | Loss 0.5907 | LR 2.2234e-05
2026-03-10 13:40:51 INFO Epoch 1 | Step 4620/10683 | Loss 0.5902 | LR 2.2381e-05
2026-03-10 13:41:08 INFO Epoch 1 | Step 4640/10683 | Loss 0.5897 | LR 2.2530e-05
2026-03-10 13:41:24 INFO Epoch 1 | Step 4660/10683 | Loss 0.5893 | LR 2.2679e-05
2026-03-10 13:41:41 INFO Epoch 1 | Step 4680/10683 | Loss 0.5890 | LR 2.2828e-05
2026-03-10 13:41:58 INFO Epoch 1 | Step 4700/10683 | Loss 0.5885 | LR 2.2978e-05
2026-03-10 13:42:14 INFO Epoch 1 | Step 4720/10683 | Loss 0.5881 | LR 2.3128e-05
2026-03-10 13:42:31 INFO Epoch 1 | Step 4740/10683 | Loss 0.5875 | LR 2.3278e-05
2026-03-10 13:42:47 INFO Epoch 1 | Step 4760/10683 | Loss 0.5872 | LR 2.3429e-05
2026-03-10 13:43:04 INFO Epoch 1 | Step 4780/10683 | Loss 0.5868 | LR 2.3581e-05
2026-03-10 13:43:20 INFO Epoch 1 | Step 4800/10683 | Loss 0.5864 | LR 2.3733e-05
2026-03-10 13:43:37 INFO Epoch 1 | Step 4820/10683 | Loss 0.5860 | LR 2.3885e-05
2026-03-10 13:43:53 INFO Epoch 1 | Step 4840/10683 | Loss 0.5856 | LR 2.4038e-05
2026-03-10 13:44:10 INFO Epoch 1 | Step 4860/10683 | Loss 0.5852 | LR 2.4191e-05
2026-03-10 13:44:26 INFO Epoch 1 | Step 4880/10683 | Loss 0.5846 | LR 2.4345e-05
2026-03-10 13:44:43 INFO Epoch 1 | Step 4900/10683 | Loss 0.5843 | LR 2.4499e-05
2026-03-10 13:45:00 INFO Epoch 1 | Step 4920/10683 | Loss 0.5839 | LR 2.4653e-05
2026-03-10 13:45:16 INFO Epoch 1 | Step 4940/10683 | Loss 0.5836 | LR 2.4808e-05
2026-03-10 13:45:33 INFO Epoch 1 | Step 4960/10683 | Loss 0.5831 | LR 2.4963e-05
2026-03-10 13:45:49 INFO Epoch 1 | Step 4980/10683 | Loss 0.5827 | LR 2.5119e-05
2026-03-10 13:46:06 INFO Epoch 1 | Step 5000/10683 | Loss 0.5823 | LR 2.5275e-05
2026-03-10 13:46:23 INFO Epoch 1 | Step 5020/10683 | Loss 0.5818 | LR 2.5432e-05
2026-03-10 13:46:39 INFO Epoch 1 | Step 5040/10683 | Loss 0.5814 | LR 2.5589e-05
2026-03-10 13:46:56 INFO Epoch 1 | Step 5060/10683 | Loss 0.5809 | LR 2.5746e-05
2026-03-10 13:47:12 INFO Epoch 1 | Step 5080/10683 | Loss 0.5805 | LR 2.5904e-05
2026-03-10 13:47:29 INFO Epoch 1 | Step 5100/10683 | Loss 0.5799 | LR 2.6062e-05
2026-03-10 13:47:45 INFO Epoch 1 | Step 5120/10683 | Loss 0.5795 | LR 2.6221e-05
2026-03-10 13:48:02 INFO Epoch 1 | Step 5140/10683 | Loss 0.5791 | LR 2.6380e-05
2026-03-10 13:48:18 INFO Epoch 1 | Step 5160/10683 | Loss 0.5786 | LR 2.6539e-05
2026-03-10 13:48:35 INFO Epoch 1 | Step 5180/10683 | Loss 0.5783 | LR 2.6699e-05
2026-03-10 13:48:51 INFO Epoch 1 | Step 5200/10683 | Loss 0.5778 | LR 2.6859e-05
2026-03-10 13:49:08 INFO Epoch 1 | Step 5220/10683 | Loss 0.5773 | LR 2.7019e-05
2026-03-10 13:49:25 INFO Epoch 1 | Step 5240/10683 | Loss 0.5769 | LR 2.7180e-05
2026-03-10 13:49:41 INFO Epoch 1 | Step 5260/10683 | Loss 0.5763 | LR 2.7342e-05
2026-03-10 13:49:58 INFO Epoch 1 | Step 5280/10683 | Loss 0.5758 | LR 2.7503e-05
2026-03-10 13:50:15 INFO Epoch 1 | Step 5300/10683 | Loss 0.5755 | LR 2.7665e-05
2026-03-10 13:50:31 INFO Epoch 1 | Step 5320/10683 | Loss 0.5750 | LR 2.7828e-05
2026-03-10 13:50:48 INFO Epoch 1 | Step 5340/10683 | Loss 0.5747 | LR 2.7990e-05
2026-03-10 13:51:04 INFO Epoch 1 | Step 5360/10683 | Loss 0.5742 | LR 2.8154e-05
2026-03-10 13:51:21 INFO Epoch 1 | Step 5380/10683 | Loss 0.5738 | LR 2.8317e-05
2026-03-10 13:51:37 INFO Epoch 1 | Step 5400/10683 | Loss 0.5733 | LR 2.8481e-05
2026-03-10 13:51:54 INFO Epoch 1 | Step 5420/10683 | Loss 0.5730 | LR 2.8645e-05
2026-03-10 13:52:11 INFO Epoch 1 | Step 5440/10683 | Loss 0.5725 | LR 2.8810e-05
2026-03-10 13:52:27 INFO Epoch 1 | Step 5460/10683 | Loss 0.5721 | LR 2.8975e-05
2026-03-10 13:52:44 INFO Epoch 1 | Step 5480/10683 | Loss 0.5717 | LR 2.9140e-05
2026-03-10 13:53:00 INFO Epoch 1 | Step 5500/10683 | Loss 0.5713 | LR 2.9306e-05
2026-03-10 13:53:17 INFO Epoch 1 | Step 5520/10683 | Loss 0.5709 | LR 2.9472e-05
2026-03-10 13:53:33 INFO Epoch 1 | Step 5540/10683 | Loss 0.5704 | LR 2.9638e-05
2026-03-10 13:53:50 INFO Epoch 1 | Step 5560/10683 | Loss 0.5700 | LR 2.9805e-05
2026-03-10 13:54:07 INFO Epoch 1 | Step 5580/10683 | Loss 0.5697 | LR 2.9972e-05
2026-03-10 13:54:23 INFO Epoch 1 | Step 5600/10683 | Loss 0.5692 | LR 3.0140e-05
2026-03-10 13:54:40 INFO Epoch 1 | Step 5620/10683 | Loss 0.5688 | LR 3.0307e-05
2026-03-10 13:54:56 INFO Epoch 1 | Step 5640/10683 | Loss 0.5683 | LR 3.0475e-05
2026-03-10 13:55:13 INFO Epoch 1 | Step 5660/10683 | Loss 0.5679 | LR 3.0644e-05
2026-03-10 13:55:30 INFO Epoch 1 | Step 5680/10683 | Loss 0.5674 | LR 3.0812e-05
2026-03-10 13:55:46 INFO Epoch 1 | Step 5700/10683 | Loss 0.5671 | LR 3.0981e-05
2026-03-10 13:56:03 INFO Epoch 1 | Step 5720/10683 | Loss 0.5666 | LR 3.1151e-05
2026-03-10 13:56:19 INFO Epoch 1 | Step 5740/10683 | Loss 0.5661 | LR 3.1321e-05
2026-03-10 13:56:36 INFO Epoch 1 | Step 5760/10683 | Loss 0.5657 | LR 3.1491e-05
2026-03-10 13:56:53 INFO Epoch 1 | Step 5780/10683 | Loss 0.5653 | LR 3.1661e-05
2026-03-10 13:57:09 INFO Epoch 1 | Step 5800/10683 | Loss 0.5648 | LR 3.1832e-05
2026-03-10 13:57:26 INFO Epoch 1 | Step 5820/10683 | Loss 0.5644 | LR 3.2003e-05
2026-03-10 13:57:42 INFO Epoch 1 | Step 5840/10683 | Loss 0.5640 | LR 3.2174e-05
2026-03-10 13:57:59 INFO Epoch 1 | Step 5860/10683 | Loss 0.5635 | LR 3.2345e-05
2026-03-10 13:58:15 INFO Epoch 1 | Step 5880/10683 | Loss 0.5631 | LR 3.2517e-05
2026-03-10 13:58:32 INFO Epoch 1 | Step 5900/10683 | Loss 0.5627 | LR 3.2689e-05
2026-03-10 13:58:48 INFO Epoch 1 | Step 5920/10683 | Loss 0.5624 | LR 3.2862e-05
2026-03-10 13:59:05 INFO Epoch 1 | Step 5940/10683 | Loss 0.5621 | LR 3.3035e-05
2026-03-10 13:59:22 INFO Epoch 1 | Step 5960/10683 | Loss 0.5617 | LR 3.3208e-05
2026-03-10 13:59:38 INFO Epoch 1 | Step 5980/10683 | Loss 0.5613 | LR 3.3381e-05
2026-03-10 13:59:55 INFO Epoch 1 | Step 6000/10683 | Loss 0.5610 | LR 3.3555e-05
2026-03-10 14:00:11 INFO Epoch 1 | Step 6020/10683 | Loss 0.5605 | LR 3.3729e-05
2026-03-10 14:00:28 INFO Epoch 1 | Step 6040/10683 | Loss 0.5602 | LR 3.3903e-05
2026-03-10 14:00:45 INFO Epoch 1 | Step 6060/10683 | Loss 0.5598 | LR 3.4077e-05
2026-03-10 14:01:01 INFO Epoch 1 | Step 6080/10683 | Loss 0.5592 | LR 3.4252e-05
2026-03-10 14:01:18 INFO Epoch 1 | Step 6100/10683 | Loss 0.5588 | LR 3.4427e-05
2026-03-10 14:01:34 INFO Epoch 1 | Step 6120/10683 | Loss 0.5584 | LR 3.4602e-05
2026-03-10 14:01:51 INFO Epoch 1 | Step 6140/10683 | Loss 0.5580 | LR 3.4778e-05
2026-03-10 14:02:07 INFO Epoch 1 | Step 6160/10683 | Loss 0.5576 | LR 3.4954e-05
2026-03-10 14:02:24 INFO Epoch 1 | Step 6180/10683 | Loss 0.5573 | LR 3.5130e-05
2026-03-10 14:02:41 INFO Epoch 1 | Step 6200/10683 | Loss 0.5569 | LR 3.5306e-05
2026-03-10 14:02:57 INFO Epoch 1 | Step 6220/10683 | Loss 0.5565 | LR 3.5483e-05
2026-03-10 14:03:14 INFO Epoch 1 | Step 6240/10683 | Loss 0.5560 | LR 3.5659e-05
2026-03-10 14:03:31 INFO Epoch 1 | Step 6260/10683 | Loss 0.5555 | LR 3.5837e-05
2026-03-10 14:03:47 INFO Epoch 1 | Step 6280/10683 | Loss 0.5550 | LR 3.6014e-05
2026-03-10 14:04:04 INFO Epoch 1 | Step 6300/10683 | Loss 0.5546 | LR 3.6192e-05
2026-03-10 14:04:20 INFO Epoch 1 | Step 6320/10683 | Loss 0.5542 | LR 3.6369e-05
2026-03-10 14:04:37 INFO Epoch 1 | Step 6340/10683 | Loss 0.5537 | LR 3.6547e-05
2026-03-10 14:04:53 INFO Epoch 1 | Step 6360/10683 | Loss 0.5533 | LR 3.6726e-05
2026-03-10 14:05:10 INFO Epoch 1 | Step 6380/10683 | Loss 0.5528 | LR 3.6904e-05
2026-03-10 14:05:26 INFO Epoch 1 | Step 6400/10683 | Loss 0.5524 | LR 3.7083e-05
2026-03-10 14:05:43 INFO Epoch 1 | Step 6420/10683 | Loss 0.5520 | LR 3.7262e-05
2026-03-10 14:05:59 INFO Epoch 1 | Step 6440/10683 | Loss 0.5516 | LR 3.7441e-05
2026-03-10 14:06:16 INFO Epoch 1 | Step 6460/10683 | Loss 0.5512 | LR 3.7621e-05
2026-03-10 14:06:33 INFO Epoch 1 | Step 6480/10683 | Loss 0.5508 | LR 3.7800e-05
2026-03-10 14:06:49 INFO Epoch 1 | Step 6500/10683 | Loss 0.5503 | LR 3.7980e-05
2026-03-10 14:07:06 INFO Epoch 1 | Step 6520/10683 | Loss 0.5498 | LR 3.8161e-05
2026-03-10 14:07:23 INFO Epoch 1 | Step 6540/10683 | Loss 0.5495 | LR 3.8341e-05
2026-03-10 14:07:39 INFO Epoch 1 | Step 6560/10683 | Loss 0.5492 | LR 3.8521e-05
2026-03-10 14:07:56 INFO Epoch 1 | Step 6580/10683 | Loss 0.5490 | LR 3.8702e-05
2026-03-10 14:08:13 INFO Epoch 1 | Step 6600/10683 | Loss 0.5486 | LR 3.8883e-05
2026-03-10 14:08:29 INFO Epoch 1 | Step 6620/10683 | Loss 0.5483 | LR 3.9064e-05
2026-03-10 14:08:46 INFO Epoch 1 | Step 6640/10683 | Loss 0.5478 | LR 3.9246e-05
2026-03-10 14:09:02 INFO Epoch 1 | Step 6660/10683 | Loss 0.5474 | LR 3.9427e-05
2026-03-10 14:09:19 INFO Epoch 1 | Step 6680/10683 | Loss 0.5471 | LR 3.9609e-05
2026-03-10 14:09:35 INFO Epoch 1 | Step 6700/10683 | Loss 0.5467 | LR 3.9791e-05
2026-03-10 14:09:52 INFO Epoch 1 | Step 6720/10683 | Loss 0.5464 | LR 3.9973e-05
2026-03-10 14:10:09 INFO Epoch 1 | Step 6740/10683 | Loss 0.5460 | LR 4.0155e-05
2026-03-10 14:10:25 INFO Epoch 1 | Step 6760/10683 | Loss 0.5457 | LR 4.0338e-05
2026-03-10 14:10:42 INFO Epoch 1 | Step 6780/10683 | Loss 0.5453 | LR 4.0520e-05
2026-03-10 14:10:58 INFO Epoch 1 | Step 6800/10683 | Loss 0.5449 | LR 4.0703e-05
2026-03-10 14:11:15 INFO Epoch 1 | Step 6820/10683 | Loss 0.5446 | LR 4.0886e-05
2026-03-10 14:11:32 INFO Epoch 1 | Step 6840/10683 | Loss 0.5442 | LR 4.1069e-05
2026-03-10 14:11:48 INFO Epoch 1 | Step 6860/10683 | Loss 0.5438 | LR 4.1253e-05
2026-03-10 14:12:05 INFO Epoch 1 | Step 6880/10683 | Loss 0.5433 | LR 4.1436e-05
2026-03-10 14:12:21 INFO Epoch 1 | Step 6900/10683 | Loss 0.5428 | LR 4.1620e-05
2026-03-10 14:12:38 INFO Epoch 1 | Step 6920/10683 | Loss 0.5425 | LR 4.1804e-05
2026-03-10 14:12:54 INFO Epoch 1 | Step 6940/10683 | Loss 0.5422 | LR 4.1988e-05
2026-03-10 14:13:11 INFO Epoch 1 | Step 6960/10683 | Loss 0.5417 | LR 4.2172e-05
2026-03-10 14:13:27 INFO Epoch 1 | Step 6980/10683 | Loss 0.5414 | LR 4.2356e-05
2026-03-10 14:13:44 INFO Epoch 1 | Step 7000/10683 | Loss 0.5410 | LR 4.2541e-05
2026-03-10 14:14:00 INFO Epoch 1 | Step 7020/10683 | Loss 0.5407 | LR 4.2725e-05
2026-03-10 14:14:17 INFO Epoch 1 | Step 7040/10683 | Loss 0.5404 | LR 4.2910e-05
2026-03-10 14:14:33 INFO Epoch 1 | Step 7060/10683 | Loss 0.5400 | LR 4.3095e-05
2026-03-10 14:14:50 INFO Epoch 1 | Step 7080/10683 | Loss 0.5397 | LR 4.3280e-05
2026-03-10 14:15:07 INFO Epoch 1 | Step 7100/10683 | Loss 0.5392 | LR 4.3465e-05
2026-03-10 14:15:23 INFO Epoch 1 | Step 7120/10683 | Loss 0.5389 | LR 4.3650e-05
2026-03-10 14:15:40 INFO Epoch 1 | Step 7140/10683 | Loss 0.5386 | LR 4.3836e-05
2026-03-10 14:15:56 INFO Epoch 1 | Step 7160/10683 | Loss 0.5382 | LR 4.4021e-05
2026-03-10 14:16:13 INFO Epoch 1 | Step 7180/10683 | Loss 0.5377 | LR 4.4207e-05
2026-03-10 14:16:30 INFO Epoch 1 | Step 7200/10683 | Loss 0.5374 | LR 4.4393e-05
2026-03-10 14:16:46 INFO Epoch 1 | Step 7220/10683 | Loss 0.5370 | LR 4.4579e-05
2026-03-10 14:17:03 INFO Epoch 1 | Step 7240/10683 | Loss 0.5366 | LR 4.4765e-05
2026-03-10 14:17:19 INFO Epoch 1 | Step 7260/10683 | Loss 0.5363 | LR 4.4951e-05
2026-03-10 14:17:36 INFO Epoch 1 | Step 7280/10683 | Loss 0.5360 | LR 4.5137e-05
2026-03-10 14:17:52 INFO Epoch 1 | Step 7300/10683 | Loss 0.5356 | LR 4.5323e-05
2026-03-10 14:18:09 INFO Epoch 1 | Step 7320/10683 | Loss 0.5352 | LR 4.5510e-05
2026-03-10 14:18:26 INFO Epoch 1 | Step 7340/10683 | Loss 0.5349 | LR 4.5696e-05
2026-03-10 14:18:42 INFO Epoch 1 | Step 7360/10683 | Loss 0.5346 | LR 4.5883e-05
2026-03-10 14:18:59 INFO Epoch 1 | Step 7380/10683 | Loss 0.5342 | LR 4.6070e-05
2026-03-10 14:19:15 INFO Epoch 1 | Step 7400/10683 | Loss 0.5339 | LR 4.6257e-05
2026-03-10 14:19:32 INFO Epoch 1 | Step 7420/10683 | Loss 0.5335 | LR 4.6444e-05
2026-03-10 14:19:48 INFO Epoch 1 | Step 7440/10683 | Loss 0.5331 | LR 4.6631e-05
2026-03-10 14:20:05 INFO Epoch 1 | Step 7460/10683 | Loss 0.5329 | LR 4.6818e-05
2026-03-10 14:20:21 INFO Epoch 1 | Step 7480/10683 | Loss 0.5325 | LR 4.7005e-05
2026-03-10 14:20:38 INFO Epoch 1 | Step 7500/10683 | Loss 0.5321 | LR 4.7192e-05
2026-03-10 14:20:55 INFO Epoch 1 | Step 7520/10683 | Loss 0.5317 | LR 4.7379e-05
2026-03-10 14:21:11 INFO Epoch 1 | Step 7540/10683 | Loss 0.5313 | LR 4.7567e-05
2026-03-10 14:21:28 INFO Epoch 1 | Step 7560/10683 | Loss 0.5309 | LR 4.7754e-05
2026-03-10 14:21:44 INFO Epoch 1 | Step 7580/10683 | Loss 0.5305 | LR 4.7942e-05
2026-03-10 14:22:01 INFO Epoch 1 | Step 7600/10683 | Loss 0.5302 | LR 4.8129e-05
2026-03-10 14:22:17 INFO Epoch 1 | Step 7620/10683 | Loss 0.5298 | LR 4.8317e-05
2026-03-10 14:22:34 INFO Epoch 1 | Step 7640/10683 | Loss 0.5295 | LR 4.8505e-05
2026-03-10 14:22:50 INFO Epoch 1 | Step 7660/10683 | Loss 0.5290 | LR 4.8692e-05
2026-03-10 14:23:07 INFO Epoch 1 | Step 7680/10683 | Loss 0.5287 | LR 4.8880e-05
2026-03-10 14:23:23 INFO Epoch 1 | Step 7700/10683 | Loss 0.5284 | LR 4.9068e-05
2026-03-10 14:23:40 INFO Epoch 1 | Step 7720/10683 | Loss 0.5279 | LR 4.9256e-05
2026-03-10 14:23:56 INFO Epoch 1 | Step 7740/10683 | Loss 0.5275 | LR 4.9444e-05
2026-03-10 14:24:13 INFO Epoch 1 | Step 7760/10683 | Loss 0.5271 | LR 4.9632e-05
2026-03-10 14:24:29 INFO Epoch 1 | Step 7780/10683 | Loss 0.5268 | LR 4.9820e-05
2026-03-10 14:24:46 INFO Epoch 1 | Step 7800/10683 | Loss 0.5265 | LR 5.0008e-05
2026-03-10 14:25:03 INFO Epoch 1 | Step 7820/10683 | Loss 0.5262 | LR 5.0196e-05
2026-03-10 14:25:19 INFO Epoch 1 | Step 7840/10683 | Loss 0.5257 | LR 5.0384e-05
2026-03-10 14:25:36 INFO Epoch 1 | Step 7860/10683 | Loss 0.5254 | LR 5.0572e-05
2026-03-10 14:25:52 INFO Epoch 1 | Step 7880/10683 | Loss 0.5251 | LR 5.0760e-05
2026-03-10 14:26:09 INFO Epoch 1 | Step 7900/10683 | Loss 0.5248 | LR 5.0948e-05
2026-03-10 14:26:25 INFO Epoch 1 | Step 7920/10683 | Loss 0.5246 | LR 5.1137e-05
2026-03-10 14:26:42 INFO Epoch 1 | Step 7940/10683 | Loss 0.5243 | LR 5.1325e-05
2026-03-10 14:26:59 INFO Epoch 1 | Step 7960/10683 | Loss 0.5240 | LR 5.1513e-05
2026-03-10 14:27:15 INFO Epoch 1 | Step 7980/10683 | Loss 0.5237 | LR 5.1701e-05
2026-03-10 14:27:32 INFO Epoch 1 | Step 8000/10683 | Loss 0.5234 | LR 5.1889e-05
2026-03-10 14:27:48 INFO Epoch 1 | Step 8020/10683 | Loss 0.5230 | LR 5.2078e-05
2026-03-10 14:28:05 INFO Epoch 1 | Step 8040/10683 | Loss 0.5227 | LR 5.2266e-05
2026-03-10 14:28:21 INFO Epoch 1 | Step 8060/10683 | Loss 0.5223 | LR 5.2454e-05
2026-03-10 14:28:38 INFO Epoch 1 | Step 8080/10683 | Loss 0.5220 | LR 5.2642e-05
2026-03-10 14:28:55 INFO Epoch 1 | Step 8100/10683 | Loss 0.5217 | LR 5.2830e-05
2026-03-10 14:29:11 INFO Epoch 1 | Step 8120/10683 | Loss 0.5214 | LR 5.3019e-05
2026-03-10 14:29:28 INFO Epoch 1 | Step 8140/10683 | Loss 0.5211 | LR 5.3207e-05
2026-03-10 14:29:44 INFO Epoch 1 | Step 8160/10683 | Loss 0.5207 | LR 5.3395e-05
2026-03-10 14:30:01 INFO Epoch 1 | Step 8180/10683 | Loss 0.5204 | LR 5.3583e-05
2026-03-10 14:30:18 INFO Epoch 1 | Step 8200/10683 | Loss 0.5200 | LR 5.3771e-05
2026-03-10 14:30:34 INFO Epoch 1 | Step 8220/10683 | Loss 0.5196 | LR 5.3959e-05
2026-03-10 14:30:51 INFO Epoch 1 | Step 8240/10683 | Loss 0.5193 | LR 5.4147e-05
2026-03-10 14:31:07 INFO Epoch 1 | Step 8260/10683 | Loss 0.5190 | LR 5.4335e-05
2026-03-10 14:31:24 INFO Epoch 1 | Step 8280/10683 | Loss 0.5187 | LR 5.4523e-05
2026-03-10 14:31:40 INFO Epoch 1 | Step 8300/10683 | Loss 0.5184 | LR 5.4711e-05
2026-03-10 14:31:57 INFO Epoch 1 | Step 8320/10683 | Loss 0.5180 | LR 5.4899e-05
2026-03-10 14:32:14 INFO Epoch 1 | Step 8340/10683 | Loss 0.5177 | LR 5.5087e-05
2026-03-10 14:32:30 INFO Epoch 1 | Step 8360/10683 | Loss 0.5173 | LR 5.5275e-05
2026-03-10 14:32:47 INFO Epoch 1 | Step 8380/10683 | Loss 0.5170 | LR 5.5463e-05
2026-03-10 14:33:03 INFO Epoch 1 | Step 8400/10683 | Loss 0.5167 | LR 5.5650e-05
2026-03-10 14:33:20 INFO Epoch 1 | Step 8420/10683 | Loss 0.5163 | LR 5.5838e-05
2026-03-10 14:33:36 INFO Epoch 1 | Step 8440/10683 | Loss 0.5160 | LR 5.6026e-05
2026-03-10 14:33:53 INFO Epoch 1 | Step 8460/10683 | Loss 0.5157 | LR 5.6213e-05
2026-03-10 14:34:10 INFO Epoch 1 | Step 8480/10683 | Loss 0.5154 | LR 5.6400e-05
2026-03-10 14:34:26 INFO Epoch 1 | Step 8500/10683 | Loss 0.5150 | LR 5.6588e-05
2026-03-10 14:34:43 INFO Epoch 1 | Step 8520/10683 | Loss 0.5148 | LR 5.6775e-05
2026-03-10 14:35:00 INFO Epoch 1 | Step 8540/10683 | Loss 0.5144 | LR 5.6962e-05
2026-03-10 14:35:16 INFO Epoch 1 | Step 8560/10683 | Loss 0.5141 | LR 5.7150e-05
2026-03-10 14:35:33 INFO Epoch 1 | Step 8580/10683 | Loss 0.5138 | LR 5.7337e-05
2026-03-10 14:35:49 INFO Epoch 1 | Step 8600/10683 | Loss 0.5134 | LR 5.7524e-05
2026-03-10 14:36:06 INFO Epoch 1 | Step 8620/10683 | Loss 0.5131 | LR 5.7711e-05
2026-03-10 14:36:22 INFO Epoch 1 | Step 8640/10683 | Loss 0.5127 | LR 5.7897e-05
2026-03-10 14:36:39 INFO Epoch 1 | Step 8660/10683 | Loss 0.5124 | LR 5.8084e-05
2026-03-10 14:36:55 INFO Epoch 1 | Step 8680/10683 | Loss 0.5121 | LR 5.8271e-05
2026-03-10 14:37:12 INFO Epoch 1 | Step 8700/10683 | Loss 0.5117 | LR 5.8457e-05
2026-03-10 14:37:29 INFO Epoch 1 | Step 8720/10683 | Loss 0.5115 | LR 5.8644e-05
2026-03-10 14:37:45 INFO Epoch 1 | Step 8740/10683 | Loss 0.5112 | LR 5.8830e-05
2026-03-10 14:38:02 INFO Epoch 1 | Step 8760/10683 | Loss 0.5108 | LR 5.9017e-05
2026-03-10 14:38:18 INFO Epoch 1 | Step 8780/10683 | Loss 0.5105 | LR 5.9203e-05
2026-03-10 14:38:35 INFO Epoch 1 | Step 8800/10683 | Loss 0.5102 | LR 5.9389e-05
2026-03-10 14:38:51 INFO Epoch 1 | Step 8820/10683 | Loss 0.5099 | LR 5.9575e-05
2026-03-10 14:39:08 INFO Epoch 1 | Step 8840/10683 | Loss 0.5095 | LR 5.9760e-05
2026-03-10 14:39:24 INFO Epoch 1 | Step 8860/10683 | Loss 0.5092 | LR 5.9946e-05
2026-03-10 14:39:41 INFO Epoch 1 | Step 8880/10683 | Loss 0.5089 | LR 6.0132e-05
2026-03-10 14:39:57 INFO Epoch 1 | Step 8900/10683 | Loss 0.5085 | LR 6.0317e-05
2026-03-10 14:40:14 INFO Epoch 1 | Step 8920/10683 | Loss 0.5082 | LR 6.0502e-05
2026-03-10 14:40:31 INFO Epoch 1 | Step 8940/10683 | Loss 0.5079 | LR 6.0688e-05
2026-03-10 14:40:47 INFO Epoch 1 | Step 8960/10683 | Loss 0.5077 | LR 6.0873e-05
2026-03-10 14:41:04 INFO Epoch 1 | Step 8980/10683 | Loss 0.5074 | LR 6.1058e-05
2026-03-10 14:41:20 INFO Epoch 1 | Step 9000/10683 | Loss 0.5071 | LR 6.1242e-05
2026-03-10 14:41:37 INFO Epoch 1 | Step 9020/10683 | Loss 0.5068 | LR 6.1427e-05
2026-03-10 14:41:53 INFO Epoch 1 | Step 9040/10683 | Loss 0.5064 | LR 6.1611e-05
2026-03-10 14:42:10 INFO Epoch 1 | Step 9060/10683 | Loss 0.5061 | LR 6.1796e-05
2026-03-10 14:42:27 INFO Epoch 1 | Step 9080/10683 | Loss 0.5059 | LR 6.1980e-05
2026-03-10 14:42:43 INFO Epoch 1 | Step 9100/10683 | Loss 0.5056 | LR 6.2164e-05
2026-03-10 14:43:00 INFO Epoch 1 | Step 9120/10683 | Loss 0.5053 | LR 6.2348e-05
2026-03-10 14:43:17 INFO Epoch 1 | Step 9140/10683 | Loss 0.5049 | LR 6.2532e-05
2026-03-10 14:43:33 INFO Epoch 1 | Step 9160/10683 | Loss 0.5047 | LR 6.2715e-05
2026-03-10 14:43:50 INFO Epoch 1 | Step 9180/10683 | Loss 0.5044 | LR 6.2898e-05
2026-03-10 14:44:06 INFO Epoch 1 | Step 9200/10683 | Loss 0.5041 | LR 6.3082e-05
2026-03-10 14:44:23 INFO Epoch 1 | Step 9220/10683 | Loss 0.5039 | LR 6.3265e-05
2026-03-10 14:44:40 INFO Epoch 1 | Step 9240/10683 | Loss 0.5036 | LR 6.3448e-05
2026-03-10 14:44:56 INFO Epoch 1 | Step 9260/10683 | Loss 0.5034 | LR 6.3630e-05
2026-03-10 14:45:13 INFO Epoch 1 | Step 9280/10683 | Loss 0.5031 | LR 6.3813e-05
2026-03-10 14:45:29 INFO Epoch 1 | Step 9300/10683 | Loss 0.5028 | LR 6.3995e-05
2026-03-10 14:45:46 INFO Epoch 1 | Step 9320/10683 | Loss 0.5025 | LR 6.4177e-05
2026-03-10 14:46:03 INFO Epoch 1 | Step 9340/10683 | Loss 0.5022 | LR 6.4359e-05
2026-03-10 14:46:19 INFO Epoch 1 | Step 9360/10683 | Loss 0.5019 | LR 6.4541e-05
2026-03-10 14:46:36 INFO Epoch 1 | Step 9380/10683 | Loss 0.5016 | LR 6.4723e-05
2026-03-10 14:46:52 INFO Epoch 1 | Step 9400/10683 | Loss 0.5014 | LR 6.4904e-05
2026-03-10 14:47:09 INFO Epoch 1 | Step 9420/10683 | Loss 0.5011 | LR 6.5085e-05
2026-03-10 14:47:25 INFO Epoch 1 | Step 9440/10683 | Loss 0.5008 | LR 6.5266e-05
2026-03-10 14:47:42 INFO Epoch 1 | Step 9460/10683 | Loss 0.5005 | LR 6.5447e-05
2026-03-10 14:47:59 INFO Epoch 1 | Step 9480/10683 | Loss 0.5002 | LR 6.5628e-05
2026-03-10 14:48:15 INFO Epoch 1 | Step 9500/10683 | Loss 0.5000 | LR 6.5808e-05
2026-03-10 14:48:32 INFO Epoch 1 | Step 9520/10683 | Loss 0.4996 | LR 6.5988e-05
2026-03-10 14:48:48 INFO Epoch 1 | Step 9540/10683 | Loss 0.4993 | LR 6.6168e-05
2026-03-10 14:49:05 INFO Epoch 1 | Step 9560/10683 | Loss 0.4991 | LR 6.6348e-05
2026-03-10 14:49:22 INFO Epoch 1 | Step 9580/10683 | Loss 0.4988 | LR 6.6527e-05
2026-03-10 14:49:38 INFO Epoch 1 | Step 9600/10683 | Loss 0.4985 | LR 6.6707e-05
2026-03-10 14:49:55 INFO Epoch 1 | Step 9620/10683 | Loss 0.4983 | LR 6.6886e-05
2026-03-10 14:50:12 INFO Epoch 1 | Step 9640/10683 | Loss 0.4980 | LR 6.7064e-05
2026-03-10 14:50:28 INFO Epoch 1 | Step 9660/10683 | Loss 0.4977 | LR 6.7243e-05
2026-03-10 14:50:45 INFO Epoch 1 | Step 9680/10683 | Loss 0.4974 | LR 6.7421e-05
2026-03-10 14:51:02 INFO Epoch 1 | Step 9700/10683 | Loss 0.4971 | LR 6.7600e-05
2026-03-10 14:51:18 INFO Epoch 1 | Step 9720/10683 | Loss 0.4969 | LR 6.7777e-05
2026-03-10 14:51:35 INFO Epoch 1 | Step 9740/10683 | Loss 0.4966 | LR 6.7955e-05
2026-03-10 14:51:52 INFO Epoch 1 | Step 9760/10683 | Loss 0.4963 | LR 6.8132e-05
2026-03-10 14:52:08 INFO Epoch 1 | Step 9780/10683 | Loss 0.4961 | LR 6.8310e-05
2026-03-10 14:52:25 INFO Epoch 1 | Step 9800/10683 | Loss 0.4958 | LR 6.8486e-05
2026-03-10 14:52:42 INFO Epoch 1 | Step 9820/10683 | Loss 0.4955 | LR 6.8663e-05
2026-03-10 14:52:58 INFO Epoch 1 | Step 9840/10683 | Loss 0.4953 | LR 6.8839e-05
2026-03-10 14:53:15 INFO Epoch 1 | Step 9860/10683 | Loss 0.4950 | LR 6.9016e-05
2026-03-10 14:53:31 INFO Epoch 1 | Step 9880/10683 | Loss 0.4948 | LR 6.9191e-05
2026-03-10 14:53:48 INFO Epoch 1 | Step 9900/10683 | Loss 0.4946 | LR 6.9367e-05
2026-03-10 14:54:05 INFO Epoch 1 | Step 9920/10683 | Loss 0.4944 | LR 6.9542e-05
2026-03-10 14:54:21 INFO Epoch 1 | Step 9940/10683 | Loss 0.4941 | LR 6.9717e-05
2026-03-10 14:54:38 INFO Epoch 1 | Step 9960/10683 | Loss 0.4938 | LR 6.9892e-05
2026-03-10 14:54:54 INFO Epoch 1 | Step 9980/10683 | Loss 0.4936 | LR 7.0067e-05
2026-03-10 14:55:11 INFO Epoch 1 | Step 10000/10683 | Loss 0.4935 | LR 7.0241e-05
2026-03-10 14:55:27 INFO Epoch 1 | Step 10020/10683 | Loss 0.4932 | LR 7.0415e-05
2026-03-10 14:55:44 INFO Epoch 1 | Step 10040/10683 | Loss 0.4930 | LR 7.0589e-05
2026-03-10 14:56:01 INFO Epoch 1 | Step 10060/10683 | Loss 0.4927 | LR 7.0762e-05
2026-03-10 14:56:17 INFO Epoch 1 | Step 10080/10683 | Loss 0.4925 | LR 7.0935e-05
2026-03-10 14:56:34 INFO Epoch 1 | Step 10100/10683 | Loss 0.4922 | LR 7.1108e-05
2026-03-10 14:56:50 INFO Epoch 1 | Step 10120/10683 | Loss 0.4920 | LR 7.1280e-05
2026-03-10 14:57:07 INFO Epoch 1 | Step 10140/10683 | Loss 0.4918 | LR 7.1453e-05
2026-03-10 14:57:24 INFO Epoch 1 | Step 10160/10683 | Loss 0.4915 | LR 7.1625e-05
2026-03-10 14:57:40 INFO Epoch 1 | Step 10180/10683 | Loss 0.4911 | LR 7.1796e-05
2026-03-10 14:57:57 INFO Epoch 1 | Step 10200/10683 | Loss 0.4909 | LR 7.1968e-05
2026-03-10 14:58:13 INFO Epoch 1 | Step 10220/10683 | Loss 0.4906 | LR 7.2139e-05
2026-03-10 14:58:30 INFO Epoch 1 | Step 10240/10683 | Loss 0.4904 | LR 7.2309e-05
2026-03-10 14:58:46 INFO Epoch 1 | Step 10260/10683 | Loss 0.4901 | LR 7.2480e-05
2026-03-10 14:59:03 INFO Epoch 1 | Step 10280/10683 | Loss 0.4899 | LR 7.2650e-05
2026-03-10 14:59:20 INFO Epoch 1 | Step 10300/10683 | Loss 0.4897 | LR 7.2819e-05
2026-03-10 14:59:36 INFO Epoch 1 | Step 10320/10683 | Loss 0.4893 | LR 7.2989e-05
2026-03-10 14:59:53 INFO Epoch 1 | Step 10340/10683 | Loss 0.4891 | LR 7.3158e-05
2026-03-10 15:00:09 INFO Epoch 1 | Step 10360/10683 | Loss 0.4888 | LR 7.3327e-05
2026-03-10 15:00:26 INFO Epoch 1 | Step 10380/10683 | Loss 0.4886 | LR 7.3495e-05
2026-03-10 15:00:43 INFO Epoch 1 | Step 10400/10683 | Loss 0.4883 | LR 7.3663e-05
2026-03-10 15:00:59 INFO Epoch 1 | Step 10420/10683 | Loss 0.4881 | LR 7.3831e-05
2026-03-10 15:01:16 INFO Epoch 1 | Step 10440/10683 | Loss 0.4878 | LR 7.3999e-05
2026-03-10 15:01:32 INFO Epoch 1 | Step 10460/10683 | Loss 0.4876 | LR 7.4166e-05
2026-03-10 15:01:49 INFO Epoch 1 | Step 10480/10683 | Loss 0.4873 | LR 7.4333e-05
2026-03-10 15:02:06 INFO Epoch 1 | Step 10500/10683 | Loss 0.4871 | LR 7.4499e-05
2026-03-10 15:02:22 INFO Epoch 1 | Step 10520/10683 | Loss 0.4869 | LR 7.4665e-05
2026-03-10 15:02:39 INFO Epoch 1 | Step 10540/10683 | Loss 0.4866 | LR 7.4831e-05
2026-03-10 15:02:56 INFO Epoch 1 | Step 10560/10683 | Loss 0.4863 | LR 7.4996e-05
2026-03-10 15:03:12 INFO Epoch 1 | Step 10580/10683 | Loss 0.4860 | LR 7.5161e-05
2026-03-10 15:03:29 INFO Epoch 1 | Step 10600/10683 | Loss 0.4858 | LR 7.5326e-05
2026-03-10 15:03:46 INFO Epoch 1 | Step 10620/10683 | Loss 0.4856 | LR 7.5490e-05
2026-03-10 15:04:02 INFO Epoch 1 | Step 10640/10683 | Loss 0.4853 | LR 7.5654e-05
2026-03-10 15:04:19 INFO Epoch 1 | Step 10660/10683 | Loss 0.4849 | LR 7.5818e-05
2026-03-10 15:04:35 INFO Epoch 1 | Step 10680/10683 | Loss 0.4847 | LR 7.5981e-05
2026-03-10 15:04:38 INFO Epoch 1 | Step 10683/10683 | Loss 0.4846 | LR 7.6005e-05
2026-03-10 15:26:43 INFO CSV Written | Epoch: 1
2026-03-10 15:26:43 INFO Best Saved | Epoch: 1 | Monitor: val_auprc | Value: 0.9059
2026-03-10 15:26:43 INFO Epoch Done | Epoch: 1 | Time: 10191.5326 | Train Loss: 0.4846 | Val Accuracy: 0.8106 | Val AUPRC: 0.9059 | Val Auroc: 0.8989 | Val F1: 0.8211 | Val Loss: 0.4662
2026-03-10 15:26:43 INFO Epoch Start | Epoch: 2
2026-03-10 15:26:45 INFO Epoch 2 | Step 1/10683 | Loss 0.2933 | LR 7.6014e-05
2026-03-10 15:27:01 INFO Epoch 2 | Step 20/10683 | Loss 0.3202 | LR 7.6168e-05
2026-03-10 15:27:18 INFO Epoch 2 | Step 40/10683 | Loss 0.3601 | LR 7.6331e-05
2026-03-10 15:27:35 INFO Epoch 2 | Step 60/10683 | Loss 0.3550 | LR 7.6493e-05
2026-03-10 15:27:51 INFO Epoch 2 | Step 80/10683 | Loss 0.3551 | LR 7.6654e-05
2026-03-10 15:28:08 INFO Epoch 2 | Step 100/10683 | Loss 0.3510 | LR 7.6816e-05
2026-03-10 15:28:25 INFO Epoch 2 | Step 120/10683 | Loss 0.3541 | LR 7.6977e-05
2026-03-10 15:28:42 INFO Epoch 2 | Step 140/10683 | Loss 0.3528 | LR 7.7137e-05
2026-03-10 15:28:58 INFO Epoch 2 | Step 160/10683 | Loss 0.3497 | LR 7.7297e-05
2026-03-10 15:29:15 INFO Epoch 2 | Step 180/10683 | Loss 0.3506 | LR 7.7457e-05
2026-03-10 15:29:32 INFO Epoch 2 | Step 200/10683 | Loss 0.3508 | LR 7.7616e-05
2026-03-10 15:29:48 INFO Epoch 2 | Step 220/10683 | Loss 0.3542 | LR 7.7775e-05
2026-03-10 15:30:05 INFO Epoch 2 | Step 240/10683 | Loss 0.3540 | LR 7.7934e-05
2026-03-10 15:30:22 INFO Epoch 2 | Step 260/10683 | Loss 0.3522 | LR 7.8092e-05
2026-03-10 15:30:38 INFO Epoch 2 | Step 280/10683 | Loss 0.3528 | LR 7.8250e-05
2026-03-10 15:30:55 INFO Epoch 2 | Step 300/10683 | Loss 0.3541 | LR 7.8407e-05
2026-03-10 15:31:12 INFO Epoch 2 | Step 320/10683 | Loss 0.3519 | LR 7.8564e-05
2026-03-10 15:31:28 INFO Epoch 2 | Step 340/10683 | Loss 0.3505 | LR 7.8721e-05
2026-03-10 15:31:45 INFO Epoch 2 | Step 360/10683 | Loss 0.3513 | LR 7.8877e-05
2026-03-10 15:32:01 INFO Epoch 2 | Step 380/10683 | Loss 0.3509 | LR 7.9033e-05
2026-03-10 15:32:18 INFO Epoch 2 | Step 400/10683 | Loss 0.3519 | LR 7.9188e-05
2026-03-10 15:32:35 INFO Epoch 2 | Step 420/10683 | Loss 0.3510 | LR 7.9343e-05
2026-03-10 15:32:51 INFO Epoch 2 | Step 440/10683 | Loss 0.3514 | LR 7.9498e-05
2026-03-10 15:33:08 INFO Epoch 2 | Step 460/10683 | Loss 0.3513 | LR 7.9652e-05
2026-03-10 15:33:25 INFO Epoch 2 | Step 480/10683 | Loss 0.3508 | LR 7.9805e-05
2026-03-10 15:33:41 INFO Epoch 2 | Step 500/10683 | Loss 0.3505 | LR 7.9958e-05
2026-03-10 15:33:58 INFO Epoch 2 | Step 520/10683 | Loss 0.3498 | LR 8.0111e-05
2026-03-10 15:34:15 INFO Epoch 2 | Step 540/10683 | Loss 0.3506 | LR 8.0264e-05
2026-03-10 15:34:31 INFO Epoch 2 | Step 560/10683 | Loss 0.3496 | LR 8.0415e-05
2026-03-10 15:34:48 INFO Epoch 2 | Step 580/10683 | Loss 0.3499 | LR 8.0567e-05
2026-03-10 15:35:04 INFO Epoch 2 | Step 600/10683 | Loss 0.3505 | LR 8.0718e-05
2026-03-10 15:35:21 INFO Epoch 2 | Step 620/10683 | Loss 0.3501 | LR 8.0869e-05
2026-03-10 15:35:38 INFO Epoch 2 | Step 640/10683 | Loss 0.3506 | LR 8.1019e-05
2026-03-10 15:35:55 INFO Epoch 2 | Step 660/10683 | Loss 0.3500 | LR 8.1168e-05
2026-03-10 15:36:11 INFO Epoch 2 | Step 680/10683 | Loss 0.3497 | LR 8.1318e-05
2026-03-10 15:36:28 INFO Epoch 2 | Step 700/10683 | Loss 0.3499 | LR 8.1466e-05
2026-03-10 15:36:45 INFO Epoch 2 | Step 720/10683 | Loss 0.3509 | LR 8.1615e-05
2026-03-10 15:37:01 INFO Epoch 2 | Step 740/10683 | Loss 0.3509 | LR 8.1763e-05
2026-03-10 15:37:18 INFO Epoch 2 | Step 760/10683 | Loss 0.3512 | LR 8.1910e-05
2026-03-10 15:37:35 INFO Epoch 2 | Step 780/10683 | Loss 0.3510 | LR 8.2057e-05
2026-03-10 15:37:52 INFO Epoch 2 | Step 800/10683 | Loss 0.3506 | LR 8.2204e-05
2026-03-10 15:38:09 INFO Epoch 2 | Step 820/10683 | Loss 0.3509 | LR 8.2350e-05
2026-03-10 15:38:25 INFO Epoch 2 | Step 840/10683 | Loss 0.3510 | LR 8.2495e-05
2026-03-10 15:38:42 INFO Epoch 2 | Step 860/10683 | Loss 0.3510 | LR 8.2640e-05
2026-03-10 15:38:58 INFO Epoch 2 | Step 880/10683 | Loss 0.3511 | LR 8.2785e-05
2026-03-10 15:39:15 INFO Epoch 2 | Step 900/10683 | Loss 0.3511 | LR 8.2929e-05
2026-03-10 15:39:32 INFO Epoch 2 | Step 920/10683 | Loss 0.3508 | LR 8.3073e-05
2026-03-10 15:39:48 INFO Epoch 2 | Step 940/10683 | Loss 0.3506 | LR 8.3216e-05
2026-03-10 15:40:05 INFO Epoch 2 | Step 960/10683 | Loss 0.3506 | LR 8.3359e-05
2026-03-10 15:40:22 INFO Epoch 2 | Step 980/10683 | Loss 0.3506 | LR 8.3501e-05
2026-03-10 15:40:38 INFO Epoch 2 | Step 1000/10683 | Loss 0.3508 | LR 8.3643e-05
2026-03-10 15:40:55 INFO Epoch 2 | Step 1020/10683 | Loss 0.3509 | LR 8.3784e-05
2026-03-10 15:41:11 INFO Epoch 2 | Step 1040/10683 | Loss 0.3508 | LR 8.3925e-05
2026-03-10 15:41:28 INFO Epoch 2 | Step 1060/10683 | Loss 0.3510 | LR 8.4065e-05
2026-03-10 15:41:44 INFO Epoch 2 | Step 1080/10683 | Loss 0.3506 | LR 8.4205e-05
2026-03-10 15:42:01 INFO Epoch 2 | Step 1100/10683 | Loss 0.3504 | LR 8.4344e-05
2026-03-10 15:42:18 INFO Epoch 2 | Step 1120/10683 | Loss 0.3502 | LR 8.4483e-05
2026-03-10 15:42:34 INFO Epoch 2 | Step 1140/10683 | Loss 0.3505 | LR 8.4622e-05
2026-03-10 15:42:51 INFO Epoch 2 | Step 1160/10683 | Loss 0.3501 | LR 8.4759e-05
2026-03-10 15:43:07 INFO Epoch 2 | Step 1180/10683 | Loss 0.3494 | LR 8.4897e-05
2026-03-10 15:43:24 INFO Epoch 2 | Step 1200/10683 | Loss 0.3494 | LR 8.5034e-05
2026-03-10 15:43:41 INFO Epoch 2 | Step 1220/10683 | Loss 0.3499 | LR 8.5170e-05
2026-03-10 15:43:57 INFO Epoch 2 | Step 1240/10683 | Loss 0.3501 | LR 8.5306e-05
2026-03-10 15:44:14 INFO Epoch 2 | Step 1260/10683 | Loss 0.3504 | LR 8.5441e-05
2026-03-10 15:44:31 INFO Epoch 2 | Step 1280/10683 | Loss 0.3500 | LR 8.5576e-05
2026-03-10 15:44:47 INFO Epoch 2 | Step 1300/10683 | Loss 0.3503 | LR 8.5710e-05
2026-03-10 15:45:04 INFO Epoch 2 | Step 1320/10683 | Loss 0.3501 | LR 8.5844e-05
2026-03-10 15:45:21 INFO Epoch 2 | Step 1340/10683 | Loss 0.3496 | LR 8.5977e-05
2026-03-10 15:45:37 INFO Epoch 2 | Step 1360/10683 | Loss 0.3496 | LR 8.6110e-05
2026-03-10 15:45:54 INFO Epoch 2 | Step 1380/10683 | Loss 0.3491 | LR 8.6242e-05
2026-03-10 15:46:10 INFO Epoch 2 | Step 1400/10683 | Loss 0.3490 | LR 8.6373e-05
2026-03-10 15:46:27 INFO Epoch 2 | Step 1420/10683 | Loss 0.3489 | LR 8.6504e-05
2026-03-10 15:46:43 INFO Epoch 2 | Step 1440/10683 | Loss 0.3487 | LR 8.6635e-05
2026-03-10 15:47:00 INFO Epoch 2 | Step 1460/10683 | Loss 0.3485 | LR 8.6765e-05
2026-03-10 15:47:17 INFO Epoch 2 | Step 1480/10683 | Loss 0.3485 | LR 8.6895e-05
2026-03-10 15:47:34 INFO Epoch 2 | Step 1500/10683 | Loss 0.3485 | LR 8.7024e-05
2026-03-10 15:47:50 INFO Epoch 2 | Step 1520/10683 | Loss 0.3486 | LR 8.7152e-05
2026-03-10 15:48:07 INFO Epoch 2 | Step 1540/10683 | Loss 0.3483 | LR 8.7280e-05
2026-03-10 15:48:24 INFO Epoch 2 | Step 1560/10683 | Loss 0.3483 | LR 8.7407e-05
2026-03-10 15:48:41 INFO Epoch 2 | Step 1580/10683 | Loss 0.3484 | LR 8.7534e-05
2026-03-10 15:48:58 INFO Epoch 2 | Step 1600/10683 | Loss 0.3479 | LR 8.7660e-05
2026-03-10 15:49:15 INFO Epoch 2 | Step 1620/10683 | Loss 0.3479 | LR 8.7786e-05
2026-03-10 15:49:32 INFO Epoch 2 | Step 1640/10683 | Loss 0.3479 | LR 8.7911e-05
2026-03-10 15:49:48 INFO Epoch 2 | Step 1660/10683 | Loss 0.3479 | LR 8.8036e-05
2026-03-10 15:50:05 INFO Epoch 2 | Step 1680/10683 | Loss 0.3475 | LR 8.8160e-05
2026-03-10 15:50:22 INFO Epoch 2 | Step 1700/10683 | Loss 0.3472 | LR 8.8283e-05
2026-03-10 15:50:39 INFO Epoch 2 | Step 1720/10683 | Loss 0.3474 | LR 8.8406e-05
2026-03-10 15:50:56 INFO Epoch 2 | Step 1740/10683 | Loss 0.3475 | LR 8.8529e-05
2026-03-10 15:51:13 INFO Epoch 2 | Step 1760/10683 | Loss 0.3474 | LR 8.8651e-05
2026-03-10 15:51:29 INFO Epoch 2 | Step 1780/10683 | Loss 0.3475 | LR 8.8772e-05
2026-03-10 15:51:46 INFO Epoch 2 | Step 1800/10683 | Loss 0.3474 | LR 8.8893e-05
2026-03-10 15:52:03 INFO Epoch 2 | Step 1820/10683 | Loss 0.3475 | LR 8.9013e-05
2026-03-10 15:52:20 INFO Epoch 2 | Step 1840/10683 | Loss 0.3473 | LR 8.9132e-05
2026-03-10 15:52:37 INFO Epoch 2 | Step 1860/10683 | Loss 0.3472 | LR 8.9251e-05
2026-03-10 15:52:54 INFO Epoch 2 | Step 1880/10683 | Loss 0.3469 | LR 8.9370e-05
2026-03-10 15:53:11 INFO Epoch 2 | Step 1900/10683 | Loss 0.3465 | LR 8.9487e-05
2026-03-10 15:53:28 INFO Epoch 2 | Step 1920/10683 | Loss 0.3468 | LR 8.9605e-05
2026-03-10 15:53:45 INFO Epoch 2 | Step 1940/10683 | Loss 0.3470 | LR 8.9721e-05
2026-03-10 15:54:02 INFO Epoch 2 | Step 1960/10683 | Loss 0.3471 | LR 8.9837e-05
2026-03-10 15:54:19 INFO Epoch 2 | Step 1980/10683 | Loss 0.3473 | LR 8.9953e-05
2026-03-10 15:54:35 INFO Epoch 2 | Step 2000/10683 | Loss 0.3473 | LR 9.0068e-05
2026-03-10 15:54:52 INFO Epoch 2 | Step 2020/10683 | Loss 0.3476 | LR 9.0182e-05
2026-03-10 15:55:09 INFO Epoch 2 | Step 2040/10683 | Loss 0.3475 | LR 9.0296e-05
2026-03-10 15:55:26 INFO Epoch 2 | Step 2060/10683 | Loss 0.3476 | LR 9.0409e-05
2026-03-10 15:55:42 INFO Epoch 2 | Step 2080/10683 | Loss 0.3476 | LR 9.0522e-05
2026-03-10 15:55:59 INFO Epoch 2 | Step 2100/10683 | Loss 0.3474 | LR 9.0634e-05
2026-03-10 15:56:16 INFO Epoch 2 | Step 2120/10683 | Loss 0.3475 | LR 9.0745e-05
2026-03-10 15:56:33 INFO Epoch 2 | Step 2140/10683 | Loss 0.3475 | LR 9.0856e-05
2026-03-10 15:56:50 INFO Epoch 2 | Step 2160/10683 | Loss 0.3475 | LR 9.0966e-05
2026-03-10 15:57:07 INFO Epoch 2 | Step 2180/10683 | Loss 0.3476 | LR 9.1076e-05
2026-03-10 15:57:23 INFO Epoch 2 | Step 2200/10683 | Loss 0.3477 | LR 9.1185e-05
2026-03-10 15:57:40 INFO Epoch 2 | Step 2220/10683 | Loss 0.3472 | LR 9.1293e-05
2026-03-10 15:57:57 INFO Epoch 2 | Step 2240/10683 | Loss 0.3472 | LR 9.1401e-05
2026-03-10 15:58:14 INFO Epoch 2 | Step 2260/10683 | Loss 0.3471 | LR 9.1508e-05
2026-03-10 15:58:31 INFO Epoch 2 | Step 2280/10683 | Loss 0.3466 | LR 9.1615e-05
2026-03-10 15:58:48 INFO Epoch 2 | Step 2300/10683 | Loss 0.3463 | LR 9.1721e-05
2026-03-10 15:59:04 INFO Epoch 2 | Step 2320/10683 | Loss 0.3464 | LR 9.1826e-05
2026-03-10 15:59:21 INFO Epoch 2 | Step 2340/10683 | Loss 0.3466 | LR 9.1931e-05
2026-03-10 15:59:38 INFO Epoch 2 | Step 2360/10683 | Loss 0.3461 | LR 9.2035e-05
2026-03-10 15:59:55 INFO Epoch 2 | Step 2380/10683 | Loss 0.3459 | LR 9.2139e-05
2026-03-10 16:00:12 INFO Epoch 2 | Step 2400/10683 | Loss 0.3459 | LR 9.2242e-05
2026-03-10 16:00:28 INFO Epoch 2 | Step 2420/10683 | Loss 0.3457 | LR 9.2344e-05
2026-03-10 16:00:45 INFO Epoch 2 | Step 2440/10683 | Loss 0.3458 | LR 9.2445e-05
2026-03-10 16:01:02 INFO Epoch 2 | Step 2460/10683 | Loss 0.3456 | LR 9.2547e-05
2026-03-10 16:01:19 INFO Epoch 2 | Step 2480/10683 | Loss 0.3456 | LR 9.2647e-05
2026-03-10 16:01:36 INFO Epoch 2 | Step 2500/10683 | Loss 0.3456 | LR 9.2747e-05
2026-03-10 16:01:53 INFO Epoch 2 | Step 2520/10683 | Loss 0.3456 | LR 9.2846e-05
2026-03-10 16:02:10 INFO Epoch 2 | Step 2540/10683 | Loss 0.3456 | LR 9.2944e-05
2026-03-10 16:02:27 INFO Epoch 2 | Step 2560/10683 | Loss 0.3456 | LR 9.3042e-05
2026-03-10 16:02:44 INFO Epoch 2 | Step 2580/10683 | Loss 0.3455 | LR 9.3140e-05
2026-03-10 16:03:00 INFO Epoch 2 | Step 2600/10683 | Loss 0.3453 | LR 9.3236e-05
2026-03-10 16:03:17 INFO Epoch 2 | Step 2620/10683 | Loss 0.3452 | LR 9.3332e-05
2026-03-10 16:03:34 INFO Epoch 2 | Step 2640/10683 | Loss 0.3452 | LR 9.3428e-05
2026-03-10 16:03:51 INFO Epoch 2 | Step 2660/10683 | Loss 0.3450 | LR 9.3522e-05
2026-03-10 16:04:08 INFO Epoch 2 | Step 2680/10683 | Loss 0.3450 | LR 9.3617e-05
2026-03-10 16:04:25 INFO Epoch 2 | Step 2700/10683 | Loss 0.3453 | LR 9.3710e-05
2026-03-10 16:04:42 INFO Epoch 2 | Step 2720/10683 | Loss 0.3451 | LR 9.3803e-05
2026-03-10 16:04:59 INFO Epoch 2 | Step 2740/10683 | Loss 0.3450 | LR 9.3895e-05
2026-03-10 16:05:16 INFO Epoch 2 | Step 2760/10683 | Loss 0.3451 | LR 9.3987e-05
2026-03-10 16:05:32 INFO Epoch 2 | Step 2780/10683 | Loss 0.3453 | LR 9.4077e-05
2026-03-10 16:05:49 INFO Epoch 2 | Step 2800/10683 | Loss 0.3454 | LR 9.4168e-05
2026-03-10 16:06:06 INFO Epoch 2 | Step 2820/10683 | Loss 0.3455 | LR 9.4257e-05
2026-03-10 16:06:23 INFO Epoch 2 | Step 2840/10683 | Loss 0.3454 | LR 9.4346e-05
2026-03-10 16:06:40 INFO Epoch 2 | Step 2860/10683 | Loss 0.3453 | LR 9.4435e-05
2026-03-10 16:06:57 INFO Epoch 2 | Step 2880/10683 | Loss 0.3452 | LR 9.4522e-05
2026-03-10 16:07:13 INFO Epoch 2 | Step 2900/10683 | Loss 0.3452 | LR 9.4609e-05
2026-03-10 16:07:30 INFO Epoch 2 | Step 2920/10683 | Loss 0.3452 | LR 9.4696e-05
2026-03-10 16:07:47 INFO Epoch 2 | Step 2940/10683 | Loss 0.3453 | LR 9.4781e-05
2026-03-10 16:08:04 INFO Epoch 2 | Step 2960/10683 | Loss 0.3451 | LR 9.4866e-05
2026-03-10 16:08:21 INFO Epoch 2 | Step 2980/10683 | Loss 0.3450 | LR 9.4951e-05
2026-03-10 16:08:38 INFO Epoch 2 | Step 3000/10683 | Loss 0.3449 | LR 9.5034e-05
2026-03-10 16:08:54 INFO Epoch 2 | Step 3020/10683 | Loss 0.3452 | LR 9.5117e-05
2026-03-10 16:09:11 INFO Epoch 2 | Step 3040/10683 | Loss 0.3451 | LR 9.5200e-05
2026-03-10 16:09:28 INFO Epoch 2 | Step 3060/10683 | Loss 0.3449 | LR 9.5281e-05
2026-03-10 16:09:45 INFO Epoch 2 | Step 3080/10683 | Loss 0.3453 | LR 9.5362e-05
2026-03-10 16:10:02 INFO Epoch 2 | Step 3100/10683 | Loss 0.3453 | LR 9.5443e-05
2026-03-10 16:10:19 INFO Epoch 2 | Step 3120/10683 | Loss 0.3452 | LR 9.5523e-05
2026-03-10 16:10:36 INFO Epoch 2 | Step 3140/10683 | Loss 0.3450 | LR 9.5602e-05
2026-03-10 16:10:53 INFO Epoch 2 | Step 3160/10683 | Loss 0.3449 | LR 9.5680e-05
2026-03-10 16:11:09 INFO Epoch 2 | Step 3180/10683 | Loss 0.3448 | LR 9.5758e-05
2026-03-10 16:11:26 INFO Epoch 2 | Step 3200/10683 | Loss 0.3448 | LR 9.5835e-05
2026-03-10 16:11:43 INFO Epoch 2 | Step 3220/10683 | Loss 0.3446 | LR 9.5911e-05
2026-03-10 16:12:00 INFO Epoch 2 | Step 3240/10683 | Loss 0.3445 | LR 9.5987e-05
2026-03-10 16:12:17 INFO Epoch 2 | Step 3260/10683 | Loss 0.3445 | LR 9.6062e-05
2026-03-10 16:12:34 INFO Epoch 2 | Step 3280/10683 | Loss 0.3444 | LR 9.6136e-05
2026-03-10 16:12:51 INFO Epoch 2 | Step 3300/10683 | Loss 0.3443 | LR 9.6210e-05
2026-03-10 16:13:07 INFO Epoch 2 | Step 3320/10683 | Loss 0.3443 | LR 9.6283e-05
2026-03-10 16:13:24 INFO Epoch 2 | Step 3340/10683 | Loss 0.3443 | LR 9.6355e-05
2026-03-10 16:13:41 INFO Epoch 2 | Step 3360/10683 | Loss 0.3441 | LR 9.6427e-05
2026-03-10 16:13:58 INFO Epoch 2 | Step 3380/10683 | Loss 0.3440 | LR 9.6498e-05
2026-03-10 16:14:15 INFO Epoch 2 | Step 3400/10683 | Loss 0.3439 | LR 9.6568e-05
2026-03-10 16:14:32 INFO Epoch 2 | Step 3420/10683 | Loss 0.3439 | LR 9.6637e-05
2026-03-10 16:14:49 INFO Epoch 2 | Step 3440/10683 | Loss 0.3439 | LR 9.6706e-05
2026-03-10 16:15:06 INFO Epoch 2 | Step 3460/10683 | Loss 0.3440 | LR 9.6774e-05
2026-03-10 16:15:22 INFO Epoch 2 | Step 3480/10683 | Loss 0.3439 | LR 9.6842e-05
2026-03-10 16:15:39 INFO Epoch 2 | Step 3500/10683 | Loss 0.3436 | LR 9.6909e-05
2026-03-10 16:15:56 INFO Epoch 2 | Step 3520/10683 | Loss 0.3435 | LR 9.6975e-05
2026-03-10 16:16:13 INFO Epoch 2 | Step 3540/10683 | Loss 0.3434 | LR 9.7040e-05
2026-03-10 16:16:30 INFO Epoch 2 | Step 3560/10683 | Loss 0.3433 | LR 9.7105e-05
2026-03-10 16:16:47 INFO Epoch 2 | Step 3580/10683 | Loss 0.3433 | LR 9.7169e-05
2026-03-10 16:17:03 INFO Epoch 2 | Step 3600/10683 | Loss 0.3432 | LR 9.7232e-05
2026-03-10 16:17:20 INFO Epoch 2 | Step 3620/10683 | Loss 0.3431 | LR 9.7295e-05
2026-03-10 16:17:37 INFO Epoch 2 | Step 3640/10683 | Loss 0.3430 | LR 9.7357e-05
2026-03-10 16:17:54 INFO Epoch 2 | Step 3660/10683 | Loss 0.3431 | LR 9.7418e-05
2026-03-10 16:18:11 INFO Epoch 2 | Step 3680/10683 | Loss 0.3430 | LR 9.7479e-05
2026-03-10 16:18:28 INFO Epoch 2 | Step 3700/10683 | Loss 0.3429 | LR 9.7538e-05
2026-03-10 16:18:44 INFO Epoch 2 | Step 3720/10683 | Loss 0.3431 | LR 9.7598e-05
2026-03-10 16:19:01 INFO Epoch 2 | Step 3740/10683 | Loss 0.3431 | LR 9.7656e-05
2026-03-10 16:19:18 INFO Epoch 2 | Step 3760/10683 | Loss 0.3432 | LR 9.7714e-05
2026-03-10 16:19:35 INFO Epoch 2 | Step 3780/10683 | Loss 0.3432 | LR 9.7771e-05
2026-03-10 16:19:52 INFO Epoch 2 | Step 3800/10683 | Loss 0.3430 | LR 9.7827e-05
2026-03-10 16:20:08 INFO Epoch 2 | Step 3820/10683 | Loss 0.3429 | LR 9.7883e-05
2026-03-10 16:20:25 INFO Epoch 2 | Step 3840/10683 | Loss 0.3428 | LR 9.7938e-05
2026-03-10 16:20:42 INFO Epoch 2 | Step 3860/10683 | Loss 0.3430 | LR 9.7992e-05
2026-03-10 16:20:59 INFO Epoch 2 | Step 3880/10683 | Loss 0.3429 | LR 9.8046e-05
2026-03-10 16:21:16 INFO Epoch 2 | Step 3900/10683 | Loss 0.3428 | LR 9.8098e-05
2026-03-10 16:21:32 INFO Epoch 2 | Step 3920/10683 | Loss 0.3427 | LR 9.8150e-05
2026-03-10 16:21:48 INFO Epoch 2 | Step 3940/10683 | Loss 0.3426 | LR 9.8202e-05
2026-03-10 16:22:04 INFO Epoch 2 | Step 3960/10683 | Loss 0.3428 | LR 9.8253e-05
2026-03-10 16:22:20 INFO Epoch 2 | Step 3980/10683 | Loss 0.3427 | LR 9.8302e-05
2026-03-10 16:22:37 INFO Epoch 2 | Step 4000/10683 | Loss 0.3427 | LR 9.8352e-05
2026-03-10 16:22:53 INFO Epoch 2 | Step 4020/10683 | Loss 0.3428 | LR 9.8400e-05
2026-03-10 16:23:10 INFO Epoch 2 | Step 4040/10683 | Loss 0.3425 | LR 9.8448e-05
2026-03-10 16:23:26 INFO Epoch 2 | Step 4060/10683 | Loss 0.3424 | LR 9.8495e-05
2026-03-10 16:23:43 INFO Epoch 2 | Step 4080/10683 | Loss 0.3424 | LR 9.8542e-05
2026-03-10 16:23:59 INFO Epoch 2 | Step 4100/10683 | Loss 0.3425 | LR 9.8587e-05
2026-03-10 16:24:16 INFO Epoch 2 | Step 4120/10683 | Loss 0.3424 | LR 9.8632e-05
2026-03-10 16:24:32 INFO Epoch 2 | Step 4140/10683 | Loss 0.3422 | LR 9.8677e-05
2026-03-10 16:24:48 INFO Epoch 2 | Step 4160/10683 | Loss 0.3423 | LR 9.8720e-05
2026-03-10 16:25:05 INFO Epoch 2 | Step 4180/10683 | Loss 0.3424 | LR 9.8763e-05
2026-03-10 16:25:21 INFO Epoch 2 | Step 4200/10683 | Loss 0.3423 | LR 9.8805e-05
2026-03-10 16:25:38 INFO Epoch 2 | Step 4220/10683 | Loss 0.3424 | LR 9.8846e-05
2026-03-10 16:25:55 INFO Epoch 2 | Step 4240/10683 | Loss 0.3425 | LR 9.8887e-05
2026-03-10 16:26:11 INFO Epoch 2 | Step 4260/10683 | Loss 0.3425 | LR 9.8927e-05
2026-03-10 16:26:28 INFO Epoch 2 | Step 4280/10683 | Loss 0.3426 | LR 9.8966e-05
2026-03-10 16:26:44 INFO Epoch 2 | Step 4300/10683 | Loss 0.3425 | LR 9.9005e-05
2026-03-10 16:27:01 INFO Epoch 2 | Step 4320/10683 | Loss 0.3423 | LR 9.9042e-05
2026-03-10 16:27:17 INFO Epoch 2 | Step 4340/10683 | Loss 0.3423 | LR 9.9079e-05
2026-03-10 16:27:34 INFO Epoch 2 | Step 4360/10683 | Loss 0.3422 | LR 9.9116e-05
2026-03-10 16:27:50 INFO Epoch 2 | Step 4380/10683 | Loss 0.3422 | LR 9.9151e-05
2026-03-10 16:28:06 INFO Epoch 2 | Step 4400/10683 | Loss 0.3422 | LR 9.9186e-05
2026-03-10 16:28:23 INFO Epoch 2 | Step 4420/10683 | Loss 0.3421 | LR 9.9220e-05
2026-03-10 16:28:39 INFO Epoch 2 | Step 4440/10683 | Loss 0.3420 | LR 9.9254e-05
2026-03-10 16:28:56 INFO Epoch 2 | Step 4460/10683 | Loss 0.3419 | LR 9.9287e-05
2026-03-10 16:29:12 INFO Epoch 2 | Step 4480/10683 | Loss 0.3418 | LR 9.9318e-05
2026-03-10 16:29:29 INFO Epoch 2 | Step 4500/10683 | Loss 0.3417 | LR 9.9350e-05
2026-03-10 16:29:45 INFO Epoch 2 | Step 4520/10683 | Loss 0.3415 | LR 9.9380e-05
2026-03-10 16:30:02 INFO Epoch 2 | Step 4540/10683 | Loss 0.3415 | LR 9.9410e-05
2026-03-10 16:30:19 INFO Epoch 2 | Step 4560/10683 | Loss 0.3416 | LR 9.9439e-05
2026-03-10 16:30:35 INFO Epoch 2 | Step 4580/10683 | Loss 0.3415 | LR 9.9467e-05
2026-03-10 16:30:51 INFO Epoch 2 | Step 4600/10683 | Loss 0.3415 | LR 9.9495e-05
2026-03-10 16:31:08 INFO Epoch 2 | Step 4620/10683 | Loss 0.3414 | LR 9.9522e-05
2026-03-10 16:31:24 INFO Epoch 2 | Step 4640/10683 | Loss 0.3415 | LR 9.9548e-05
2026-03-10 16:31:41 INFO Epoch 2 | Step 4660/10683 | Loss 0.3412 | LR 9.9573e-05
2026-03-10 16:31:57 INFO Epoch 2 | Step 4680/10683 | Loss 0.3411 | LR 9.9598e-05
2026-03-10 16:32:14 INFO Epoch 2 | Step 4700/10683 | Loss 0.3411 | LR 9.9622e-05
2026-03-10 16:32:30 INFO Epoch 2 | Step 4720/10683 | Loss 0.3411 | LR 9.9645e-05
2026-03-10 16:32:47 INFO Epoch 2 | Step 4740/10683 | Loss 0.3411 | LR 9.9668e-05
2026-03-10 16:33:03 INFO Epoch 2 | Step 4760/10683 | Loss 0.3409 | LR 9.9689e-05
2026-03-10 16:33:20 INFO Epoch 2 | Step 4780/10683 | Loss 0.3409 | LR 9.9710e-05
2026-03-10 16:33:36 INFO Epoch 2 | Step 4800/10683 | Loss 0.3409 | LR 9.9731e-05
2026-03-10 16:33:53 INFO Epoch 2 | Step 4820/10683 | Loss 0.3407 | LR 9.9750e-05
2026-03-10 16:34:09 INFO Epoch 2 | Step 4840/10683 | Loss 0.3407 | LR 9.9769e-05
2026-03-10 16:34:26 INFO Epoch 2 | Step 4860/10683 | Loss 0.3407 | LR 9.9787e-05
2026-03-10 16:34:42 INFO Epoch 2 | Step 4880/10683 | Loss 0.3406 | LR 9.9804e-05
2026-03-10 16:34:59 INFO Epoch 2 | Step 4900/10683 | Loss 0.3405 | LR 9.9821e-05
2026-03-10 16:35:15 INFO Epoch 2 | Step 4920/10683 | Loss 0.3406 | LR 9.9837e-05
2026-03-10 16:35:32 INFO Epoch 2 | Step 4940/10683 | Loss 0.3407 | LR 9.9852e-05
2026-03-10 16:35:49 INFO Epoch 2 | Step 4960/10683 | Loss 0.3407 | LR 9.9866e-05
2026-03-10 16:36:05 INFO Epoch 2 | Step 4980/10683 | Loss 0.3407 | LR 9.9880e-05
2026-03-10 16:36:22 INFO Epoch 2 | Step 5000/10683 | Loss 0.3407 | LR 9.9893e-05
2026-03-10 16:36:38 INFO Epoch 2 | Step 5020/10683 | Loss 0.3406 | LR 9.9905e-05
2026-03-10 16:36:55 INFO Epoch 2 | Step 5040/10683 | Loss 0.3406 | LR 9.9917e-05
2026-03-10 16:37:11 INFO Epoch 2 | Step 5060/10683 | Loss 0.3406 | LR 9.9927e-05
2026-03-10 16:37:28 INFO Epoch 2 | Step 5080/10683 | Loss 0.3405 | LR 9.9937e-05
2026-03-10 16:37:44 INFO Epoch 2 | Step 5100/10683 | Loss 0.3404 | LR 9.9947e-05
2026-03-10 16:38:01 INFO Epoch 2 | Step 5120/10683 | Loss 0.3404 | LR 9.9955e-05
2026-03-10 16:38:17 INFO Epoch 2 | Step 5140/10683 | Loss 0.3403 | LR 9.9963e-05
2026-03-10 16:38:34 INFO Epoch 2 | Step 5160/10683 | Loss 0.3402 | LR 9.9970e-05
2026-03-10 16:38:50 INFO Epoch 2 | Step 5180/10683 | Loss 0.3402 | LR 9.9976e-05
2026-03-10 16:39:07 INFO Epoch 2 | Step 5200/10683 | Loss 0.3403 | LR 9.9982e-05
2026-03-10 16:39:23 INFO Epoch 2 | Step 5220/10683 | Loss 0.3402 | LR 9.9987e-05
2026-03-10 16:39:40 INFO Epoch 2 | Step 5240/10683 | Loss 0.3402 | LR 9.9991e-05
2026-03-10 16:39:56 INFO Epoch 2 | Step 5260/10683 | Loss 0.3401 | LR 9.9994e-05
2026-03-10 16:40:13 INFO Epoch 2 | Step 5280/10683 | Loss 0.3401 | LR 9.9997e-05
2026-03-10 16:40:29 INFO Epoch 2 | Step 5300/10683 | Loss 0.3400 | LR 9.9998e-05
2026-03-10 16:40:46 INFO Epoch 2 | Step 5320/10683 | Loss 0.3400 | LR 1.0000e-04
2026-03-10 16:41:02 INFO Epoch 2 | Step 5340/10683 | Loss 0.3400 | LR 1.0000e-04
2026-03-10 16:41:19 INFO Epoch 2 | Step 5360/10683 | Loss 0.3398 | LR 1.0000e-04
2026-03-10 16:41:35 INFO Epoch 2 | Step 5380/10683 | Loss 0.3398 | LR 1.0000e-04
2026-03-10 16:41:52 INFO Epoch 2 | Step 5400/10683 | Loss 0.3397 | LR 1.0000e-04
2026-03-10 16:42:08 INFO Epoch 2 | Step 5420/10683 | Loss 0.3397 | LR 1.0000e-04
2026-03-10 16:42:25 INFO Epoch 2 | Step 5440/10683 | Loss 0.3395 | LR 1.0000e-04
2026-03-10 16:42:41 INFO Epoch 2 | Step 5460/10683 | Loss 0.3394 | LR 1.0000e-04
2026-03-10 16:42:58 INFO Epoch 2 | Step 5480/10683 | Loss 0.3393 | LR 9.9999e-05
2026-03-10 16:43:15 INFO Epoch 2 | Step 5500/10683 | Loss 0.3391 | LR 9.9999e-05
2026-03-10 16:43:31 INFO Epoch 2 | Step 5520/10683 | Loss 0.3390 | LR 9.9999e-05
2026-03-10 16:43:48 INFO Epoch 2 | Step 5540/10683 | Loss 0.3389 | LR 9.9999e-05
2026-03-10 16:44:04 INFO Epoch 2 | Step 5560/10683 | Loss 0.3389 | LR 9.9999e-05
2026-03-10 16:44:21 INFO Epoch 2 | Step 5580/10683 | Loss 0.3389 | LR 9.9998e-05
2026-03-10 16:44:37 INFO Epoch 2 | Step 5600/10683 | Loss 0.3388 | LR 9.9998e-05
2026-03-10 16:44:54 INFO Epoch 2 | Step 5620/10683 | Loss 0.3387 | LR 9.9998e-05
2026-03-10 16:45:10 INFO Epoch 2 | Step 5640/10683 | Loss 0.3387 | LR 9.9997e-05
2026-03-10 16:45:27 INFO Epoch 2 | Step 5660/10683 | Loss 0.3386 | LR 9.9997e-05
2026-03-10 16:45:43 INFO Epoch 2 | Step 5680/10683 | Loss 0.3385 | LR 9.9997e-05
2026-03-10 16:46:00 INFO Epoch 2 | Step 5700/10683 | Loss 0.3384 | LR 9.9996e-05
2026-03-10 16:46:16 INFO Epoch 2 | Step 5720/10683 | Loss 0.3383 | LR 9.9996e-05
2026-03-10 16:46:33 INFO Epoch 2 | Step 5740/10683 | Loss 0.3383 | LR 9.9995e-05
2026-03-10 16:46:50 INFO Epoch 2 | Step 5760/10683 | Loss 0.3383 | LR 9.9995e-05
2026-03-10 16:47:06 INFO Epoch 2 | Step 5780/10683 | Loss 0.3383 | LR 9.9994e-05
2026-03-10 16:47:23 INFO Epoch 2 | Step 5800/10683 | Loss 0.3383 | LR 9.9994e-05
2026-03-10 16:47:39 INFO Epoch 2 | Step 5820/10683 | Loss 0.3381 | LR 9.9993e-05
2026-03-10 16:47:56 INFO Epoch 2 | Step 5840/10683 | Loss 0.3380 | LR 9.9993e-05
2026-03-10 16:48:12 INFO Epoch 2 | Step 5860/10683 | Loss 0.3379 | LR 9.9992e-05
2026-03-10 16:48:29 INFO Epoch 2 | Step 5880/10683 | Loss 0.3378 | LR 9.9991e-05
2026-03-10 16:48:45 INFO Epoch 2 | Step 5900/10683 | Loss 0.3378 | LR 9.9991e-05
2026-03-10 16:49:02 INFO Epoch 2 | Step 5920/10683 | Loss 0.3378 | LR 9.9990e-05
2026-03-10 16:49:18 INFO Epoch 2 | Step 5940/10683 | Loss 0.3376 | LR 9.9989e-05
2026-03-10 16:49:35 INFO Epoch 2 | Step 5960/10683 | Loss 0.3375 | LR 9.9989e-05
2026-03-10 16:49:52 INFO Epoch 2 | Step 5980/10683 | Loss 0.3375 | LR 9.9988e-05
2026-03-10 16:50:08 INFO Epoch 2 | Step 6000/10683 | Loss 0.3373 | LR 9.9987e-05
2026-03-10 16:50:25 INFO Epoch 2 | Step 6020/10683 | Loss 0.3373 | LR 9.9986e-05
2026-03-10 16:50:41 INFO Epoch 2 | Step 6040/10683 | Loss 0.3372 | LR 9.9985e-05
2026-03-10 16:50:58 INFO Epoch 2 | Step 6060/10683 | Loss 0.3371 | LR 9.9985e-05
2026-03-10 16:51:15 INFO Epoch 2 | Step 6080/10683 | Loss 0.3370 | LR 9.9984e-05
2026-03-10 16:51:31 INFO Epoch 2 | Step 6100/10683 | Loss 0.3370 | LR 9.9983e-05
2026-03-10 16:51:48 INFO Epoch 2 | Step 6120/10683 | Loss 0.3370 | LR 9.9982e-05
2026-03-10 16:52:04 INFO Epoch 2 | Step 6140/10683 | Loss 0.3369 | LR 9.9981e-05
2026-03-10 16:52:21 INFO Epoch 2 | Step 6160/10683 | Loss 0.3368 | LR 9.9980e-05
2026-03-10 16:52:38 INFO Epoch 2 | Step 6180/10683 | Loss 0.3367 | LR 9.9979e-05
2026-03-10 16:52:54 INFO Epoch 2 | Step 6200/10683 | Loss 0.3366 | LR 9.9978e-05
2026-03-10 16:53:11 INFO Epoch 2 | Step 6220/10683 | Loss 0.3364 | LR 9.9977e-05
2026-03-10 16:53:27 INFO Epoch 2 | Step 6240/10683 | Loss 0.3363 | LR 9.9976e-05
2026-03-10 16:53:44 INFO Epoch 2 | Step 6260/10683 | Loss 0.3362 | LR 9.9975e-05
2026-03-10 16:54:01 INFO Epoch 2 | Step 6280/10683 | Loss 0.3362 | LR 9.9974e-05
2026-03-10 16:54:17 INFO Epoch 2 | Step 6300/10683 | Loss 0.3361 | LR 9.9972e-05
2026-03-10 16:54:34 INFO Epoch 2 | Step 6320/10683 | Loss 0.3360 | LR 9.9971e-05
2026-03-10 16:54:50 INFO Epoch 2 | Step 6340/10683 | Loss 0.3359 | LR 9.9970e-05
2026-03-10 16:55:07 INFO Epoch 2 | Step 6360/10683 | Loss 0.3359 | LR 9.9969e-05
2026-03-10 16:55:24 INFO Epoch 2 | Step 6380/10683 | Loss 0.3359 | LR 9.9968e-05
2026-03-10 16:55:40 INFO Epoch 2 | Step 6400/10683 | Loss 0.3359 | LR 9.9966e-05
2026-03-10 16:55:57 INFO Epoch 2 | Step 6420/10683 | Loss 0.3358 | LR 9.9965e-05
2026-03-10 16:56:13 INFO Epoch 2 | Step 6440/10683 | Loss 0.3357 | LR 9.9964e-05
2026-03-10 16:56:30 INFO Epoch 2 | Step 6460/10683 | Loss 0.3356 | LR 9.9963e-05
2026-03-10 16:56:46 INFO Epoch 2 | Step 6480/10683 | Loss 0.3356 | LR 9.9961e-05
2026-03-10 16:57:03 INFO Epoch 2 | Step 6500/10683 | Loss 0.3356 | LR 9.9960e-05
2026-03-10 16:57:19 INFO Epoch 2 | Step 6520/10683 | Loss 0.3354 | LR 9.9958e-05
2026-03-10 16:57:36 INFO Epoch 2 | Step 6540/10683 | Loss 0.3353 | LR 9.9957e-05
2026-03-10 16:57:53 INFO Epoch 2 | Step 6560/10683 | Loss 0.3353 | LR 9.9956e-05
2026-03-10 16:58:10 INFO Epoch 2 | Step 6580/10683 | Loss 0.3352 | LR 9.9954e-05
2026-03-10 16:58:26 INFO Epoch 2 | Step 6600/10683 | Loss 0.3352 | LR 9.9953e-05
2026-03-10 16:58:43 INFO Epoch 2 | Step 6620/10683 | Loss 0.3351 | LR 9.9951e-05
2026-03-10 16:59:00 INFO Epoch 2 | Step 6640/10683 | Loss 0.3351 | LR 9.9949e-05
2026-03-10 16:59:16 INFO Epoch 2 | Step 6660/10683 | Loss 0.3351 | LR 9.9948e-05
2026-03-10 16:59:33 INFO Epoch 2 | Step 6680/10683 | Loss 0.3350 | LR 9.9946e-05
2026-03-10 16:59:49 INFO Epoch 2 | Step 6700/10683 | Loss 0.3349 | LR 9.9945e-05
2026-03-10 17:00:06 INFO Epoch 2 | Step 6720/10683 | Loss 0.3348 | LR 9.9943e-05
2026-03-10 17:00:22 INFO Epoch 2 | Step 6740/10683 | Loss 0.3347 | LR 9.9941e-05
2026-03-10 17:00:39 INFO Epoch 2 | Step 6760/10683 | Loss 0.3347 | LR 9.9940e-05
2026-03-10 17:00:56 INFO Epoch 2 | Step 6780/10683 | Loss 0.3347 | LR 9.9938e-05
2026-03-10 17:01:12 INFO Epoch 2 | Step 6800/10683 | Loss 0.3346 | LR 9.9936e-05
2026-03-10 17:01:29 INFO Epoch 2 | Step 6820/10683 | Loss 0.3345 | LR 9.9935e-05
2026-03-10 17:01:46 INFO Epoch 2 | Step 6840/10683 | Loss 0.3344 | LR 9.9933e-05
2026-03-10 17:02:02 INFO Epoch 2 | Step 6860/10683 | Loss 0.3342 | LR 9.9931e-05
2026-03-10 17:02:19 INFO Epoch 2 | Step 6880/10683 | Loss 0.3341 | LR 9.9929e-05
2026-03-10 17:02:36 INFO Epoch 2 | Step 6900/10683 | Loss 0.3340 | LR 9.9927e-05
2026-03-10 17:02:52 INFO Epoch 2 | Step 6920/10683 | Loss 0.3340 | LR 9.9925e-05
2026-03-10 17:03:09 INFO Epoch 2 | Step 6940/10683 | Loss 0.3339 | LR 9.9923e-05
2026-03-10 17:03:26 INFO Epoch 2 | Step 6960/10683 | Loss 0.3339 | LR 9.9922e-05
2026-03-10 17:03:42 INFO Epoch 2 | Step 6980/10683 | Loss 0.3339 | LR 9.9920e-05
2026-03-10 17:03:59 INFO Epoch 2 | Step 7000/10683 | Loss 0.3338 | LR 9.9918e-05
2026-03-10 17:04:16 INFO Epoch 2 | Step 7020/10683 | Loss 0.3337 | LR 9.9916e-05
2026-03-10 17:04:32 INFO Epoch 2 | Step 7040/10683 | Loss 0.3337 | LR 9.9914e-05
2026-03-10 17:04:49 INFO Epoch 2 | Step 7060/10683 | Loss 0.3337 | LR 9.9912e-05
2026-03-10 17:05:05 INFO Epoch 2 | Step 7080/10683 | Loss 0.3336 | LR 9.9909e-05
2026-03-10 17:05:22 INFO Epoch 2 | Step 7100/10683 | Loss 0.3336 | LR 9.9907e-05
2026-03-10 17:05:39 INFO Epoch 2 | Step 7120/10683 | Loss 0.3336 | LR 9.9905e-05
2026-03-10 17:05:55 INFO Epoch 2 | Step 7140/10683 | Loss 0.3335 | LR 9.9903e-05
2026-03-10 17:06:12 INFO Epoch 2 | Step 7160/10683 | Loss 0.3335 | LR 9.9901e-05
2026-03-10 17:06:29 INFO Epoch 2 | Step 7180/10683 | Loss 0.3334 | LR 9.9899e-05
2026-03-10 17:06:45 INFO Epoch 2 | Step 7200/10683 | Loss 0.3334 | LR 9.9897e-05
2026-03-10 17:07:02 INFO Epoch 2 | Step 7220/10683 | Loss 0.3333 | LR 9.9894e-05
2026-03-10 17:07:18 INFO Epoch 2 | Step 7240/10683 | Loss 0.3333 | LR 9.9892e-05
2026-03-10 17:07:35 INFO Epoch 2 | Step 7260/10683 | Loss 0.3334 | LR 9.9890e-05
2026-03-10 17:07:52 INFO Epoch 2 | Step 7280/10683 | Loss 0.3334 | LR 9.9887e-05
2026-03-10 17:08:08 INFO Epoch 2 | Step 7300/10683 | Loss 0.3334 | LR 9.9885e-05
2026-03-10 17:08:25 INFO Epoch 2 | Step 7320/10683 | Loss 0.3334 | LR 9.9883e-05
2026-03-10 17:08:42 INFO Epoch 2 | Step 7340/10683 | Loss 0.3333 | LR 9.9880e-05
2026-03-10 17:08:58 INFO Epoch 2 | Step 7360/10683 | Loss 0.3332 | LR 9.9878e-05
2026-03-10 17:09:15 INFO Epoch 2 | Step 7380/10683 | Loss 0.3332 | LR 9.9876e-05
2026-03-10 17:09:32 INFO Epoch 2 | Step 7400/10683 | Loss 0.3331 | LR 9.9873e-05
2026-03-10 17:09:48 INFO Epoch 2 | Step 7420/10683 | Loss 0.3331 | LR 9.9871e-05
2026-03-10 17:10:05 INFO Epoch 2 | Step 7440/10683 | Loss 0.3331 | LR 9.9868e-05
2026-03-10 17:10:22 INFO Epoch 2 | Step 7460/10683 | Loss 0.3331 | LR 9.9866e-05
2026-03-10 17:10:38 INFO Epoch 2 | Step 7480/10683 | Loss 0.3329 | LR 9.9863e-05
2026-03-10 17:10:55 INFO Epoch 2 | Step 7500/10683 | Loss 0.3329 | LR 9.9861e-05
2026-03-10 17:11:11 INFO Epoch 2 | Step 7520/10683 | Loss 0.3328 | LR 9.9858e-05
2026-03-10 17:11:28 INFO Epoch 2 | Step 7540/10683 | Loss 0.3328 | LR 9.9855e-05
2026-03-10 17:11:44 INFO Epoch 2 | Step 7560/10683 | Loss 0.3328 | LR 9.9853e-05
2026-03-10 17:12:01 INFO Epoch 2 | Step 7580/10683 | Loss 0.3327 | LR 9.9850e-05
2026-03-10 17:12:18 INFO Epoch 2 | Step 7600/10683 | Loss 0.3327 | LR 9.9847e-05
2026-03-10 17:12:34 INFO Epoch 2 | Step 7620/10683 | Loss 0.3326 | LR 9.9845e-05
2026-03-10 17:12:51 INFO Epoch 2 | Step 7640/10683 | Loss 0.3326 | LR 9.9842e-05
2026-03-10 17:13:08 INFO Epoch 2 | Step 7660/10683 | Loss 0.3325 | LR 9.9839e-05
2026-03-10 17:13:24 INFO Epoch 2 | Step 7680/10683 | Loss 0.3325 | LR 9.9836e-05
2026-03-10 17:13:41 INFO Epoch 2 | Step 7700/10683 | Loss 0.3325 | LR 9.9834e-05
2026-03-10 17:13:57 INFO Epoch 2 | Step 7720/10683 | Loss 0.3324 | LR 9.9831e-05
2026-03-10 17:14:14 INFO Epoch 2 | Step 7740/10683 | Loss 0.3324 | LR 9.9828e-05
2026-03-10 17:14:30 INFO Epoch 2 | Step 7760/10683 | Loss 0.3323 | LR 9.9825e-05
2026-03-10 17:14:47 INFO Epoch 2 | Step 7780/10683 | Loss 0.3322 | LR 9.9822e-05
2026-03-10 17:15:04 INFO Epoch 2 | Step 7800/10683 | Loss 0.3321 | LR 9.9819e-05
2026-03-10 17:15:20 INFO Epoch 2 | Step 7820/10683 | Loss 0.3321 | LR 9.9816e-05
2026-03-10 17:15:37 INFO Epoch 2 | Step 7840/10683 | Loss 0.3320 | LR 9.9813e-05
2026-03-10 17:15:53 INFO Epoch 2 | Step 7860/10683 | Loss 0.3320 | LR 9.9810e-05
2026-03-10 17:16:10 INFO Epoch 2 | Step 7880/10683 | Loss 0.3318 | LR 9.9807e-05
2026-03-10 17:16:27 INFO Epoch 2 | Step 7900/10683 | Loss 0.3318 | LR 9.9804e-05
2026-03-10 17:16:43 INFO Epoch 2 | Step 7920/10683 | Loss 0.3318 | LR 9.9801e-05
2026-03-10 17:17:00 INFO Epoch 2 | Step 7940/10683 | Loss 0.3317 | LR 9.9798e-05
2026-03-10 17:17:16 INFO Epoch 2 | Step 7960/10683 | Loss 0.3317 | LR 9.9795e-05
2026-03-10 17:17:33 INFO Epoch 2 | Step 7980/10683 | Loss 0.3316 | LR 9.9792e-05
2026-03-10 17:17:50 INFO Epoch 2 | Step 8000/10683 | Loss 0.3316 | LR 9.9789e-05
2026-03-10 17:18:06 INFO Epoch 2 | Step 8020/10683 | Loss 0.3315 | LR 9.9785e-05
2026-03-10 17:18:23 INFO Epoch 2 | Step 8040/10683 | Loss 0.3314 | LR 9.9782e-05
2026-03-10 17:18:39 INFO Epoch 2 | Step 8060/10683 | Loss 0.3313 | LR 9.9779e-05
2026-03-10 17:18:56 INFO Epoch 2 | Step 8080/10683 | Loss 0.3313 | LR 9.9776e-05
2026-03-10 17:19:13 INFO Epoch 2 | Step 8100/10683 | Loss 0.3313 | LR 9.9772e-05
2026-03-10 17:19:29 INFO Epoch 2 | Step 8120/10683 | Loss 0.3312 | LR 9.9769e-05
2026-03-10 17:19:46 INFO Epoch 2 | Step 8140/10683 | Loss 0.3312 | LR 9.9766e-05
2026-03-10 17:20:02 INFO Epoch 2 | Step 8160/10683 | Loss 0.3311 | LR 9.9762e-05
2026-03-10 17:20:19 INFO Epoch 2 | Step 8180/10683 | Loss 0.3311 | LR 9.9759e-05
2026-03-10 17:20:36 INFO Epoch 2 | Step 8200/10683 | Loss 0.3310 | LR 9.9756e-05
2026-03-10 17:20:53 INFO Epoch 2 | Step 8220/10683 | Loss 0.3309 | LR 9.9752e-05
2026-03-10 17:21:09 INFO Epoch 2 | Step 8240/10683 | Loss 0.3308 | LR 9.9749e-05
2026-03-10 17:21:26 INFO Epoch 2 | Step 8260/10683 | Loss 0.3307 | LR 9.9745e-05
2026-03-10 17:21:43 INFO Epoch 2 | Step 8280/10683 | Loss 0.3306 | LR 9.9742e-05
2026-03-10 17:22:00 INFO Epoch 2 | Step 8300/10683 | Loss 0.3305 | LR 9.9738e-05
2026-03-10 17:22:16 INFO Epoch 2 | Step 8320/10683 | Loss 0.3304 | LR 9.9735e-05
2026-03-10 17:22:33 INFO Epoch 2 | Step 8340/10683 | Loss 0.3304 | LR 9.9731e-05
2026-03-10 17:22:49 INFO Epoch 2 | Step 8360/10683 | Loss 0.3302 | LR 9.9727e-05
2026-03-10 17:23:06 INFO Epoch 2 | Step 8380/10683 | Loss 0.3302 | LR 9.9724e-05
2026-03-10 17:23:22 INFO Epoch 2 | Step 8400/10683 | Loss 0.3300 | LR 9.9720e-05
2026-03-10 17:23:39 INFO Epoch 2 | Step 8420/10683 | Loss 0.3300 | LR 9.9716e-05
2026-03-10 17:23:55 INFO Epoch 2 | Step 8440/10683 | Loss 0.3299 | LR 9.9713e-05
2026-03-10 17:24:12 INFO Epoch 2 | Step 8460/10683 | Loss 0.3298 | LR 9.9709e-05
2026-03-10 17:24:28 INFO Epoch 2 | Step 8480/10683 | Loss 0.3297 | LR 9.9705e-05
2026-03-10 17:24:45 INFO Epoch 2 | Step 8500/10683 | Loss 0.3296 | LR 9.9702e-05
2026-03-10 17:25:02 INFO Epoch 2 | Step 8520/10683 | Loss 0.3296 | LR 9.9698e-05
2026-03-10 17:25:18 INFO Epoch 2 | Step 8540/10683 | Loss 0.3295 | LR 9.9694e-05
2026-03-10 17:25:35 INFO Epoch 2 | Step 8560/10683 | Loss 0.3295 | LR 9.9690e-05
2026-03-10 17:25:51 INFO Epoch 2 | Step 8580/10683 | Loss 0.3294 | LR 9.9686e-05
2026-03-10 17:26:08 INFO Epoch 2 | Step 8600/10683 | Loss 0.3294 | LR 9.9682e-05
2026-03-10 17:26:24 INFO Epoch 2 | Step 8620/10683 | Loss 0.3293 | LR 9.9679e-05
2026-03-10 17:26:41 INFO Epoch 2 | Step 8640/10683 | Loss 0.3292 | LR 9.9675e-05
2026-03-10 17:26:58 INFO Epoch 2 | Step 8660/10683 | Loss 0.3292 | LR 9.9671e-05
2026-03-10 17:27:14 INFO Epoch 2 | Step 8680/10683 | Loss 0.3292 | LR 9.9667e-05
2026-03-10 17:27:31 INFO Epoch 2 | Step 8700/10683 | Loss 0.3292 | LR 9.9663e-05
2026-03-10 17:27:48 INFO Epoch 2 | Step 8720/10683 | Loss 0.3292 | LR 9.9659e-05
2026-03-10 17:28:04 INFO Epoch 2 | Step 8740/10683 | Loss 0.3292 | LR 9.9655e-05
2026-03-10 17:28:21 INFO Epoch 2 | Step 8760/10683 | Loss 0.3291 | LR 9.9651e-05
2026-03-10 17:28:37 INFO Epoch 2 | Step 8780/10683 | Loss 0.3291 | LR 9.9646e-05
2026-03-10 17:28:54 INFO Epoch 2 | Step 8800/10683 | Loss 0.3290 | LR 9.9642e-05
2026-03-10 17:29:11 INFO Epoch 2 | Step 8820/10683 | Loss 0.3290 | LR 9.9638e-05
2026-03-10 17:29:27 INFO Epoch 2 | Step 8840/10683 | Loss 0.3289 | LR 9.9634e-05
2026-03-10 17:29:44 INFO Epoch 2 | Step 8860/10683 | Loss 0.3290 | LR 9.9630e-05
2026-03-10 17:30:00 INFO Epoch 2 | Step 8880/10683 | Loss 0.3289 | LR 9.9626e-05
2026-03-10 17:30:17 INFO Epoch 2 | Step 8900/10683 | Loss 0.3290 | LR 9.9621e-05
2026-03-10 17:30:33 INFO Epoch 2 | Step 8920/10683 | Loss 0.3288 | LR 9.9617e-05
2026-03-10 17:30:50 INFO Epoch 2 | Step 8940/10683 | Loss 0.3287 | LR 9.9613e-05
2026-03-10 17:31:07 INFO Epoch 2 | Step 8960/10683 | Loss 0.3287 | LR 9.9608e-05
2026-03-10 17:31:23 INFO Epoch 2 | Step 8980/10683 | Loss 0.3286 | LR 9.9604e-05
2026-03-10 17:31:40 INFO Epoch 2 | Step 9000/10683 | Loss 0.3286 | LR 9.9600e-05
2026-03-10 17:31:57 INFO Epoch 2 | Step 9020/10683 | Loss 0.3286 | LR 9.9595e-05
2026-03-10 17:32:13 INFO Epoch 2 | Step 9040/10683 | Loss 0.3286 | LR 9.9591e-05
2026-03-10 17:32:30 INFO Epoch 2 | Step 9060/10683 | Loss 0.3286 | LR 9.9587e-05
2026-03-10 17:32:46 INFO Epoch 2 | Step 9080/10683 | Loss 0.3285 | LR 9.9582e-05
2026-03-10 17:33:03 INFO Epoch 2 | Step 9100/10683 | Loss 0.3284 | LR 9.9578e-05
2026-03-10 17:33:19 INFO Epoch 2 | Step 9120/10683 | Loss 0.3284 | LR 9.9573e-05
2026-03-10 17:33:36 INFO Epoch 2 | Step 9140/10683 | Loss 0.3284 | LR 9.9569e-05
2026-03-10 17:33:53 INFO Epoch 2 | Step 9160/10683 | Loss 0.3283 | LR 9.9564e-05
2026-03-10 17:34:09 INFO Epoch 2 | Step 9180/10683 | Loss 0.3282 | LR 9.9560e-05
2026-03-10 17:34:26 INFO Epoch 2 | Step 9200/10683 | Loss 0.3281 | LR 9.9555e-05
2026-03-10 17:34:42 INFO Epoch 2 | Step 9220/10683 | Loss 0.3280 | LR 9.9550e-05
2026-03-10 17:34:59 INFO Epoch 2 | Step 9240/10683 | Loss 0.3279 | LR 9.9546e-05
2026-03-10 17:35:15 INFO Epoch 2 | Step 9260/10683 | Loss 0.3279 | LR 9.9541e-05
2026-03-10 17:35:32 INFO Epoch 2 | Step 9280/10683 | Loss 0.3279 | LR 9.9536e-05
2026-03-10 17:35:49 INFO Epoch 2 | Step 9300/10683 | Loss 0.3277 | LR 9.9532e-05
2026-03-10 17:36:05 INFO Epoch 2 | Step 9320/10683 | Loss 0.3277 | LR 9.9527e-05
2026-03-10 17:36:22 INFO Epoch 2 | Step 9340/10683 | Loss 0.3276 | LR 9.9522e-05
2026-03-10 17:36:38 INFO Epoch 2 | Step 9360/10683 | Loss 0.3275 | LR 9.9517e-05
2026-03-10 17:36:55 INFO Epoch 2 | Step 9380/10683 | Loss 0.3275 | LR 9.9513e-05
2026-03-10 17:37:12 INFO Epoch 2 | Step 9400/10683 | Loss 0.3275 | LR 9.9508e-05
2026-03-10 17:37:28 INFO Epoch 2 | Step 9420/10683 | Loss 0.3275 | LR 9.9503e-05
2026-03-10 17:37:45 INFO Epoch 2 | Step 9440/10683 | Loss 0.3275 | LR 9.9498e-05
2026-03-10 17:38:01 INFO Epoch 2 | Step 9460/10683 | Loss 0.3274 | LR 9.9493e-05
2026-03-10 17:38:18 INFO Epoch 2 | Step 9480/10683 | Loss 0.3275 | LR 9.9488e-05
2026-03-10 17:38:35 INFO Epoch 2 | Step 9500/10683 | Loss 0.3274 | LR 9.9483e-05
2026-03-10 17:38:51 INFO Epoch 2 | Step 9520/10683 | Loss 0.3273 | LR 9.9478e-05
2026-03-10 17:39:08 INFO Epoch 2 | Step 9540/10683 | Loss 0.3273 | LR 9.9473e-05
2026-03-10 17:39:25 INFO Epoch 2 | Step 9560/10683 | Loss 0.3272 | LR 9.9468e-05
2026-03-10 17:39:41 INFO Epoch 2 | Step 9580/10683 | Loss 0.3272 | LR 9.9463e-05
2026-03-10 17:39:58 INFO Epoch 2 | Step 9600/10683 | Loss 0.3272 | LR 9.9458e-05
2026-03-10 17:40:14 INFO Epoch 2 | Step 9620/10683 | Loss 0.3271 | LR 9.9453e-05
2026-03-10 17:40:31 INFO Epoch 2 | Step 9640/10683 | Loss 0.3271 | LR 9.9448e-05
2026-03-10 17:40:48 INFO Epoch 2 | Step 9660/10683 | Loss 0.3270 | LR 9.9443e-05
2026-03-10 17:41:04 INFO Epoch 2 | Step 9680/10683 | Loss 0.3270 | LR 9.9438e-05
2026-03-10 17:41:21 INFO Epoch 2 | Step 9700/10683 | Loss 0.3269 | LR 9.9432e-05
2026-03-10 17:41:37 INFO Epoch 2 | Step 9720/10683 | Loss 0.3268 | LR 9.9427e-05
2026-03-10 17:41:54 INFO Epoch 2 | Step 9740/10683 | Loss 0.3268 | LR 9.9422e-05
2026-03-10 17:42:11 INFO Epoch 2 | Step 9760/10683 | Loss 0.3267 | LR 9.9417e-05
2026-03-10 17:42:27 INFO Epoch 2 | Step 9780/10683 | Loss 0.3266 | LR 9.9411e-05
2026-03-10 17:42:44 INFO Epoch 2 | Step 9800/10683 | Loss 0.3267 | LR 9.9406e-05
2026-03-10 17:43:00 INFO Epoch 2 | Step 9820/10683 | Loss 0.3267 | LR 9.9401e-05
2026-03-10 17:43:17 INFO Epoch 2 | Step 9840/10683 | Loss 0.3265 | LR 9.9395e-05
2026-03-10 17:43:34 INFO Epoch 2 | Step 9860/10683 | Loss 0.3265 | LR 9.9390e-05
2026-03-10 17:43:50 INFO Epoch 2 | Step 9880/10683 | Loss 0.3265 | LR 9.9385e-05
2026-03-10 17:44:07 INFO Epoch 2 | Step 9900/10683 | Loss 0.3265 | LR 9.9379e-05
2026-03-10 17:44:24 INFO Epoch 2 | Step 9920/10683 | Loss 0.3265 | LR 9.9374e-05
2026-03-10 17:44:40 INFO Epoch 2 | Step 9940/10683 | Loss 0.3264 | LR 9.9368e-05
2026-03-10 17:44:57 INFO Epoch 2 | Step 9960/10683 | Loss 0.3264 | LR 9.9363e-05
2026-03-10 17:45:13 INFO Epoch 2 | Step 9980/10683 | Loss 0.3263 | LR 9.9357e-05
2026-03-10 17:45:30 INFO Epoch 2 | Step 10000/10683 | Loss 0.3263 | LR 9.9352e-05
2026-03-10 17:45:47 INFO Epoch 2 | Step 10020/10683 | Loss 0.3263 | LR 9.9346e-05
2026-03-10 17:46:03 INFO Epoch 2 | Step 10040/10683 | Loss 0.3263 | LR 9.9341e-05
2026-03-10 17:46:20 INFO Epoch 2 | Step 10060/10683 | Loss 0.3262 | LR 9.9335e-05
2026-03-10 17:46:36 INFO Epoch 2 | Step 10080/10683 | Loss 0.3261 | LR 9.9329e-05
2026-03-10 17:46:53 INFO Epoch 2 | Step 10100/10683 | Loss 0.3261 | LR 9.9324e-05
2026-03-10 17:47:10 INFO Epoch 2 | Step 10120/10683 | Loss 0.3261 | LR 9.9318e-05
2026-03-10 17:47:26 INFO Epoch 2 | Step 10140/10683 | Loss 0.3261 | LR 9.9312e-05
2026-03-10 17:47:43 INFO Epoch 2 | Step 10160/10683 | Loss 0.3261 | LR 9.9307e-05
2026-03-10 17:48:00 INFO Epoch 2 | Step 10180/10683 | Loss 0.3260 | LR 9.9301e-05
2026-03-10 17:48:16 INFO Epoch 2 | Step 10200/10683 | Loss 0.3260 | LR 9.9295e-05
2026-03-10 17:48:33 INFO Epoch 2 | Step 10220/10683 | Loss 0.3260 | LR 9.9289e-05
2026-03-10 17:48:49 INFO Epoch 2 | Step 10240/10683 | Loss 0.3259 | LR 9.9283e-05
2026-03-10 17:49:06 INFO Epoch 2 | Step 10260/10683 | Loss 0.3259 | LR 9.9278e-05
2026-03-10 17:49:22 INFO Epoch 2 | Step 10280/10683 | Loss 0.3258 | LR 9.9272e-05
2026-03-10 17:49:39 INFO Epoch 2 | Step 10300/10683 | Loss 0.3258 | LR 9.9266e-05
2026-03-10 17:49:56 INFO Epoch 2 | Step 10320/10683 | Loss 0.3257 | LR 9.9260e-05
2026-03-10 17:50:12 INFO Epoch 2 | Step 10340/10683 | Loss 0.3256 | LR 9.9254e-05
2026-03-10 17:50:29 INFO Epoch 2 | Step 10360/10683 | Loss 0.3255 | LR 9.9248e-05
2026-03-10 17:50:45 INFO Epoch 2 | Step 10380/10683 | Loss 0.3254 | LR 9.9242e-05
2026-03-10 17:51:02 INFO Epoch 2 | Step 10400/10683 | Loss 0.3254 | LR 9.9236e-05
2026-03-10 17:51:19 INFO Epoch 2 | Step 10420/10683 | Loss 0.3254 | LR 9.9230e-05
2026-03-10 17:51:35 INFO Epoch 2 | Step 10440/10683 | Loss 0.3253 | LR 9.9224e-05
2026-03-10 17:51:52 INFO Epoch 2 | Step 10460/10683 | Loss 0.3253 | LR 9.9218e-05
2026-03-10 17:52:08 INFO Epoch 2 | Step 10480/10683 | Loss 0.3252 | LR 9.9212e-05
2026-03-10 17:52:25 INFO Epoch 2 | Step 10500/10683 | Loss 0.3252 | LR 9.9206e-05
2026-03-10 17:52:41 INFO Epoch 2 | Step 10520/10683 | Loss 0.3251 | LR 9.9199e-05
2026-03-10 17:52:58 INFO Epoch 2 | Step 10540/10683 | Loss 0.3251 | LR 9.9193e-05
2026-03-10 17:53:15 INFO Epoch 2 | Step 10560/10683 | Loss 0.3250 | LR 9.9187e-05
2026-03-10 17:53:31 INFO Epoch 2 | Step 10580/10683 | Loss 0.3250 | LR 9.9181e-05
2026-03-10 17:53:48 INFO Epoch 2 | Step 10600/10683 | Loss 0.3250 | LR 9.9175e-05
2026-03-10 17:54:05 INFO Epoch 2 | Step 10620/10683 | Loss 0.3249 | LR 9.9168e-05
2026-03-10 17:54:21 INFO Epoch 2 | Step 10640/10683 | Loss 0.3248 | LR 9.9162e-05
2026-03-10 17:54:38 INFO Epoch 2 | Step 10660/10683 | Loss 0.3248 | LR 9.9156e-05
2026-03-10 17:54:54 INFO Epoch 2 | Step 10680/10683 | Loss 0.3247 | LR 9.9149e-05
2026-03-10 17:54:57 INFO Epoch 2 | Step 10683/10683 | Loss 0.3247 | LR 9.9148e-05
2026-03-10 18:16:47 INFO CSV Written | Epoch: 2
2026-03-10 18:16:47 INFO Best Saved | Epoch: 2 | Monitor: val_auprc | Value: 0.9416
2026-03-10 18:16:47 INFO Epoch Done | Epoch: 2 | Time: 10203.5875 | Train Loss: 0.3247 | Val Accuracy: 0.8156 | Val AUPRC: 0.9416 | Val Auroc: 0.9354 | Val F1: 0.8365 | Val Loss: 0.4505
2026-03-10 18:16:47 INFO Epoch Start | Epoch: 3
2026-03-10 18:16:59 INFO Epoch 3 | Step 1/10683 | Loss 0.2287 | LR 9.9148e-05
2026-03-10 18:17:14 INFO Epoch 3 | Step 20/10683 | Loss 0.3101 | LR 9.9142e-05
2026-03-10 18:17:31 INFO Epoch 3 | Step 40/10683 | Loss 0.3046 | LR 9.9136e-05
2026-03-10 18:17:48 INFO Epoch 3 | Step 60/10683 | Loss 0.3024 | LR 9.9129e-05
2026-03-10 18:18:04 INFO Epoch 3 | Step 80/10683 | Loss 0.2978 | LR 9.9123e-05
2026-03-10 18:18:21 INFO Epoch 3 | Step 100/10683 | Loss 0.2985 | LR 9.9116e-05
2026-03-10 18:18:38 INFO Epoch 3 | Step 120/10683 | Loss 0.2984 | LR 9.9110e-05
2026-03-10 18:18:54 INFO Epoch 3 | Step 140/10683 | Loss 0.2964 | LR 9.9103e-05
2026-03-10 18:19:11 INFO Epoch 3 | Step 160/10683 | Loss 0.2968 | LR 9.9097e-05
2026-03-10 18:19:27 INFO Epoch 3 | Step 180/10683 | Loss 0.2934 | LR 9.9090e-05
2026-03-10 18:19:44 INFO Epoch 3 | Step 200/10683 | Loss 0.2941 | LR 9.9084e-05
2026-03-10 18:20:00 INFO Epoch 3 | Step 220/10683 | Loss 0.2920 | LR 9.9077e-05
2026-03-10 18:20:17 INFO Epoch 3 | Step 240/10683 | Loss 0.2926 | LR 9.9070e-05
2026-03-10 18:20:33 INFO Epoch 3 | Step 260/10683 | Loss 0.2927 | LR 9.9064e-05
2026-03-10 18:20:50 INFO Epoch 3 | Step 280/10683 | Loss 0.2916 | LR 9.9057e-05
2026-03-10 18:21:07 INFO Epoch 3 | Step 300/10683 | Loss 0.2916 | LR 9.9050e-05
2026-03-10 18:21:23 INFO Epoch 3 | Step 320/10683 | Loss 0.2920 | LR 9.9044e-05
2026-03-10 18:21:40 INFO Epoch 3 | Step 340/10683 | Loss 0.2936 | LR 9.9037e-05
2026-03-10 18:21:56 INFO Epoch 3 | Step 360/10683 | Loss 0.2920 | LR 9.9030e-05
2026-03-10 18:22:13 INFO Epoch 3 | Step 380/10683 | Loss 0.2956 | LR 9.9023e-05
2026-03-10 18:22:29 INFO Epoch 3 | Step 400/10683 | Loss 0.2962 | LR 9.9016e-05
2026-03-10 18:22:46 INFO Epoch 3 | Step 420/10683 | Loss 0.2962 | LR 9.9010e-05
2026-03-10 18:23:03 INFO Epoch 3 | Step 440/10683 | Loss 0.2965 | LR 9.9003e-05
2026-03-10 18:23:19 INFO Epoch 3 | Step 460/10683 | Loss 0.2977 | LR 9.8996e-05
2026-03-10 18:23:36 INFO Epoch 3 | Step 480/10683 | Loss 0.2970 | LR 9.8989e-05
2026-03-10 18:23:53 INFO Epoch 3 | Step 500/10683 | Loss 0.2976 | LR 9.8982e-05
2026-03-10 18:24:09 INFO Epoch 3 | Step 520/10683 | Loss 0.2974 | LR 9.8975e-05
2026-03-10 18:24:26 INFO Epoch 3 | Step 540/10683 | Loss 0.2967 | LR 9.8968e-05
2026-03-10 18:24:42 INFO Epoch 3 | Step 560/10683 | Loss 0.2968 | LR 9.8961e-05
2026-03-10 18:24:59 INFO Epoch 3 | Step 580/10683 | Loss 0.2962 | LR 9.8954e-05
2026-03-10 18:25:16 INFO Epoch 3 | Step 600/10683 | Loss 0.2963 | LR 9.8947e-05
2026-03-10 18:25:32 INFO Epoch 3 | Step 620/10683 | Loss 0.2958 | LR 9.8940e-05
2026-03-10 18:25:49 INFO Epoch 3 | Step 640/10683 | Loss 0.2955 | LR 9.8933e-05
2026-03-10 18:26:06 INFO Epoch 3 | Step 660/10683 | Loss 0.2958 | LR 9.8926e-05
2026-03-10 18:26:22 INFO Epoch 3 | Step 680/10683 | Loss 0.2951 | LR 9.8919e-05
2026-03-10 18:26:39 INFO Epoch 3 | Step 700/10683 | Loss 0.2948 | LR 9.8911e-05
2026-03-10 18:26:56 INFO Epoch 3 | Step 720/10683 | Loss 0.2954 | LR 9.8904e-05
2026-03-10 18:27:13 INFO Epoch 3 | Step 740/10683 | Loss 0.2952 | LR 9.8897e-05
2026-03-10 18:27:29 INFO Epoch 3 | Step 760/10683 | Loss 0.2951 | LR 9.8890e-05
2026-03-10 18:27:46 INFO Epoch 3 | Step 780/10683 | Loss 0.2956 | LR 9.8883e-05
2026-03-10 18:28:02 INFO Epoch 3 | Step 800/10683 | Loss 0.2951 | LR 9.8875e-05
2026-03-10 18:28:19 INFO Epoch 3 | Step 820/10683 | Loss 0.2948 | LR 9.8868e-05
2026-03-10 18:28:35 INFO Epoch 3 | Step 840/10683 | Loss 0.2941 | LR 9.8861e-05
2026-03-10 18:28:52 INFO Epoch 3 | Step 860/10683 | Loss 0.2945 | LR 9.8853e-05
2026-03-10 18:29:09 INFO Epoch 3 | Step 880/10683 | Loss 0.2939 | LR 9.8846e-05
2026-03-10 18:29:25 INFO Epoch 3 | Step 900/10683 | Loss 0.2947 | LR 9.8838e-05
2026-03-10 18:29:42 INFO Epoch 3 | Step 920/10683 | Loss 0.2946 | LR 9.8831e-05
2026-03-10 18:29:59 INFO Epoch 3 | Step 940/10683 | Loss 0.2946 | LR 9.8824e-05
2026-03-10 18:30:15 INFO Epoch 3 | Step 960/10683 | Loss 0.2947 | LR 9.8816e-05
2026-03-10 18:30:32 INFO Epoch 3 | Step 980/10683 | Loss 0.2944 | LR 9.8809e-05
2026-03-10 18:30:48 INFO Epoch 3 | Step 1000/10683 | Loss 0.2939 | LR 9.8801e-05
2026-03-10 18:31:05 INFO Epoch 3 | Step 1020/10683 | Loss 0.2943 | LR 9.8794e-05
2026-03-10 18:31:22 INFO Epoch 3 | Step 1040/10683 | Loss 0.2941 | LR 9.8786e-05
2026-03-10 18:31:38 INFO Epoch 3 | Step 1060/10683 | Loss 0.2941 | LR 9.8778e-05
2026-03-10 18:31:55 INFO Epoch 3 | Step 1080/10683 | Loss 0.2940 | LR 9.8771e-05
2026-03-10 18:32:12 INFO Epoch 3 | Step 1100/10683 | Loss 0.2941 | LR 9.8763e-05
2026-03-10 18:32:28 INFO Epoch 3 | Step 1120/10683 | Loss 0.2943 | LR 9.8755e-05
2026-03-10 18:32:45 INFO Epoch 3 | Step 1140/10683 | Loss 0.2939 | LR 9.8748e-05
2026-03-10 18:33:01 INFO Epoch 3 | Step 1160/10683 | Loss 0.2937 | LR 9.8740e-05
2026-03-10 18:33:18 INFO Epoch 3 | Step 1180/10683 | Loss 0.2941 | LR 9.8732e-05
2026-03-10 18:33:35 INFO Epoch 3 | Step 1200/10683 | Loss 0.2942 | LR 9.8725e-05
2026-03-10 18:33:51 INFO Epoch 3 | Step 1220/10683 | Loss 0.2939 | LR 9.8717e-05
2026-03-10 18:34:08 INFO Epoch 3 | Step 1240/10683 | Loss 0.2940 | LR 9.8709e-05
2026-03-10 18:34:25 INFO Epoch 3 | Step 1260/10683 | Loss 0.2945 | LR 9.8701e-05
2026-03-10 18:34:41 INFO Epoch 3 | Step 1280/10683 | Loss 0.2947 | LR 9.8693e-05
2026-03-10 18:34:58 INFO Epoch 3 | Step 1300/10683 | Loss 0.2948 | LR 9.8685e-05
2026-03-10 18:35:15 INFO Epoch 3 | Step 1320/10683 | Loss 0.2947 | LR 9.8678e-05
2026-03-10 18:35:31 INFO Epoch 3 | Step 1340/10683 | Loss 0.2945 | LR 9.8670e-05
2026-03-10 18:35:48 INFO Epoch 3 | Step 1360/10683 | Loss 0.2943 | LR 9.8662e-05
2026-03-10 18:36:04 INFO Epoch 3 | Step 1380/10683 | Loss 0.2940 | LR 9.8654e-05
2026-03-10 18:36:21 INFO Epoch 3 | Step 1400/10683 | Loss 0.2941 | LR 9.8646e-05
2026-03-10 18:36:38 INFO Epoch 3 | Step 1420/10683 | Loss 0.2940 | LR 9.8638e-05
2026-03-10 18:36:55 INFO Epoch 3 | Step 1440/10683 | Loss 0.2942 | LR 9.8630e-05
2026-03-10 18:37:11 INFO Epoch 3 | Step 1460/10683 | Loss 0.2942 | LR 9.8622e-05
2026-03-10 18:37:28 INFO Epoch 3 | Step 1480/10683 | Loss 0.2941 | LR 9.8614e-05
2026-03-10 18:37:45 INFO Epoch 3 | Step 1500/10683 | Loss 0.2936 | LR 9.8606e-05
2026-03-10 18:38:01 INFO Epoch 3 | Step 1520/10683 | Loss 0.2936 | LR 9.8597e-05
2026-03-10 18:38:18 INFO Epoch 3 | Step 1540/10683 | Loss 0.2936 | LR 9.8589e-05
2026-03-10 18:38:35 INFO Epoch 3 | Step 1560/10683 | Loss 0.2936 | LR 9.8581e-05
2026-03-10 18:38:51 INFO Epoch 3 | Step 1580/10683 | Loss 0.2936 | LR 9.8573e-05
2026-03-10 18:39:08 INFO Epoch 3 | Step 1600/10683 | Loss 0.2938 | LR 9.8565e-05
2026-03-10 18:39:25 INFO Epoch 3 | Step 1620/10683 | Loss 0.2940 | LR 9.8556e-05
2026-03-10 18:39:41 INFO Epoch 3 | Step 1640/10683 | Loss 0.2938 | LR 9.8548e-05
2026-03-10 18:39:58 INFO Epoch 3 | Step 1660/10683 | Loss 0.2938 | LR 9.8540e-05
2026-03-10 18:40:15 INFO Epoch 3 | Step 1680/10683 | Loss 0.2939 | LR 9.8532e-05
2026-03-10 18:40:31 INFO Epoch 3 | Step 1700/10683 | Loss 0.2936 | LR 9.8523e-05
2026-03-10 18:40:48 INFO Epoch 3 | Step 1720/10683 | Loss 0.2934 | LR 9.8515e-05
2026-03-10 18:41:05 INFO Epoch 3 | Step 1740/10683 | Loss 0.2932 | LR 9.8506e-05
2026-03-10 18:41:22 INFO Epoch 3 | Step 1760/10683 | Loss 0.2930 | LR 9.8498e-05
2026-03-10 18:41:38 INFO Epoch 3 | Step 1780/10683 | Loss 0.2929 | LR 9.8490e-05
2026-03-10 18:41:55 INFO Epoch 3 | Step 1800/10683 | Loss 0.2930 | LR 9.8481e-05
2026-03-10 18:42:12 INFO Epoch 3 | Step 1820/10683 | Loss 0.2930 | LR 9.8473e-05
2026-03-10 18:42:28 INFO Epoch 3 | Step 1840/10683 | Loss 0.2931 | LR 9.8464e-05
2026-03-10 18:42:45 INFO Epoch 3 | Step 1860/10683 | Loss 0.2930 | LR 9.8456e-05
2026-03-10 18:43:02 INFO Epoch 3 | Step 1880/10683 | Loss 0.2927 | LR 9.8447e-05
2026-03-10 18:43:18 INFO Epoch 3 | Step 1900/10683 | Loss 0.2930 | LR 9.8439e-05
2026-03-10 18:43:35 INFO Epoch 3 | Step 1920/10683 | Loss 0.2928 | LR 9.8430e-05
2026-03-10 18:43:52 INFO Epoch 3 | Step 1940/10683 | Loss 0.2932 | LR 9.8421e-05
2026-03-10 18:44:08 INFO Epoch 3 | Step 1960/10683 | Loss 0.2931 | LR 9.8413e-05
2026-03-10 18:44:25 INFO Epoch 3 | Step 1980/10683 | Loss 0.2929 | LR 9.8404e-05
2026-03-10 18:44:41 INFO Epoch 3 | Step 2000/10683 | Loss 0.2930 | LR 9.8395e-05
2026-03-10 18:44:58 INFO Epoch 3 | Step 2020/10683 | Loss 0.2933 | LR 9.8387e-05
2026-03-10 18:45:15 INFO Epoch 3 | Step 2040/10683 | Loss 0.2932 | LR 9.8378e-05
2026-03-10 18:45:31 INFO Epoch 3 | Step 2060/10683 | Loss 0.2931 | LR 9.8369e-05
2026-03-10 18:45:48 INFO Epoch 3 | Step 2080/10683 | Loss 0.2932 | LR 9.8360e-05
2026-03-10 18:46:05 INFO Epoch 3 | Step 2100/10683 | Loss 0.2930 | LR 9.8352e-05
2026-03-10 18:46:22 INFO Epoch 3 | Step 2120/10683 | Loss 0.2928 | LR 9.8343e-05
2026-03-10 18:46:38 INFO Epoch 3 | Step 2140/10683 | Loss 0.2928 | LR 9.8334e-05
2026-03-10 18:46:55 INFO Epoch 3 | Step 2160/10683 | Loss 0.2925 | LR 9.8325e-05
2026-03-10 18:47:12 INFO Epoch 3 | Step 2180/10683 | Loss 0.2925 | LR 9.8316e-05
2026-03-10 18:47:29 INFO Epoch 3 | Step 2200/10683 | Loss 0.2926 | LR 9.8307e-05
2026-03-10 18:47:45 INFO Epoch 3 | Step 2220/10683 | Loss 0.2927 | LR 9.8298e-05
2026-03-10 18:48:02 INFO Epoch 3 | Step 2240/10683 | Loss 0.2930 | LR 9.8289e-05
2026-03-10 18:48:19 INFO Epoch 3 | Step 2260/10683 | Loss 0.2928 | LR 9.8280e-05
2026-03-10 18:48:35 INFO Epoch 3 | Step 2280/10683 | Loss 0.2927 | LR 9.8271e-05
2026-03-10 18:48:52 INFO Epoch 3 | Step 2300/10683 | Loss 0.2926 | LR 9.8262e-05
2026-03-10 18:49:08 INFO Epoch 3 | Step 2320/10683 | Loss 0.2925 | LR 9.8253e-05
2026-03-10 18:49:25 INFO Epoch 3 | Step 2340/10683 | Loss 0.2923 | LR 9.8244e-05
2026-03-10 18:49:42 INFO Epoch 3 | Step 2360/10683 | Loss 0.2921 | LR 9.8235e-05
2026-03-10 18:49:59 INFO Epoch 3 | Step 2380/10683 | Loss 0.2920 | LR 9.8226e-05
2026-03-10 18:50:15 INFO Epoch 3 | Step 2400/10683 | Loss 0.2922 | LR 9.8217e-05
2026-03-10 18:50:32 INFO Epoch 3 | Step 2420/10683 | Loss 0.2924 | LR 9.8208e-05
2026-03-10 18:50:48 INFO Epoch 3 | Step 2440/10683 | Loss 0.2923 | LR 9.8199e-05
2026-03-10 18:51:05 INFO Epoch 3 | Step 2460/10683 | Loss 0.2924 | LR 9.8189e-05
2026-03-10 18:51:22 INFO Epoch 3 | Step 2480/10683 | Loss 0.2924 | LR 9.8180e-05
2026-03-10 18:51:38 INFO Epoch 3 | Step 2500/10683 | Loss 0.2925 | LR 9.8171e-05
2026-03-10 18:51:55 INFO Epoch 3 | Step 2520/10683 | Loss 0.2924 | LR 9.8162e-05
2026-03-10 18:52:11 INFO Epoch 3 | Step 2540/10683 | Loss 0.2925 | LR 9.8152e-05
2026-03-10 18:52:28 INFO Epoch 3 | Step 2560/10683 | Loss 0.2925 | LR 9.8143e-05
2026-03-10 18:52:45 INFO Epoch 3 | Step 2580/10683 | Loss 0.2926 | LR 9.8134e-05
2026-03-10 18:53:01 INFO Epoch 3 | Step 2600/10683 | Loss 0.2926 | LR 9.8124e-05
2026-03-10 18:53:18 INFO Epoch 3 | Step 2620/10683 | Loss 0.2927 | LR 9.8115e-05
2026-03-10 18:53:34 INFO Epoch 3 | Step 2640/10683 | Loss 0.2926 | LR 9.8105e-05
2026-03-10 18:53:51 INFO Epoch 3 | Step 2660/10683 | Loss 0.2925 | LR 9.8096e-05
2026-03-10 18:54:08 INFO Epoch 3 | Step 2680/10683 | Loss 0.2925 | LR 9.8086e-05
2026-03-10 18:54:24 INFO Epoch 3 | Step 2700/10683 | Loss 0.2923 | LR 9.8077e-05
2026-03-10 18:54:41 INFO Epoch 3 | Step 2720/10683 | Loss 0.2921 | LR 9.8067e-05
2026-03-10 18:54:58 INFO Epoch 3 | Step 2740/10683 | Loss 0.2923 | LR 9.8058e-05
2026-03-10 18:55:14 INFO Epoch 3 | Step 2760/10683 | Loss 0.2924 | LR 9.8048e-05
2026-03-10 18:55:31 INFO Epoch 3 | Step 2780/10683 | Loss 0.2925 | LR 9.8039e-05
2026-03-10 18:55:47 INFO Epoch 3 | Step 2800/10683 | Loss 0.2926 | LR 9.8029e-05
2026-03-10 18:56:04 INFO Epoch 3 | Step 2820/10683 | Loss 0.2925 | LR 9.8020e-05
2026-03-10 18:56:21 INFO Epoch 3 | Step 2840/10683 | Loss 0.2922 | LR 9.8010e-05
2026-03-10 18:56:37 INFO Epoch 3 | Step 2860/10683 | Loss 0.2924 | LR 9.8000e-05
2026-03-10 18:56:54 INFO Epoch 3 | Step 2880/10683 | Loss 0.2924 | LR 9.7990e-05
2026-03-10 18:57:10 INFO Epoch 3 | Step 2900/10683 | Loss 0.2923 | LR 9.7981e-05
2026-03-10 18:57:27 INFO Epoch 3 | Step 2920/10683 | Loss 0.2921 | LR 9.7971e-05
2026-03-10 18:57:43 INFO Epoch 3 | Step 2940/10683 | Loss 0.2920 | LR 9.7961e-05
2026-03-10 18:58:00 INFO Epoch 3 | Step 2960/10683 | Loss 0.2923 | LR 9.7951e-05
2026-03-10 18:58:16 INFO Epoch 3 | Step 2980/10683 | Loss 0.2921 | LR 9.7942e-05
2026-03-10 18:58:33 INFO Epoch 3 | Step 3000/10683 | Loss 0.2922 | LR 9.7932e-05
2026-03-10 18:58:50 INFO Epoch 3 | Step 3020/10683 | Loss 0.2919 | LR 9.7922e-05
2026-03-10 18:59:06 INFO Epoch 3 | Step 3040/10683 | Loss 0.2919 | LR 9.7912e-05
2026-03-10 18:59:23 INFO Epoch 3 | Step 3060/10683 | Loss 0.2919 | LR 9.7902e-05
2026-03-10 18:59:39 INFO Epoch 3 | Step 3080/10683 | Loss 0.2919 | LR 9.7892e-05
2026-03-10 18:59:56 INFO Epoch 3 | Step 3100/10683 | Loss 0.2921 | LR 9.7882e-05
2026-03-10 19:00:13 INFO Epoch 3 | Step 3120/10683 | Loss 0.2923 | LR 9.7872e-05
2026-03-10 19:00:29 INFO Epoch 3 | Step 3140/10683 | Loss 0.2924 | LR 9.7862e-05
2026-03-10 19:00:46 INFO Epoch 3 | Step 3160/10683 | Loss 0.2923 | LR 9.7852e-05
2026-03-10 19:01:03 INFO Epoch 3 | Step 3180/10683 | Loss 0.2922 | LR 9.7842e-05
2026-03-10 19:01:19 INFO Epoch 3 | Step 3200/10683 | Loss 0.2919 | LR 9.7832e-05
2026-03-10 19:01:36 INFO Epoch 3 | Step 3220/10683 | Loss 0.2918 | LR 9.7822e-05
2026-03-10 19:01:53 INFO Epoch 3 | Step 3240/10683 | Loss 0.2918 | LR 9.7812e-05
2026-03-10 19:02:09 INFO Epoch 3 | Step 3260/10683 | Loss 0.2917 | LR 9.7802e-05
2026-03-10 19:02:26 INFO Epoch 3 | Step 3280/10683 | Loss 0.2918 | LR 9.7792e-05
2026-03-10 19:02:42 INFO Epoch 3 | Step 3300/10683 | Loss 0.2918 | LR 9.7782e-05
2026-03-10 19:02:59 INFO Epoch 3 | Step 3320/10683 | Loss 0.2918 | LR 9.7771e-05
2026-03-10 19:03:16 INFO Epoch 3 | Step 3340/10683 | Loss 0.2918 | LR 9.7761e-05
2026-03-10 19:03:32 INFO Epoch 3 | Step 3360/10683 | Loss 0.2917 | LR 9.7751e-05
2026-03-10 19:03:49 INFO Epoch 3 | Step 3380/10683 | Loss 0.2915 | LR 9.7741e-05
2026-03-10 19:04:05 INFO Epoch 3 | Step 3400/10683 | Loss 0.2914 | LR 9.7730e-05
2026-03-10 19:04:22 INFO Epoch 3 | Step 3420/10683 | Loss 0.2912 | LR 9.7720e-05
2026-03-10 19:04:39 INFO Epoch 3 | Step 3440/10683 | Loss 0.2912 | LR 9.7710e-05
2026-03-10 19:04:55 INFO Epoch 3 | Step 3460/10683 | Loss 0.2911 | LR 9.7699e-05
2026-03-10 19:05:12 INFO Epoch 3 | Step 3480/10683 | Loss 0.2912 | LR 9.7689e-05
2026-03-10 19:05:28 INFO Epoch 3 | Step 3500/10683 | Loss 0.2911 | LR 9.7678e-05
2026-03-10 19:05:45 INFO Epoch 3 | Step 3520/10683 | Loss 0.2910 | LR 9.7668e-05
2026-03-10 19:06:02 INFO Epoch 3 | Step 3540/10683 | Loss 0.2910 | LR 9.7658e-05
2026-03-10 19:06:18 INFO Epoch 3 | Step 3560/10683 | Loss 0.2909 | LR 9.7647e-05
2026-03-10 19:06:35 INFO Epoch 3 | Step 3580/10683 | Loss 0.2909 | LR 9.7637e-05
2026-03-10 19:06:52 INFO Epoch 3 | Step 3600/10683 | Loss 0.2909 | LR 9.7626e-05
2026-03-10 19:07:09 INFO Epoch 3 | Step 3620/10683 | Loss 0.2907 | LR 9.7616e-05
2026-03-10 19:07:26 INFO Epoch 3 | Step 3640/10683 | Loss 0.2905 | LR 9.7605e-05
2026-03-10 19:07:43 INFO Epoch 3 | Step 3660/10683 | Loss 0.2904 | LR 9.7594e-05
2026-03-10 19:08:00 INFO Epoch 3 | Step 3680/10683 | Loss 0.2904 | LR 9.7584e-05
2026-03-10 19:08:17 INFO Epoch 3 | Step 3700/10683 | Loss 0.2904 | LR 9.7573e-05
2026-03-10 19:08:34 INFO Epoch 3 | Step 3720/10683 | Loss 0.2902 | LR 9.7562e-05
2026-03-10 19:08:50 INFO Epoch 3 | Step 3740/10683 | Loss 0.2902 | LR 9.7552e-05
2026-03-10 19:09:07 INFO Epoch 3 | Step 3760/10683 | Loss 0.2901 | LR 9.7541e-05
2026-03-10 19:09:24 INFO Epoch 3 | Step 3780/10683 | Loss 0.2901 | LR 9.7530e-05
2026-03-10 19:09:41 INFO Epoch 3 | Step 3800/10683 | Loss 0.2900 | LR 9.7520e-05
2026-03-10 19:09:58 INFO Epoch 3 | Step 3820/10683 | Loss 0.2900 | LR 9.7509e-05
2026-03-10 19:10:15 INFO Epoch 3 | Step 3840/10683 | Loss 0.2900 | LR 9.7498e-05
2026-03-10 19:10:32 INFO Epoch 3 | Step 3860/10683 | Loss 0.2899 | LR 9.7487e-05
2026-03-10 19:10:49 INFO Epoch 3 | Step 3880/10683 | Loss 0.2899 | LR 9.7476e-05
2026-03-10 19:11:06 INFO Epoch 3 | Step 3900/10683 | Loss 0.2900 | LR 9.7466e-05
2026-03-10 19:11:23 INFO Epoch 3 | Step 3920/10683 | Loss 0.2900 | LR 9.7455e-05
2026-03-10 19:11:40 INFO Epoch 3 | Step 3940/10683 | Loss 0.2901 | LR 9.7444e-05
2026-03-10 19:11:57 INFO Epoch 3 | Step 3960/10683 | Loss 0.2901 | LR 9.7433e-05
2026-03-10 19:12:14 INFO Epoch 3 | Step 3980/10683 | Loss 0.2901 | LR 9.7422e-05
2026-03-10 19:12:31 INFO Epoch 3 | Step 4000/10683 | Loss 0.2899 | LR 9.7411e-05
2026-03-10 19:12:48 INFO Epoch 3 | Step 4020/10683 | Loss 0.2900 | LR 9.7400e-05
2026-03-10 19:13:05 INFO Epoch 3 | Step 4040/10683 | Loss 0.2900 | LR 9.7389e-05
2026-03-10 19:13:22 INFO Epoch 3 | Step 4060/10683 | Loss 0.2900 | LR 9.7378e-05
2026-03-10 19:13:39 INFO Epoch 3 | Step 4080/10683 | Loss 0.2899 | LR 9.7367e-05
2026-03-10 19:13:56 INFO Epoch 3 | Step 4100/10683 | Loss 0.2898 | LR 9.7356e-05
2026-03-10 19:14:13 INFO Epoch 3 | Step 4120/10683 | Loss 0.2898 | LR 9.7345e-05
2026-03-10 19:14:30 INFO Epoch 3 | Step 4140/10683 | Loss 0.2898 | LR 9.7333e-05
2026-03-10 19:14:46 INFO Epoch 3 | Step 4160/10683 | Loss 0.2896 | LR 9.7322e-05
2026-03-10 19:15:03 INFO Epoch 3 | Step 4180/10683 | Loss 0.2897 | LR 9.7311e-05
2026-03-10 19:15:20 INFO Epoch 3 | Step 4200/10683 | Loss 0.2899 | LR 9.7300e-05
2026-03-10 19:15:37 INFO Epoch 3 | Step 4220/10683 | Loss 0.2897 | LR 9.7289e-05
2026-03-10 19:15:54 INFO Epoch 3 | Step 4240/10683 | Loss 0.2896 | LR 9.7277e-05
2026-03-10 19:16:11 INFO Epoch 3 | Step 4260/10683 | Loss 0.2895 | LR 9.7266e-05
2026-03-10 19:16:28 INFO Epoch 3 | Step 4280/10683 | Loss 0.2896 | LR 9.7255e-05
2026-03-10 19:16:45 INFO Epoch 3 | Step 4300/10683 | Loss 0.2897 | LR 9.7243e-05
2026-03-10 19:17:02 INFO Epoch 3 | Step 4320/10683 | Loss 0.2896 | LR 9.7232e-05
2026-03-10 19:17:19 INFO Epoch 3 | Step 4340/10683 | Loss 0.2895 | LR 9.7221e-05
2026-03-10 19:17:36 INFO Epoch 3 | Step 4360/10683 | Loss 0.2894 | LR 9.7209e-05
2026-03-10 19:17:53 INFO Epoch 3 | Step 4380/10683 | Loss 0.2894 | LR 9.7198e-05
2026-03-10 19:18:10 INFO Epoch 3 | Step 4400/10683 | Loss 0.2895 | LR 9.7187e-05
2026-03-10 19:18:27 INFO Epoch 3 | Step 4420/10683 | Loss 0.2894 | LR 9.7175e-05
2026-03-10 19:18:44 INFO Epoch 3 | Step 4440/10683 | Loss 0.2893 | LR 9.7164e-05
2026-03-10 19:19:00 INFO Epoch 3 | Step 4460/10683 | Loss 0.2892 | LR 9.7152e-05
2026-03-10 19:19:17 INFO Epoch 3 | Step 4480/10683 | Loss 0.2893 | LR 9.7141e-05
2026-03-10 19:19:34 INFO Epoch 3 | Step 4500/10683 | Loss 0.2893 | LR 9.7129e-05
2026-03-10 19:19:51 INFO Epoch 3 | Step 4520/10683 | Loss 0.2892 | LR 9.7117e-05
2026-03-10 19:20:08 INFO Epoch 3 | Step 4540/10683 | Loss 0.2892 | LR 9.7106e-05
2026-03-10 19:20:25 INFO Epoch 3 | Step 4560/10683 | Loss 0.2892 | LR 9.7094e-05
2026-03-10 19:20:42 INFO Epoch 3 | Step 4580/10683 | Loss 0.2892 | LR 9.7083e-05
2026-03-10 19:20:59 INFO Epoch 3 | Step 4600/10683 | Loss 0.2892 | LR 9.7071e-05
2026-03-10 19:21:16 INFO Epoch 3 | Step 4620/10683 | Loss 0.2891 | LR 9.7059e-05
2026-03-10 19:21:33 INFO Epoch 3 | Step 4640/10683 | Loss 0.2893 | LR 9.7048e-05
2026-03-10 19:21:50 INFO Epoch 3 | Step 4660/10683 | Loss 0.2894 | LR 9.7036e-05
2026-03-10 19:22:07 INFO Epoch 3 | Step 4680/10683 | Loss 0.2894 | LR 9.7024e-05
2026-03-10 19:22:24 INFO Epoch 3 | Step 4700/10683 | Loss 0.2893 | LR 9.7012e-05
2026-03-10 19:22:41 INFO Epoch 3 | Step 4720/10683 | Loss 0.2892 | LR 9.7001e-05
2026-03-10 19:22:58 INFO Epoch 3 | Step 4740/10683 | Loss 0.2892 | LR 9.6989e-05
2026-03-10 19:23:15 INFO Epoch 3 | Step 4760/10683 | Loss 0.2892 | LR 9.6977e-05
2026-03-10 19:23:32 INFO Epoch 3 | Step 4780/10683 | Loss 0.2892 | LR 9.6965e-05
2026-03-10 19:23:49 INFO Epoch 3 | Step 4800/10683 | Loss 0.2892 | LR 9.6953e-05
2026-03-10 19:24:06 INFO Epoch 3 | Step 4820/10683 | Loss 0.2892 | LR 9.6941e-05
2026-03-10 19:24:22 INFO Epoch 3 | Step 4840/10683 | Loss 0.2891 | LR 9.6929e-05
2026-03-10 19:24:39 INFO Epoch 3 | Step 4860/10683 | Loss 0.2891 | LR 9.6917e-05
2026-03-10 19:24:56 INFO Epoch 3 | Step 4880/10683 | Loss 0.2891 | LR 9.6905e-05
2026-03-10 19:25:13 INFO Epoch 3 | Step 4900/10683 | Loss 0.2890 | LR 9.6893e-05
2026-03-10 19:25:30 INFO Epoch 3 | Step 4920/10683 | Loss 0.2890 | LR 9.6881e-05
2026-03-10 19:25:47 INFO Epoch 3 | Step 4940/10683 | Loss 0.2890 | LR 9.6869e-05
2026-03-10 19:26:04 INFO Epoch 3 | Step 4960/10683 | Loss 0.2889 | LR 9.6857e-05
2026-03-10 19:26:21 INFO Epoch 3 | Step 4980/10683 | Loss 0.2890 | LR 9.6845e-05
2026-03-10 19:26:38 INFO Epoch 3 | Step 5000/10683 | Loss 0.2889 | LR 9.6833e-05
2026-03-10 19:26:55 INFO Epoch 3 | Step 5020/10683 | Loss 0.2889 | LR 9.6821e-05
2026-03-10 19:27:12 INFO Epoch 3 | Step 5040/10683 | Loss 0.2889 | LR 9.6809e-05
2026-03-10 19:27:29 INFO Epoch 3 | Step 5060/10683 | Loss 0.2888 | LR 9.6797e-05
2026-03-10 19:27:46 INFO Epoch 3 | Step 5080/10683 | Loss 0.2887 | LR 9.6785e-05
2026-03-10 19:28:03 INFO Epoch 3 | Step 5100/10683 | Loss 0.2887 | LR 9.6772e-05
2026-03-10 19:28:20 INFO Epoch 3 | Step 5120/10683 | Loss 0.2887 | LR 9.6760e-05
2026-03-10 19:28:36 INFO Epoch 3 | Step 5140/10683 | Loss 0.2887 | LR 9.6748e-05
2026-03-10 19:28:54 INFO Epoch 3 | Step 5160/10683 | Loss 0.2888 | LR 9.6736e-05
2026-03-10 19:29:11 INFO Epoch 3 | Step 5180/10683 | Loss 0.2887 | LR 9.6723e-05
2026-03-10 19:29:27 INFO Epoch 3 | Step 5200/10683 | Loss 0.2887 | LR 9.6711e-05
2026-03-10 19:29:44 INFO Epoch 3 | Step 5220/10683 | Loss 0.2887 | LR 9.6699e-05
2026-03-10 19:30:01 INFO Epoch 3 | Step 5240/10683 | Loss 0.2887 | LR 9.6686e-05
2026-03-10 19:30:18 INFO Epoch 3 | Step 5260/10683 | Loss 0.2887 | LR 9.6674e-05
2026-03-10 19:30:35 INFO Epoch 3 | Step 5280/10683 | Loss 0.2886 | LR 9.6661e-05
2026-03-10 19:30:52 INFO Epoch 3 | Step 5300/10683 | Loss 0.2886 | LR 9.6649e-05
2026-03-10 19:31:09 INFO Epoch 3 | Step 5320/10683 | Loss 0.2886 | LR 9.6636e-05
2026-03-10 19:31:26 INFO Epoch 3 | Step 5340/10683 | Loss 0.2885 | LR 9.6624e-05
2026-03-10 19:31:43 INFO Epoch 3 | Step 5360/10683 | Loss 0.2885 | LR 9.6611e-05
2026-03-10 19:32:00 INFO Epoch 3 | Step 5380/10683 | Loss 0.2886 | LR 9.6599e-05
2026-03-10 19:32:17 INFO Epoch 3 | Step 5400/10683 | Loss 0.2885 | LR 9.6586e-05
2026-03-10 19:32:33 INFO Epoch 3 | Step 5420/10683 | Loss 0.2885 | LR 9.6574e-05
2026-03-10 19:32:50 INFO Epoch 3 | Step 5440/10683 | Loss 0.2884 | LR 9.6561e-05
2026-03-10 19:33:08 INFO Epoch 3 | Step 5460/10683 | Loss 0.2884 | LR 9.6549e-05
2026-03-10 19:33:25 INFO Epoch 3 | Step 5480/10683 | Loss 0.2884 | LR 9.6536e-05
2026-03-10 19:33:41 INFO Epoch 3 | Step 5500/10683 | Loss 0.2885 | LR 9.6523e-05
2026-03-10 19:33:58 INFO Epoch 3 | Step 5520/10683 | Loss 0.2885 | LR 9.6511e-05
2026-03-10 19:34:15 INFO Epoch 3 | Step 5540/10683 | Loss 0.2884 | LR 9.6498e-05
2026-03-10 19:34:32 INFO Epoch 3 | Step 5560/10683 | Loss 0.2883 | LR 9.6485e-05
2026-03-10 19:34:49 INFO Epoch 3 | Step 5580/10683 | Loss 0.2883 | LR 9.6472e-05
2026-03-10 19:35:06 INFO Epoch 3 | Step 5600/10683 | Loss 0.2884 | LR 9.6460e-05
2026-03-10 19:35:23 INFO Epoch 3 | Step 5620/10683 | Loss 0.2883 | LR 9.6447e-05
2026-03-10 19:35:40 INFO Epoch 3 | Step 5640/10683 | Loss 0.2882 | LR 9.6434e-05
2026-03-10 19:35:57 INFO Epoch 3 | Step 5660/10683 | Loss 0.2881 | LR 9.6421e-05
2026-03-10 19:36:14 INFO Epoch 3 | Step 5680/10683 | Loss 0.2881 | LR 9.6408e-05
2026-03-10 19:36:31 INFO Epoch 3 | Step 5700/10683 | Loss 0.2881 | LR 9.6395e-05
2026-03-10 19:36:48 INFO Epoch 3 | Step 5720/10683 | Loss 0.2880 | LR 9.6382e-05
2026-03-10 19:37:05 INFO Epoch 3 | Step 5740/10683 | Loss 0.2880 | LR 9.6370e-05
2026-03-10 19:37:21 INFO Epoch 3 | Step 5760/10683 | Loss 0.2880 | LR 9.6357e-05
2026-03-10 19:37:38 INFO Epoch 3 | Step 5780/10683 | Loss 0.2880 | LR 9.6344e-05
2026-03-10 19:37:55 INFO Epoch 3 | Step 5800/10683 | Loss 0.2879 | LR 9.6331e-05
2026-03-10 19:38:12 INFO Epoch 3 | Step 5820/10683 | Loss 0.2879 | LR 9.6318e-05
2026-03-10 19:38:29 INFO Epoch 3 | Step 5840/10683 | Loss 0.2880 | LR 9.6305e-05
2026-03-10 19:38:45 INFO Epoch 3 | Step 5860/10683 | Loss 0.2880 | LR 9.6291e-05
2026-03-10 19:39:02 INFO Epoch 3 | Step 5880/10683 | Loss 0.2880 | LR 9.6278e-05
2026-03-10 19:39:19 INFO Epoch 3 | Step 5900/10683 | Loss 0.2879 | LR 9.6265e-05
2026-03-10 19:39:36 INFO Epoch 3 | Step 5920/10683 | Loss 0.2878 | LR 9.6252e-05
2026-03-10 19:39:52 INFO Epoch 3 | Step 5940/10683 | Loss 0.2878 | LR 9.6239e-05
2026-03-10 19:40:09 INFO Epoch 3 | Step 5960/10683 | Loss 0.2877 | LR 9.6226e-05
2026-03-10 19:40:26 INFO Epoch 3 | Step 5980/10683 | Loss 0.2878 | LR 9.6213e-05
2026-03-10 19:40:43 INFO Epoch 3 | Step 6000/10683 | Loss 0.2878 | LR 9.6199e-05
2026-03-10 19:40:59 INFO Epoch 3 | Step 6020/10683 | Loss 0.2877 | LR 9.6186e-05
2026-03-10 19:41:15 INFO Epoch 3 | Step 6040/10683 | Loss 0.2875 | LR 9.6173e-05
2026-03-10 19:41:31 INFO Epoch 3 | Step 6060/10683 | Loss 0.2874 | LR 9.6160e-05
2026-03-10 19:41:48 INFO Epoch 3 | Step 6080/10683 | Loss 0.2874 | LR 9.6146e-05
2026-03-10 19:42:04 INFO Epoch 3 | Step 6100/10683 | Loss 0.2874 | LR 9.6133e-05
2026-03-10 19:42:21 INFO Epoch 3 | Step 6120/10683 | Loss 0.2875 | LR 9.6120e-05
2026-03-10 19:42:37 INFO Epoch 3 | Step 6140/10683 | Loss 0.2875 | LR 9.6106e-05
2026-03-10 19:42:54 INFO Epoch 3 | Step 6160/10683 | Loss 0.2875 | LR 9.6093e-05
2026-03-10 19:43:11 INFO Epoch 3 | Step 6180/10683 | Loss 0.2874 | LR 9.6079e-05
2026-03-10 19:43:27 INFO Epoch 3 | Step 6200/10683 | Loss 0.2874 | LR 9.6066e-05
2026-03-10 19:43:44 INFO Epoch 3 | Step 6220/10683 | Loss 0.2874 | LR 9.6053e-05
2026-03-10 19:44:00 INFO Epoch 3 | Step 6240/10683 | Loss 0.2875 | LR 9.6039e-05
2026-03-10 19:44:16 INFO Epoch 3 | Step 6260/10683 | Loss 0.2875 | LR 9.6026e-05
2026-03-10 19:44:33 INFO Epoch 3 | Step 6280/10683 | Loss 0.2874 | LR 9.6012e-05
2026-03-10 19:44:49 INFO Epoch 3 | Step 6300/10683 | Loss 0.2873 | LR 9.5998e-05
2026-03-10 19:45:06 INFO Epoch 3 | Step 6320/10683 | Loss 0.2873 | LR 9.5985e-05
2026-03-10 19:45:22 INFO Epoch 3 | Step 6340/10683 | Loss 0.2873 | LR 9.5971e-05
2026-03-10 19:45:39 INFO Epoch 3 | Step 6360/10683 | Loss 0.2874 | LR 9.5958e-05
2026-03-10 19:45:56 INFO Epoch 3 | Step 6380/10683 | Loss 0.2875 | LR 9.5944e-05
2026-03-10 19:46:12 INFO Epoch 3 | Step 6400/10683 | Loss 0.2875 | LR 9.5930e-05
2026-03-10 19:46:29 INFO Epoch 3 | Step 6420/10683 | Loss 0.2874 | LR 9.5917e-05
2026-03-10 19:46:45 INFO Epoch 3 | Step 6440/10683 | Loss 0.2875 | LR 9.5903e-05
2026-03-10 19:47:01 INFO Epoch 3 | Step 6460/10683 | Loss 0.2874 | LR 9.5889e-05
2026-03-10 19:47:18 INFO Epoch 3 | Step 6480/10683 | Loss 0.2874 | LR 9.5876e-05
2026-03-10 19:47:34 INFO Epoch 3 | Step 6500/10683 | Loss 0.2874 | LR 9.5862e-05
2026-03-10 19:47:51 INFO Epoch 3 | Step 6520/10683 | Loss 0.2875 | LR 9.5848e-05
2026-03-10 19:48:08 INFO Epoch 3 | Step 6540/10683 | Loss 0.2874 | LR 9.5834e-05
2026-03-10 19:48:24 INFO Epoch 3 | Step 6560/10683 | Loss 0.2874 | LR 9.5820e-05
2026-03-10 19:48:41 INFO Epoch 3 | Step 6580/10683 | Loss 0.2873 | LR 9.5806e-05
2026-03-10 19:48:57 INFO Epoch 3 | Step 6600/10683 | Loss 0.2873 | LR 9.5793e-05
2026-03-10 19:49:14 INFO Epoch 3 | Step 6620/10683 | Loss 0.2872 | LR 9.5779e-05
2026-03-10 19:49:31 INFO Epoch 3 | Step 6640/10683 | Loss 0.2872 | LR 9.5765e-05
2026-03-10 19:49:47 INFO Epoch 3 | Step 6660/10683 | Loss 0.2872 | LR 9.5751e-05
2026-03-10 19:50:04 INFO Epoch 3 | Step 6680/10683 | Loss 0.2871 | LR 9.5737e-05
2026-03-10 19:50:21 INFO Epoch 3 | Step 6700/10683 | Loss 0.2871 | LR 9.5723e-05
2026-03-10 19:50:37 INFO Epoch 3 | Step 6720/10683 | Loss 0.2870 | LR 9.5709e-05
2026-03-10 19:50:54 INFO Epoch 3 | Step 6740/10683 | Loss 0.2870 | LR 9.5695e-05
2026-03-10 19:51:10 INFO Epoch 3 | Step 6760/10683 | Loss 0.2871 | LR 9.5681e-05
2026-03-10 19:51:27 INFO Epoch 3 | Step 6780/10683 | Loss 0.2871 | LR 9.5667e-05
2026-03-10 19:51:44 INFO Epoch 3 | Step 6800/10683 | Loss 0.2870 | LR 9.5653e-05
2026-03-10 19:52:00 INFO Epoch 3 | Step 6820/10683 | Loss 0.2870 | LR 9.5638e-05
2026-03-10 19:52:17 INFO Epoch 3 | Step 6840/10683 | Loss 0.2870 | LR 9.5624e-05
2026-03-10 19:52:33 INFO Epoch 3 | Step 6860/10683 | Loss 0.2869 | LR 9.5610e-05
2026-03-10 19:52:50 INFO Epoch 3 | Step 6880/10683 | Loss 0.2868 | LR 9.5596e-05
2026-03-10 19:53:07 INFO Epoch 3 | Step 6900/10683 | Loss 0.2869 | LR 9.5582e-05
2026-03-10 19:53:23 INFO Epoch 3 | Step 6920/10683 | Loss 0.2869 | LR 9.5568e-05
2026-03-10 19:53:39 INFO Epoch 3 | Step 6940/10683 | Loss 0.2868 | LR 9.5553e-05
2026-03-10 19:53:56 INFO Epoch 3 | Step 6960/10683 | Loss 0.2868 | LR 9.5539e-05
2026-03-10 19:54:13 INFO Epoch 3 | Step 6980/10683 | Loss 0.2867 | LR 9.5525e-05
2026-03-10 19:54:29 INFO Epoch 3 | Step 7000/10683 | Loss 0.2867 | LR 9.5510e-05
2026-03-10 19:54:46 INFO Epoch 3 | Step 7020/10683 | Loss 0.2865 | LR 9.5496e-05
2026-03-10 19:55:02 INFO Epoch 3 | Step 7040/10683 | Loss 0.2866 | LR 9.5482e-05
2026-03-10 19:55:19 INFO Epoch 3 | Step 7060/10683 | Loss 0.2865 | LR 9.5467e-05
2026-03-10 19:55:35 INFO Epoch 3 | Step 7080/10683 | Loss 0.2864 | LR 9.5453e-05
2026-03-10 19:55:52 INFO Epoch 3 | Step 7100/10683 | Loss 0.2864 | LR 9.5438e-05
2026-03-10 19:56:08 INFO Epoch 3 | Step 7120/10683 | Loss 0.2864 | LR 9.5424e-05
2026-03-10 19:56:25 INFO Epoch 3 | Step 7140/10683 | Loss 0.2864 | LR 9.5410e-05
2026-03-10 19:56:41 INFO Epoch 3 | Step 7160/10683 | Loss 0.2863 | LR 9.5395e-05
2026-03-10 19:56:58 INFO Epoch 3 | Step 7180/10683 | Loss 0.2863 | LR 9.5381e-05
2026-03-10 19:57:14 INFO Epoch 3 | Step 7200/10683 | Loss 0.2862 | LR 9.5366e-05
2026-03-10 19:57:31 INFO Epoch 3 | Step 7220/10683 | Loss 0.2862 | LR 9.5351e-05
2026-03-10 19:57:48 INFO Epoch 3 | Step 7240/10683 | Loss 0.2862 | LR 9.5337e-05
2026-03-10 19:58:04 INFO Epoch 3 | Step 7260/10683 | Loss 0.2862 | LR 9.5322e-05
2026-03-10 19:58:21 INFO Epoch 3 | Step 7280/10683 | Loss 0.2863 | LR 9.5308e-05
2026-03-10 19:58:37 INFO Epoch 3 | Step 7300/10683 | Loss 0.2863 | LR 9.5293e-05
2026-03-10 19:58:54 INFO Epoch 3 | Step 7320/10683 | Loss 0.2862 | LR 9.5278e-05
2026-03-10 19:59:10 INFO Epoch 3 | Step 7340/10683 | Loss 0.2861 | LR 9.5264e-05
2026-03-10 19:59:27 INFO Epoch 3 | Step 7360/10683 | Loss 0.2861 | LR 9.5249e-05
2026-03-10 19:59:43 INFO Epoch 3 | Step 7380/10683 | Loss 0.2861 | LR 9.5234e-05
2026-03-10 20:00:00 INFO Epoch 3 | Step 7400/10683 | Loss 0.2861 | LR 9.5219e-05
2026-03-10 20:00:16 INFO Epoch 3 | Step 7420/10683 | Loss 0.2860 | LR 9.5205e-05
2026-03-10 20:00:33 INFO Epoch 3 | Step 7440/10683 | Loss 0.2860 | LR 9.5190e-05
2026-03-10 20:00:49 INFO Epoch 3 | Step 7460/10683 | Loss 0.2860 | LR 9.5175e-05
2026-03-10 20:01:06 INFO Epoch 3 | Step 7480/10683 | Loss 0.2861 | LR 9.5160e-05
2026-03-10 20:01:22 INFO Epoch 3 | Step 7500/10683 | Loss 0.2861 | LR 9.5145e-05
2026-03-10 20:01:39 INFO Epoch 3 | Step 7520/10683 | Loss 0.2860 | LR 9.5130e-05
2026-03-10 20:01:55 INFO Epoch 3 | Step 7540/10683 | Loss 0.2859 | LR 9.5116e-05
2026-03-10 20:02:12 INFO Epoch 3 | Step 7560/10683 | Loss 0.2859 | LR 9.5101e-05
2026-03-10 20:02:28 INFO Epoch 3 | Step 7580/10683 | Loss 0.2858 | LR 9.5086e-05
2026-03-10 20:02:45 INFO Epoch 3 | Step 7600/10683 | Loss 0.2859 | LR 9.5071e-05
2026-03-10 20:03:01 INFO Epoch 3 | Step 7620/10683 | Loss 0.2858 | LR 9.5056e-05
2026-03-10 20:03:18 INFO Epoch 3 | Step 7640/10683 | Loss 0.2858 | LR 9.5041e-05
2026-03-10 20:03:34 INFO Epoch 3 | Step 7660/10683 | Loss 0.2858 | LR 9.5026e-05
2026-03-10 20:03:51 INFO Epoch 3 | Step 7680/10683 | Loss 0.2858 | LR 9.5011e-05
2026-03-10 20:04:07 INFO Epoch 3 | Step 7700/10683 | Loss 0.2858 | LR 9.4996e-05
2026-03-10 20:04:23 INFO Epoch 3 | Step 7720/10683 | Loss 0.2857 | LR 9.4980e-05
2026-03-10 20:04:40 INFO Epoch 3 | Step 7740/10683 | Loss 0.2857 | LR 9.4965e-05
2026-03-10 20:04:57 INFO Epoch 3 | Step 7760/10683 | Loss 0.2858 | LR 9.4950e-05
2026-03-10 20:05:13 INFO Epoch 3 | Step 7780/10683 | Loss 0.2858 | LR 9.4935e-05
2026-03-10 20:05:30 INFO Epoch 3 | Step 7800/10683 | Loss 0.2857 | LR 9.4920e-05
2026-03-10 20:05:46 INFO Epoch 3 | Step 7820/10683 | Loss 0.2857 | LR 9.4905e-05
2026-03-10 20:06:03 INFO Epoch 3 | Step 7840/10683 | Loss 0.2857 | LR 9.4889e-05
2026-03-10 20:06:19 INFO Epoch 3 | Step 7860/10683 | Loss 0.2857 | LR 9.4874e-05
2026-03-10 20:06:36 INFO Epoch 3 | Step 7880/10683 | Loss 0.2856 | LR 9.4859e-05
2026-03-10 20:06:52 INFO Epoch 3 | Step 7900/10683 | Loss 0.2855 | LR 9.4844e-05
2026-03-10 20:07:09 INFO Epoch 3 | Step 7920/10683 | Loss 0.2856 | LR 9.4828e-05
2026-03-10 20:07:25 INFO Epoch 3 | Step 7940/10683 | Loss 0.2856 | LR 9.4813e-05
2026-03-10 20:07:42 INFO Epoch 3 | Step 7960/10683 | Loss 0.2855 | LR 9.4798e-05
2026-03-10 20:07:58 INFO Epoch 3 | Step 7980/10683 | Loss 0.2855 | LR 9.4782e-05
2026-03-10 20:08:15 INFO Epoch 3 | Step 8000/10683 | Loss 0.2854 | LR 9.4767e-05
2026-03-10 20:08:31 INFO Epoch 3 | Step 8020/10683 | Loss 0.2854 | LR 9.4751e-05
2026-03-10 20:08:48 INFO Epoch 3 | Step 8040/10683 | Loss 0.2854 | LR 9.4736e-05
2026-03-10 20:09:04 INFO Epoch 3 | Step 8060/10683 | Loss 0.2853 | LR 9.4721e-05
2026-03-10 20:09:21 INFO Epoch 3 | Step 8080/10683 | Loss 0.2854 | LR 9.4705e-05
2026-03-10 20:09:37 INFO Epoch 3 | Step 8100/10683 | Loss 0.2853 | LR 9.4690e-05
2026-03-10 20:09:54 INFO Epoch 3 | Step 8120/10683 | Loss 0.2853 | LR 9.4674e-05
2026-03-10 20:10:10 INFO Epoch 3 | Step 8140/10683 | Loss 0.2853 | LR 9.4658e-05
2026-03-10 20:10:27 INFO Epoch 3 | Step 8160/10683 | Loss 0.2853 | LR 9.4643e-05
2026-03-10 20:10:44 INFO Epoch 3 | Step 8180/10683 | Loss 0.2852 | LR 9.4627e-05
2026-03-10 20:11:00 INFO Epoch 3 | Step 8200/10683 | Loss 0.2852 | LR 9.4612e-05
2026-03-10 20:11:17 INFO Epoch 3 | Step 8220/10683 | Loss 0.2852 | LR 9.4596e-05
2026-03-10 20:11:34 INFO Epoch 3 | Step 8240/10683 | Loss 0.2851 | LR 9.4580e-05
2026-03-10 20:11:50 INFO Epoch 3 | Step 8260/10683 | Loss 0.2851 | LR 9.4565e-05
2026-03-10 20:12:07 INFO Epoch 3 | Step 8280/10683 | Loss 0.2850 | LR 9.4549e-05
2026-03-10 20:12:23 INFO Epoch 3 | Step 8300/10683 | Loss 0.2851 | LR 9.4533e-05
2026-03-10 20:12:40 INFO Epoch 3 | Step 8320/10683 | Loss 0.2851 | LR 9.4518e-05
2026-03-10 20:12:56 INFO Epoch 3 | Step 8340/10683 | Loss 0.2850 | LR 9.4502e-05
2026-03-10 20:13:13 INFO Epoch 3 | Step 8360/10683 | Loss 0.2850 | LR 9.4486e-05
2026-03-10 20:13:29 INFO Epoch 3 | Step 8380/10683 | Loss 0.2851 | LR 9.4470e-05
2026-03-10 20:13:46 INFO Epoch 3 | Step 8400/10683 | Loss 0.2851 | LR 9.4454e-05
2026-03-10 20:14:03 INFO Epoch 3 | Step 8420/10683 | Loss 0.2851 | LR 9.4439e-05
2026-03-10 20:14:19 INFO Epoch 3 | Step 8440/10683 | Loss 0.2851 | LR 9.4423e-05
2026-03-10 20:14:36 INFO Epoch 3 | Step 8460/10683 | Loss 0.2851 | LR 9.4407e-05
2026-03-10 20:14:52 INFO Epoch 3 | Step 8480/10683 | Loss 0.2852 | LR 9.4391e-05
2026-03-10 20:15:09 INFO Epoch 3 | Step 8500/10683 | Loss 0.2852 | LR 9.4375e-05
2026-03-10 20:15:25 INFO Epoch 3 | Step 8520/10683 | Loss 0.2851 | LR 9.4359e-05
2026-03-10 20:15:42 INFO Epoch 3 | Step 8540/10683 | Loss 0.2851 | LR 9.4343e-05
2026-03-10 20:15:58 INFO Epoch 3 | Step 8560/10683 | Loss 0.2850 | LR 9.4327e-05
2026-03-10 20:16:15 INFO Epoch 3 | Step 8580/10683 | Loss 0.2850 | LR 9.4311e-05
2026-03-10 20:16:32 INFO Epoch 3 | Step 8600/10683 | Loss 0.2849 | LR 9.4295e-05
2026-03-10 20:16:48 INFO Epoch 3 | Step 8620/10683 | Loss 0.2849 | LR 9.4279e-05
2026-03-10 20:17:05 INFO Epoch 3 | Step 8640/10683 | Loss 0.2849 | LR 9.4263e-05
2026-03-10 20:17:21 INFO Epoch 3 | Step 8660/10683 | Loss 0.2849 | LR 9.4247e-05
2026-03-10 20:17:38 INFO Epoch 3 | Step 8680/10683 | Loss 0.2849 | LR 9.4231e-05
2026-03-10 20:17:54 INFO Epoch 3 | Step 8700/10683 | Loss 0.2848 | LR 9.4214e-05
2026-03-10 20:18:11 INFO Epoch 3 | Step 8720/10683 | Loss 0.2848 | LR 9.4198e-05
2026-03-10 20:18:28 INFO Epoch 3 | Step 8740/10683 | Loss 0.2848 | LR 9.4182e-05
2026-03-10 20:18:44 INFO Epoch 3 | Step 8760/10683 | Loss 0.2848 | LR 9.4166e-05
2026-03-10 20:19:01 INFO Epoch 3 | Step 8780/10683 | Loss 0.2847 | LR 9.4150e-05
2026-03-10 20:19:17 INFO Epoch 3 | Step 8800/10683 | Loss 0.2847 | LR 9.4133e-05
2026-03-10 20:19:34 INFO Epoch 3 | Step 8820/10683 | Loss 0.2847 | LR 9.4117e-05
2026-03-10 20:19:50 INFO Epoch 3 | Step 8840/10683 | Loss 0.2847 | LR 9.4101e-05
2026-03-10 20:20:07 INFO Epoch 3 | Step 8860/10683 | Loss 0.2847 | LR 9.4085e-05
2026-03-10 20:20:24 INFO Epoch 3 | Step 8880/10683 | Loss 0.2847 | LR 9.4068e-05
2026-03-10 20:20:40 INFO Epoch 3 | Step 8900/10683 | Loss 0.2846 | LR 9.4052e-05
2026-03-10 20:20:57 INFO Epoch 3 | Step 8920/10683 | Loss 0.2846 | LR 9.4035e-05
2026-03-10 20:21:13 INFO Epoch 3 | Step 8940/10683 | Loss 0.2846 | LR 9.4019e-05
2026-03-10 20:21:30 INFO Epoch 3 | Step 8960/10683 | Loss 0.2846 | LR 9.4003e-05
2026-03-10 20:21:47 INFO Epoch 3 | Step 8980/10683 | Loss 0.2846 | LR 9.3986e-05
2026-03-10 20:22:03 INFO Epoch 3 | Step 9000/10683 | Loss 0.2845 | LR 9.3970e-05
2026-03-10 20:22:20 INFO Epoch 3 | Step 9020/10683 | Loss 0.2845 | LR 9.3953e-05
2026-03-10 20:22:36 INFO Epoch 3 | Step 9040/10683 | Loss 0.2845 | LR 9.3937e-05
2026-03-10 20:22:53 INFO Epoch 3 | Step 9060/10683 | Loss 0.2844 | LR 9.3920e-05
2026-03-10 20:23:09 INFO Epoch 3 | Step 9080/10683 | Loss 0.2845 | LR 9.3904e-05
2026-03-10 20:23:26 INFO Epoch 3 | Step 9100/10683 | Loss 0.2844 | LR 9.3887e-05
2026-03-10 20:23:42 INFO Epoch 3 | Step 9120/10683 | Loss 0.2844 | LR 9.3871e-05
2026-03-10 20:23:59 INFO Epoch 3 | Step 9140/10683 | Loss 0.2844 | LR 9.3854e-05
2026-03-10 20:24:16 INFO Epoch 3 | Step 9160/10683 | Loss 0.2844 | LR 9.3837e-05
2026-03-10 20:24:33 INFO Epoch 3 | Step 9180/10683 | Loss 0.2844 | LR 9.3821e-05
2026-03-10 20:24:49 INFO Epoch 3 | Step 9200/10683 | Loss 0.2844 | LR 9.3804e-05
2026-03-10 20:25:06 INFO Epoch 3 | Step 9220/10683 | Loss 0.2844 | LR 9.3787e-05
2026-03-10 20:25:23 INFO Epoch 3 | Step 9240/10683 | Loss 0.2844 | LR 9.3771e-05
2026-03-10 20:25:39 INFO Epoch 3 | Step 9260/10683 | Loss 0.2844 | LR 9.3754e-05
2026-03-10 20:25:56 INFO Epoch 3 | Step 9280/10683 | Loss 0.2844 | LR 9.3737e-05
2026-03-10 20:26:13 INFO Epoch 3 | Step 9300/10683 | Loss 0.2843 | LR 9.3720e-05
2026-03-10 20:26:29 INFO Epoch 3 | Step 9320/10683 | Loss 0.2842 | LR 9.3704e-05
2026-03-10 20:26:46 INFO Epoch 3 | Step 9340/10683 | Loss 0.2842 | LR 9.3687e-05
2026-03-10 20:27:02 INFO Epoch 3 | Step 9360/10683 | Loss 0.2841 | LR 9.3670e-05
2026-03-10 20:27:19 INFO Epoch 3 | Step 9380/10683 | Loss 0.2841 | LR 9.3653e-05
2026-03-10 20:27:36 INFO Epoch 3 | Step 9400/10683 | Loss 0.2842 | LR 9.3636e-05
2026-03-10 20:27:52 INFO Epoch 3 | Step 9420/10683 | Loss 0.2842 | LR 9.3619e-05
2026-03-10 20:28:09 INFO Epoch 3 | Step 9440/10683 | Loss 0.2841 | LR 9.3602e-05
2026-03-10 20:28:25 INFO Epoch 3 | Step 9460/10683 | Loss 0.2841 | LR 9.3585e-05
2026-03-10 20:28:42 INFO Epoch 3 | Step 9480/10683 | Loss 0.2841 | LR 9.3568e-05
2026-03-10 20:28:59 INFO Epoch 3 | Step 9500/10683 | Loss 0.2840 | LR 9.3551e-05
2026-03-10 20:29:15 INFO Epoch 3 | Step 9520/10683 | Loss 0.2839 | LR 9.3534e-05
2026-03-10 20:29:32 INFO Epoch 3 | Step 9540/10683 | Loss 0.2839 | LR 9.3517e-05
2026-03-10 20:29:49 INFO Epoch 3 | Step 9560/10683 | Loss 0.2838 | LR 9.3500e-05
2026-03-10 20:30:05 INFO Epoch 3 | Step 9580/10683 | Loss 0.2838 | LR 9.3483e-05
2026-03-10 20:30:22 INFO Epoch 3 | Step 9600/10683 | Loss 0.2838 | LR 9.3466e-05
2026-03-10 20:30:39 INFO Epoch 3 | Step 9620/10683 | Loss 0.2838 | LR 9.3449e-05
2026-03-10 20:30:55 INFO Epoch 3 | Step 9640/10683 | Loss 0.2838 | LR 9.3432e-05
2026-03-10 20:31:12 INFO Epoch 3 | Step 9660/10683 | Loss 0.2838 | LR 9.3415e-05
2026-03-10 20:31:28 INFO Epoch 3 | Step 9680/10683 | Loss 0.2838 | LR 9.3398e-05
2026-03-10 20:31:45 INFO Epoch 3 | Step 9700/10683 | Loss 0.2838 | LR 9.3380e-05
2026-03-10 20:32:02 INFO Epoch 3 | Step 9720/10683 | Loss 0.2838 | LR 9.3363e-05
2026-03-10 20:32:18 INFO Epoch 3 | Step 9740/10683 | Loss 0.2838 | LR 9.3346e-05
2026-03-10 20:32:35 INFO Epoch 3 | Step 9760/10683 | Loss 0.2837 | LR 9.3329e-05
2026-03-10 20:32:52 INFO Epoch 3 | Step 9780/10683 | Loss 0.2837 | LR 9.3311e-05
2026-03-10 20:33:08 INFO Epoch 3 | Step 9800/10683 | Loss 0.2837 | LR 9.3294e-05
2026-03-10 20:33:25 INFO Epoch 3 | Step 9820/10683 | Loss 0.2836 | LR 9.3277e-05
2026-03-10 20:33:41 INFO Epoch 3 | Step 9840/10683 | Loss 0.2836 | LR 9.3260e-05
2026-03-10 20:33:58 INFO Epoch 3 | Step 9860/10683 | Loss 0.2836 | LR 9.3242e-05
2026-03-10 20:34:15 INFO Epoch 3 | Step 9880/10683 | Loss 0.2835 | LR 9.3225e-05
2026-03-10 20:34:31 INFO Epoch 3 | Step 9900/10683 | Loss 0.2835 | LR 9.3207e-05
2026-03-10 20:34:48 INFO Epoch 3 | Step 9920/10683 | Loss 0.2835 | LR 9.3190e-05
2026-03-10 20:35:05 INFO Epoch 3 | Step 9940/10683 | Loss 0.2835 | LR 9.3173e-05
2026-03-10 20:35:21 INFO Epoch 3 | Step 9960/10683 | Loss 0.2834 | LR 9.3155e-05
2026-03-10 20:35:38 INFO Epoch 3 | Step 9980/10683 | Loss 0.2834 | LR 9.3138e-05
2026-03-10 20:35:55 INFO Epoch 3 | Step 10000/10683 | Loss 0.2834 | LR 9.3120e-05
2026-03-10 20:36:11 INFO Epoch 3 | Step 10020/10683 | Loss 0.2833 | LR 9.3103e-05
2026-03-10 20:36:28 INFO Epoch 3 | Step 10040/10683 | Loss 0.2833 | LR 9.3085e-05
2026-03-10 20:36:45 INFO Epoch 3 | Step 10060/10683 | Loss 0.2834 | LR 9.3067e-05
2026-03-10 20:37:01 INFO Epoch 3 | Step 10080/10683 | Loss 0.2834 | LR 9.3050e-05
2026-03-10 20:37:18 INFO Epoch 3 | Step 10100/10683 | Loss 0.2833 | LR 9.3032e-05
2026-03-10 20:37:35 INFO Epoch 3 | Step 10120/10683 | Loss 0.2833 | LR 9.3015e-05
2026-03-10 20:37:51 INFO Epoch 3 | Step 10140/10683 | Loss 0.2833 | LR 9.2997e-05
2026-03-10 20:38:08 INFO Epoch 3 | Step 10160/10683 | Loss 0.2833 | LR 9.2979e-05
2026-03-10 20:38:25 INFO Epoch 3 | Step 10180/10683 | Loss 0.2833 | LR 9.2962e-05
2026-03-10 20:38:41 INFO Epoch 3 | Step 10200/10683 | Loss 0.2832 | LR 9.2944e-05
2026-03-10 20:38:58 INFO Epoch 3 | Step 10220/10683 | Loss 0.2832 | LR 9.2926e-05
2026-03-10 20:39:14 INFO Epoch 3 | Step 10240/10683 | Loss 0.2832 | LR 9.2908e-05
2026-03-10 20:39:31 INFO Epoch 3 | Step 10260/10683 | Loss 0.2832 | LR 9.2891e-05
2026-03-10 20:39:48 INFO Epoch 3 | Step 10280/10683 | Loss 0.2832 | LR 9.2873e-05
2026-03-10 20:40:04 INFO Epoch 3 | Step 10300/10683 | Loss 0.2831 | LR 9.2855e-05
2026-03-10 20:40:21 INFO Epoch 3 | Step 10320/10683 | Loss 0.2831 | LR 9.2837e-05
2026-03-10 20:40:37 INFO Epoch 3 | Step 10340/10683 | Loss 0.2831 | LR 9.2819e-05
2026-03-10 20:40:54 INFO Epoch 3 | Step 10360/10683 | Loss 0.2831 | LR 9.2801e-05
2026-03-10 20:41:11 INFO Epoch 3 | Step 10380/10683 | Loss 0.2831 | LR 9.2784e-05
2026-03-10 20:41:27 INFO Epoch 3 | Step 10400/10683 | Loss 0.2831 | LR 9.2766e-05
2026-03-10 20:41:44 INFO Epoch 3 | Step 10420/10683 | Loss 0.2830 | LR 9.2748e-05
2026-03-10 20:42:00 INFO Epoch 3 | Step 10440/10683 | Loss 0.2830 | LR 9.2730e-05
2026-03-10 20:42:17 INFO Epoch 3 | Step 10460/10683 | Loss 0.2830 | LR 9.2712e-05
2026-03-10 20:42:33 INFO Epoch 3 | Step 10480/10683 | Loss 0.2830 | LR 9.2694e-05
2026-03-10 20:42:50 INFO Epoch 3 | Step 10500/10683 | Loss 0.2830 | LR 9.2676e-05
2026-03-10 20:43:07 INFO Epoch 3 | Step 10520/10683 | Loss 0.2830 | LR 9.2658e-05
2026-03-10 20:43:23 INFO Epoch 3 | Step 10540/10683 | Loss 0.2830 | LR 9.2640e-05
2026-03-10 20:43:40 INFO Epoch 3 | Step 10560/10683 | Loss 0.2830 | LR 9.2622e-05
2026-03-10 20:43:56 INFO Epoch 3 | Step 10580/10683 | Loss 0.2830 | LR 9.2604e-05
2026-03-10 20:44:13 INFO Epoch 3 | Step 10600/10683 | Loss 0.2830 | LR 9.2585e-05
2026-03-10 20:44:30 INFO Epoch 3 | Step 10620/10683 | Loss 0.2829 | LR 9.2567e-05
2026-03-10 20:44:46 INFO Epoch 3 | Step 10640/10683 | Loss 0.2829 | LR 9.2549e-05
2026-03-10 20:45:03 INFO Epoch 3 | Step 10660/10683 | Loss 0.2829 | LR 9.2531e-05
2026-03-10 20:45:19 INFO Epoch 3 | Step 10680/10683 | Loss 0.2829 | LR 9.2513e-05
2026-03-10 20:45:22 INFO Epoch 3 | Step 10683/10683 | Loss 0.2829 | LR 9.2510e-05
2026-03-10 21:07:11 INFO CSV Written | Epoch: 3
2026-03-10 21:07:11 INFO Best Saved | Epoch: 3 | Monitor: val_auprc | Value: 0.9532
2026-03-10 21:07:11 INFO Epoch Done | Epoch: 3 | Time: 10223.4963 | Train Loss: 0.2829 | Val Accuracy: 0.8587 | Val AUPRC: 0.9532 | Val Auroc: 0.9471 | Val F1: 0.8671 | Val Loss: 0.3712
2026-03-10 21:07:11 INFO Epoch Start | Epoch: 4
2026-03-10 21:07:18 INFO Epoch 4 | Step 1/10683 | Loss 0.4807 | LR 9.2509e-05
2026-03-10 21:07:34 INFO Epoch 4 | Step 20/10683 | Loss 0.2559 | LR 9.2492e-05
2026-03-10 21:07:50 INFO Epoch 4 | Step 40/10683 | Loss 0.2723 | LR 9.2474e-05
2026-03-10 21:08:07 INFO Epoch 4 | Step 60/10683 | Loss 0.2704 | LR 9.2455e-05
2026-03-10 21:08:23 INFO Epoch 4 | Step 80/10683 | Loss 0.2719 | LR 9.2437e-05
2026-03-10 21:08:40 INFO Epoch 4 | Step 100/10683 | Loss 0.2658 | LR 9.2419e-05
2026-03-10 21:08:57 INFO Epoch 4 | Step 120/10683 | Loss 0.2650 | LR 9.2400e-05
2026-03-10 21:09:13 INFO Epoch 4 | Step 140/10683 | Loss 0.2615 | LR 9.2382e-05
2026-03-10 21:09:30 INFO Epoch 4 | Step 160/10683 | Loss 0.2611 | LR 9.2364e-05
2026-03-10 21:09:47 INFO Epoch 4 | Step 180/10683 | Loss 0.2621 | LR 9.2345e-05
2026-03-10 21:10:03 INFO Epoch 4 | Step 200/10683 | Loss 0.2631 | LR 9.2327e-05
2026-03-10 21:10:20 INFO Epoch 4 | Step 220/10683 | Loss 0.2627 | LR 9.2308e-05
2026-03-10 21:10:37 INFO Epoch 4 | Step 240/10683 | Loss 0.2617 | LR 9.2290e-05
2026-03-10 21:10:53 INFO Epoch 4 | Step 260/10683 | Loss 0.2626 | LR 9.2271e-05
2026-03-10 21:11:10 INFO Epoch 4 | Step 280/10683 | Loss 0.2630 | LR 9.2253e-05
2026-03-10 21:11:26 INFO Epoch 4 | Step 300/10683 | Loss 0.2634 | LR 9.2234e-05
2026-03-10 21:11:43 INFO Epoch 4 | Step 320/10683 | Loss 0.2650 | LR 9.2216e-05
2026-03-10 21:12:00 INFO Epoch 4 | Step 340/10683 | Loss 0.2665 | LR 9.2197e-05
2026-03-10 21:12:16 INFO Epoch 4 | Step 360/10683 | Loss 0.2640 | LR 9.2179e-05
2026-03-10 21:12:33 INFO Epoch 4 | Step 380/10683 | Loss 0.2640 | LR 9.2160e-05
2026-03-10 21:12:49 INFO Epoch 4 | Step 400/10683 | Loss 0.2625 | LR 9.2142e-05
2026-03-10 21:13:06 INFO Epoch 4 | Step 420/10683 | Loss 0.2618 | LR 9.2123e-05
2026-03-10 21:13:22 INFO Epoch 4 | Step 440/10683 | Loss 0.2623 | LR 9.2104e-05
2026-03-10 21:13:39 INFO Epoch 4 | Step 460/10683 | Loss 0.2632 | LR 9.2086e-05
2026-03-10 21:13:56 INFO Epoch 4 | Step 480/10683 | Loss 0.2631 | LR 9.2067e-05
2026-03-10 21:14:12 INFO Epoch 4 | Step 500/10683 | Loss 0.2631 | LR 9.2048e-05
2026-03-10 21:14:29 INFO Epoch 4 | Step 520/10683 | Loss 0.2630 | LR 9.2030e-05
2026-03-10 21:14:45 INFO Epoch 4 | Step 540/10683 | Loss 0.2620 | LR 9.2011e-05
2026-03-10 21:15:02 INFO Epoch 4 | Step 560/10683 | Loss 0.2631 | LR 9.1992e-05
2026-03-10 21:15:19 INFO Epoch 4 | Step 580/10683 | Loss 0.2626 | LR 9.1973e-05
2026-03-10 21:15:35 INFO Epoch 4 | Step 600/10683 | Loss 0.2625 | LR 9.1954e-05
2026-03-10 21:15:52 INFO Epoch 4 | Step 620/10683 | Loss 0.2620 | LR 9.1936e-05
2026-03-10 21:16:09 INFO Epoch 4 | Step 640/10683 | Loss 0.2620 | LR 9.1917e-05
2026-03-10 21:16:25 INFO Epoch 4 | Step 660/10683 | Loss 0.2615 | LR 9.1898e-05
2026-03-10 21:16:42 INFO Epoch 4 | Step 680/10683 | Loss 0.2618 | LR 9.1879e-05
2026-03-10 21:16:58 INFO Epoch 4 | Step 700/10683 | Loss 0.2627 | LR 9.1860e-05
2026-03-10 21:17:15 INFO Epoch 4 | Step 720/10683 | Loss 0.2618 | LR 9.1841e-05
2026-03-10 21:17:31 INFO Epoch 4 | Step 740/10683 | Loss 0.2610 | LR 9.1822e-05
2026-03-10 21:17:48 INFO Epoch 4 | Step 760/10683 | Loss 0.2614 | LR 9.1803e-05
2026-03-10 21:18:05 INFO Epoch 4 | Step 780/10683 | Loss 0.2617 | LR 9.1784e-05
2026-03-10 21:18:21 INFO Epoch 4 | Step 800/10683 | Loss 0.2612 | LR 9.1765e-05
2026-03-10 21:18:38 INFO Epoch 4 | Step 820/10683 | Loss 0.2613 | LR 9.1746e-05
2026-03-10 21:18:55 INFO Epoch 4 | Step 840/10683 | Loss 0.2615 | LR 9.1727e-05
2026-03-10 21:19:11 INFO Epoch 4 | Step 860/10683 | Loss 0.2616 | LR 9.1708e-05
2026-03-10 21:19:28 INFO Epoch 4 | Step 880/10683 | Loss 0.2612 | LR 9.1689e-05
2026-03-10 21:19:44 INFO Epoch 4 | Step 900/10683 | Loss 0.2612 | LR 9.1670e-05
2026-03-10 21:20:01 INFO Epoch 4 | Step 920/10683 | Loss 0.2611 | LR 9.1651e-05
2026-03-10 21:20:18 INFO Epoch 4 | Step 940/10683 | Loss 0.2618 | LR 9.1632e-05
2026-03-10 21:20:34 INFO Epoch 4 | Step 960/10683 | Loss 0.2623 | LR 9.1612e-05
2026-03-10 21:20:51 INFO Epoch 4 | Step 980/10683 | Loss 0.2624 | LR 9.1593e-05
2026-03-10 21:21:08 INFO Epoch 4 | Step 1000/10683 | Loss 0.2621 | LR 9.1574e-05
2026-03-10 21:21:24 INFO Epoch 4 | Step 1020/10683 | Loss 0.2624 | LR 9.1555e-05
2026-03-10 21:21:41 INFO Epoch 4 | Step 1040/10683 | Loss 0.2625 | LR 9.1536e-05
2026-03-10 21:21:58 INFO Epoch 4 | Step 1060/10683 | Loss 0.2620 | LR 9.1516e-05
2026-03-10 21:22:14 INFO Epoch 4 | Step 1080/10683 | Loss 0.2620 | LR 9.1497e-05
2026-03-10 21:22:31 INFO Epoch 4 | Step 1100/10683 | Loss 0.2620 | LR 9.1478e-05
2026-03-10 21:22:47 INFO Epoch 4 | Step 1120/10683 | Loss 0.2623 | LR 9.1458e-05
2026-03-10 21:23:04 INFO Epoch 4 | Step 1140/10683 | Loss 0.2619 | LR 9.1439e-05
2026-03-10 21:23:21 INFO Epoch 4 | Step 1160/10683 | Loss 0.2621 | LR 9.1420e-05
2026-03-10 21:23:37 INFO Epoch 4 | Step 1180/10683 | Loss 0.2620 | LR 9.1400e-05
2026-03-10 21:23:54 INFO Epoch 4 | Step 1200/10683 | Loss 0.2617 | LR 9.1381e-05
2026-03-10 21:24:11 INFO Epoch 4 | Step 1220/10683 | Loss 0.2617 | LR 9.1361e-05
2026-03-10 21:24:27 INFO Epoch 4 | Step 1240/10683 | Loss 0.2621 | LR 9.1342e-05
2026-03-10 21:24:44 INFO Epoch 4 | Step 1260/10683 | Loss 0.2624 | LR 9.1322e-05
2026-03-10 21:25:00 INFO Epoch 4 | Step 1280/10683 | Loss 0.2628 | LR 9.1303e-05
2026-03-10 21:25:17 INFO Epoch 4 | Step 1300/10683 | Loss 0.2630 | LR 9.1283e-05
2026-03-10 21:25:34 INFO Epoch 4 | Step 1320/10683 | Loss 0.2627 | LR 9.1264e-05
2026-03-10 21:25:50 INFO Epoch 4 | Step 1340/10683 | Loss 0.2628 | LR 9.1244e-05
2026-03-10 21:26:07 INFO Epoch 4 | Step 1360/10683 | Loss 0.2630 | LR 9.1225e-05
2026-03-10 21:26:23 INFO Epoch 4 | Step 1380/10683 | Loss 0.2629 | LR 9.1205e-05
2026-03-10 21:26:40 INFO Epoch 4 | Step 1400/10683 | Loss 0.2630 | LR 9.1186e-05
2026-03-10 21:26:57 INFO Epoch 4 | Step 1420/10683 | Loss 0.2630 | LR 9.1166e-05
2026-03-10 21:27:13 INFO Epoch 4 | Step 1440/10683 | Loss 0.2632 | LR 9.1146e-05
2026-03-10 21:27:30 INFO Epoch 4 | Step 1460/10683 | Loss 0.2633 | LR 9.1127e-05
2026-03-10 21:27:46 INFO Epoch 4 | Step 1480/10683 | Loss 0.2630 | LR 9.1107e-05
2026-03-10 21:28:03 INFO Epoch 4 | Step 1500/10683 | Loss 0.2630 | LR 9.1087e-05
2026-03-10 21:28:19 INFO Epoch 4 | Step 1520/10683 | Loss 0.2630 | LR 9.1068e-05
2026-03-10 21:28:36 INFO Epoch 4 | Step 1540/10683 | Loss 0.2632 | LR 9.1048e-05
2026-03-10 21:28:53 INFO Epoch 4 | Step 1560/10683 | Loss 0.2633 | LR 9.1028e-05
2026-03-10 21:29:09 INFO Epoch 4 | Step 1580/10683 | Loss 0.2633 | LR 9.1008e-05
2026-03-10 21:29:26 INFO Epoch 4 | Step 1600/10683 | Loss 0.2632 | LR 9.0988e-05
2026-03-10 21:29:43 INFO Epoch 4 | Step 1620/10683 | Loss 0.2634 | LR 9.0969e-05
2026-03-10 21:29:59 INFO Epoch 4 | Step 1640/10683 | Loss 0.2634 | LR 9.0949e-05
2026-03-10 21:30:16 INFO Epoch 4 | Step 1660/10683 | Loss 0.2635 | LR 9.0929e-05
2026-03-10 21:30:33 INFO Epoch 4 | Step 1680/10683 | Loss 0.2638 | LR 9.0909e-05
2026-03-10 21:30:49 INFO Epoch 4 | Step 1700/10683 | Loss 0.2637 | LR 9.0889e-05
2026-03-10 21:31:06 INFO Epoch 4 | Step 1720/10683 | Loss 0.2640 | LR 9.0869e-05
2026-03-10 21:31:23 INFO Epoch 4 | Step 1740/10683 | Loss 0.2639 | LR 9.0849e-05
2026-03-10 21:31:39 INFO Epoch 4 | Step 1760/10683 | Loss 0.2642 | LR 9.0829e-05
2026-03-10 21:31:56 INFO Epoch 4 | Step 1780/10683 | Loss 0.2641 | LR 9.0809e-05
2026-03-10 21:32:13 INFO Epoch 4 | Step 1800/10683 | Loss 0.2641 | LR 9.0789e-05
2026-03-10 21:32:29 INFO Epoch 4 | Step 1820/10683 | Loss 0.2638 | LR 9.0769e-05
2026-03-10 21:32:46 INFO Epoch 4 | Step 1840/10683 | Loss 0.2637 | LR 9.0749e-05
2026-03-10 21:33:02 INFO Epoch 4 | Step 1860/10683 | Loss 0.2637 | LR 9.0729e-05
2026-03-10 21:33:19 INFO Epoch 4 | Step 1880/10683 | Loss 0.2640 | LR 9.0709e-05
2026-03-10 21:33:36 INFO Epoch 4 | Step 1900/10683 | Loss 0.2641 | LR 9.0689e-05
2026-03-10 21:33:52 INFO Epoch 4 | Step 1920/10683 | Loss 0.2643 | LR 9.0669e-05
2026-03-10 21:34:09 INFO Epoch 4 | Step 1940/10683 | Loss 0.2641 | LR 9.0649e-05
2026-03-10 21:34:26 INFO Epoch 4 | Step 1960/10683 | Loss 0.2641 | LR 9.0629e-05
2026-03-10 21:34:42 INFO Epoch 4 | Step 1980/10683 | Loss 0.2642 | LR 9.0609e-05
2026-03-10 21:34:59 INFO Epoch 4 | Step 2000/10683 | Loss 0.2646 | LR 9.0588e-05
2026-03-10 21:35:16 INFO Epoch 4 | Step 2020/10683 | Loss 0.2647 | LR 9.0568e-05
2026-03-10 21:35:32 INFO Epoch 4 | Step 2040/10683 | Loss 0.2647 | LR 9.0548e-05
2026-03-10 21:35:49 INFO Epoch 4 | Step 2060/10683 | Loss 0.2646 | LR 9.0528e-05
2026-03-10 21:36:06 INFO Epoch 4 | Step 2080/10683 | Loss 0.2642 | LR 9.0507e-05
2026-03-10 21:36:23 INFO Epoch 4 | Step 2100/10683 | Loss 0.2643 | LR 9.0487e-05
2026-03-10 21:36:39 INFO Epoch 4 | Step 2120/10683 | Loss 0.2644 | LR 9.0467e-05
2026-03-10 21:36:56 INFO Epoch 4 | Step 2140/10683 | Loss 0.2644 | LR 9.0446e-05
2026-03-10 21:37:13 INFO Epoch 4 | Step 2160/10683 | Loss 0.2644 | LR 9.0426e-05
2026-03-10 21:37:29 INFO Epoch 4 | Step 2180/10683 | Loss 0.2643 | LR 9.0406e-05
2026-03-10 21:37:46 INFO Epoch 4 | Step 2200/10683 | Loss 0.2643 | LR 9.0385e-05
2026-03-10 21:38:03 INFO Epoch 4 | Step 2220/10683 | Loss 0.2645 | LR 9.0365e-05
2026-03-10 21:38:19 INFO Epoch 4 | Step 2240/10683 | Loss 0.2646 | LR 9.0344e-05
2026-03-10 21:38:36 INFO Epoch 4 | Step 2260/10683 | Loss 0.2643 | LR 9.0324e-05
2026-03-10 21:38:53 INFO Epoch 4 | Step 2280/10683 | Loss 0.2643 | LR 9.0304e-05
2026-03-10 21:39:09 INFO Epoch 4 | Step 2300/10683 | Loss 0.2640 | LR 9.0283e-05
2026-03-10 21:39:26 INFO Epoch 4 | Step 2320/10683 | Loss 0.2639 | LR 9.0263e-05
2026-03-10 21:39:43 INFO Epoch 4 | Step 2340/10683 | Loss 0.2636 | LR 9.0242e-05
2026-03-10 21:39:59 INFO Epoch 4 | Step 2360/10683 | Loss 0.2637 | LR 9.0222e-05
2026-03-10 21:40:16 INFO Epoch 4 | Step 2380/10683 | Loss 0.2635 | LR 9.0201e-05
2026-03-10 21:40:33 INFO Epoch 4 | Step 2400/10683 | Loss 0.2634 | LR 9.0180e-05
2026-03-10 21:40:49 INFO Epoch 4 | Step 2420/10683 | Loss 0.2635 | LR 9.0160e-05
2026-03-10 21:41:06 INFO Epoch 4 | Step 2440/10683 | Loss 0.2635 | LR 9.0139e-05
2026-03-10 21:41:22 INFO Epoch 4 | Step 2460/10683 | Loss 0.2633 | LR 9.0119e-05
2026-03-10 21:41:39 INFO Epoch 4 | Step 2480/10683 | Loss 0.2633 | LR 9.0098e-05
2026-03-10 21:41:55 INFO Epoch 4 | Step 2500/10683 | Loss 0.2632 | LR 9.0077e-05
2026-03-10 21:42:12 INFO Epoch 4 | Step 2520/10683 | Loss 0.2632 | LR 9.0056e-05
2026-03-10 21:42:28 INFO Epoch 4 | Step 2540/10683 | Loss 0.2633 | LR 9.0036e-05
2026-03-10 21:42:45 INFO Epoch 4 | Step 2560/10683 | Loss 0.2632 | LR 9.0015e-05
2026-03-10 21:43:02 INFO Epoch 4 | Step 2580/10683 | Loss 0.2633 | LR 8.9994e-05
2026-03-10 21:43:18 INFO Epoch 4 | Step 2600/10683 | Loss 0.2634 | LR 8.9973e-05
2026-03-10 21:43:35 INFO Epoch 4 | Step 2620/10683 | Loss 0.2635 | LR 8.9953e-05
2026-03-10 21:43:52 INFO Epoch 4 | Step 2640/10683 | Loss 0.2635 | LR 8.9932e-05
2026-03-10 21:44:08 INFO Epoch 4 | Step 2660/10683 | Loss 0.2636 | LR 8.9911e-05
2026-03-10 21:44:25 INFO Epoch 4 | Step 2680/10683 | Loss 0.2634 | LR 8.9890e-05
2026-03-10 21:44:41 INFO Epoch 4 | Step 2700/10683 | Loss 0.2633 | LR 8.9869e-05
2026-03-10 21:44:58 INFO Epoch 4 | Step 2720/10683 | Loss 0.2635 | LR 8.9848e-05
2026-03-10 21:45:15 INFO Epoch 4 | Step 2740/10683 | Loss 0.2635 | LR 8.9828e-05
2026-03-10 21:45:31 INFO Epoch 4 | Step 2760/10683 | Loss 0.2635 | LR 8.9807e-05
2026-03-10 21:45:48 INFO Epoch 4 | Step 2780/10683 | Loss 0.2633 | LR 8.9786e-05
2026-03-10 21:46:05 INFO Epoch 4 | Step 2800/10683 | Loss 0.2633 | LR 8.9765e-05
2026-03-10 21:46:21 INFO Epoch 4 | Step 2820/10683 | Loss 0.2634 | LR 8.9744e-05
2026-03-10 21:46:38 INFO Epoch 4 | Step 2840/10683 | Loss 0.2634 | LR 8.9723e-05
2026-03-10 21:46:55 INFO Epoch 4 | Step 2860/10683 | Loss 0.2634 | LR 8.9702e-05
2026-03-10 21:47:11 INFO Epoch 4 | Step 2880/10683 | Loss 0.2635 | LR 8.9681e-05
2026-03-10 21:47:28 INFO Epoch 4 | Step 2900/10683 | Loss 0.2633 | LR 8.9660e-05
2026-03-10 21:47:45 INFO Epoch 4 | Step 2920/10683 | Loss 0.2633 | LR 8.9639e-05
2026-03-10 21:48:02 INFO Epoch 4 | Step 2940/10683 | Loss 0.2632 | LR 8.9617e-05
2026-03-10 21:48:18 INFO Epoch 4 | Step 2960/10683 | Loss 0.2631 | LR 8.9596e-05
2026-03-10 21:48:35 INFO Epoch 4 | Step 2980/10683 | Loss 0.2630 | LR 8.9575e-05
2026-03-10 21:48:51 INFO Epoch 4 | Step 3000/10683 | Loss 0.2629 | LR 8.9554e-05
2026-03-10 21:49:08 INFO Epoch 4 | Step 3020/10683 | Loss 0.2629 | LR 8.9533e-05
2026-03-10 21:49:25 INFO Epoch 4 | Step 3040/10683 | Loss 0.2631 | LR 8.9512e-05
2026-03-10 21:49:41 INFO Epoch 4 | Step 3060/10683 | Loss 0.2631 | LR 8.9490e-05
2026-03-10 21:49:58 INFO Epoch 4 | Step 3080/10683 | Loss 0.2632 | LR 8.9469e-05
2026-03-10 21:50:15 INFO Epoch 4 | Step 3100/10683 | Loss 0.2631 | LR 8.9448e-05
2026-03-10 21:50:32 INFO Epoch 4 | Step 3120/10683 | Loss 0.2631 | LR 8.9427e-05
2026-03-10 21:50:48 INFO Epoch 4 | Step 3140/10683 | Loss 0.2628 | LR 8.9405e-05
2026-03-10 21:51:05 INFO Epoch 4 | Step 3160/10683 | Loss 0.2629 | LR 8.9384e-05
2026-03-10 21:51:21 INFO Epoch 4 | Step 3180/10683 | Loss 0.2629 | LR 8.9363e-05
2026-03-10 21:51:38 INFO Epoch 4 | Step 3200/10683 | Loss 0.2629 | LR 8.9341e-05
2026-03-10 21:51:54 INFO Epoch 4 | Step 3220/10683 | Loss 0.2630 | LR 8.9320e-05
2026-03-10 21:52:11 INFO Epoch 4 | Step 3240/10683 | Loss 0.2629 | LR 8.9299e-05
2026-03-10 21:52:28 INFO Epoch 4 | Step 3260/10683 | Loss 0.2628 | LR 8.9277e-05
2026-03-10 21:52:44 INFO Epoch 4 | Step 3280/10683 | Loss 0.2628 | LR 8.9256e-05
2026-03-10 21:53:01 INFO Epoch 4 | Step 3300/10683 | Loss 0.2629 | LR 8.9234e-05
2026-03-10 21:53:18 INFO Epoch 4 | Step 3320/10683 | Loss 0.2627 | LR 8.9213e-05
2026-03-10 21:53:34 INFO Epoch 4 | Step 3340/10683 | Loss 0.2627 | LR 8.9192e-05
2026-03-10 21:53:51 INFO Epoch 4 | Step 3360/10683 | Loss 0.2626 | LR 8.9170e-05
2026-03-10 21:54:08 INFO Epoch 4 | Step 3380/10683 | Loss 0.2627 | LR 8.9149e-05
2026-03-10 21:54:24 INFO Epoch 4 | Step 3400/10683 | Loss 0.2626 | LR 8.9127e-05
2026-03-10 21:54:41 INFO Epoch 4 | Step 3420/10683 | Loss 0.2626 | LR 8.9105e-05
2026-03-10 21:54:57 INFO Epoch 4 | Step 3440/10683 | Loss 0.2627 | LR 8.9084e-05
2026-03-10 21:55:14 INFO Epoch 4 | Step 3460/10683 | Loss 0.2627 | LR 8.9062e-05
2026-03-10 21:55:31 INFO Epoch 4 | Step 3480/10683 | Loss 0.2627 | LR 8.9041e-05
2026-03-10 21:55:48 INFO Epoch 4 | Step 3500/10683 | Loss 0.2627 | LR 8.9019e-05
2026-03-10 21:56:04 INFO Epoch 4 | Step 3520/10683 | Loss 0.2627 | LR 8.8997e-05
2026-03-10 21:56:21 INFO Epoch 4 | Step 3540/10683 | Loss 0.2626 | LR 8.8976e-05
2026-03-10 21:56:37 INFO Epoch 4 | Step 3560/10683 | Loss 0.2626 | LR 8.8954e-05
2026-03-10 21:56:54 INFO Epoch 4 | Step 3580/10683 | Loss 0.2626 | LR 8.8932e-05
2026-03-10 21:57:11 INFO Epoch 4 | Step 3600/10683 | Loss 0.2626 | LR 8.8911e-05
2026-03-10 21:57:27 INFO Epoch 4 | Step 3620/10683 | Loss 0.2626 | LR 8.8889e-05
2026-03-10 21:57:44 INFO Epoch 4 | Step 3640/10683 | Loss 0.2627 | LR 8.8867e-05
2026-03-10 21:58:01 INFO Epoch 4 | Step 3660/10683 | Loss 0.2627 | LR 8.8845e-05
2026-03-10 21:58:18 INFO Epoch 4 | Step 3680/10683 | Loss 0.2627 | LR 8.8824e-05
2026-03-10 21:58:34 INFO Epoch 4 | Step 3700/10683 | Loss 0.2627 | LR 8.8802e-05
2026-03-10 21:58:51 INFO Epoch 4 | Step 3720/10683 | Loss 0.2628 | LR 8.8780e-05
2026-03-10 21:59:08 INFO Epoch 4 | Step 3740/10683 | Loss 0.2628 | LR 8.8758e-05
2026-03-10 21:59:24 INFO Epoch 4 | Step 3760/10683 | Loss 0.2628 | LR 8.8736e-05
2026-03-10 21:59:41 INFO Epoch 4 | Step 3780/10683 | Loss 0.2629 | LR 8.8714e-05
2026-03-10 21:59:58 INFO Epoch 4 | Step 3800/10683 | Loss 0.2628 | LR 8.8692e-05
2026-03-10 22:00:15 INFO Epoch 4 | Step 3820/10683 | Loss 0.2626 | LR 8.8671e-05
2026-03-10 22:00:31 INFO Epoch 4 | Step 3840/10683 | Loss 0.2628 | LR 8.8649e-05
2026-03-10 22:00:48 INFO Epoch 4 | Step 3860/10683 | Loss 0.2630 | LR 8.8627e-05
2026-03-10 22:01:04 INFO Epoch 4 | Step 3880/10683 | Loss 0.2628 | LR 8.8605e-05
2026-03-10 22:01:21 INFO Epoch 4 | Step 3900/10683 | Loss 0.2628 | LR 8.8583e-05
2026-03-10 22:01:38 INFO Epoch 4 | Step 3920/10683 | Loss 0.2628 | LR 8.8561e-05
2026-03-10 22:01:54 INFO Epoch 4 | Step 3940/10683 | Loss 0.2628 | LR 8.8539e-05
2026-03-10 22:02:11 INFO Epoch 4 | Step 3960/10683 | Loss 0.2628 | LR 8.8517e-05
2026-03-10 22:02:28 INFO Epoch 4 | Step 3980/10683 | Loss 0.2628 | LR 8.8494e-05
2026-03-10 22:02:44 INFO Epoch 4 | Step 4000/10683 | Loss 0.2627 | LR 8.8472e-05
2026-03-10 22:03:01 INFO Epoch 4 | Step 4020/10683 | Loss 0.2626 | LR 8.8450e-05
2026-03-10 22:03:18 INFO Epoch 4 | Step 4040/10683 | Loss 0.2625 | LR 8.8428e-05
2026-03-10 22:03:35 INFO Epoch 4 | Step 4060/10683 | Loss 0.2625 | LR 8.8406e-05
2026-03-10 22:03:51 INFO Epoch 4 | Step 4080/10683 | Loss 0.2625 | LR 8.8384e-05
2026-03-10 22:04:08 INFO Epoch 4 | Step 4100/10683 | Loss 0.2625 | LR 8.8362e-05
2026-03-10 22:04:25 INFO Epoch 4 | Step 4120/10683 | Loss 0.2625 | LR 8.8339e-05
2026-03-10 22:04:41 INFO Epoch 4 | Step 4140/10683 | Loss 0.2626 | LR 8.8317e-05
2026-03-10 22:04:58 INFO Epoch 4 | Step 4160/10683 | Loss 0.2625 | LR 8.8295e-05
2026-03-10 22:05:15 INFO Epoch 4 | Step 4180/10683 | Loss 0.2626 | LR 8.8273e-05
2026-03-10 22:05:31 INFO Epoch 4 | Step 4200/10683 | Loss 0.2625 | LR 8.8251e-05
2026-03-10 22:05:48 INFO Epoch 4 | Step 4220/10683 | Loss 0.2625 | LR 8.8228e-05
2026-03-10 22:06:05 INFO Epoch 4 | Step 4240/10683 | Loss 0.2625 | LR 8.8206e-05
2026-03-10 22:06:22 INFO Epoch 4 | Step 4260/10683 | Loss 0.2625 | LR 8.8184e-05
2026-03-10 22:06:39 INFO Epoch 4 | Step 4280/10683 | Loss 0.2626 | LR 8.8161e-05
2026-03-10 22:06:55 INFO Epoch 4 | Step 4300/10683 | Loss 0.2625 | LR 8.8139e-05
2026-03-10 22:07:12 INFO Epoch 4 | Step 4320/10683 | Loss 0.2625 | LR 8.8116e-05
2026-03-10 22:07:28 INFO Epoch 4 | Step 4340/10683 | Loss 0.2626 | LR 8.8094e-05
2026-03-10 22:07:45 INFO Epoch 4 | Step 4360/10683 | Loss 0.2625 | LR 8.8072e-05
2026-03-10 22:08:02 INFO Epoch 4 | Step 4380/10683 | Loss 0.2626 | LR 8.8049e-05
2026-03-10 22:08:19 INFO Epoch 4 | Step 4400/10683 | Loss 0.2625 | LR 8.8027e-05
2026-03-10 22:08:35 INFO Epoch 4 | Step 4420/10683 | Loss 0.2624 | LR 8.8004e-05
2026-03-10 22:08:52 INFO Epoch 4 | Step 4440/10683 | Loss 0.2625 | LR 8.7982e-05
2026-03-10 22:09:09 INFO Epoch 4 | Step 4460/10683 | Loss 0.2625 | LR 8.7959e-05
2026-03-10 22:09:25 INFO Epoch 4 | Step 4480/10683 | Loss 0.2625 | LR 8.7937e-05
2026-03-10 22:09:42 INFO Epoch 4 | Step 4500/10683 | Loss 0.2626 | LR 8.7914e-05
2026-03-10 22:09:59 INFO Epoch 4 | Step 4520/10683 | Loss 0.2626 | LR 8.7892e-05
2026-03-10 22:10:15 INFO Epoch 4 | Step 4540/10683 | Loss 0.2627 | LR 8.7869e-05
2026-03-10 22:10:32 INFO Epoch 4 | Step 4560/10683 | Loss 0.2626 | LR 8.7847e-05
2026-03-10 22:10:49 INFO Epoch 4 | Step 4580/10683 | Loss 0.2625 | LR 8.7824e-05
2026-03-10 22:11:06 INFO Epoch 4 | Step 4600/10683 | Loss 0.2625 | LR 8.7801e-05
2026-03-10 22:11:22 INFO Epoch 4 | Step 4620/10683 | Loss 0.2625 | LR 8.7779e-05
2026-03-10 22:11:39 INFO Epoch 4 | Step 4640/10683 | Loss 0.2624 | LR 8.7756e-05
2026-03-10 22:11:56 INFO Epoch 4 | Step 4660/10683 | Loss 0.2623 | LR 8.7733e-05
2026-03-10 22:12:12 INFO Epoch 4 | Step 4680/10683 | Loss 0.2622 | LR 8.7711e-05
2026-03-10 22:12:29 INFO Epoch 4 | Step 4700/10683 | Loss 0.2622 | LR 8.7688e-05
2026-03-10 22:12:46 INFO Epoch 4 | Step 4720/10683 | Loss 0.2623 | LR 8.7665e-05
2026-03-10 22:13:02 INFO Epoch 4 | Step 4740/10683 | Loss 0.2623 | LR 8.7642e-05
2026-03-10 22:13:19 INFO Epoch 4 | Step 4760/10683 | Loss 0.2624 | LR 8.7620e-05
2026-03-10 22:13:36 INFO Epoch 4 | Step 4780/10683 | Loss 0.2623 | LR 8.7597e-05
2026-03-10 22:13:53 INFO Epoch 4 | Step 4800/10683 | Loss 0.2622 | LR 8.7574e-05
2026-03-10 22:14:09 INFO Epoch 4 | Step 4820/10683 | Loss 0.2620 | LR 8.7551e-05
2026-03-10 22:14:26 INFO Epoch 4 | Step 4840/10683 | Loss 0.2620 | LR 8.7528e-05
2026-03-10 22:14:43 INFO Epoch 4 | Step 4860/10683 | Loss 0.2620 | LR 8.7505e-05
2026-03-10 22:14:59 INFO Epoch 4 | Step 4880/10683 | Loss 0.2619 | LR 8.7482e-05
2026-03-10 22:15:16 INFO Epoch 4 | Step 4900/10683 | Loss 0.2619 | LR 8.7460e-05
2026-03-10 22:15:32 INFO Epoch 4 | Step 4920/10683 | Loss 0.2619 | LR 8.7437e-05
2026-03-10 22:15:49 INFO Epoch 4 | Step 4940/10683 | Loss 0.2618 | LR 8.7414e-05
2026-03-10 22:16:06 INFO Epoch 4 | Step 4960/10683 | Loss 0.2619 | LR 8.7391e-05
2026-03-10 22:16:22 INFO Epoch 4 | Step 4980/10683 | Loss 0.2619 | LR 8.7368e-05
2026-03-10 22:16:39 INFO Epoch 4 | Step 5000/10683 | Loss 0.2619 | LR 8.7345e-05
2026-03-10 22:16:55 INFO Epoch 4 | Step 5020/10683 | Loss 0.2620 | LR 8.7322e-05
2026-03-10 22:17:12 INFO Epoch 4 | Step 5040/10683 | Loss 0.2619 | LR 8.7299e-05
2026-03-10 22:17:29 INFO Epoch 4 | Step 5060/10683 | Loss 0.2618 | LR 8.7276e-05
2026-03-10 22:17:45 INFO Epoch 4 | Step 5080/10683 | Loss 0.2617 | LR 8.7253e-05
2026-03-10 22:18:02 INFO Epoch 4 | Step 5100/10683 | Loss 0.2617 | LR 8.7229e-05
2026-03-10 22:18:19 INFO Epoch 4 | Step 5120/10683 | Loss 0.2618 | LR 8.7206e-05
2026-03-10 22:18:35 INFO Epoch 4 | Step 5140/10683 | Loss 0.2619 | LR 8.7183e-05
2026-03-10 22:18:52 INFO Epoch 4 | Step 5160/10683 | Loss 0.2619 | LR 8.7160e-05
2026-03-10 22:19:09 INFO Epoch 4 | Step 5180/10683 | Loss 0.2619 | LR 8.7137e-05
2026-03-10 22:19:25 INFO Epoch 4 | Step 5200/10683 | Loss 0.2618 | LR 8.7114e-05
2026-03-10 22:19:42 INFO Epoch 4 | Step 5220/10683 | Loss 0.2619 | LR 8.7091e-05
2026-03-10 22:19:59 INFO Epoch 4 | Step 5240/10683 | Loss 0.2618 | LR 8.7067e-05
2026-03-10 22:20:15 INFO Epoch 4 | Step 5260/10683 | Loss 0.2618 | LR 8.7044e-05
2026-03-10 22:20:32 INFO Epoch 4 | Step 5280/10683 | Loss 0.2618 | LR 8.7021e-05
2026-03-10 22:20:49 INFO Epoch 4 | Step 5300/10683 | Loss 0.2618 | LR 8.6998e-05
2026-03-10 22:21:05 INFO Epoch 4 | Step 5320/10683 | Loss 0.2618 | LR 8.6974e-05
2026-03-10 22:21:22 INFO Epoch 4 | Step 5340/10683 | Loss 0.2618 | LR 8.6951e-05
2026-03-10 22:21:38 INFO Epoch 4 | Step 5360/10683 | Loss 0.2618 | LR 8.6928e-05
2026-03-10 22:21:55 INFO Epoch 4 | Step 5380/10683 | Loss 0.2618 | LR 8.6904e-05
2026-03-10 22:22:12 INFO Epoch 4 | Step 5400/10683 | Loss 0.2618 | LR 8.6881e-05
2026-03-10 22:22:28 INFO Epoch 4 | Step 5420/10683 | Loss 0.2619 | LR 8.6858e-05
2026-03-10 22:22:45 INFO Epoch 4 | Step 5440/10683 | Loss 0.2620 | LR 8.6834e-05
2026-03-10 22:23:02 INFO Epoch 4 | Step 5460/10683 | Loss 0.2619 | LR 8.6811e-05
2026-03-10 22:23:19 INFO Epoch 4 | Step 5480/10683 | Loss 0.2619 | LR 8.6787e-05
2026-03-10 22:23:35 INFO Epoch 4 | Step 5500/10683 | Loss 0.2618 | LR 8.6764e-05
2026-03-10 22:23:52 INFO Epoch 4 | Step 5520/10683 | Loss 0.2619 | LR 8.6741e-05
2026-03-10 22:24:08 INFO Epoch 4 | Step 5540/10683 | Loss 0.2619 | LR 8.6717e-05
2026-03-10 22:24:25 INFO Epoch 4 | Step 5560/10683 | Loss 0.2618 | LR 8.6694e-05
2026-03-10 22:24:42 INFO Epoch 4 | Step 5580/10683 | Loss 0.2618 | LR 8.6670e-05
2026-03-10 22:24:58 INFO Epoch 4 | Step 5600/10683 | Loss 0.2617 | LR 8.6647e-05
2026-03-10 22:25:15 INFO Epoch 4 | Step 5620/10683 | Loss 0.2617 | LR 8.6623e-05
2026-03-10 22:25:32 INFO Epoch 4 | Step 5640/10683 | Loss 0.2616 | LR 8.6599e-05
2026-03-10 22:25:49 INFO Epoch 4 | Step 5660/10683 | Loss 0.2615 | LR 8.6576e-05
2026-03-10 22:26:06 INFO Epoch 4 | Step 5680/10683 | Loss 0.2615 | LR 8.6552e-05
2026-03-10 22:26:22 INFO Epoch 4 | Step 5700/10683 | Loss 0.2615 | LR 8.6529e-05
2026-03-10 22:26:39 INFO Epoch 4 | Step 5720/10683 | Loss 0.2615 | LR 8.6505e-05
2026-03-10 22:26:56 INFO Epoch 4 | Step 5740/10683 | Loss 0.2615 | LR 8.6481e-05
2026-03-10 22:27:13 INFO Epoch 4 | Step 5760/10683 | Loss 0.2615 | LR 8.6458e-05
2026-03-10 22:27:30 INFO Epoch 4 | Step 5780/10683 | Loss 0.2616 | LR 8.6434e-05
2026-03-10 22:27:47 INFO Epoch 4 | Step 5800/10683 | Loss 0.2616 | LR 8.6410e-05
2026-03-10 22:28:04 INFO Epoch 4 | Step 5820/10683 | Loss 0.2615 | LR 8.6387e-05
2026-03-10 22:28:20 INFO Epoch 4 | Step 5840/10683 | Loss 0.2616 | LR 8.6363e-05
2026-03-10 22:28:37 INFO Epoch 4 | Step 5860/10683 | Loss 0.2616 | LR 8.6339e-05
2026-03-10 22:28:54 INFO Epoch 4 | Step 5880/10683 | Loss 0.2616 | LR 8.6315e-05
2026-03-10 22:29:11 INFO Epoch 4 | Step 5900/10683 | Loss 0.2615 | LR 8.6292e-05
2026-03-10 22:29:28 INFO Epoch 4 | Step 5920/10683 | Loss 0.2615 | LR 8.6268e-05
2026-03-10 22:29:45 INFO Epoch 4 | Step 5940/10683 | Loss 0.2615 | LR 8.6244e-05
2026-03-10 22:30:02 INFO Epoch 4 | Step 5960/10683 | Loss 0.2615 | LR 8.6220e-05
2026-03-10 22:30:19 INFO Epoch 4 | Step 5980/10683 | Loss 0.2616 | LR 8.6196e-05
2026-03-10 22:30:36 INFO Epoch 4 | Step 6000/10683 | Loss 0.2616 | LR 8.6172e-05
2026-03-10 22:30:52 INFO Epoch 4 | Step 6020/10683 | Loss 0.2616 | LR 8.6148e-05
2026-03-10 22:31:09 INFO Epoch 4 | Step 6040/10683 | Loss 0.2616 | LR 8.6125e-05
2026-03-10 22:31:26 INFO Epoch 4 | Step 6060/10683 | Loss 0.2615 | LR 8.6101e-05
2026-03-10 22:31:43 INFO Epoch 4 | Step 6080/10683 | Loss 0.2616 | LR 8.6077e-05
2026-03-10 22:32:00 INFO Epoch 4 | Step 6100/10683 | Loss 0.2617 | LR 8.6053e-05
2026-03-10 22:32:17 INFO Epoch 4 | Step 6120/10683 | Loss 0.2616 | LR 8.6029e-05
2026-03-10 22:32:33 INFO Epoch 4 | Step 6140/10683 | Loss 0.2617 | LR 8.6005e-05
2026-03-10 22:32:50 INFO Epoch 4 | Step 6160/10683 | Loss 0.2616 | LR 8.5981e-05
2026-03-10 22:33:07 INFO Epoch 4 | Step 6180/10683 | Loss 0.2617 | LR 8.5957e-05
2026-03-10 22:33:24 INFO Epoch 4 | Step 6200/10683 | Loss 0.2617 | LR 8.5933e-05
2026-03-10 22:33:41 INFO Epoch 4 | Step 6220/10683 | Loss 0.2618 | LR 8.5909e-05
2026-03-10 22:33:58 INFO Epoch 4 | Step 6240/10683 | Loss 0.2618 | LR 8.5885e-05
2026-03-10 22:34:14 INFO Epoch 4 | Step 6260/10683 | Loss 0.2617 | LR 8.5860e-05
2026-03-10 22:34:31 INFO Epoch 4 | Step 6280/10683 | Loss 0.2617 | LR 8.5836e-05
2026-03-10 22:34:48 INFO Epoch 4 | Step 6300/10683 | Loss 0.2617 | LR 8.5812e-05
2026-03-10 22:35:05 INFO Epoch 4 | Step 6320/10683 | Loss 0.2617 | LR 8.5788e-05
2026-03-10 22:35:22 INFO Epoch 4 | Step 6340/10683 | Loss 0.2617 | LR 8.5764e-05
2026-03-10 22:35:38 INFO Epoch 4 | Step 6360/10683 | Loss 0.2616 | LR 8.5740e-05
2026-03-10 22:35:55 INFO Epoch 4 | Step 6380/10683 | Loss 0.2615 | LR 8.5715e-05
2026-03-10 22:36:12 INFO Epoch 4 | Step 6400/10683 | Loss 0.2616 | LR 8.5691e-05
2026-03-10 22:36:29 INFO Epoch 4 | Step 6420/10683 | Loss 0.2616 | LR 8.5667e-05
2026-03-10 22:36:46 INFO Epoch 4 | Step 6440/10683 | Loss 0.2616 | LR 8.5643e-05
2026-03-10 22:37:03 INFO Epoch 4 | Step 6460/10683 | Loss 0.2616 | LR 8.5618e-05
2026-03-10 22:37:19 INFO Epoch 4 | Step 6480/10683 | Loss 0.2617 | LR 8.5594e-05
2026-03-10 22:37:36 INFO Epoch 4 | Step 6500/10683 | Loss 0.2617 | LR 8.5570e-05
2026-03-10 22:37:53 INFO Epoch 4 | Step 6520/10683 | Loss 0.2617 | LR 8.5546e-05
2026-03-10 22:38:10 INFO Epoch 4 | Step 6540/10683 | Loss 0.2618 | LR 8.5521e-05
2026-03-10 22:38:27 INFO Epoch 4 | Step 6560/10683 | Loss 0.2617 | LR 8.5497e-05
2026-03-10 22:38:44 INFO Epoch 4 | Step 6580/10683 | Loss 0.2616 | LR 8.5472e-05
2026-03-10 22:39:01 INFO Epoch 4 | Step 6600/10683 | Loss 0.2616 | LR 8.5448e-05
2026-03-10 22:39:17 INFO Epoch 4 | Step 6620/10683 | Loss 0.2615 | LR 8.5424e-05
2026-03-10 22:39:34 INFO Epoch 4 | Step 6640/10683 | Loss 0.2616 | LR 8.5399e-05
2026-03-10 22:39:51 INFO Epoch 4 | Step 6660/10683 | Loss 0.2616 | LR 8.5375e-05
2026-03-10 22:40:08 INFO Epoch 4 | Step 6680/10683 | Loss 0.2616 | LR 8.5350e-05
2026-03-10 22:40:25 INFO Epoch 4 | Step 6700/10683 | Loss 0.2615 | LR 8.5326e-05
2026-03-10 22:40:42 INFO Epoch 4 | Step 6720/10683 | Loss 0.2615 | LR 8.5301e-05
2026-03-10 22:40:59 INFO Epoch 4 | Step 6740/10683 | Loss 0.2615 | LR 8.5277e-05
2026-03-10 22:41:15 INFO Epoch 4 | Step 6760/10683 | Loss 0.2615 | LR 8.5252e-05
2026-03-10 22:41:32 INFO Epoch 4 | Step 6780/10683 | Loss 0.2616 | LR 8.5228e-05
2026-03-10 22:41:49 INFO Epoch 4 | Step 6800/10683 | Loss 0.2615 | LR 8.5203e-05
2026-03-10 22:42:06 INFO Epoch 4 | Step 6820/10683 | Loss 0.2616 | LR 8.5179e-05
2026-03-10 22:42:23 INFO Epoch 4 | Step 6840/10683 | Loss 0.2616 | LR 8.5154e-05
2026-03-10 22:42:40 INFO Epoch 4 | Step 6860/10683 | Loss 0.2615 | LR 8.5129e-05
2026-03-10 22:42:57 INFO Epoch 4 | Step 6880/10683 | Loss 0.2616 | LR 8.5105e-05
2026-03-10 22:43:13 INFO Epoch 4 | Step 6900/10683 | Loss 0.2616 | LR 8.5080e-05
2026-03-10 22:43:30 INFO Epoch 4 | Step 6920/10683 | Loss 0.2616 | LR 8.5056e-05
2026-03-10 22:43:47 INFO Epoch 4 | Step 6940/10683 | Loss 0.2616 | LR 8.5031e-05
2026-03-10 22:44:04 INFO Epoch 4 | Step 6960/10683 | Loss 0.2617 | LR 8.5006e-05
2026-03-10 22:44:21 INFO Epoch 4 | Step 6980/10683 | Loss 0.2618 | LR 8.4981e-05
2026-03-10 22:44:37 INFO Epoch 4 | Step 7000/10683 | Loss 0.2617 | LR 8.4957e-05
2026-03-10 22:44:54 INFO Epoch 4 | Step 7020/10683 | Loss 0.2617 | LR 8.4932e-05
2026-03-10 22:45:11 INFO Epoch 4 | Step 7040/10683 | Loss 0.2617 | LR 8.4907e-05
2026-03-10 22:45:28 INFO Epoch 4 | Step 7060/10683 | Loss 0.2617 | LR 8.4882e-05
2026-03-10 22:45:45 INFO Epoch 4 | Step 7080/10683 | Loss 0.2616 | LR 8.4858e-05
2026-03-10 22:46:02 INFO Epoch 4 | Step 7100/10683 | Loss 0.2617 | LR 8.4833e-05
2026-03-10 22:46:19 INFO Epoch 4 | Step 7120/10683 | Loss 0.2616 | LR 8.4808e-05
2026-03-10 22:46:36 INFO Epoch 4 | Step 7140/10683 | Loss 0.2616 | LR 8.4783e-05
2026-03-10 22:46:52 INFO Epoch 4 | Step 7160/10683 | Loss 0.2616 | LR 8.4758e-05
2026-03-10 22:47:09 INFO Epoch 4 | Step 7180/10683 | Loss 0.2616 | LR 8.4733e-05
2026-03-10 22:47:26 INFO Epoch 4 | Step 7200/10683 | Loss 0.2617 | LR 8.4709e-05
2026-03-10 22:47:43 INFO Epoch 4 | Step 7220/10683 | Loss 0.2617 | LR 8.4684e-05
2026-03-10 22:48:00 INFO Epoch 4 | Step 7240/10683 | Loss 0.2617 | LR 8.4659e-05
2026-03-10 22:48:17 INFO Epoch 4 | Step 7260/10683 | Loss 0.2617 | LR 8.4634e-05
2026-03-10 22:48:34 INFO Epoch 4 | Step 7280/10683 | Loss 0.2616 | LR 8.4609e-05
2026-03-10 22:48:50 INFO Epoch 4 | Step 7300/10683 | Loss 0.2616 | LR 8.4584e-05
2026-03-10 22:49:07 INFO Epoch 4 | Step 7320/10683 | Loss 0.2616 | LR 8.4559e-05
2026-03-10 22:49:24 INFO Epoch 4 | Step 7340/10683 | Loss 0.2617 | LR 8.4534e-05
2026-03-10 22:49:41 INFO Epoch 4 | Step 7360/10683 | Loss 0.2617 | LR 8.4509e-05
2026-03-10 22:49:58 INFO Epoch 4 | Step 7380/10683 | Loss 0.2617 | LR 8.4484e-05
2026-03-10 22:50:15 INFO Epoch 4 | Step 7400/10683 | Loss 0.2617 | LR 8.4459e-05
2026-03-10 22:50:32 INFO Epoch 4 | Step 7420/10683 | Loss 0.2617 | LR 8.4434e-05
2026-03-10 22:50:48 INFO Epoch 4 | Step 7440/10683 | Loss 0.2617 | LR 8.4408e-05
2026-03-10 22:51:05 INFO Epoch 4 | Step 7460/10683 | Loss 0.2617 | LR 8.4383e-05
2026-03-10 22:51:22 INFO Epoch 4 | Step 7480/10683 | Loss 0.2617 | LR 8.4358e-05
2026-03-10 22:51:39 INFO Epoch 4 | Step 7500/10683 | Loss 0.2618 | LR 8.4333e-05
2026-03-10 22:51:56 INFO Epoch 4 | Step 7520/10683 | Loss 0.2617 | LR 8.4308e-05
2026-03-10 22:52:13 INFO Epoch 4 | Step 7540/10683 | Loss 0.2618 | LR 8.4283e-05
2026-03-10 22:52:29 INFO Epoch 4 | Step 7560/10683 | Loss 0.2618 | LR 8.4258e-05
2026-03-10 22:52:46 INFO Epoch 4 | Step 7580/10683 | Loss 0.2618 | LR 8.4232e-05
2026-03-10 22:53:03 INFO Epoch 4 | Step 7600/10683 | Loss 0.2618 | LR 8.4207e-05
2026-03-10 22:53:19 INFO Epoch 4 | Step 7620/10683 | Loss 0.2618 | LR 8.4182e-05
2026-03-10 22:53:36 INFO Epoch 4 | Step 7640/10683 | Loss 0.2618 | LR 8.4157e-05
2026-03-10 22:53:53 INFO Epoch 4 | Step 7660/10683 | Loss 0.2618 | LR 8.4131e-05
2026-03-10 22:54:09 INFO Epoch 4 | Step 7680/10683 | Loss 0.2617 | LR 8.4106e-05
2026-03-10 22:54:26 INFO Epoch 4 | Step 7700/10683 | Loss 0.2617 | LR 8.4081e-05
2026-03-10 22:54:43 INFO Epoch 4 | Step 7720/10683 | Loss 0.2617 | LR 8.4055e-05
2026-03-10 22:55:00 INFO Epoch 4 | Step 7740/10683 | Loss 0.2617 | LR 8.4030e-05
2026-03-10 22:55:17 INFO Epoch 4 | Step 7760/10683 | Loss 0.2617 | LR 8.4005e-05
2026-03-10 22:55:33 INFO Epoch 4 | Step 7780/10683 | Loss 0.2617 | LR 8.3979e-05
2026-03-10 22:55:50 INFO Epoch 4 | Step 7800/10683 | Loss 0.2617 | LR 8.3954e-05
2026-03-10 22:56:07 INFO Epoch 4 | Step 7820/10683 | Loss 0.2616 | LR 8.3929e-05
2026-03-10 22:56:24 INFO Epoch 4 | Step 7840/10683 | Loss 0.2616 | LR 8.3903e-05
2026-03-10 22:56:40 INFO Epoch 4 | Step 7860/10683 | Loss 0.2617 | LR 8.3878e-05
2026-03-10 22:56:57 INFO Epoch 4 | Step 7880/10683 | Loss 0.2617 | LR 8.3852e-05
2026-03-10 22:57:14 INFO Epoch 4 | Step 7900/10683 | Loss 0.2618 | LR 8.3827e-05
2026-03-10 22:57:30 INFO Epoch 4 | Step 7920/10683 | Loss 0.2618 | LR 8.3801e-05
2026-03-10 22:57:47 INFO Epoch 4 | Step 7940/10683 | Loss 0.2618 | LR 8.3776e-05
2026-03-10 22:58:04 INFO Epoch 4 | Step 7960/10683 | Loss 0.2618 | LR 8.3750e-05
2026-03-10 22:58:21 INFO Epoch 4 | Step 7980/10683 | Loss 0.2619 | LR 8.3725e-05
2026-03-10 22:58:37 INFO Epoch 4 | Step 8000/10683 | Loss 0.2619 | LR 8.3699e-05
2026-03-10 22:58:54 INFO Epoch 4 | Step 8020/10683 | Loss 0.2619 | LR 8.3674e-05
2026-03-10 22:59:11 INFO Epoch 4 | Step 8040/10683 | Loss 0.2619 | LR 8.3648e-05
2026-03-10 22:59:27 INFO Epoch 4 | Step 8060/10683 | Loss 0.2619 | LR 8.3622e-05
2026-03-10 22:59:43 INFO Epoch 4 | Step 8080/10683 | Loss 0.2619 | LR 8.3597e-05
2026-03-10 22:59:59 INFO Epoch 4 | Step 8100/10683 | Loss 0.2619 | LR 8.3571e-05
2026-03-10 23:00:15 INFO Epoch 4 | Step 8120/10683 | Loss 0.2619 | LR 8.3546e-05
2026-03-10 23:00:32 INFO Epoch 4 | Step 8140/10683 | Loss 0.2618 | LR 8.3520e-05
2026-03-10 23:00:48 INFO Epoch 4 | Step 8160/10683 | Loss 0.2618 | LR 8.3494e-05
2026-03-10 23:01:05 INFO Epoch 4 | Step 8180/10683 | Loss 0.2618 | LR 8.3469e-05
2026-03-10 23:01:21 INFO Epoch 4 | Step 8200/10683 | Loss 0.2618 | LR 8.3443e-05
2026-03-10 23:01:38 INFO Epoch 4 | Step 8220/10683 | Loss 0.2618 | LR 8.3417e-05
2026-03-10 23:01:54 INFO Epoch 4 | Step 8240/10683 | Loss 0.2618 | LR 8.3391e-05
2026-03-10 23:02:11 INFO Epoch 4 | Step 8260/10683 | Loss 0.2618 | LR 8.3366e-05
2026-03-10 23:02:27 INFO Epoch 4 | Step 8280/10683 | Loss 0.2618 | LR 8.3340e-05
2026-03-10 23:02:43 INFO Epoch 4 | Step 8300/10683 | Loss 0.2618 | LR 8.3314e-05
2026-03-10 23:03:00 INFO Epoch 4 | Step 8320/10683 | Loss 0.2618 | LR 8.3288e-05
2026-03-10 23:03:16 INFO Epoch 4 | Step 8340/10683 | Loss 0.2618 | LR 8.3262e-05
2026-03-10 23:03:33 INFO Epoch 4 | Step 8360/10683 | Loss 0.2618 | LR 8.3237e-05
2026-03-10 23:03:49 INFO Epoch 4 | Step 8380/10683 | Loss 0.2618 | LR 8.3211e-05
2026-03-10 23:04:06 INFO Epoch 4 | Step 8400/10683 | Loss 0.2619 | LR 8.3185e-05
2026-03-10 23:04:22 INFO Epoch 4 | Step 8420/10683 | Loss 0.2619 | LR 8.3159e-05
2026-03-10 23:04:39 INFO Epoch 4 | Step 8440/10683 | Loss 0.2619 | LR 8.3133e-05
2026-03-10 23:04:55 INFO Epoch 4 | Step 8460/10683 | Loss 0.2619 | LR 8.3107e-05
2026-03-10 23:05:11 INFO Epoch 4 | Step 8480/10683 | Loss 0.2620 | LR 8.3081e-05
2026-03-10 23:05:28 INFO Epoch 4 | Step 8500/10683 | Loss 0.2620 | LR 8.3055e-05
2026-03-10 23:05:44 INFO Epoch 4 | Step 8520/10683 | Loss 0.2619 | LR 8.3029e-05
2026-03-10 23:06:01 INFO Epoch 4 | Step 8540/10683 | Loss 0.2619 | LR 8.3003e-05
2026-03-10 23:06:17 INFO Epoch 4 | Step 8560/10683 | Loss 0.2619 | LR 8.2977e-05
2026-03-10 23:06:34 INFO Epoch 4 | Step 8580/10683 | Loss 0.2619 | LR 8.2951e-05
2026-03-10 23:06:50 INFO Epoch 4 | Step 8600/10683 | Loss 0.2619 | LR 8.2925e-05
2026-03-10 23:07:07 INFO Epoch 4 | Step 8620/10683 | Loss 0.2619 | LR 8.2899e-05
2026-03-10 23:07:23 INFO Epoch 4 | Step 8640/10683 | Loss 0.2620 | LR 8.2873e-05
2026-03-10 23:07:40 INFO Epoch 4 | Step 8660/10683 | Loss 0.2619 | LR 8.2847e-05
2026-03-10 23:07:56 INFO Epoch 4 | Step 8680/10683 | Loss 0.2620 | LR 8.2821e-05
2026-03-10 23:08:13 INFO Epoch 4 | Step 8700/10683 | Loss 0.2620 | LR 8.2795e-05
2026-03-10 23:08:29 INFO Epoch 4 | Step 8720/10683 | Loss 0.2621 | LR 8.2769e-05
2026-03-10 23:08:45 INFO Epoch 4 | Step 8740/10683 | Loss 0.2620 | LR 8.2743e-05
2026-03-10 23:09:02 INFO Epoch 4 | Step 8760/10683 | Loss 0.2620 | LR 8.2716e-05
2026-03-10 23:09:18 INFO Epoch 4 | Step 8780/10683 | Loss 0.2620 | LR 8.2690e-05
2026-03-10 23:09:35 INFO Epoch 4 | Step 8800/10683 | Loss 0.2620 | LR 8.2664e-05
2026-03-10 23:09:51 INFO Epoch 4 | Step 8820/10683 | Loss 0.2620 | LR 8.2638e-05
2026-03-10 23:10:08 INFO Epoch 4 | Step 8840/10683 | Loss 0.2620 | LR 8.2612e-05
2026-03-10 23:10:24 INFO Epoch 4 | Step 8860/10683 | Loss 0.2620 | LR 8.2585e-05
2026-03-10 23:10:41 INFO Epoch 4 | Step 8880/10683 | Loss 0.2619 | LR 8.2559e-05
2026-03-10 23:10:57 INFO Epoch 4 | Step 8900/10683 | Loss 0.2619 | LR 8.2533e-05
2026-03-10 23:11:13 INFO Epoch 4 | Step 8920/10683 | Loss 0.2620 | LR 8.2507e-05
2026-03-10 23:11:30 INFO Epoch 4 | Step 8940/10683 | Loss 0.2619 | LR 8.2480e-05
2026-03-10 23:11:46 INFO Epoch 4 | Step 8960/10683 | Loss 0.2619 | LR 8.2454e-05
2026-03-10 23:12:03 INFO Epoch 4 | Step 8980/10683 | Loss 0.2619 | LR 8.2428e-05
2026-03-10 23:12:19 INFO Epoch 4 | Step 9000/10683 | Loss 0.2619 | LR 8.2401e-05
2026-03-10 23:12:36 INFO Epoch 4 | Step 9020/10683 | Loss 0.2619 | LR 8.2375e-05
2026-03-10 23:12:52 INFO Epoch 4 | Step 9040/10683 | Loss 0.2619 | LR 8.2349e-05
2026-03-10 23:13:09 INFO Epoch 4 | Step 9060/10683 | Loss 0.2619 | LR 8.2322e-05
2026-03-10 23:13:25 INFO Epoch 4 | Step 9080/10683 | Loss 0.2619 | LR 8.2296e-05
2026-03-10 23:13:41 INFO Epoch 4 | Step 9100/10683 | Loss 0.2619 | LR 8.2269e-05
2026-03-10 23:13:58 INFO Epoch 4 | Step 9120/10683 | Loss 0.2619 | LR 8.2243e-05
2026-03-10 23:14:14 INFO Epoch 4 | Step 9140/10683 | Loss 0.2620 | LR 8.2217e-05
2026-03-10 23:14:31 INFO Epoch 4 | Step 9160/10683 | Loss 0.2620 | LR 8.2190e-05
2026-03-10 23:14:47 INFO Epoch 4 | Step 9180/10683 | Loss 0.2620 | LR 8.2164e-05
2026-03-10 23:15:04 INFO Epoch 4 | Step 9200/10683 | Loss 0.2619 | LR 8.2137e-05
2026-03-10 23:15:20 INFO Epoch 4 | Step 9220/10683 | Loss 0.2619 | LR 8.2111e-05
2026-03-10 23:15:37 INFO Epoch 4 | Step 9240/10683 | Loss 0.2618 | LR 8.2084e-05
2026-03-10 23:15:53 INFO Epoch 4 | Step 9260/10683 | Loss 0.2618 | LR 8.2058e-05
2026-03-10 23:16:09 INFO Epoch 4 | Step 9280/10683 | Loss 0.2617 | LR 8.2031e-05
2026-03-10 23:16:26 INFO Epoch 4 | Step 9300/10683 | Loss 0.2617 | LR 8.2004e-05
2026-03-10 23:16:42 INFO Epoch 4 | Step 9320/10683 | Loss 0.2618 | LR 8.1978e-05
2026-03-10 23:16:59 INFO Epoch 4 | Step 9340/10683 | Loss 0.2618 | LR 8.1951e-05
2026-03-10 23:17:15 INFO Epoch 4 | Step 9360/10683 | Loss 0.2617 | LR 8.1925e-05
2026-03-10 23:17:32 INFO Epoch 4 | Step 9380/10683 | Loss 0.2617 | LR 8.1898e-05
2026-03-10 23:17:48 INFO Epoch 4 | Step 9400/10683 | Loss 0.2617 | LR 8.1871e-05
2026-03-10 23:18:04 INFO Epoch 4 | Step 9420/10683 | Loss 0.2616 | LR 8.1845e-05
2026-03-10 23:18:21 INFO Epoch 4 | Step 9440/10683 | Loss 0.2616 | LR 8.1818e-05
2026-03-10 23:18:37 INFO Epoch 4 | Step 9460/10683 | Loss 0.2616 | LR 8.1791e-05
2026-03-10 23:18:54 INFO Epoch 4 | Step 9480/10683 | Loss 0.2616 | LR 8.1765e-05
2026-03-10 23:19:10 INFO Epoch 4 | Step 9500/10683 | Loss 0.2615 | LR 8.1738e-05
2026-03-10 23:19:27 INFO Epoch 4 | Step 9520/10683 | Loss 0.2615 | LR 8.1711e-05
2026-03-10 23:19:43 INFO Epoch 4 | Step 9540/10683 | Loss 0.2614 | LR 8.1684e-05
2026-03-10 23:20:00 INFO Epoch 4 | Step 9560/10683 | Loss 0.2614 | LR 8.1658e-05
2026-03-10 23:20:16 INFO Epoch 4 | Step 9580/10683 | Loss 0.2614 | LR 8.1631e-05
2026-03-10 23:20:33 INFO Epoch 4 | Step 9600/10683 | Loss 0.2614 | LR 8.1604e-05
2026-03-10 23:20:49 INFO Epoch 4 | Step 9620/10683 | Loss 0.2614 | LR 8.1577e-05
2026-03-10 23:21:06 INFO Epoch 4 | Step 9640/10683 | Loss 0.2614 | LR 8.1550e-05
2026-03-10 23:21:22 INFO Epoch 4 | Step 9660/10683 | Loss 0.2614 | LR 8.1523e-05
2026-03-10 23:21:39 INFO Epoch 4 | Step 9680/10683 | Loss 0.2613 | LR 8.1497e-05
2026-03-10 23:21:55 INFO Epoch 4 | Step 9700/10683 | Loss 0.2613 | LR 8.1470e-05
2026-03-10 23:22:12 INFO Epoch 4 | Step 9720/10683 | Loss 0.2613 | LR 8.1443e-05
2026-03-10 23:22:28 INFO Epoch 4 | Step 9740/10683 | Loss 0.2614 | LR 8.1416e-05
2026-03-10 23:22:44 INFO Epoch 4 | Step 9760/10683 | Loss 0.2614 | LR 8.1389e-05
2026-03-10 23:23:01 INFO Epoch 4 | Step 9780/10683 | Loss 0.2614 | LR 8.1362e-05
2026-03-10 23:23:17 INFO Epoch 4 | Step 9800/10683 | Loss 0.2613 | LR 8.1335e-05
2026-03-10 23:23:34 INFO Epoch 4 | Step 9820/10683 | Loss 0.2613 | LR 8.1308e-05
2026-03-10 23:23:50 INFO Epoch 4 | Step 9840/10683 | Loss 0.2613 | LR 8.1281e-05
2026-03-10 23:24:07 INFO Epoch 4 | Step 9860/10683 | Loss 0.2613 | LR 8.1254e-05
2026-03-10 23:24:23 INFO Epoch 4 | Step 9880/10683 | Loss 0.2614 | LR 8.1227e-05
2026-03-10 23:24:40 INFO Epoch 4 | Step 9900/10683 | Loss 0.2614 | LR 8.1200e-05
2026-03-10 23:24:56 INFO Epoch 4 | Step 9920/10683 | Loss 0.2613 | LR 8.1173e-05
2026-03-10 23:25:13 INFO Epoch 4 | Step 9940/10683 | Loss 0.2613 | LR 8.1146e-05
2026-03-10 23:25:29 INFO Epoch 4 | Step 9960/10683 | Loss 0.2613 | LR 8.1119e-05
2026-03-10 23:25:46 INFO Epoch 4 | Step 9980/10683 | Loss 0.2613 | LR 8.1092e-05
2026-03-10 23:26:02 INFO Epoch 4 | Step 10000/10683 | Loss 0.2613 | LR 8.1065e-05
2026-03-10 23:26:19 INFO Epoch 4 | Step 10020/10683 | Loss 0.2613 | LR 8.1038e-05
2026-03-10 23:26:35 INFO Epoch 4 | Step 10040/10683 | Loss 0.2613 | LR 8.1011e-05
2026-03-10 23:26:52 INFO Epoch 4 | Step 10060/10683 | Loss 0.2613 | LR 8.0983e-05
2026-03-10 23:27:08 INFO Epoch 4 | Step 10080/10683 | Loss 0.2613 | LR 8.0956e-05
2026-03-10 23:27:25 INFO Epoch 4 | Step 10100/10683 | Loss 0.2613 | LR 8.0929e-05
2026-03-10 23:27:41 INFO Epoch 4 | Step 10120/10683 | Loss 0.2613 | LR 8.0902e-05
2026-03-10 23:27:58 INFO Epoch 4 | Step 10140/10683 | Loss 0.2613 | LR 8.0875e-05
2026-03-10 23:28:14 INFO Epoch 4 | Step 10160/10683 | Loss 0.2613 | LR 8.0847e-05
2026-03-10 23:28:30 INFO Epoch 4 | Step 10180/10683 | Loss 0.2612 | LR 8.0820e-05
2026-03-10 23:28:47 INFO Epoch 4 | Step 10200/10683 | Loss 0.2613 | LR 8.0793e-05
2026-03-10 23:29:03 INFO Epoch 4 | Step 10220/10683 | Loss 0.2613 | LR 8.0766e-05
2026-03-10 23:29:20 INFO Epoch 4 | Step 10240/10683 | Loss 0.2613 | LR 8.0738e-05
2026-03-10 23:29:37 INFO Epoch 4 | Step 10260/10683 | Loss 0.2613 | LR 8.0711e-05
2026-03-10 23:29:53 INFO Epoch 4 | Step 10280/10683 | Loss 0.2613 | LR 8.0684e-05
2026-03-10 23:30:10 INFO Epoch 4 | Step 10300/10683 | Loss 0.2612 | LR 8.0656e-05
2026-03-10 23:30:26 INFO Epoch 4 | Step 10320/10683 | Loss 0.2613 | LR 8.0629e-05
2026-03-10 23:30:43 INFO Epoch 4 | Step 10340/10683 | Loss 0.2613 | LR 8.0602e-05
2026-03-10 23:30:59 INFO Epoch 4 | Step 10360/10683 | Loss 0.2613 | LR 8.0574e-05
2026-03-10 23:31:16 INFO Epoch 4 | Step 10380/10683 | Loss 0.2613 | LR 8.0547e-05
2026-03-10 23:31:33 INFO Epoch 4 | Step 10400/10683 | Loss 0.2614 | LR 8.0520e-05
2026-03-10 23:31:49 INFO Epoch 4 | Step 10420/10683 | Loss 0.2614 | LR 8.0492e-05
2026-03-10 23:32:06 INFO Epoch 4 | Step 10440/10683 | Loss 0.2614 | LR 8.0465e-05
2026-03-10 23:32:22 INFO Epoch 4 | Step 10460/10683 | Loss 0.2613 | LR 8.0437e-05
2026-03-10 23:32:39 INFO Epoch 4 | Step 10480/10683 | Loss 0.2613 | LR 8.0410e-05
2026-03-10 23:32:55 INFO Epoch 4 | Step 10500/10683 | Loss 0.2613 | LR 8.0382e-05
2026-03-10 23:33:12 INFO Epoch 4 | Step 10520/10683 | Loss 0.2612 | LR 8.0355e-05
2026-03-10 23:33:29 INFO Epoch 4 | Step 10540/10683 | Loss 0.2612 | LR 8.0327e-05
2026-03-10 23:33:45 INFO Epoch 4 | Step 10560/10683 | Loss 0.2612 | LR 8.0300e-05
2026-03-10 23:34:02 INFO Epoch 4 | Step 10580/10683 | Loss 0.2612 | LR 8.0272e-05
2026-03-10 23:34:18 INFO Epoch 4 | Step 10600/10683 | Loss 0.2612 | LR 8.0245e-05
2026-03-10 23:34:35 INFO Epoch 4 | Step 10620/10683 | Loss 0.2611 | LR 8.0217e-05
2026-03-10 23:34:51 INFO Epoch 4 | Step 10640/10683 | Loss 0.2611 | LR 8.0190e-05
2026-03-10 23:35:08 INFO Epoch 4 | Step 10660/10683 | Loss 0.2610 | LR 8.0162e-05
2026-03-10 23:35:24 INFO Epoch 4 | Step 10680/10683 | Loss 0.2610 | LR 8.0135e-05
2026-03-10 23:35:27 INFO Epoch 4 | Step 10683/10683 | Loss 0.2610 | LR 8.0130e-05
2026-03-10 23:57:19 INFO CSV Written | Epoch: 4
2026-03-10 23:57:20 INFO Best Saved | Epoch: 4 | Monitor: val_auprc | Value: 0.9612
2026-03-10 23:57:20 INFO Epoch Done | Epoch: 4 | Time: 10208.3912 | Train Loss: 0.2610 | Val Accuracy: 0.8733 | Val AUPRC: 0.9612 | Val Auroc: 0.9568 | Val F1: 0.8803 | Val Loss: 0.3483
2026-03-10 23:57:20 INFO Epoch Start | Epoch: 5
2026-03-10 23:57:26 INFO Epoch 5 | Step 1/10683 | Loss 0.1843 | LR 8.0129e-05
2026-03-10 23:57:42 INFO Epoch 5 | Step 20/10683 | Loss 0.2369 | LR 8.0103e-05
2026-03-10 23:57:59 INFO Epoch 5 | Step 40/10683 | Loss 0.2347 | LR 8.0075e-05
2026-03-10 23:58:15 INFO Epoch 5 | Step 60/10683 | Loss 0.2342 | LR 8.0048e-05
2026-03-10 23:58:32 INFO Epoch 5 | Step 80/10683 | Loss 0.2376 | LR 8.0020e-05
2026-03-10 23:58:49 INFO Epoch 5 | Step 100/10683 | Loss 0.2381 | LR 7.9992e-05
2026-03-10 23:59:05 INFO Epoch 5 | Step 120/10683 | Loss 0.2370 | LR 7.9965e-05
2026-03-10 23:59:22 INFO Epoch 5 | Step 140/10683 | Loss 0.2373 | LR 7.9937e-05
2026-03-10 23:59:39 INFO Epoch 5 | Step 160/10683 | Loss 0.2381 | LR 7.9909e-05
2026-03-10 23:59:55 INFO Epoch 5 | Step 180/10683 | Loss 0.2412 | LR 7.9881e-05
2026-03-11 00:00:12 INFO Epoch 5 | Step 200/10683 | Loss 0.2416 | LR 7.9854e-05
2026-03-11 00:00:28 INFO Epoch 5 | Step 220/10683 | Loss 0.2418 | LR 7.9826e-05
2026-03-11 00:00:45 INFO Epoch 5 | Step 240/10683 | Loss 0.2422 | LR 7.9798e-05
2026-03-11 00:01:01 INFO Epoch 5 | Step 260/10683 | Loss 0.2446 | LR 7.9770e-05
2026-03-11 00:01:18 INFO Epoch 5 | Step 280/10683 | Loss 0.2439 | LR 7.9742e-05
2026-03-11 00:01:35 INFO Epoch 5 | Step 300/10683 | Loss 0.2450 | LR 7.9715e-05
2026-03-11 00:01:51 INFO Epoch 5 | Step 320/10683 | Loss 0.2437 | LR 7.9687e-05
2026-03-11 00:02:08 INFO Epoch 5 | Step 340/10683 | Loss 0.2445 | LR 7.9659e-05
2026-03-11 00:02:25 INFO Epoch 5 | Step 360/10683 | Loss 0.2446 | LR 7.9631e-05
2026-03-11 00:02:41 INFO Epoch 5 | Step 380/10683 | Loss 0.2457 | LR 7.9603e-05
2026-03-11 00:02:58 INFO Epoch 5 | Step 400/10683 | Loss 0.2461 | LR 7.9575e-05
2026-03-11 00:03:15 INFO Epoch 5 | Step 420/10683 | Loss 0.2468 | LR 7.9547e-05
2026-03-11 00:03:31 INFO Epoch 5 | Step 440/10683 | Loss 0.2490 | LR 7.9520e-05
2026-03-11 00:03:48 INFO Epoch 5 | Step 460/10683 | Loss 0.2492 | LR 7.9492e-05
2026-03-11 00:04:04 INFO Epoch 5 | Step 480/10683 | Loss 0.2499 | LR 7.9464e-05
2026-03-11 00:04:21 INFO Epoch 5 | Step 500/10683 | Loss 0.2501 | LR 7.9436e-05
2026-03-11 00:04:37 INFO Epoch 5 | Step 520/10683 | Loss 0.2494 | LR 7.9408e-05
2026-03-11 00:04:54 INFO Epoch 5 | Step 540/10683 | Loss 0.2486 | LR 7.9380e-05
2026-03-11 00:05:11 INFO Epoch 5 | Step 560/10683 | Loss 0.2489 | LR 7.9352e-05
2026-03-11 00:05:27 INFO Epoch 5 | Step 580/10683 | Loss 0.2500 | LR 7.9324e-05
2026-03-11 00:05:44 INFO Epoch 5 | Step 600/10683 | Loss 0.2500 | LR 7.9296e-05
2026-03-11 00:06:00 INFO Epoch 5 | Step 620/10683 | Loss 0.2494 | LR 7.9268e-05
2026-03-11 00:06:17 INFO Epoch 5 | Step 640/10683 | Loss 0.2496 | LR 7.9240e-05
2026-03-11 00:06:33 INFO Epoch 5 | Step 660/10683 | Loss 0.2499 | LR 7.9212e-05
2026-03-11 00:06:50 INFO Epoch 5 | Step 680/10683 | Loss 0.2507 | LR 7.9183e-05
2026-03-11 00:07:07 INFO Epoch 5 | Step 700/10683 | Loss 0.2506 | LR 7.9155e-05
2026-03-11 00:07:23 INFO Epoch 5 | Step 720/10683 | Loss 0.2506 | LR 7.9127e-05
2026-03-11 00:07:40 INFO Epoch 5 | Step 740/10683 | Loss 0.2505 | LR 7.9099e-05
2026-03-11 00:07:57 INFO Epoch 5 | Step 760/10683 | Loss 0.2510 | LR 7.9071e-05
2026-03-11 00:08:13 INFO Epoch 5 | Step 780/10683 | Loss 0.2514 | LR 7.9043e-05
2026-03-11 00:08:30 INFO Epoch 5 | Step 800/10683 | Loss 0.2515 | LR 7.9015e-05
2026-03-11 00:08:47 INFO Epoch 5 | Step 820/10683 | Loss 0.2513 | LR 7.8986e-05
2026-03-11 00:09:03 INFO Epoch 5 | Step 840/10683 | Loss 0.2513 | LR 7.8958e-05
2026-03-11 00:09:20 INFO Epoch 5 | Step 860/10683 | Loss 0.2512 | LR 7.8930e-05
2026-03-11 00:09:36 INFO Epoch 5 | Step 880/10683 | Loss 0.2514 | LR 7.8902e-05
2026-03-11 00:09:53 INFO Epoch 5 | Step 900/10683 | Loss 0.2519 | LR 7.8874e-05
2026-03-11 00:10:09 INFO Epoch 5 | Step 920/10683 | Loss 0.2521 | LR 7.8845e-05
2026-03-11 00:10:26 INFO Epoch 5 | Step 940/10683 | Loss 0.2522 | LR 7.8817e-05
2026-03-11 00:10:43 INFO Epoch 5 | Step 960/10683 | Loss 0.2518 | LR 7.8789e-05
2026-03-11 00:10:59 INFO Epoch 5 | Step 980/10683 | Loss 0.2518 | LR 7.8761e-05
2026-03-11 00:11:16 INFO Epoch 5 | Step 1000/10683 | Loss 0.2521 | LR 7.8732e-05
2026-03-11 00:11:32 INFO Epoch 5 | Step 1020/10683 | Loss 0.2521 | LR 7.8704e-05
2026-03-11 00:11:49 INFO Epoch 5 | Step 1040/10683 | Loss 0.2519 | LR 7.8676e-05
2026-03-11 00:12:06 INFO Epoch 5 | Step 1060/10683 | Loss 0.2518 | LR 7.8647e-05
2026-03-11 00:12:22 INFO Epoch 5 | Step 1080/10683 | Loss 0.2514 | LR 7.8619e-05
2026-03-11 00:12:39 INFO Epoch 5 | Step 1100/10683 | Loss 0.2513 | LR 7.8590e-05
2026-03-11 00:12:55 INFO Epoch 5 | Step 1120/10683 | Loss 0.2507 | LR 7.8562e-05
2026-03-11 00:13:12 INFO Epoch 5 | Step 1140/10683 | Loss 0.2504 | LR 7.8534e-05
2026-03-11 00:13:29 INFO Epoch 5 | Step 1160/10683 | Loss 0.2504 | LR 7.8505e-05
2026-03-11 00:13:45 INFO Epoch 5 | Step 1180/10683 | Loss 0.2505 | LR 7.8477e-05
2026-03-11 00:14:02 INFO Epoch 5 | Step 1200/10683 | Loss 0.2505 | LR 7.8448e-05
2026-03-11 00:14:18 INFO Epoch 5 | Step 1220/10683 | Loss 0.2503 | LR 7.8420e-05
2026-03-11 00:14:35 INFO Epoch 5 | Step 1240/10683 | Loss 0.2502 | LR 7.8391e-05
2026-03-11 00:14:51 INFO Epoch 5 | Step 1260/10683 | Loss 0.2500 | LR 7.8363e-05
2026-03-11 00:15:08 INFO Epoch 5 | Step 1280/10683 | Loss 0.2499 | LR 7.8334e-05
2026-03-11 00:15:25 INFO Epoch 5 | Step 1300/10683 | Loss 0.2496 | LR 7.8306e-05
2026-03-11 00:15:41 INFO Epoch 5 | Step 1320/10683 | Loss 0.2498 | LR 7.8277e-05
2026-03-11 00:15:58 INFO Epoch 5 | Step 1340/10683 | Loss 0.2500 | LR 7.8249e-05
2026-03-11 00:16:14 INFO Epoch 5 | Step 1360/10683 | Loss 0.2494 | LR 7.8220e-05
2026-03-11 00:16:31 INFO Epoch 5 | Step 1380/10683 | Loss 0.2493 | LR 7.8192e-05
2026-03-11 00:16:47 INFO Epoch 5 | Step 1400/10683 | Loss 0.2493 | LR 7.8163e-05
2026-03-11 00:17:04 INFO Epoch 5 | Step 1420/10683 | Loss 0.2498 | LR 7.8135e-05
2026-03-11 00:17:20 INFO Epoch 5 | Step 1440/10683 | Loss 0.2497 | LR 7.8106e-05
2026-03-11 00:17:37 INFO Epoch 5 | Step 1460/10683 | Loss 0.2500 | LR 7.8077e-05
2026-03-11 00:17:54 INFO Epoch 5 | Step 1480/10683 | Loss 0.2499 | LR 7.8049e-05
2026-03-11 00:18:10 INFO Epoch 5 | Step 1500/10683 | Loss 0.2499 | LR 7.8020e-05
2026-03-11 00:18:27 INFO Epoch 5 | Step 1520/10683 | Loss 0.2498 | LR 7.7991e-05
2026-03-11 00:18:43 INFO Epoch 5 | Step 1540/10683 | Loss 0.2499 | LR 7.7963e-05
2026-03-11 00:19:00 INFO Epoch 5 | Step 1560/10683 | Loss 0.2496 | LR 7.7934e-05
2026-03-11 00:19:17 INFO Epoch 5 | Step 1580/10683 | Loss 0.2496 | LR 7.7905e-05
2026-03-11 00:19:33 INFO Epoch 5 | Step 1600/10683 | Loss 0.2494 | LR 7.7877e-05
2026-03-11 00:19:50 INFO Epoch 5 | Step 1620/10683 | Loss 0.2494 | LR 7.7848e-05
2026-03-11 00:20:06 INFO Epoch 5 | Step 1640/10683 | Loss 0.2491 | LR 7.7819e-05
2026-03-11 00:20:23 INFO Epoch 5 | Step 1660/10683 | Loss 0.2489 | LR 7.7790e-05
2026-03-11 00:20:40 INFO Epoch 5 | Step 1680/10683 | Loss 0.2487 | LR 7.7762e-05
2026-03-11 00:20:56 INFO Epoch 5 | Step 1700/10683 | Loss 0.2491 | LR 7.7733e-05
2026-03-11 00:21:13 INFO Epoch 5 | Step 1720/10683 | Loss 0.2489 | LR 7.7704e-05
2026-03-11 00:21:29 INFO Epoch 5 | Step 1740/10683 | Loss 0.2489 | LR 7.7675e-05
2026-03-11 00:21:46 INFO Epoch 5 | Step 1760/10683 | Loss 0.2491 | LR 7.7646e-05
2026-03-11 00:22:03 INFO Epoch 5 | Step 1780/10683 | Loss 0.2493 | LR 7.7618e-05
2026-03-11 00:22:19 INFO Epoch 5 | Step 1800/10683 | Loss 0.2494 | LR 7.7589e-05
2026-03-11 00:22:36 INFO Epoch 5 | Step 1820/10683 | Loss 0.2493 | LR 7.7560e-05
2026-03-11 00:22:53 INFO Epoch 5 | Step 1840/10683 | Loss 0.2492 | LR 7.7531e-05
2026-03-11 00:23:09 INFO Epoch 5 | Step 1860/10683 | Loss 0.2493 | LR 7.7502e-05
2026-03-11 00:23:26 INFO Epoch 5 | Step 1880/10683 | Loss 0.2495 | LR 7.7473e-05
2026-03-11 00:23:42 INFO Epoch 5 | Step 1900/10683 | Loss 0.2494 | LR 7.7444e-05
2026-03-11 00:23:59 INFO Epoch 5 | Step 1920/10683 | Loss 0.2492 | LR 7.7415e-05
2026-03-11 00:24:16 INFO Epoch 5 | Step 1940/10683 | Loss 0.2490 | LR 7.7386e-05
2026-03-11 00:24:32 INFO Epoch 5 | Step 1960/10683 | Loss 0.2488 | LR 7.7358e-05
2026-03-11 00:24:49 INFO Epoch 5 | Step 1980/10683 | Loss 0.2489 | LR 7.7329e-05
2026-03-11 00:25:06 INFO Epoch 5 | Step 2000/10683 | Loss 0.2491 | LR 7.7300e-05
2026-03-11 00:25:22 INFO Epoch 5 | Step 2020/10683 | Loss 0.2491 | LR 7.7271e-05
2026-03-11 00:25:39 INFO Epoch 5 | Step 2040/10683 | Loss 0.2492 | LR 7.7242e-05
2026-03-11 00:25:56 INFO Epoch 5 | Step 2060/10683 | Loss 0.2492 | LR 7.7213e-05
2026-03-11 00:26:12 INFO Epoch 5 | Step 2080/10683 | Loss 0.2492 | LR 7.7184e-05
2026-03-11 00:26:29 INFO Epoch 5 | Step 2100/10683 | Loss 0.2494 | LR 7.7154e-05
2026-03-11 00:26:46 INFO Epoch 5 | Step 2120/10683 | Loss 0.2493 | LR 7.7125e-05
2026-03-11 00:27:02 INFO Epoch 5 | Step 2140/10683 | Loss 0.2495 | LR 7.7096e-05
2026-03-11 00:27:19 INFO Epoch 5 | Step 2160/10683 | Loss 0.2495 | LR 7.7067e-05
2026-03-11 00:27:35 INFO Epoch 5 | Step 2180/10683 | Loss 0.2496 | LR 7.7038e-05
2026-03-11 00:27:52 INFO Epoch 5 | Step 2200/10683 | Loss 0.2495 | LR 7.7009e-05
2026-03-11 00:28:09 INFO Epoch 5 | Step 2220/10683 | Loss 0.2492 | LR 7.6980e-05
2026-03-11 00:28:25 INFO Epoch 5 | Step 2240/10683 | Loss 0.2494 | LR 7.6951e-05
2026-03-11 00:28:42 INFO Epoch 5 | Step 2260/10683 | Loss 0.2496 | LR 7.6922e-05
2026-03-11 00:28:58 INFO Epoch 5 | Step 2280/10683 | Loss 0.2493 | LR 7.6893e-05
2026-03-11 00:29:15 INFO Epoch 5 | Step 2300/10683 | Loss 0.2494 | LR 7.6863e-05
2026-03-11 00:29:32 INFO Epoch 5 | Step 2320/10683 | Loss 0.2492 | LR 7.6834e-05
2026-03-11 00:29:48 INFO Epoch 5 | Step 2340/10683 | Loss 0.2493 | LR 7.6805e-05
2026-03-11 00:30:05 INFO Epoch 5 | Step 2360/10683 | Loss 0.2494 | LR 7.6776e-05
2026-03-11 00:30:22 INFO Epoch 5 | Step 2380/10683 | Loss 0.2493 | LR 7.6747e-05
2026-03-11 00:30:38 INFO Epoch 5 | Step 2400/10683 | Loss 0.2492 | LR 7.6717e-05
2026-03-11 00:30:55 INFO Epoch 5 | Step 2420/10683 | Loss 0.2493 | LR 7.6688e-05
2026-03-11 00:31:12 INFO Epoch 5 | Step 2440/10683 | Loss 0.2491 | LR 7.6659e-05
2026-03-11 00:31:28 INFO Epoch 5 | Step 2460/10683 | Loss 0.2490 | LR 7.6629e-05
2026-03-11 00:31:45 INFO Epoch 5 | Step 2480/10683 | Loss 0.2489 | LR 7.6600e-05
2026-03-11 00:32:02 INFO Epoch 5 | Step 2500/10683 | Loss 0.2490 | LR 7.6571e-05
2026-03-11 00:32:18 INFO Epoch 5 | Step 2520/10683 | Loss 0.2489 | LR 7.6542e-05
2026-03-11 00:32:35 INFO Epoch 5 | Step 2540/10683 | Loss 0.2487 | LR 7.6512e-05
2026-03-11 00:32:52 INFO Epoch 5 | Step 2560/10683 | Loss 0.2487 | LR 7.6483e-05
2026-03-11 00:33:08 INFO Epoch 5 | Step 2580/10683 | Loss 0.2487 | LR 7.6454e-05
2026-03-11 00:33:25 INFO Epoch 5 | Step 2600/10683 | Loss 0.2486 | LR 7.6424e-05
2026-03-11 00:33:41 INFO Epoch 5 | Step 2620/10683 | Loss 0.2485 | LR 7.6395e-05
2026-03-11 00:33:58 INFO Epoch 5 | Step 2640/10683 | Loss 0.2486 | LR 7.6365e-05
2026-03-11 00:34:15 INFO Epoch 5 | Step 2660/10683 | Loss 0.2484 | LR 7.6336e-05
2026-03-11 00:34:31 INFO Epoch 5 | Step 2680/10683 | Loss 0.2486 | LR 7.6307e-05
2026-03-11 00:34:48 INFO Epoch 5 | Step 2700/10683 | Loss 0.2485 | LR 7.6277e-05
2026-03-11 00:35:04 INFO Epoch 5 | Step 2720/10683 | Loss 0.2484 | LR 7.6248e-05
2026-03-11 00:35:21 INFO Epoch 5 | Step 2740/10683 | Loss 0.2484 | LR 7.6218e-05
2026-03-11 00:35:37 INFO Epoch 5 | Step 2760/10683 | Loss 0.2483 | LR 7.6189e-05
2026-03-11 00:35:54 INFO Epoch 5 | Step 2780/10683 | Loss 0.2483 | LR 7.6159e-05
2026-03-11 00:36:11 INFO Epoch 5 | Step 2800/10683 | Loss 0.2483 | LR 7.6130e-05
2026-03-11 00:36:27 INFO Epoch 5 | Step 2820/10683 | Loss 0.2482 | LR 7.6100e-05
2026-03-11 00:36:44 INFO Epoch 5 | Step 2840/10683 | Loss 0.2481 | LR 7.6071e-05
2026-03-11 00:37:01 INFO Epoch 5 | Step 2860/10683 | Loss 0.2480 | LR 7.6041e-05
2026-03-11 00:37:17 INFO Epoch 5 | Step 2880/10683 | Loss 0.2478 | LR 7.6012e-05
2026-03-11 00:37:34 INFO Epoch 5 | Step 2900/10683 | Loss 0.2479 | LR 7.5982e-05
2026-03-11 00:37:51 INFO Epoch 5 | Step 2920/10683 | Loss 0.2480 | LR 7.5953e-05
2026-03-11 00:38:07 INFO Epoch 5 | Step 2940/10683 | Loss 0.2479 | LR 7.5923e-05
2026-03-11 00:38:24 INFO Epoch 5 | Step 2960/10683 | Loss 0.2479 | LR 7.5894e-05
2026-03-11 00:38:41 INFO Epoch 5 | Step 2980/10683 | Loss 0.2478 | LR 7.5864e-05
2026-03-11 00:38:57 INFO Epoch 5 | Step 3000/10683 | Loss 0.2480 | LR 7.5834e-05
2026-03-11 00:39:14 INFO Epoch 5 | Step 3020/10683 | Loss 0.2479 | LR 7.5805e-05
2026-03-11 00:39:31 INFO Epoch 5 | Step 3040/10683 | Loss 0.2478 | LR 7.5775e-05
2026-03-11 00:39:47 INFO Epoch 5 | Step 3060/10683 | Loss 0.2481 | LR 7.5745e-05
2026-03-11 00:40:04 INFO Epoch 5 | Step 3080/10683 | Loss 0.2481 | LR 7.5716e-05
2026-03-11 00:40:20 INFO Epoch 5 | Step 3100/10683 | Loss 0.2481 | LR 7.5686e-05
2026-03-11 00:40:37 INFO Epoch 5 | Step 3120/10683 | Loss 0.2482 | LR 7.5656e-05
2026-03-11 00:40:54 INFO Epoch 5 | Step 3140/10683 | Loss 0.2482 | LR 7.5627e-05
2026-03-11 00:41:10 INFO Epoch 5 | Step 3160/10683 | Loss 0.2482 | LR 7.5597e-05
2026-03-11 00:41:27 INFO Epoch 5 | Step 3180/10683 | Loss 0.2482 | LR 7.5567e-05
2026-03-11 00:41:44 INFO Epoch 5 | Step 3200/10683 | Loss 0.2482 | LR 7.5537e-05
2026-03-11 00:42:00 INFO Epoch 5 | Step 3220/10683 | Loss 0.2481 | LR 7.5508e-05
2026-03-11 00:42:17 INFO Epoch 5 | Step 3240/10683 | Loss 0.2481 | LR 7.5478e-05
2026-03-11 00:42:33 INFO Epoch 5 | Step 3260/10683 | Loss 0.2481 | LR 7.5448e-05
2026-03-11 00:42:50 INFO Epoch 5 | Step 3280/10683 | Loss 0.2481 | LR 7.5418e-05
2026-03-11 00:43:07 INFO Epoch 5 | Step 3300/10683 | Loss 0.2480 | LR 7.5389e-05
2026-03-11 00:43:23 INFO Epoch 5 | Step 3320/10683 | Loss 0.2480 | LR 7.5359e-05
2026-03-11 00:43:40 INFO Epoch 5 | Step 3340/10683 | Loss 0.2480 | LR 7.5329e-05
2026-03-11 00:43:57 INFO Epoch 5 | Step 3360/10683 | Loss 0.2480 | LR 7.5299e-05
2026-03-11 00:44:13 INFO Epoch 5 | Step 3380/10683 | Loss 0.2480 | LR 7.5269e-05
2026-03-11 00:44:30 INFO Epoch 5 | Step 3400/10683 | Loss 0.2479 | LR 7.5239e-05
2026-03-11 00:44:46 INFO Epoch 5 | Step 3420/10683 | Loss 0.2479 | LR 7.5210e-05
2026-03-11 00:45:03 INFO Epoch 5 | Step 3440/10683 | Loss 0.2479 | LR 7.5180e-05
2026-03-11 00:45:20 INFO Epoch 5 | Step 3460/10683 | Loss 0.2477 | LR 7.5150e-05
2026-03-11 00:45:36 INFO Epoch 5 | Step 3480/10683 | Loss 0.2478 | LR 7.5120e-05
2026-03-11 00:45:53 INFO Epoch 5 | Step 3500/10683 | Loss 0.2478 | LR 7.5090e-05
2026-03-11 00:46:10 INFO Epoch 5 | Step 3520/10683 | Loss 0.2477 | LR 7.5060e-05
2026-03-11 00:46:26 INFO Epoch 5 | Step 3540/10683 | Loss 0.2477 | LR 7.5030e-05
2026-03-11 00:46:43 INFO Epoch 5 | Step 3560/10683 | Loss 0.2476 | LR 7.5000e-05
2026-03-11 00:47:00 INFO Epoch 5 | Step 3580/10683 | Loss 0.2475 | LR 7.4970e-05
2026-03-11 00:47:16 INFO Epoch 5 | Step 3600/10683 | Loss 0.2474 | LR 7.4940e-05
2026-03-11 00:47:33 INFO Epoch 5 | Step 3620/10683 | Loss 0.2475 | LR 7.4910e-05
2026-03-11 00:47:50 INFO Epoch 5 | Step 3640/10683 | Loss 0.2476 | LR 7.4880e-05
2026-03-11 00:48:06 INFO Epoch 5 | Step 3660/10683 | Loss 0.2477 | LR 7.4850e-05
2026-03-11 00:48:23 INFO Epoch 5 | Step 3680/10683 | Loss 0.2478 | LR 7.4820e-05
2026-03-11 00:48:40 INFO Epoch 5 | Step 3700/10683 | Loss 0.2477 | LR 7.4790e-05
2026-03-11 00:48:56 INFO Epoch 5 | Step 3720/10683 | Loss 0.2476 | LR 7.4760e-05
2026-03-11 00:49:13 INFO Epoch 5 | Step 3740/10683 | Loss 0.2477 | LR 7.4730e-05
2026-03-11 00:49:30 INFO Epoch 5 | Step 3760/10683 | Loss 0.2477 | LR 7.4700e-05
2026-03-11 00:49:47 INFO Epoch 5 | Step 3780/10683 | Loss 0.2478 | LR 7.4670e-05
2026-03-11 00:50:03 INFO Epoch 5 | Step 3800/10683 | Loss 0.2477 | LR 7.4640e-05
2026-03-11 00:50:20 INFO Epoch 5 | Step 3820/10683 | Loss 0.2477 | LR 7.4610e-05
2026-03-11 00:50:36 INFO Epoch 5 | Step 3840/10683 | Loss 0.2476 | LR 7.4579e-05
2026-03-11 00:50:53 INFO Epoch 5 | Step 3860/10683 | Loss 0.2476 | LR 7.4549e-05
2026-03-11 00:51:10 INFO Epoch 5 | Step 3880/10683 | Loss 0.2475 | LR 7.4519e-05
2026-03-11 00:51:26 INFO Epoch 5 | Step 3900/10683 | Loss 0.2474 | LR 7.4489e-05
2026-03-11 00:51:43 INFO Epoch 5 | Step 3920/10683 | Loss 0.2474 | LR 7.4459e-05
2026-03-11 00:51:59 INFO Epoch 5 | Step 3940/10683 | Loss 0.2473 | LR 7.4429e-05
2026-03-11 00:52:16 INFO Epoch 5 | Step 3960/10683 | Loss 0.2473 | LR 7.4398e-05
2026-03-11 00:52:33 INFO Epoch 5 | Step 3980/10683 | Loss 0.2473 | LR 7.4368e-05
2026-03-11 00:52:49 INFO Epoch 5 | Step 4000/10683 | Loss 0.2473 | LR 7.4338e-05
2026-03-11 00:53:06 INFO Epoch 5 | Step 4020/10683 | Loss 0.2474 | LR 7.4308e-05
2026-03-11 00:53:23 INFO Epoch 5 | Step 4040/10683 | Loss 0.2473 | LR 7.4278e-05
2026-03-11 00:53:39 INFO Epoch 5 | Step 4060/10683 | Loss 0.2473 | LR 7.4247e-05
2026-03-11 00:53:56 INFO Epoch 5 | Step 4080/10683 | Loss 0.2473 | LR 7.4217e-05
2026-03-11 00:54:13 INFO Epoch 5 | Step 4100/10683 | Loss 0.2475 | LR 7.4187e-05
2026-03-11 00:54:29 INFO Epoch 5 | Step 4120/10683 | Loss 0.2476 | LR 7.4157e-05
2026-03-11 00:54:46 INFO Epoch 5 | Step 4140/10683 | Loss 0.2478 | LR 7.4126e-05
2026-03-11 00:55:02 INFO Epoch 5 | Step 4160/10683 | Loss 0.2478 | LR 7.4096e-05
2026-03-11 00:55:19 INFO Epoch 5 | Step 4180/10683 | Loss 0.2479 | LR 7.4066e-05
2026-03-11 00:55:36 INFO Epoch 5 | Step 4200/10683 | Loss 0.2480 | LR 7.4035e-05
2026-03-11 00:55:52 INFO Epoch 5 | Step 4220/10683 | Loss 0.2480 | LR 7.4005e-05
2026-03-11 00:56:09 INFO Epoch 5 | Step 4240/10683 | Loss 0.2481 | LR 7.3975e-05
2026-03-11 00:56:26 INFO Epoch 5 | Step 4260/10683 | Loss 0.2481 | LR 7.3944e-05
2026-03-11 00:56:43 INFO Epoch 5 | Step 4280/10683 | Loss 0.2481 | LR 7.3914e-05
2026-03-11 00:56:59 INFO Epoch 5 | Step 4300/10683 | Loss 0.2480 | LR 7.3883e-05
2026-03-11 00:57:16 INFO Epoch 5 | Step 4320/10683 | Loss 0.2481 | LR 7.3853e-05
2026-03-11 00:57:32 INFO Epoch 5 | Step 4340/10683 | Loss 0.2481 | LR 7.3823e-05
2026-03-11 00:57:49 INFO Epoch 5 | Step 4360/10683 | Loss 0.2482 | LR 7.3792e-05
2026-03-11 00:58:06 INFO Epoch 5 | Step 4380/10683 | Loss 0.2483 | LR 7.3762e-05
2026-03-11 00:58:22 INFO Epoch 5 | Step 4400/10683 | Loss 0.2483 | LR 7.3731e-05
2026-03-11 00:58:39 INFO Epoch 5 | Step 4420/10683 | Loss 0.2483 | LR 7.3701e-05
2026-03-11 00:58:56 INFO Epoch 5 | Step 4440/10683 | Loss 0.2483 | LR 7.3670e-05
2026-03-11 00:59:12 INFO Epoch 5 | Step 4460/10683 | Loss 0.2484 | LR 7.3640e-05
2026-03-11 00:59:29 INFO Epoch 5 | Step 4480/10683 | Loss 0.2484 | LR 7.3609e-05
2026-03-11 00:59:46 INFO Epoch 5 | Step 4500/10683 | Loss 0.2484 | LR 7.3579e-05
2026-03-11 01:00:02 INFO Epoch 5 | Step 4520/10683 | Loss 0.2484 | LR 7.3548e-05
2026-03-11 01:00:19 INFO Epoch 5 | Step 4540/10683 | Loss 0.2484 | LR 7.3518e-05
2026-03-11 01:00:36 INFO Epoch 5 | Step 4560/10683 | Loss 0.2485 | LR 7.3487e-05
2026-03-11 01:00:52 INFO Epoch 5 | Step 4580/10683 | Loss 0.2485 | LR 7.3457e-05
2026-03-11 01:01:09 INFO Epoch 5 | Step 4600/10683 | Loss 0.2485 | LR 7.3426e-05
2026-03-11 01:01:25 INFO Epoch 5 | Step 4620/10683 | Loss 0.2484 | LR 7.3396e-05
2026-03-11 01:01:42 INFO Epoch 5 | Step 4640/10683 | Loss 0.2485 | LR 7.3365e-05
2026-03-11 01:01:59 INFO Epoch 5 | Step 4660/10683 | Loss 0.2485 | LR 7.3335e-05
2026-03-11 01:02:15 INFO Epoch 5 | Step 4680/10683 | Loss 0.2484 | LR 7.3304e-05
2026-03-11 01:02:32 INFO Epoch 5 | Step 4700/10683 | Loss 0.2484 | LR 7.3273e-05
2026-03-11 01:02:49 INFO Epoch 5 | Step 4720/10683 | Loss 0.2483 | LR 7.3243e-05
2026-03-11 01:03:06 INFO Epoch 5 | Step 4740/10683 | Loss 0.2483 | LR 7.3212e-05
2026-03-11 01:03:22 INFO Epoch 5 | Step 4760/10683 | Loss 0.2482 | LR 7.3181e-05
2026-03-11 01:03:39 INFO Epoch 5 | Step 4780/10683 | Loss 0.2483 | LR 7.3151e-05
2026-03-11 01:03:56 INFO Epoch 5 | Step 4800/10683 | Loss 0.2483 | LR 7.3120e-05
2026-03-11 01:04:12 INFO Epoch 5 | Step 4820/10683 | Loss 0.2483 | LR 7.3089e-05
2026-03-11 01:04:29 INFO Epoch 5 | Step 4840/10683 | Loss 0.2484 | LR 7.3059e-05
2026-03-11 01:04:46 INFO Epoch 5 | Step 4860/10683 | Loss 0.2483 | LR 7.3028e-05
2026-03-11 01:05:02 INFO Epoch 5 | Step 4880/10683 | Loss 0.2484 | LR 7.2997e-05
2026-03-11 01:05:19 INFO Epoch 5 | Step 4900/10683 | Loss 0.2485 | LR 7.2967e-05
2026-03-11 01:05:36 INFO Epoch 5 | Step 4920/10683 | Loss 0.2486 | LR 7.2936e-05
2026-03-11 01:05:52 INFO Epoch 5 | Step 4940/10683 | Loss 0.2485 | LR 7.2905e-05
2026-03-11 01:06:09 INFO Epoch 5 | Step 4960/10683 | Loss 0.2486 | LR 7.2874e-05
2026-03-11 01:06:26 INFO Epoch 5 | Step 4980/10683 | Loss 0.2487 | LR 7.2844e-05
2026-03-11 01:06:43 INFO Epoch 5 | Step 5000/10683 | Loss 0.2487 | LR 7.2813e-05
2026-03-11 01:06:59 INFO Epoch 5 | Step 5020/10683 | Loss 0.2487 | LR 7.2782e-05
2026-03-11 01:07:16 INFO Epoch 5 | Step 5040/10683 | Loss 0.2488 | LR 7.2751e-05
2026-03-11 01:07:33 INFO Epoch 5 | Step 5060/10683 | Loss 0.2487 | LR 7.2720e-05
2026-03-11 01:07:50 INFO Epoch 5 | Step 5080/10683 | Loss 0.2488 | LR 7.2689e-05
2026-03-11 01:08:06 INFO Epoch 5 | Step 5100/10683 | Loss 0.2487 | LR 7.2659e-05
2026-03-11 01:08:23 INFO Epoch 5 | Step 5120/10683 | Loss 0.2487 | LR 7.2628e-05
2026-03-11 01:08:40 INFO Epoch 5 | Step 5140/10683 | Loss 0.2487 | LR 7.2597e-05
2026-03-11 01:08:57 INFO Epoch 5 | Step 5160/10683 | Loss 0.2488 | LR 7.2566e-05
2026-03-11 01:09:13 INFO Epoch 5 | Step 5180/10683 | Loss 0.2488 | LR 7.2535e-05
2026-03-11 01:09:30 INFO Epoch 5 | Step 5200/10683 | Loss 0.2487 | LR 7.2504e-05
2026-03-11 01:09:47 INFO Epoch 5 | Step 5220/10683 | Loss 0.2487 | LR 7.2473e-05
2026-03-11 01:10:04 INFO Epoch 5 | Step 5240/10683 | Loss 0.2487 | LR 7.2443e-05
2026-03-11 01:10:20 INFO Epoch 5 | Step 5260/10683 | Loss 0.2486 | LR 7.2412e-05
2026-03-11 01:10:37 INFO Epoch 5 | Step 5280/10683 | Loss 0.2488 | LR 7.2381e-05
2026-03-11 01:10:54 INFO Epoch 5 | Step 5300/10683 | Loss 0.2488 | LR 7.2350e-05
2026-03-11 01:11:11 INFO Epoch 5 | Step 5320/10683 | Loss 0.2489 | LR 7.2319e-05
2026-03-11 01:11:27 INFO Epoch 5 | Step 5340/10683 | Loss 0.2489 | LR 7.2288e-05
2026-03-11 01:11:44 INFO Epoch 5 | Step 5360/10683 | Loss 0.2488 | LR 7.2257e-05
2026-03-11 01:12:01 INFO Epoch 5 | Step 5380/10683 | Loss 0.2487 | LR 7.2226e-05
2026-03-11 01:12:17 INFO Epoch 5 | Step 5400/10683 | Loss 0.2488 | LR 7.2195e-05
2026-03-11 01:12:34 INFO Epoch 5 | Step 5420/10683 | Loss 0.2486 | LR 7.2164e-05
2026-03-11 01:12:51 INFO Epoch 5 | Step 5440/10683 | Loss 0.2486 | LR 7.2133e-05
2026-03-11 01:13:07 INFO Epoch 5 | Step 5460/10683 | Loss 0.2486 | LR 7.2102e-05
2026-03-11 01:13:24 INFO Epoch 5 | Step 5480/10683 | Loss 0.2487 | LR 7.2071e-05
2026-03-11 01:13:41 INFO Epoch 5 | Step 5500/10683 | Loss 0.2487 | LR 7.2040e-05
2026-03-11 01:13:58 INFO Epoch 5 | Step 5520/10683 | Loss 0.2486 | LR 7.2009e-05
2026-03-11 01:14:14 INFO Epoch 5 | Step 5540/10683 | Loss 0.2486 | LR 7.1978e-05
2026-03-11 01:14:31 INFO Epoch 5 | Step 5560/10683 | Loss 0.2487 | LR 7.1946e-05
2026-03-11 01:14:47 INFO Epoch 5 | Step 5580/10683 | Loss 0.2488 | LR 7.1915e-05
2026-03-11 01:15:04 INFO Epoch 5 | Step 5600/10683 | Loss 0.2488 | LR 7.1884e-05
2026-03-11 01:15:21 INFO Epoch 5 | Step 5620/10683 | Loss 0.2487 | LR 7.1853e-05
2026-03-11 01:15:38 INFO Epoch 5 | Step 5640/10683 | Loss 0.2488 | LR 7.1822e-05
2026-03-11 01:15:54 INFO Epoch 5 | Step 5660/10683 | Loss 0.2488 | LR 7.1791e-05
2026-03-11 01:16:11 INFO Epoch 5 | Step 5680/10683 | Loss 0.2488 | LR 7.1760e-05
2026-03-11 01:16:28 INFO Epoch 5 | Step 5700/10683 | Loss 0.2488 | LR 7.1729e-05
2026-03-11 01:16:44 INFO Epoch 5 | Step 5720/10683 | Loss 0.2489 | LR 7.1697e-05
2026-03-11 01:17:01 INFO Epoch 5 | Step 5740/10683 | Loss 0.2490 | LR 7.1666e-05
2026-03-11 01:17:18 INFO Epoch 5 | Step 5760/10683 | Loss 0.2489 | LR 7.1635e-05
2026-03-11 01:17:34 INFO Epoch 5 | Step 5780/10683 | Loss 0.2489 | LR 7.1604e-05
2026-03-11 01:17:51 INFO Epoch 5 | Step 5800/10683 | Loss 0.2489 | LR 7.1573e-05
2026-03-11 01:18:08 INFO Epoch 5 | Step 5820/10683 | Loss 0.2489 | LR 7.1541e-05
2026-03-11 01:18:25 INFO Epoch 5 | Step 5840/10683 | Loss 0.2488 | LR 7.1510e-05
2026-03-11 01:18:42 INFO Epoch 5 | Step 5860/10683 | Loss 0.2487 | LR 7.1479e-05
2026-03-11 01:18:58 INFO Epoch 5 | Step 5880/10683 | Loss 0.2487 | LR 7.1448e-05
2026-03-11 01:19:15 INFO Epoch 5 | Step 5900/10683 | Loss 0.2487 | LR 7.1417e-05
2026-03-11 01:19:32 INFO Epoch 5 | Step 5920/10683 | Loss 0.2487 | LR 7.1385e-05
2026-03-11 01:19:49 INFO Epoch 5 | Step 5940/10683 | Loss 0.2487 | LR 7.1354e-05
2026-03-11 01:20:06 INFO Epoch 5 | Step 5960/10683 | Loss 0.2487 | LR 7.1323e-05
2026-03-11 01:20:22 INFO Epoch 5 | Step 5980/10683 | Loss 0.2487 | LR 7.1291e-05
2026-03-11 01:20:39 INFO Epoch 5 | Step 6000/10683 | Loss 0.2487 | LR 7.1260e-05
2026-03-11 01:20:56 INFO Epoch 5 | Step 6020/10683 | Loss 0.2486 | LR 7.1229e-05
2026-03-11 01:21:12 INFO Epoch 5 | Step 6040/10683 | Loss 0.2486 | LR 7.1197e-05
2026-03-11 01:21:29 INFO Epoch 5 | Step 6060/10683 | Loss 0.2486 | LR 7.1166e-05
2026-03-11 01:21:46 INFO Epoch 5 | Step 6080/10683 | Loss 0.2486 | LR 7.1135e-05
2026-03-11 01:22:03 INFO Epoch 5 | Step 6100/10683 | Loss 0.2486 | LR 7.1103e-05
2026-03-11 01:22:20 INFO Epoch 5 | Step 6120/10683 | Loss 0.2486 | LR 7.1072e-05
2026-03-11 01:22:36 INFO Epoch 5 | Step 6140/10683 | Loss 0.2486 | LR 7.1041e-05
2026-03-11 01:22:53 INFO Epoch 5 | Step 6160/10683 | Loss 0.2485 | LR 7.1009e-05
2026-03-11 01:23:10 INFO Epoch 5 | Step 6180/10683 | Loss 0.2485 | LR 7.0978e-05
2026-03-11 01:23:27 INFO Epoch 5 | Step 6200/10683 | Loss 0.2484 | LR 7.0946e-05
2026-03-11 01:23:43 INFO Epoch 5 | Step 6220/10683 | Loss 0.2483 | LR 7.0915e-05
2026-03-11 01:24:00 INFO Epoch 5 | Step 6240/10683 | Loss 0.2484 | LR 7.0884e-05
2026-03-11 01:24:17 INFO Epoch 5 | Step 6260/10683 | Loss 0.2484 | LR 7.0852e-05
2026-03-11 01:24:34 INFO Epoch 5 | Step 6280/10683 | Loss 0.2485 | LR 7.0821e-05
2026-03-11 01:24:50 INFO Epoch 5 | Step 6300/10683 | Loss 0.2485 | LR 7.0789e-05
2026-03-11 01:25:07 INFO Epoch 5 | Step 6320/10683 | Loss 0.2484 | LR 7.0758e-05
2026-03-11 01:25:24 INFO Epoch 5 | Step 6340/10683 | Loss 0.2484 | LR 7.0726e-05
2026-03-11 01:25:41 INFO Epoch 5 | Step 6360/10683 | Loss 0.2485 | LR 7.0695e-05
2026-03-11 01:25:57 INFO Epoch 5 | Step 6380/10683 | Loss 0.2484 | LR 7.0663e-05
2026-03-11 01:26:14 INFO Epoch 5 | Step 6400/10683 | Loss 0.2485 | LR 7.0632e-05
2026-03-11 01:26:31 INFO Epoch 5 | Step 6420/10683 | Loss 0.2485 | LR 7.0600e-05
2026-03-11 01:26:47 INFO Epoch 5 | Step 6440/10683 | Loss 0.2484 | LR 7.0569e-05
2026-03-11 01:27:04 INFO Epoch 5 | Step 6460/10683 | Loss 0.2484 | LR 7.0537e-05
2026-03-11 01:27:21 INFO Epoch 5 | Step 6480/10683 | Loss 0.2483 | LR 7.0506e-05
2026-03-11 01:27:37 INFO Epoch 5 | Step 6500/10683 | Loss 0.2483 | LR 7.0474e-05
2026-03-11 01:27:54 INFO Epoch 5 | Step 6520/10683 | Loss 0.2483 | LR 7.0443e-05
2026-03-11 01:28:10 INFO Epoch 5 | Step 6540/10683 | Loss 0.2484 | LR 7.0411e-05
2026-03-11 01:28:27 INFO Epoch 5 | Step 6560/10683 | Loss 0.2483 | LR 7.0379e-05
2026-03-11 01:28:44 INFO Epoch 5 | Step 6580/10683 | Loss 0.2484 | LR 7.0348e-05
2026-03-11 01:29:01 INFO Epoch 5 | Step 6600/10683 | Loss 0.2484 | LR 7.0316e-05
2026-03-11 01:29:17 INFO Epoch 5 | Step 6620/10683 | Loss 0.2484 | LR 7.0285e-05
2026-03-11 01:29:34 INFO Epoch 5 | Step 6640/10683 | Loss 0.2484 | LR 7.0253e-05
2026-03-11 01:29:51 INFO Epoch 5 | Step 6660/10683 | Loss 0.2484 | LR 7.0221e-05
2026-03-11 01:30:07 INFO Epoch 5 | Step 6680/10683 | Loss 0.2483 | LR 7.0190e-05
2026-03-11 01:30:24 INFO Epoch 5 | Step 6700/10683 | Loss 0.2483 | LR 7.0158e-05
2026-03-11 01:30:41 INFO Epoch 5 | Step 6720/10683 | Loss 0.2483 | LR 7.0126e-05
2026-03-11 01:30:57 INFO Epoch 5 | Step 6740/10683 | Loss 0.2483 | LR 7.0095e-05
2026-03-11 01:31:14 INFO Epoch 5 | Step 6760/10683 | Loss 0.2483 | LR 7.0063e-05
2026-03-11 01:31:31 INFO Epoch 5 | Step 6780/10683 | Loss 0.2482 | LR 7.0031e-05
2026-03-11 01:31:48 INFO Epoch 5 | Step 6800/10683 | Loss 0.2483 | LR 7.0000e-05
2026-03-11 01:32:04 INFO Epoch 5 | Step 6820/10683 | Loss 0.2482 | LR 6.9968e-05
2026-03-11 01:32:21 INFO Epoch 5 | Step 6840/10683 | Loss 0.2482 | LR 6.9936e-05
2026-03-11 01:32:38 INFO Epoch 5 | Step 6860/10683 | Loss 0.2482 | LR 6.9904e-05
2026-03-11 01:32:54 INFO Epoch 5 | Step 6880/10683 | Loss 0.2482 | LR 6.9873e-05
2026-03-11 01:33:11 INFO Epoch 5 | Step 6900/10683 | Loss 0.2481 | LR 6.9841e-05
2026-03-11 01:33:28 INFO Epoch 5 | Step 6920/10683 | Loss 0.2481 | LR 6.9809e-05
2026-03-11 01:33:44 INFO Epoch 5 | Step 6940/10683 | Loss 0.2481 | LR 6.9777e-05
2026-03-11 01:34:01 INFO Epoch 5 | Step 6960/10683 | Loss 0.2481 | LR 6.9746e-05
2026-03-11 01:34:18 INFO Epoch 5 | Step 6980/10683 | Loss 0.2481 | LR 6.9714e-05
2026-03-11 01:34:34 INFO Epoch 5 | Step 7000/10683 | Loss 0.2482 | LR 6.9682e-05
2026-03-11 01:34:51 INFO Epoch 5 | Step 7020/10683 | Loss 0.2482 | LR 6.9650e-05
2026-03-11 01:35:08 INFO Epoch 5 | Step 7040/10683 | Loss 0.2482 | LR 6.9618e-05
2026-03-11 01:35:24 INFO Epoch 5 | Step 7060/10683 | Loss 0.2483 | LR 6.9587e-05
2026-03-11 01:35:41 INFO Epoch 5 | Step 7080/10683 | Loss 0.2482 | LR 6.9555e-05
2026-03-11 01:35:58 INFO Epoch 5 | Step 7100/10683 | Loss 0.2482 | LR 6.9523e-05
2026-03-11 01:36:15 INFO Epoch 5 | Step 7120/10683 | Loss 0.2482 | LR 6.9491e-05
2026-03-11 01:36:31 INFO Epoch 5 | Step 7140/10683 | Loss 0.2482 | LR 6.9459e-05
2026-03-11 01:36:48 INFO Epoch 5 | Step 7160/10683 | Loss 0.2482 | LR 6.9427e-05
2026-03-11 01:37:05 INFO Epoch 5 | Step 7180/10683 | Loss 0.2482 | LR 6.9395e-05
2026-03-11 01:37:21 INFO Epoch 5 | Step 7200/10683 | Loss 0.2483 | LR 6.9363e-05
2026-03-11 01:37:38 INFO Epoch 5 | Step 7220/10683 | Loss 0.2483 | LR 6.9332e-05
2026-03-11 01:37:55 INFO Epoch 5 | Step 7240/10683 | Loss 0.2483 | LR 6.9300e-05
2026-03-11 01:38:11 INFO Epoch 5 | Step 7260/10683 | Loss 0.2483 | LR 6.9268e-05
2026-03-11 01:38:28 INFO Epoch 5 | Step 7280/10683 | Loss 0.2482 | LR 6.9236e-05
2026-03-11 01:38:45 INFO Epoch 5 | Step 7300/10683 | Loss 0.2481 | LR 6.9204e-05
2026-03-11 01:39:02 INFO Epoch 5 | Step 7320/10683 | Loss 0.2480 | LR 6.9172e-05
2026-03-11 01:39:18 INFO Epoch 5 | Step 7340/10683 | Loss 0.2480 | LR 6.9140e-05
2026-03-11 01:39:35 INFO Epoch 5 | Step 7360/10683 | Loss 0.2479 | LR 6.9108e-05
2026-03-11 01:39:52 INFO Epoch 5 | Step 7380/10683 | Loss 0.2479 | LR 6.9076e-05
2026-03-11 01:40:08 INFO Epoch 5 | Step 7400/10683 | Loss 0.2479 | LR 6.9044e-05
2026-03-11 01:40:25 INFO Epoch 5 | Step 7420/10683 | Loss 0.2479 | LR 6.9012e-05
2026-03-11 01:40:42 INFO Epoch 5 | Step 7440/10683 | Loss 0.2479 | LR 6.8980e-05
2026-03-11 01:40:59 INFO Epoch 5 | Step 7460/10683 | Loss 0.2479 | LR 6.8948e-05
2026-03-11 01:41:15 INFO Epoch 5 | Step 7480/10683 | Loss 0.2480 | LR 6.8916e-05
2026-03-11 01:41:32 INFO Epoch 5 | Step 7500/10683 | Loss 0.2479 | LR 6.8884e-05
2026-03-11 01:41:49 INFO Epoch 5 | Step 7520/10683 | Loss 0.2479 | LR 6.8852e-05
2026-03-11 01:42:05 INFO Epoch 5 | Step 7540/10683 | Loss 0.2479 | LR 6.8820e-05
2026-03-11 01:42:22 INFO Epoch 5 | Step 7560/10683 | Loss 0.2479 | LR 6.8788e-05
2026-03-11 01:42:39 INFO Epoch 5 | Step 7580/10683 | Loss 0.2479 | LR 6.8756e-05
2026-03-11 01:42:55 INFO Epoch 5 | Step 7600/10683 | Loss 0.2479 | LR 6.8724e-05
2026-03-11 01:43:12 INFO Epoch 5 | Step 7620/10683 | Loss 0.2478 | LR 6.8692e-05
2026-03-11 01:43:29 INFO Epoch 5 | Step 7640/10683 | Loss 0.2477 | LR 6.8660e-05
2026-03-11 01:43:45 INFO Epoch 5 | Step 7660/10683 | Loss 0.2478 | LR 6.8627e-05
2026-03-11 01:44:02 INFO Epoch 5 | Step 7680/10683 | Loss 0.2478 | LR 6.8595e-05
2026-03-11 01:44:19 INFO Epoch 5 | Step 7700/10683 | Loss 0.2477 | LR 6.8563e-05
2026-03-11 01:44:36 INFO Epoch 5 | Step 7720/10683 | Loss 0.2477 | LR 6.8531e-05
2026-03-11 01:44:52 INFO Epoch 5 | Step 7740/10683 | Loss 0.2477 | LR 6.8499e-05
2026-03-11 01:45:09 INFO Epoch 5 | Step 7760/10683 | Loss 0.2477 | LR 6.8467e-05
2026-03-11 01:45:26 INFO Epoch 5 | Step 7780/10683 | Loss 0.2477 | LR 6.8435e-05
2026-03-11 01:45:43 INFO Epoch 5 | Step 7800/10683 | Loss 0.2478 | LR 6.8402e-05
2026-03-11 01:46:00 INFO Epoch 5 | Step 7820/10683 | Loss 0.2478 | LR 6.8370e-05
2026-03-11 01:46:17 INFO Epoch 5 | Step 7840/10683 | Loss 0.2478 | LR 6.8338e-05
2026-03-11 01:46:34 INFO Epoch 5 | Step 7860/10683 | Loss 0.2478 | LR 6.8306e-05
2026-03-11 01:46:50 INFO Epoch 5 | Step 7880/10683 | Loss 0.2478 | LR 6.8274e-05
2026-03-11 01:47:07 INFO Epoch 5 | Step 7900/10683 | Loss 0.2478 | LR 6.8242e-05
2026-03-11 01:47:24 INFO Epoch 5 | Step 7920/10683 | Loss 0.2478 | LR 6.8209e-05
2026-03-11 01:47:41 INFO Epoch 5 | Step 7940/10683 | Loss 0.2478 | LR 6.8177e-05
2026-03-11 01:47:58 INFO Epoch 5 | Step 7960/10683 | Loss 0.2478 | LR 6.8145e-05
2026-03-11 01:48:15 INFO Epoch 5 | Step 7980/10683 | Loss 0.2478 | LR 6.8113e-05
2026-03-11 01:48:31 INFO Epoch 5 | Step 8000/10683 | Loss 0.2478 | LR 6.8080e-05
2026-03-11 01:48:48 INFO Epoch 5 | Step 8020/10683 | Loss 0.2478 | LR 6.8048e-05
2026-03-11 01:49:05 INFO Epoch 5 | Step 8040/10683 | Loss 0.2478 | LR 6.8016e-05
2026-03-11 01:49:22 INFO Epoch 5 | Step 8060/10683 | Loss 0.2478 | LR 6.7984e-05
2026-03-11 01:49:39 INFO Epoch 5 | Step 8080/10683 | Loss 0.2479 | LR 6.7951e-05
2026-03-11 01:49:56 INFO Epoch 5 | Step 8100/10683 | Loss 0.2478 | LR 6.7919e-05
2026-03-11 01:50:12 INFO Epoch 5 | Step 8120/10683 | Loss 0.2479 | LR 6.7887e-05
2026-03-11 01:50:29 INFO Epoch 5 | Step 8140/10683 | Loss 0.2479 | LR 6.7854e-05
2026-03-11 01:50:46 INFO Epoch 5 | Step 8160/10683 | Loss 0.2479 | LR 6.7822e-05
2026-03-11 01:51:03 INFO Epoch 5 | Step 8180/10683 | Loss 0.2480 | LR 6.7790e-05
2026-03-11 01:51:20 INFO Epoch 5 | Step 8200/10683 | Loss 0.2480 | LR 6.7757e-05
2026-03-11 01:51:37 INFO Epoch 5 | Step 8220/10683 | Loss 0.2480 | LR 6.7725e-05
2026-03-11 01:51:54 INFO Epoch 5 | Step 8240/10683 | Loss 0.2481 | LR 6.7693e-05
2026-03-11 01:52:10 INFO Epoch 5 | Step 8260/10683 | Loss 0.2481 | LR 6.7660e-05
2026-03-11 01:52:27 INFO Epoch 5 | Step 8280/10683 | Loss 0.2481 | LR 6.7628e-05
2026-03-11 01:52:44 INFO Epoch 5 | Step 8300/10683 | Loss 0.2480 | LR 6.7596e-05
2026-03-11 01:53:01 INFO Epoch 5 | Step 8320/10683 | Loss 0.2481 | LR 6.7563e-05
2026-03-11 01:53:18 INFO Epoch 5 | Step 8340/10683 | Loss 0.2481 | LR 6.7531e-05
2026-03-11 01:53:35 INFO Epoch 5 | Step 8360/10683 | Loss 0.2481 | LR 6.7498e-05
2026-03-11 01:53:52 INFO Epoch 5 | Step 8380/10683 | Loss 0.2480 | LR 6.7466e-05
2026-03-11 01:54:09 INFO Epoch 5 | Step 8400/10683 | Loss 0.2480 | LR 6.7434e-05
2026-03-11 01:54:26 INFO Epoch 5 | Step 8420/10683 | Loss 0.2480 | LR 6.7401e-05
2026-03-11 01:54:42 INFO Epoch 5 | Step 8440/10683 | Loss 0.2480 | LR 6.7369e-05
2026-03-11 01:54:59 INFO Epoch 5 | Step 8460/10683 | Loss 0.2480 | LR 6.7336e-05
2026-03-11 01:55:16 INFO Epoch 5 | Step 8480/10683 | Loss 0.2480 | LR 6.7304e-05
2026-03-11 01:55:33 INFO Epoch 5 | Step 8500/10683 | Loss 0.2479 | LR 6.7271e-05
2026-03-11 01:55:50 INFO Epoch 5 | Step 8520/10683 | Loss 0.2480 | LR 6.7239e-05
2026-03-11 01:56:07 INFO Epoch 5 | Step 8540/10683 | Loss 0.2480 | LR 6.7206e-05
2026-03-11 01:56:24 INFO Epoch 5 | Step 8560/10683 | Loss 0.2480 | LR 6.7174e-05
2026-03-11 01:56:40 INFO Epoch 5 | Step 8580/10683 | Loss 0.2480 | LR 6.7141e-05
2026-03-11 01:56:57 INFO Epoch 5 | Step 8600/10683 | Loss 0.2480 | LR 6.7109e-05
2026-03-11 01:57:14 INFO Epoch 5 | Step 8620/10683 | Loss 0.2480 | LR 6.7076e-05
2026-03-11 01:57:31 INFO Epoch 5 | Step 8640/10683 | Loss 0.2480 | LR 6.7044e-05
2026-03-11 01:57:48 INFO Epoch 5 | Step 8660/10683 | Loss 0.2479 | LR 6.7011e-05
2026-03-11 01:58:05 INFO Epoch 5 | Step 8680/10683 | Loss 0.2480 | LR 6.6979e-05
2026-03-11 01:58:22 INFO Epoch 5 | Step 8700/10683 | Loss 0.2479 | LR 6.6946e-05
2026-03-11 01:58:38 INFO Epoch 5 | Step 8720/10683 | Loss 0.2480 | LR 6.6914e-05
2026-03-11 01:58:55 INFO Epoch 5 | Step 8740/10683 | Loss 0.2480 | LR 6.6881e-05
2026-03-11 01:59:12 INFO Epoch 5 | Step 8760/10683 | Loss 0.2480 | LR 6.6849e-05
2026-03-11 01:59:29 INFO Epoch 5 | Step 8780/10683 | Loss 0.2480 | LR 6.6816e-05
2026-03-11 01:59:46 INFO Epoch 5 | Step 8800/10683 | Loss 0.2479 | LR 6.6783e-05
2026-03-11 02:00:03 INFO Epoch 5 | Step 8820/10683 | Loss 0.2479 | LR 6.6751e-05
2026-03-11 02:00:19 INFO Epoch 5 | Step 8840/10683 | Loss 0.2478 | LR 6.6718e-05
2026-03-11 02:00:36 INFO Epoch 5 | Step 8860/10683 | Loss 0.2478 | LR 6.6686e-05
2026-03-11 02:00:53 INFO Epoch 5 | Step 8880/10683 | Loss 0.2479 | LR 6.6653e-05
2026-03-11 02:01:10 INFO Epoch 5 | Step 8900/10683 | Loss 0.2478 | LR 6.6620e-05
2026-03-11 02:01:27 INFO Epoch 5 | Step 8920/10683 | Loss 0.2479 | LR 6.6588e-05
2026-03-11 02:01:44 INFO Epoch 5 | Step 8940/10683 | Loss 0.2479 | LR 6.6555e-05
2026-03-11 02:02:00 INFO Epoch 5 | Step 8960/10683 | Loss 0.2479 | LR 6.6522e-05
2026-03-11 02:02:17 INFO Epoch 5 | Step 8980/10683 | Loss 0.2479 | LR 6.6490e-05
2026-03-11 02:02:34 INFO Epoch 5 | Step 9000/10683 | Loss 0.2479 | LR 6.6457e-05
2026-03-11 02:02:51 INFO Epoch 5 | Step 9020/10683 | Loss 0.2479 | LR 6.6424e-05
2026-03-11 02:03:08 INFO Epoch 5 | Step 9040/10683 | Loss 0.2478 | LR 6.6392e-05
2026-03-11 02:03:25 INFO Epoch 5 | Step 9060/10683 | Loss 0.2478 | LR 6.6359e-05
2026-03-11 02:03:42 INFO Epoch 5 | Step 9080/10683 | Loss 0.2478 | LR 6.6326e-05
2026-03-11 02:03:58 INFO Epoch 5 | Step 9100/10683 | Loss 0.2477 | LR 6.6294e-05
2026-03-11 02:04:15 INFO Epoch 5 | Step 9120/10683 | Loss 0.2477 | LR 6.6261e-05
2026-03-11 02:04:32 INFO Epoch 5 | Step 9140/10683 | Loss 0.2477 | LR 6.6228e-05
2026-03-11 02:04:49 INFO Epoch 5 | Step 9160/10683 | Loss 0.2477 | LR 6.6195e-05
2026-03-11 02:05:06 INFO Epoch 5 | Step 9180/10683 | Loss 0.2476 | LR 6.6163e-05
2026-03-11 02:05:23 INFO Epoch 5 | Step 9200/10683 | Loss 0.2476 | LR 6.6130e-05
2026-03-11 02:05:40 INFO Epoch 5 | Step 9220/10683 | Loss 0.2476 | LR 6.6097e-05
2026-03-11 02:05:57 INFO Epoch 5 | Step 9240/10683 | Loss 0.2475 | LR 6.6064e-05
2026-03-11 02:06:13 INFO Epoch 5 | Step 9260/10683 | Loss 0.2476 | LR 6.6032e-05
2026-03-11 02:06:30 INFO Epoch 5 | Step 9280/10683 | Loss 0.2475 | LR 6.5999e-05
2026-03-11 02:06:47 INFO Epoch 5 | Step 9300/10683 | Loss 0.2476 | LR 6.5966e-05
2026-03-11 02:07:04 INFO Epoch 5 | Step 9320/10683 | Loss 0.2475 | LR 6.5933e-05
2026-03-11 02:07:21 INFO Epoch 5 | Step 9340/10683 | Loss 0.2476 | LR 6.5901e-05
2026-03-11 02:07:38 INFO Epoch 5 | Step 9360/10683 | Loss 0.2476 | LR 6.5868e-05
2026-03-11 02:07:55 INFO Epoch 5 | Step 9380/10683 | Loss 0.2476 | LR 6.5835e-05
2026-03-11 02:08:11 INFO Epoch 5 | Step 9400/10683 | Loss 0.2476 | LR 6.5802e-05
2026-03-11 02:08:28 INFO Epoch 5 | Step 9420/10683 | Loss 0.2476 | LR 6.5769e-05
2026-03-11 02:08:45 INFO Epoch 5 | Step 9440/10683 | Loss 0.2476 | LR 6.5736e-05
2026-03-11 02:09:02 INFO Epoch 5 | Step 9460/10683 | Loss 0.2476 | LR 6.5704e-05
2026-03-11 02:09:19 INFO Epoch 5 | Step 9480/10683 | Loss 0.2477 | LR 6.5671e-05
2026-03-11 02:09:36 INFO Epoch 5 | Step 9500/10683 | Loss 0.2477 | LR 6.5638e-05
2026-03-11 02:09:53 INFO Epoch 5 | Step 9520/10683 | Loss 0.2476 | LR 6.5605e-05
2026-03-11 02:10:09 INFO Epoch 5 | Step 9540/10683 | Loss 0.2476 | LR 6.5572e-05
2026-03-11 02:10:26 INFO Epoch 5 | Step 9560/10683 | Loss 0.2476 | LR 6.5539e-05
2026-03-11 02:10:43 INFO Epoch 5 | Step 9580/10683 | Loss 0.2475 | LR 6.5506e-05
2026-03-11 02:11:00 INFO Epoch 5 | Step 9600/10683 | Loss 0.2475 | LR 6.5474e-05
2026-03-11 02:11:17 INFO Epoch 5 | Step 9620/10683 | Loss 0.2475 | LR 6.5441e-05
2026-03-11 02:11:33 INFO Epoch 5 | Step 9640/10683 | Loss 0.2475 | LR 6.5408e-05
2026-03-11 02:11:50 INFO Epoch 5 | Step 9660/10683 | Loss 0.2475 | LR 6.5375e-05
2026-03-11 02:12:07 INFO Epoch 5 | Step 9680/10683 | Loss 0.2474 | LR 6.5342e-05
2026-03-11 02:12:24 INFO Epoch 5 | Step 9700/10683 | Loss 0.2474 | LR 6.5309e-05
2026-03-11 02:12:41 INFO Epoch 5 | Step 9720/10683 | Loss 0.2474 | LR 6.5276e-05
2026-03-11 02:12:58 INFO Epoch 5 | Step 9740/10683 | Loss 0.2474 | LR 6.5243e-05
2026-03-11 02:13:14 INFO Epoch 5 | Step 9760/10683 | Loss 0.2474 | LR 6.5210e-05
2026-03-11 02:13:31 INFO Epoch 5 | Step 9780/10683 | Loss 0.2474 | LR 6.5177e-05
2026-03-11 02:13:48 INFO Epoch 5 | Step 9800/10683 | Loss 0.2474 | LR 6.5144e-05
2026-03-11 02:14:05 INFO Epoch 5 | Step 9820/10683 | Loss 0.2474 | LR 6.5111e-05
2026-03-11 02:14:21 INFO Epoch 5 | Step 9840/10683 | Loss 0.2473 | LR 6.5078e-05
2026-03-11 02:14:38 INFO Epoch 5 | Step 9860/10683 | Loss 0.2473 | LR 6.5045e-05
2026-03-11 02:14:55 INFO Epoch 5 | Step 9880/10683 | Loss 0.2473 | LR 6.5012e-05
2026-03-11 02:15:12 INFO Epoch 5 | Step 9900/10683 | Loss 0.2473 | LR 6.4979e-05
2026-03-11 02:15:28 INFO Epoch 5 | Step 9920/10683 | Loss 0.2473 | LR 6.4946e-05
2026-03-11 02:15:45 INFO Epoch 5 | Step 9940/10683 | Loss 0.2473 | LR 6.4913e-05
2026-03-11 02:16:02 INFO Epoch 5 | Step 9960/10683 | Loss 0.2473 | LR 6.4880e-05
2026-03-11 02:16:19 INFO Epoch 5 | Step 9980/10683 | Loss 0.2472 | LR 6.4847e-05
2026-03-11 02:16:36 INFO Epoch 5 | Step 10000/10683 | Loss 0.2473 | LR 6.4814e-05
2026-03-11 02:16:52 INFO Epoch 5 | Step 10020/10683 | Loss 0.2473 | LR 6.4781e-05
2026-03-11 02:17:09 INFO Epoch 5 | Step 10040/10683 | Loss 0.2473 | LR 6.4748e-05
2026-03-11 02:17:26 INFO Epoch 5 | Step 10060/10683 | Loss 0.2473 | LR 6.4715e-05
2026-03-11 02:17:43 INFO Epoch 5 | Step 10080/10683 | Loss 0.2473 | LR 6.4682e-05
2026-03-11 02:18:00 INFO Epoch 5 | Step 10100/10683 | Loss 0.2472 | LR 6.4649e-05
2026-03-11 02:18:16 INFO Epoch 5 | Step 10120/10683 | Loss 0.2473 | LR 6.4616e-05
2026-03-11 02:18:33 INFO Epoch 5 | Step 10140/10683 | Loss 0.2473 | LR 6.4583e-05
2026-03-11 02:18:49 INFO Epoch 5 | Step 10160/10683 | Loss 0.2473 | LR 6.4550e-05
2026-03-11 02:19:05 INFO Epoch 5 | Step 10180/10683 | Loss 0.2472 | LR 6.4516e-05
2026-03-11 02:19:22 INFO Epoch 5 | Step 10200/10683 | Loss 0.2472 | LR 6.4483e-05
2026-03-11 02:19:38 INFO Epoch 5 | Step 10220/10683 | Loss 0.2471 | LR 6.4450e-05
2026-03-11 02:19:55 INFO Epoch 5 | Step 10240/10683 | Loss 0.2471 | LR 6.4417e-05
2026-03-11 02:20:11 INFO Epoch 5 | Step 10260/10683 | Loss 0.2471 | LR 6.4384e-05
2026-03-11 02:20:27 INFO Epoch 5 | Step 10280/10683 | Loss 0.2471 | LR 6.4351e-05
2026-03-11 02:20:44 INFO Epoch 5 | Step 10300/10683 | Loss 0.2471 | LR 6.4318e-05
2026-03-11 02:21:01 INFO Epoch 5 | Step 10320/10683 | Loss 0.2470 | LR 6.4285e-05
2026-03-11 02:21:17 INFO Epoch 5 | Step 10340/10683 | Loss 0.2470 | LR 6.4251e-05
2026-03-11 02:21:34 INFO Epoch 5 | Step 10360/10683 | Loss 0.2470 | LR 6.4218e-05
2026-03-11 02:21:50 INFO Epoch 5 | Step 10380/10683 | Loss 0.2469 | LR 6.4185e-05
2026-03-11 02:22:07 INFO Epoch 5 | Step 10400/10683 | Loss 0.2469 | LR 6.4152e-05
2026-03-11 02:22:23 INFO Epoch 5 | Step 10420/10683 | Loss 0.2469 | LR 6.4119e-05
2026-03-11 02:22:40 INFO Epoch 5 | Step 10440/10683 | Loss 0.2469 | LR 6.4085e-05
2026-03-11 02:22:56 INFO Epoch 5 | Step 10460/10683 | Loss 0.2469 | LR 6.4052e-05
2026-03-11 02:23:13 INFO Epoch 5 | Step 10480/10683 | Loss 0.2468 | LR 6.4019e-05
2026-03-11 02:23:29 INFO Epoch 5 | Step 10500/10683 | Loss 0.2468 | LR 6.3986e-05
2026-03-11 02:23:46 INFO Epoch 5 | Step 10520/10683 | Loss 0.2468 | LR 6.3953e-05
2026-03-11 02:24:02 INFO Epoch 5 | Step 10540/10683 | Loss 0.2467 | LR 6.3919e-05
2026-03-11 02:24:19 INFO Epoch 5 | Step 10560/10683 | Loss 0.2467 | LR 6.3886e-05
2026-03-11 02:24:35 INFO Epoch 5 | Step 10580/10683 | Loss 0.2467 | LR 6.3853e-05
2026-03-11 02:24:51 INFO Epoch 5 | Step 10600/10683 | Loss 0.2467 | LR 6.3820e-05
2026-03-11 02:25:08 INFO Epoch 5 | Step 10620/10683 | Loss 0.2467 | LR 6.3786e-05
2026-03-11 02:25:24 INFO Epoch 5 | Step 10640/10683 | Loss 0.2467 | LR 6.3753e-05
2026-03-11 02:25:41 INFO Epoch 5 | Step 10660/10683 | Loss 0.2467 | LR 6.3720e-05
2026-03-11 02:25:57 INFO Epoch 5 | Step 10680/10683 | Loss 0.2468 | LR 6.3687e-05
2026-03-11 02:26:00 INFO Epoch 5 | Step 10683/10683 | Loss 0.2468 | LR 6.3682e-05
2026-03-11 02:47:45 INFO CSV Written | Epoch: 5
2026-03-11 02:47:45 INFO Best Saved | Epoch: 5 | Monitor: val_auprc | Value: 0.9667
2026-03-11 02:47:45 INFO Epoch Done | Epoch: 5 | Time: 10225.5119 | Train Loss: 0.2468 | Val Accuracy: 0.8906 | Val AUPRC: 0.9667 | Val Auroc: 0.9626 | Val F1: 0.8935 | Val Loss: 0.3183
2026-03-11 02:47:45 INFO Epoch Start | Epoch: 6
2026-03-11 02:47:53 INFO Epoch 6 | Step 1/10683 | Loss 0.2468 | LR 6.3680e-05
2026-03-11 02:48:08 INFO Epoch 6 | Step 20/10683 | Loss 0.2328 | LR 6.3648e-05
2026-03-11 02:48:25 INFO Epoch 6 | Step 40/10683 | Loss 0.2438 | LR 6.3615e-05
2026-03-11 02:48:41 INFO Epoch 6 | Step 60/10683 | Loss 0.2397 | LR 6.3582e-05
2026-03-11 02:48:58 INFO Epoch 6 | Step 80/10683 | Loss 0.2400 | LR 6.3548e-05
2026-03-11 02:49:14 INFO Epoch 6 | Step 100/10683 | Loss 0.2407 | LR 6.3515e-05
2026-03-11 02:49:31 INFO Epoch 6 | Step 120/10683 | Loss 0.2398 | LR 6.3482e-05
2026-03-11 02:49:47 INFO Epoch 6 | Step 140/10683 | Loss 0.2403 | LR 6.3449e-05
2026-03-11 02:50:04 INFO Epoch 6 | Step 160/10683 | Loss 0.2412 | LR 6.3415e-05
2026-03-11 02:50:20 INFO Epoch 6 | Step 180/10683 | Loss 0.2391 | LR 6.3382e-05
2026-03-11 02:50:37 INFO Epoch 6 | Step 200/10683 | Loss 0.2380 | LR 6.3349e-05
2026-03-11 02:50:53 INFO Epoch 6 | Step 220/10683 | Loss 0.2349 | LR 6.3315e-05
2026-03-11 02:51:10 INFO Epoch 6 | Step 240/10683 | Loss 0.2360 | LR 6.3282e-05
2026-03-11 02:51:26 INFO Epoch 6 | Step 260/10683 | Loss 0.2352 | LR 6.3248e-05
2026-03-11 02:51:43 INFO Epoch 6 | Step 280/10683 | Loss 0.2357 | LR 6.3215e-05
2026-03-11 02:51:59 INFO Epoch 6 | Step 300/10683 | Loss 0.2359 | LR 6.3182e-05
2026-03-11 02:52:16 INFO Epoch 6 | Step 320/10683 | Loss 0.2366 | LR 6.3148e-05
2026-03-11 02:52:32 INFO Epoch 6 | Step 340/10683 | Loss 0.2362 | LR 6.3115e-05
2026-03-11 02:52:49 INFO Epoch 6 | Step 360/10683 | Loss 0.2370 | LR 6.3082e-05
2026-03-11 02:53:05 INFO Epoch 6 | Step 380/10683 | Loss 0.2368 | LR 6.3048e-05
2026-03-11 02:53:22 INFO Epoch 6 | Step 400/10683 | Loss 0.2367 | LR 6.3015e-05
2026-03-11 02:53:38 INFO Epoch 6 | Step 420/10683 | Loss 0.2372 | LR 6.2981e-05
2026-03-11 02:53:55 INFO Epoch 6 | Step 440/10683 | Loss 0.2372 | LR 6.2948e-05
2026-03-11 02:54:11 INFO Epoch 6 | Step 460/10683 | Loss 0.2366 | LR 6.2915e-05
2026-03-11 02:54:28 INFO Epoch 6 | Step 480/10683 | Loss 0.2370 | LR 6.2881e-05
2026-03-11 02:54:44 INFO Epoch 6 | Step 500/10683 | Loss 0.2360 | LR 6.2848e-05
2026-03-11 02:55:01 INFO Epoch 6 | Step 520/10683 | Loss 0.2357 | LR 6.2814e-05
2026-03-11 02:55:17 INFO Epoch 6 | Step 540/10683 | Loss 0.2356 | LR 6.2781e-05
2026-03-11 02:55:34 INFO Epoch 6 | Step 560/10683 | Loss 0.2356 | LR 6.2747e-05
2026-03-11 02:55:50 INFO Epoch 6 | Step 580/10683 | Loss 0.2355 | LR 6.2714e-05
2026-03-11 02:56:07 INFO Epoch 6 | Step 600/10683 | Loss 0.2351 | LR 6.2680e-05
2026-03-11 02:56:24 INFO Epoch 6 | Step 620/10683 | Loss 0.2347 | LR 6.2647e-05
2026-03-11 02:56:40 INFO Epoch 6 | Step 640/10683 | Loss 0.2342 | LR 6.2614e-05
2026-03-11 02:56:57 INFO Epoch 6 | Step 660/10683 | Loss 0.2350 | LR 6.2580e-05
2026-03-11 02:57:13 INFO Epoch 6 | Step 680/10683 | Loss 0.2359 | LR 6.2547e-05
2026-03-11 02:57:29 INFO Epoch 6 | Step 700/10683 | Loss 0.2363 | LR 6.2513e-05
2026-03-11 02:57:46 INFO Epoch 6 | Step 720/10683 | Loss 0.2365 | LR 6.2480e-05
2026-03-11 02:58:03 INFO Epoch 6 | Step 740/10683 | Loss 0.2370 | LR 6.2446e-05
2026-03-11 02:58:19 INFO Epoch 6 | Step 760/10683 | Loss 0.2368 | LR 6.2413e-05
2026-03-11 02:58:36 INFO Epoch 6 | Step 780/10683 | Loss 0.2367 | LR 6.2379e-05
2026-03-11 02:58:52 INFO Epoch 6 | Step 800/10683 | Loss 0.2368 | LR 6.2346e-05
2026-03-11 02:59:09 INFO Epoch 6 | Step 820/10683 | Loss 0.2364 | LR 6.2312e-05
2026-03-11 02:59:25 INFO Epoch 6 | Step 840/10683 | Loss 0.2362 | LR 6.2278e-05
2026-03-11 02:59:42 INFO Epoch 6 | Step 860/10683 | Loss 0.2363 | LR 6.2245e-05
2026-03-11 02:59:58 INFO Epoch 6 | Step 880/10683 | Loss 0.2365 | LR 6.2211e-05
2026-03-11 03:00:15 INFO Epoch 6 | Step 900/10683 | Loss 0.2360 | LR 6.2178e-05
2026-03-11 03:00:31 INFO Epoch 6 | Step 920/10683 | Loss 0.2356 | LR 6.2144e-05
2026-03-11 03:00:48 INFO Epoch 6 | Step 940/10683 | Loss 0.2357 | LR 6.2111e-05
2026-03-11 03:01:05 INFO Epoch 6 | Step 960/10683 | Loss 0.2363 | LR 6.2077e-05
2026-03-11 03:01:21 INFO Epoch 6 | Step 980/10683 | Loss 0.2366 | LR 6.2044e-05
2026-03-11 03:01:38 INFO Epoch 6 | Step 1000/10683 | Loss 0.2370 | LR 6.2010e-05
2026-03-11 03:01:54 INFO Epoch 6 | Step 1020/10683 | Loss 0.2372 | LR 6.1976e-05
2026-03-11 03:02:11 INFO Epoch 6 | Step 1040/10683 | Loss 0.2374 | LR 6.1943e-05
2026-03-11 03:02:27 INFO Epoch 6 | Step 1060/10683 | Loss 0.2379 | LR 6.1909e-05
2026-03-11 03:02:44 INFO Epoch 6 | Step 1080/10683 | Loss 0.2380 | LR 6.1876e-05
2026-03-11 03:03:00 INFO Epoch 6 | Step 1100/10683 | Loss 0.2381 | LR 6.1842e-05
2026-03-11 03:03:17 INFO Epoch 6 | Step 1120/10683 | Loss 0.2380 | LR 6.1808e-05
2026-03-11 03:03:33 INFO Epoch 6 | Step 1140/10683 | Loss 0.2382 | LR 6.1775e-05
2026-03-11 03:03:50 INFO Epoch 6 | Step 1160/10683 | Loss 0.2381 | LR 6.1741e-05
2026-03-11 03:04:06 INFO Epoch 6 | Step 1180/10683 | Loss 0.2377 | LR 6.1707e-05
2026-03-11 03:04:23 INFO Epoch 6 | Step 1200/10683 | Loss 0.2380 | LR 6.1674e-05
2026-03-11 03:04:39 INFO Epoch 6 | Step 1220/10683 | Loss 0.2382 | LR 6.1640e-05
2026-03-11 03:04:56 INFO Epoch 6 | Step 1240/10683 | Loss 0.2385 | LR 6.1607e-05
2026-03-11 03:05:13 INFO Epoch 6 | Step 1260/10683 | Loss 0.2383 | LR 6.1573e-05
2026-03-11 03:05:29 INFO Epoch 6 | Step 1280/10683 | Loss 0.2385 | LR 6.1539e-05
2026-03-11 03:05:46 INFO Epoch 6 | Step 1300/10683 | Loss 0.2388 | LR 6.1506e-05
2026-03-11 03:06:02 INFO Epoch 6 | Step 1320/10683 | Loss 0.2389 | LR 6.1472e-05
2026-03-11 03:06:19 INFO Epoch 6 | Step 1340/10683 | Loss 0.2384 | LR 6.1438e-05
2026-03-11 03:06:35 INFO Epoch 6 | Step 1360/10683 | Loss 0.2386 | LR 6.1405e-05
2026-03-11 03:06:52 INFO Epoch 6 | Step 1380/10683 | Loss 0.2385 | LR 6.1371e-05
2026-03-11 03:07:08 INFO Epoch 6 | Step 1400/10683 | Loss 0.2384 | LR 6.1337e-05
2026-03-11 03:07:25 INFO Epoch 6 | Step 1420/10683 | Loss 0.2383 | LR 6.1303e-05
2026-03-11 03:07:42 INFO Epoch 6 | Step 1440/10683 | Loss 0.2388 | LR 6.1270e-05
2026-03-11 03:07:58 INFO Epoch 6 | Step 1460/10683 | Loss 0.2387 | LR 6.1236e-05
2026-03-11 03:08:15 INFO Epoch 6 | Step 1480/10683 | Loss 0.2386 | LR 6.1202e-05
2026-03-11 03:08:31 INFO Epoch 6 | Step 1500/10683 | Loss 0.2387 | LR 6.1169e-05
2026-03-11 03:08:48 INFO Epoch 6 | Step 1520/10683 | Loss 0.2386 | LR 6.1135e-05
2026-03-11 03:09:04 INFO Epoch 6 | Step 1540/10683 | Loss 0.2385 | LR 6.1101e-05
2026-03-11 03:09:21 INFO Epoch 6 | Step 1560/10683 | Loss 0.2383 | LR 6.1067e-05
2026-03-11 03:09:38 INFO Epoch 6 | Step 1580/10683 | Loss 0.2383 | LR 6.1034e-05
2026-03-11 03:09:54 INFO Epoch 6 | Step 1600/10683 | Loss 0.2383 | LR 6.1000e-05
2026-03-11 03:10:11 INFO Epoch 6 | Step 1620/10683 | Loss 0.2384 | LR 6.0966e-05
2026-03-11 03:10:28 INFO Epoch 6 | Step 1640/10683 | Loss 0.2383 | LR 6.0932e-05
2026-03-11 03:10:44 INFO Epoch 6 | Step 1660/10683 | Loss 0.2383 | LR 6.0899e-05
2026-03-11 03:11:01 INFO Epoch 6 | Step 1680/10683 | Loss 0.2384 | LR 6.0865e-05
2026-03-11 03:11:17 INFO Epoch 6 | Step 1700/10683 | Loss 0.2383 | LR 6.0831e-05
2026-03-11 03:11:34 INFO Epoch 6 | Step 1720/10683 | Loss 0.2385 | LR 6.0797e-05
2026-03-11 03:11:50 INFO Epoch 6 | Step 1740/10683 | Loss 0.2385 | LR 6.0764e-05
2026-03-11 03:12:07 INFO Epoch 6 | Step 1760/10683 | Loss 0.2385 | LR 6.0730e-05
2026-03-11 03:12:24 INFO Epoch 6 | Step 1780/10683 | Loss 0.2388 | LR 6.0696e-05
2026-03-11 03:12:40 INFO Epoch 6 | Step 1800/10683 | Loss 0.2389 | LR 6.0662e-05
2026-03-11 03:12:57 INFO Epoch 6 | Step 1820/10683 | Loss 0.2388 | LR 6.0628e-05
2026-03-11 03:13:13 INFO Epoch 6 | Step 1840/10683 | Loss 0.2388 | LR 6.0595e-05
2026-03-11 03:13:30 INFO Epoch 6 | Step 1860/10683 | Loss 0.2386 | LR 6.0561e-05
2026-03-11 03:13:46 INFO Epoch 6 | Step 1880/10683 | Loss 0.2386 | LR 6.0527e-05
2026-03-11 03:14:03 INFO Epoch 6 | Step 1900/10683 | Loss 0.2386 | LR 6.0493e-05
2026-03-11 03:14:19 INFO Epoch 6 | Step 1920/10683 | Loss 0.2385 | LR 6.0459e-05
2026-03-11 03:14:36 INFO Epoch 6 | Step 1940/10683 | Loss 0.2384 | LR 6.0425e-05
2026-03-11 03:14:53 INFO Epoch 6 | Step 1960/10683 | Loss 0.2384 | LR 6.0392e-05
2026-03-11 03:15:09 INFO Epoch 6 | Step 1980/10683 | Loss 0.2389 | LR 6.0358e-05
2026-03-11 03:15:26 INFO Epoch 6 | Step 2000/10683 | Loss 0.2388 | LR 6.0324e-05
2026-03-11 03:15:42 INFO Epoch 6 | Step 2020/10683 | Loss 0.2391 | LR 6.0290e-05
2026-03-11 03:15:59 INFO Epoch 6 | Step 2040/10683 | Loss 0.2390 | LR 6.0256e-05
2026-03-11 03:16:15 INFO Epoch 6 | Step 2060/10683 | Loss 0.2388 | LR 6.0222e-05
2026-03-11 03:16:32 INFO Epoch 6 | Step 2080/10683 | Loss 0.2389 | LR 6.0188e-05
2026-03-11 03:16:48 INFO Epoch 6 | Step 2100/10683 | Loss 0.2390 | LR 6.0155e-05
2026-03-11 03:17:05 INFO Epoch 6 | Step 2120/10683 | Loss 0.2390 | LR 6.0121e-05
2026-03-11 03:17:22 INFO Epoch 6 | Step 2140/10683 | Loss 0.2389 | LR 6.0087e-05
2026-03-11 03:17:38 INFO Epoch 6 | Step 2160/10683 | Loss 0.2389 | LR 6.0053e-05
2026-03-11 03:17:55 INFO Epoch 6 | Step 2180/10683 | Loss 0.2387 | LR 6.0019e-05
2026-03-11 03:18:11 INFO Epoch 6 | Step 2200/10683 | Loss 0.2388 | LR 5.9985e-05
2026-03-11 03:18:28 INFO Epoch 6 | Step 2220/10683 | Loss 0.2387 | LR 5.9951e-05
2026-03-11 03:18:45 INFO Epoch 6 | Step 2240/10683 | Loss 0.2388 | LR 5.9917e-05
2026-03-11 03:19:01 INFO Epoch 6 | Step 2260/10683 | Loss 0.2390 | LR 5.9883e-05
2026-03-11 03:19:18 INFO Epoch 6 | Step 2280/10683 | Loss 0.2389 | LR 5.9850e-05
2026-03-11 03:19:34 INFO Epoch 6 | Step 2300/10683 | Loss 0.2386 | LR 5.9816e-05
2026-03-11 03:19:51 INFO Epoch 6 | Step 2320/10683 | Loss 0.2384 | LR 5.9782e-05
2026-03-11 03:20:07 INFO Epoch 6 | Step 2340/10683 | Loss 0.2383 | LR 5.9748e-05
2026-03-11 03:20:24 INFO Epoch 6 | Step 2360/10683 | Loss 0.2384 | LR 5.9714e-05
2026-03-11 03:20:41 INFO Epoch 6 | Step 2380/10683 | Loss 0.2385 | LR 5.9680e-05
2026-03-11 03:20:57 INFO Epoch 6 | Step 2400/10683 | Loss 0.2382 | LR 5.9646e-05
2026-03-11 03:21:14 INFO Epoch 6 | Step 2420/10683 | Loss 0.2382 | LR 5.9612e-05
2026-03-11 03:21:30 INFO Epoch 6 | Step 2440/10683 | Loss 0.2380 | LR 5.9578e-05
2026-03-11 03:21:47 INFO Epoch 6 | Step 2460/10683 | Loss 0.2380 | LR 5.9544e-05
2026-03-11 03:22:03 INFO Epoch 6 | Step 2480/10683 | Loss 0.2380 | LR 5.9510e-05
2026-03-11 03:22:20 INFO Epoch 6 | Step 2500/10683 | Loss 0.2380 | LR 5.9476e-05
2026-03-11 03:22:36 INFO Epoch 6 | Step 2520/10683 | Loss 0.2379 | LR 5.9442e-05
2026-03-11 03:22:53 INFO Epoch 6 | Step 2540/10683 | Loss 0.2380 | LR 5.9408e-05
2026-03-11 03:23:10 INFO Epoch 6 | Step 2560/10683 | Loss 0.2380 | LR 5.9374e-05
2026-03-11 03:23:26 INFO Epoch 6 | Step 2580/10683 | Loss 0.2380 | LR 5.9340e-05
2026-03-11 03:23:43 INFO Epoch 6 | Step 2600/10683 | Loss 0.2378 | LR 5.9306e-05
2026-03-11 03:23:59 INFO Epoch 6 | Step 2620/10683 | Loss 0.2378 | LR 5.9272e-05
2026-03-11 03:24:16 INFO Epoch 6 | Step 2640/10683 | Loss 0.2377 | LR 5.9238e-05
2026-03-11 03:24:32 INFO Epoch 6 | Step 2660/10683 | Loss 0.2378 | LR 5.9204e-05
2026-03-11 03:24:49 INFO Epoch 6 | Step 2680/10683 | Loss 0.2377 | LR 5.9170e-05
2026-03-11 03:25:05 INFO Epoch 6 | Step 2700/10683 | Loss 0.2378 | LR 5.9136e-05
2026-03-11 03:25:22 INFO Epoch 6 | Step 2720/10683 | Loss 0.2378 | LR 5.9102e-05
2026-03-11 03:25:39 INFO Epoch 6 | Step 2740/10683 | Loss 0.2378 | LR 5.9068e-05
2026-03-11 03:25:55 INFO Epoch 6 | Step 2760/10683 | Loss 0.2380 | LR 5.9034e-05
2026-03-11 03:26:12 INFO Epoch 6 | Step 2780/10683 | Loss 0.2380 | LR 5.9000e-05
2026-03-11 03:26:29 INFO Epoch 6 | Step 2800/10683 | Loss 0.2380 | LR 5.8966e-05
2026-03-11 03:26:45 INFO Epoch 6 | Step 2820/10683 | Loss 0.2379 | LR 5.8932e-05
2026-03-11 03:27:02 INFO Epoch 6 | Step 2840/10683 | Loss 0.2380 | LR 5.8898e-05
2026-03-11 03:27:18 INFO Epoch 6 | Step 2860/10683 | Loss 0.2381 | LR 5.8864e-05
2026-03-11 03:27:35 INFO Epoch 6 | Step 2880/10683 | Loss 0.2380 | LR 5.8830e-05
2026-03-11 03:27:51 INFO Epoch 6 | Step 2900/10683 | Loss 0.2378 | LR 5.8796e-05
2026-03-11 03:28:08 INFO Epoch 6 | Step 2920/10683 | Loss 0.2378 | LR 5.8762e-05
2026-03-11 03:28:25 INFO Epoch 6 | Step 2940/10683 | Loss 0.2378 | LR 5.8728e-05
2026-03-11 03:28:41 INFO Epoch 6 | Step 2960/10683 | Loss 0.2376 | LR 5.8694e-05
2026-03-11 03:28:58 INFO Epoch 6 | Step 2980/10683 | Loss 0.2377 | LR 5.8660e-05
2026-03-11 03:29:14 INFO Epoch 6 | Step 3000/10683 | Loss 0.2376 | LR 5.8625e-05
2026-03-11 03:29:31 INFO Epoch 6 | Step 3020/10683 | Loss 0.2375 | LR 5.8591e-05
2026-03-11 03:29:48 INFO Epoch 6 | Step 3040/10683 | Loss 0.2375 | LR 5.8557e-05
2026-03-11 03:30:04 INFO Epoch 6 | Step 3060/10683 | Loss 0.2374 | LR 5.8523e-05
2026-03-11 03:30:21 INFO Epoch 6 | Step 3080/10683 | Loss 0.2373 | LR 5.8489e-05
2026-03-11 03:30:37 INFO Epoch 6 | Step 3100/10683 | Loss 0.2373 | LR 5.8455e-05
2026-03-11 03:30:54 INFO Epoch 6 | Step 3120/10683 | Loss 0.2372 | LR 5.8421e-05
2026-03-11 03:31:10 INFO Epoch 6 | Step 3140/10683 | Loss 0.2372 | LR 5.8387e-05
2026-03-11 03:31:27 INFO Epoch 6 | Step 3160/10683 | Loss 0.2371 | LR 5.8353e-05
2026-03-11 03:31:44 INFO Epoch 6 | Step 3180/10683 | Loss 0.2371 | LR 5.8319e-05
2026-03-11 03:32:00 INFO Epoch 6 | Step 3200/10683 | Loss 0.2371 | LR 5.8285e-05
2026-03-11 03:32:17 INFO Epoch 6 | Step 3220/10683 | Loss 0.2370 | LR 5.8250e-05
2026-03-11 03:32:33 INFO Epoch 6 | Step 3240/10683 | Loss 0.2371 | LR 5.8216e-05
2026-03-11 03:32:50 INFO Epoch 6 | Step 3260/10683 | Loss 0.2370 | LR 5.8182e-05
2026-03-11 03:33:06 INFO Epoch 6 | Step 3280/10683 | Loss 0.2369 | LR 5.8148e-05
2026-03-11 03:33:23 INFO Epoch 6 | Step 3300/10683 | Loss 0.2368 | LR 5.8114e-05
2026-03-11 03:33:40 INFO Epoch 6 | Step 3320/10683 | Loss 0.2368 | LR 5.8080e-05
2026-03-11 03:33:56 INFO Epoch 6 | Step 3340/10683 | Loss 0.2370 | LR 5.8046e-05
2026-03-11 03:34:13 INFO Epoch 6 | Step 3360/10683 | Loss 0.2369 | LR 5.8011e-05
2026-03-11 03:34:29 INFO Epoch 6 | Step 3380/10683 | Loss 0.2370 | LR 5.7977e-05
2026-03-11 03:34:46 INFO Epoch 6 | Step 3400/10683 | Loss 0.2370 | LR 5.7943e-05
2026-03-11 03:35:02 INFO Epoch 6 | Step 3420/10683 | Loss 0.2369 | LR 5.7909e-05
2026-03-11 03:35:19 INFO Epoch 6 | Step 3440/10683 | Loss 0.2370 | LR 5.7875e-05
2026-03-11 03:35:36 INFO Epoch 6 | Step 3460/10683 | Loss 0.2371 | LR 5.7841e-05
2026-03-11 03:35:52 INFO Epoch 6 | Step 3480/10683 | Loss 0.2370 | LR 5.7806e-05
2026-03-11 03:36:09 INFO Epoch 6 | Step 3500/10683 | Loss 0.2369 | LR 5.7772e-05
2026-03-11 03:36:25 INFO Epoch 6 | Step 3520/10683 | Loss 0.2368 | LR 5.7738e-05
2026-03-11 03:36:42 INFO Epoch 6 | Step 3540/10683 | Loss 0.2367 | LR 5.7704e-05
2026-03-11 03:36:58 INFO Epoch 6 | Step 3560/10683 | Loss 0.2367 | LR 5.7670e-05
2026-03-11 03:37:15 INFO Epoch 6 | Step 3580/10683 | Loss 0.2367 | LR 5.7636e-05
2026-03-11 03:37:31 INFO Epoch 6 | Step 3600/10683 | Loss 0.2369 | LR 5.7601e-05
2026-03-11 03:37:48 INFO Epoch 6 | Step 3620/10683 | Loss 0.2368 | LR 5.7567e-05
2026-03-11 03:38:05 INFO Epoch 6 | Step 3640/10683 | Loss 0.2368 | LR 5.7533e-05
2026-03-11 03:38:21 INFO Epoch 6 | Step 3660/10683 | Loss 0.2369 | LR 5.7499e-05
2026-03-11 03:38:38 INFO Epoch 6 | Step 3680/10683 | Loss 0.2369 | LR 5.7465e-05
2026-03-11 03:38:55 INFO Epoch 6 | Step 3700/10683 | Loss 0.2369 | LR 5.7430e-05
2026-03-11 03:39:11 INFO Epoch 6 | Step 3720/10683 | Loss 0.2369 | LR 5.7396e-05
2026-03-11 03:39:28 INFO Epoch 6 | Step 3740/10683 | Loss 0.2369 | LR 5.7362e-05
2026-03-11 03:39:45 INFO Epoch 6 | Step 3760/10683 | Loss 0.2369 | LR 5.7328e-05
2026-03-11 03:40:01 INFO Epoch 6 | Step 3780/10683 | Loss 0.2370 | LR 5.7293e-05
2026-03-11 03:40:18 INFO Epoch 6 | Step 3800/10683 | Loss 0.2369 | LR 5.7259e-05
2026-03-11 03:40:35 INFO Epoch 6 | Step 3820/10683 | Loss 0.2370 | LR 5.7225e-05
2026-03-11 03:40:51 INFO Epoch 6 | Step 3840/10683 | Loss 0.2369 | LR 5.7191e-05
2026-03-11 03:41:08 INFO Epoch 6 | Step 3860/10683 | Loss 0.2369 | LR 5.7157e-05
2026-03-11 03:41:25 INFO Epoch 6 | Step 3880/10683 | Loss 0.2368 | LR 5.7122e-05
2026-03-11 03:41:41 INFO Epoch 6 | Step 3900/10683 | Loss 0.2367 | LR 5.7088e-05
2026-03-11 03:41:58 INFO Epoch 6 | Step 3920/10683 | Loss 0.2366 | LR 5.7054e-05
2026-03-11 03:42:15 INFO Epoch 6 | Step 3940/10683 | Loss 0.2366 | LR 5.7020e-05
2026-03-11 03:42:32 INFO Epoch 6 | Step 3960/10683 | Loss 0.2366 | LR 5.6985e-05
2026-03-11 03:42:48 INFO Epoch 6 | Step 3980/10683 | Loss 0.2366 | LR 5.6951e-05
2026-03-11 03:43:05 INFO Epoch 6 | Step 4000/10683 | Loss 0.2367 | LR 5.6917e-05
2026-03-11 03:43:21 INFO Epoch 6 | Step 4020/10683 | Loss 0.2367 | LR 5.6883e-05
2026-03-11 03:43:38 INFO Epoch 6 | Step 4040/10683 | Loss 0.2367 | LR 5.6848e-05
2026-03-11 03:43:55 INFO Epoch 6 | Step 4060/10683 | Loss 0.2368 | LR 5.6814e-05
2026-03-11 03:44:11 INFO Epoch 6 | Step 4080/10683 | Loss 0.2368 | LR 5.6780e-05
2026-03-11 03:44:28 INFO Epoch 6 | Step 4100/10683 | Loss 0.2368 | LR 5.6745e-05
2026-03-11 03:44:45 INFO Epoch 6 | Step 4120/10683 | Loss 0.2367 | LR 5.6711e-05
2026-03-11 03:45:01 INFO Epoch 6 | Step 4140/10683 | Loss 0.2366 | LR 5.6677e-05
2026-03-11 03:45:18 INFO Epoch 6 | Step 4160/10683 | Loss 0.2366 | LR 5.6643e-05
2026-03-11 03:45:35 INFO Epoch 6 | Step 4180/10683 | Loss 0.2366 | LR 5.6608e-05
2026-03-11 03:45:51 INFO Epoch 6 | Step 4200/10683 | Loss 0.2366 | LR 5.6574e-05
2026-03-11 03:46:08 INFO Epoch 6 | Step 4220/10683 | Loss 0.2365 | LR 5.6540e-05
2026-03-11 03:46:24 INFO Epoch 6 | Step 4240/10683 | Loss 0.2365 | LR 5.6505e-05
2026-03-11 03:46:41 INFO Epoch 6 | Step 4260/10683 | Loss 0.2364 | LR 5.6471e-05
2026-03-11 03:46:58 INFO Epoch 6 | Step 4280/10683 | Loss 0.2364 | LR 5.6437e-05
2026-03-11 03:47:14 INFO Epoch 6 | Step 4300/10683 | Loss 0.2364 | LR 5.6402e-05
2026-03-11 03:47:31 INFO Epoch 6 | Step 4320/10683 | Loss 0.2365 | LR 5.6368e-05
2026-03-11 03:47:48 INFO Epoch 6 | Step 4340/10683 | Loss 0.2366 | LR 5.6334e-05
2026-03-11 03:48:04 INFO Epoch 6 | Step 4360/10683 | Loss 0.2365 | LR 5.6299e-05
2026-03-11 03:48:21 INFO Epoch 6 | Step 4380/10683 | Loss 0.2366 | LR 5.6265e-05
2026-03-11 03:48:37 INFO Epoch 6 | Step 4400/10683 | Loss 0.2365 | LR 5.6231e-05
2026-03-11 03:48:54 INFO Epoch 6 | Step 4420/10683 | Loss 0.2365 | LR 5.6197e-05
2026-03-11 03:49:11 INFO Epoch 6 | Step 4440/10683 | Loss 0.2365 | LR 5.6162e-05
2026-03-11 03:49:27 INFO Epoch 6 | Step 4460/10683 | Loss 0.2365 | LR 5.6128e-05
2026-03-11 03:49:44 INFO Epoch 6 | Step 4480/10683 | Loss 0.2365 | LR 5.6094e-05
2026-03-11 03:50:01 INFO Epoch 6 | Step 4500/10683 | Loss 0.2364 | LR 5.6059e-05
2026-03-11 03:50:17 INFO Epoch 6 | Step 4520/10683 | Loss 0.2364 | LR 5.6025e-05
2026-03-11 03:50:34 INFO Epoch 6 | Step 4540/10683 | Loss 0.2363 | LR 5.5990e-05
2026-03-11 03:50:50 INFO Epoch 6 | Step 4560/10683 | Loss 0.2362 | LR 5.5956e-05
2026-03-11 03:51:07 INFO Epoch 6 | Step 4580/10683 | Loss 0.2362 | LR 5.5922e-05
2026-03-11 03:51:24 INFO Epoch 6 | Step 4600/10683 | Loss 0.2362 | LR 5.5887e-05
2026-03-11 03:51:41 INFO Epoch 6 | Step 4620/10683 | Loss 0.2364 | LR 5.5853e-05
2026-03-11 03:51:57 INFO Epoch 6 | Step 4640/10683 | Loss 0.2364 | LR 5.5819e-05
2026-03-11 03:52:14 INFO Epoch 6 | Step 4660/10683 | Loss 0.2364 | LR 5.5784e-05
2026-03-11 03:52:30 INFO Epoch 6 | Step 4680/10683 | Loss 0.2364 | LR 5.5750e-05
2026-03-11 03:52:47 INFO Epoch 6 | Step 4700/10683 | Loss 0.2365 | LR 5.5716e-05
2026-03-11 03:53:04 INFO Epoch 6 | Step 4720/10683 | Loss 0.2363 | LR 5.5681e-05
2026-03-11 03:53:20 INFO Epoch 6 | Step 4740/10683 | Loss 0.2364 | LR 5.5647e-05
2026-03-11 03:53:37 INFO Epoch 6 | Step 4760/10683 | Loss 0.2365 | LR 5.5612e-05
2026-03-11 03:53:53 INFO Epoch 6 | Step 4780/10683 | Loss 0.2364 | LR 5.5578e-05
2026-03-11 03:54:10 INFO Epoch 6 | Step 4800/10683 | Loss 0.2365 | LR 5.5544e-05
2026-03-11 03:54:27 INFO Epoch 6 | Step 4820/10683 | Loss 0.2365 | LR 5.5509e-05
2026-03-11 03:54:44 INFO Epoch 6 | Step 4840/10683 | Loss 0.2364 | LR 5.5475e-05
2026-03-11 03:55:00 INFO Epoch 6 | Step 4860/10683 | Loss 0.2365 | LR 5.5441e-05
2026-03-11 03:55:17 INFO Epoch 6 | Step 4880/10683 | Loss 0.2364 | LR 5.5406e-05
2026-03-11 03:55:33 INFO Epoch 6 | Step 4900/10683 | Loss 0.2364 | LR 5.5372e-05
2026-03-11 03:55:50 INFO Epoch 6 | Step 4920/10683 | Loss 0.2363 | LR 5.5337e-05
2026-03-11 03:56:07 INFO Epoch 6 | Step 4940/10683 | Loss 0.2363 | LR 5.5303e-05
2026-03-11 03:56:24 INFO Epoch 6 | Step 4960/10683 | Loss 0.2363 | LR 5.5269e-05
2026-03-11 03:56:40 INFO Epoch 6 | Step 4980/10683 | Loss 0.2363 | LR 5.5234e-05
2026-03-11 03:56:57 INFO Epoch 6 | Step 5000/10683 | Loss 0.2363 | LR 5.5200e-05
2026-03-11 03:57:14 INFO Epoch 6 | Step 5020/10683 | Loss 0.2363 | LR 5.5165e-05
2026-03-11 03:57:30 INFO Epoch 6 | Step 5040/10683 | Loss 0.2363 | LR 5.5131e-05
2026-03-11 03:57:47 INFO Epoch 6 | Step 5060/10683 | Loss 0.2363 | LR 5.5097e-05
2026-03-11 03:58:04 INFO Epoch 6 | Step 5080/10683 | Loss 0.2363 | LR 5.5062e-05
2026-03-11 03:58:20 INFO Epoch 6 | Step 5100/10683 | Loss 0.2363 | LR 5.5028e-05
2026-03-11 03:58:37 INFO Epoch 6 | Step 5120/10683 | Loss 0.2364 | LR 5.4993e-05
2026-03-11 03:58:53 INFO Epoch 6 | Step 5140/10683 | Loss 0.2364 | LR 5.4959e-05
2026-03-11 03:59:10 INFO Epoch 6 | Step 5160/10683 | Loss 0.2363 | LR 5.4924e-05
2026-03-11 03:59:27 INFO Epoch 6 | Step 5180/10683 | Loss 0.2363 | LR 5.4890e-05
2026-03-11 03:59:43 INFO Epoch 6 | Step 5200/10683 | Loss 0.2364 | LR 5.4856e-05
2026-03-11 04:00:00 INFO Epoch 6 | Step 5220/10683 | Loss 0.2363 | LR 5.4821e-05
2026-03-11 04:00:17 INFO Epoch 6 | Step 5240/10683 | Loss 0.2364 | LR 5.4787e-05
2026-03-11 04:00:33 INFO Epoch 6 | Step 5260/10683 | Loss 0.2363 | LR 5.4752e-05
2026-03-11 04:00:50 INFO Epoch 6 | Step 5280/10683 | Loss 0.2364 | LR 5.4718e-05
2026-03-11 04:01:07 INFO Epoch 6 | Step 5300/10683 | Loss 0.2363 | LR 5.4683e-05
2026-03-11 04:01:23 INFO Epoch 6 | Step 5320/10683 | Loss 0.2364 | LR 5.4649e-05
2026-03-11 04:01:40 INFO Epoch 6 | Step 5340/10683 | Loss 0.2364 | LR 5.4614e-05
2026-03-11 04:01:57 INFO Epoch 6 | Step 5360/10683 | Loss 0.2364 | LR 5.4580e-05
2026-03-11 04:02:13 INFO Epoch 6 | Step 5380/10683 | Loss 0.2363 | LR 5.4546e-05
2026-03-11 04:02:30 INFO Epoch 6 | Step 5400/10683 | Loss 0.2363 | LR 5.4511e-05
2026-03-11 04:02:47 INFO Epoch 6 | Step 5420/10683 | Loss 0.2363 | LR 5.4477e-05
2026-03-11 04:03:03 INFO Epoch 6 | Step 5440/10683 | Loss 0.2363 | LR 5.4442e-05
2026-03-11 04:03:20 INFO Epoch 6 | Step 5460/10683 | Loss 0.2362 | LR 5.4408e-05
2026-03-11 04:03:36 INFO Epoch 6 | Step 5480/10683 | Loss 0.2363 | LR 5.4373e-05
2026-03-11 04:03:53 INFO Epoch 6 | Step 5500/10683 | Loss 0.2363 | LR 5.4339e-05
2026-03-11 04:04:10 INFO Epoch 6 | Step 5520/10683 | Loss 0.2363 | LR 5.4304e-05
2026-03-11 04:04:26 INFO Epoch 6 | Step 5540/10683 | Loss 0.2362 | LR 5.4270e-05
2026-03-11 04:04:43 INFO Epoch 6 | Step 5560/10683 | Loss 0.2362 | LR 5.4235e-05
2026-03-11 04:05:00 INFO Epoch 6 | Step 5580/10683 | Loss 0.2362 | LR 5.4201e-05
2026-03-11 04:05:16 INFO Epoch 6 | Step 5600/10683 | Loss 0.2361 | LR 5.4166e-05
2026-03-11 04:05:33 INFO Epoch 6 | Step 5620/10683 | Loss 0.2361 | LR 5.4132e-05
2026-03-11 04:05:50 INFO Epoch 6 | Step 5640/10683 | Loss 0.2362 | LR 5.4097e-05
2026-03-11 04:06:06 INFO Epoch 6 | Step 5660/10683 | Loss 0.2362 | LR 5.4063e-05
2026-03-11 04:06:23 INFO Epoch 6 | Step 5680/10683 | Loss 0.2362 | LR 5.4029e-05
2026-03-11 04:06:39 INFO Epoch 6 | Step 5700/10683 | Loss 0.2362 | LR 5.3994e-05
2026-03-11 04:06:56 INFO Epoch 6 | Step 5720/10683 | Loss 0.2361 | LR 5.3960e-05
2026-03-11 04:07:13 INFO Epoch 6 | Step 5740/10683 | Loss 0.2361 | LR 5.3925e-05
2026-03-11 04:07:29 INFO Epoch 6 | Step 5760/10683 | Loss 0.2362 | LR 5.3891e-05
2026-03-11 04:07:46 INFO Epoch 6 | Step 5780/10683 | Loss 0.2362 | LR 5.3856e-05
2026-03-11 04:08:02 INFO Epoch 6 | Step 5800/10683 | Loss 0.2361 | LR 5.3822e-05
2026-03-11 04:08:19 INFO Epoch 6 | Step 5820/10683 | Loss 0.2361 | LR 5.3787e-05
2026-03-11 04:08:36 INFO Epoch 6 | Step 5840/10683 | Loss 0.2360 | LR 5.3753e-05
2026-03-11 04:08:52 INFO Epoch 6 | Step 5860/10683 | Loss 0.2361 | LR 5.3718e-05
2026-03-11 04:09:09 INFO Epoch 6 | Step 5880/10683 | Loss 0.2362 | LR 5.3684e-05
2026-03-11 04:09:25 INFO Epoch 6 | Step 5900/10683 | Loss 0.2362 | LR 5.3649e-05
2026-03-11 04:09:42 INFO Epoch 6 | Step 5920/10683 | Loss 0.2362 | LR 5.3615e-05
2026-03-11 04:09:59 INFO Epoch 6 | Step 5940/10683 | Loss 0.2362 | LR 5.3580e-05
2026-03-11 04:10:15 INFO Epoch 6 | Step 5960/10683 | Loss 0.2362 | LR 5.3546e-05
2026-03-11 04:10:32 INFO Epoch 6 | Step 5980/10683 | Loss 0.2362 | LR 5.3511e-05
2026-03-11 04:10:48 INFO Epoch 6 | Step 6000/10683 | Loss 0.2362 | LR 5.3477e-05
2026-03-11 04:11:05 INFO Epoch 6 | Step 6020/10683 | Loss 0.2362 | LR 5.3442e-05
2026-03-11 04:11:22 INFO Epoch 6 | Step 6040/10683 | Loss 0.2361 | LR 5.3408e-05
2026-03-11 04:11:38 INFO Epoch 6 | Step 6060/10683 | Loss 0.2360 | LR 5.3373e-05
2026-03-11 04:11:55 INFO Epoch 6 | Step 6080/10683 | Loss 0.2360 | LR 5.3338e-05
2026-03-11 04:12:12 INFO Epoch 6 | Step 6100/10683 | Loss 0.2360 | LR 5.3304e-05
2026-03-11 04:12:28 INFO Epoch 6 | Step 6120/10683 | Loss 0.2360 | LR 5.3269e-05
2026-03-11 04:12:45 INFO Epoch 6 | Step 6140/10683 | Loss 0.2360 | LR 5.3235e-05
2026-03-11 04:13:01 INFO Epoch 6 | Step 6160/10683 | Loss 0.2359 | LR 5.3200e-05
2026-03-11 04:13:18 INFO Epoch 6 | Step 6180/10683 | Loss 0.2359 | LR 5.3166e-05
2026-03-11 04:13:35 INFO Epoch 6 | Step 6200/10683 | Loss 0.2358 | LR 5.3131e-05
2026-03-11 04:13:51 INFO Epoch 6 | Step 6220/10683 | Loss 0.2357 | LR 5.3097e-05
2026-03-11 04:14:08 INFO Epoch 6 | Step 6240/10683 | Loss 0.2357 | LR 5.3062e-05
2026-03-11 04:14:24 INFO Epoch 6 | Step 6260/10683 | Loss 0.2357 | LR 5.3028e-05
2026-03-11 04:14:41 INFO Epoch 6 | Step 6280/10683 | Loss 0.2357 | LR 5.2993e-05
2026-03-11 04:14:58 INFO Epoch 6 | Step 6300/10683 | Loss 0.2358 | LR 5.2959e-05
2026-03-11 04:15:14 INFO Epoch 6 | Step 6320/10683 | Loss 0.2358 | LR 5.2924e-05
2026-03-11 04:15:31 INFO Epoch 6 | Step 6340/10683 | Loss 0.2357 | LR 5.2890e-05
2026-03-11 04:15:47 INFO Epoch 6 | Step 6360/10683 | Loss 0.2357 | LR 5.2855e-05
2026-03-11 04:16:04 INFO Epoch 6 | Step 6380/10683 | Loss 0.2357 | LR 5.2821e-05
2026-03-11 04:16:21 INFO Epoch 6 | Step 6400/10683 | Loss 0.2357 | LR 5.2786e-05
2026-03-11 04:16:37 INFO Epoch 6 | Step 6420/10683 | Loss 0.2358 | LR 5.2751e-05
2026-03-11 04:16:54 INFO Epoch 6 | Step 6440/10683 | Loss 0.2358 | LR 5.2717e-05
2026-03-11 04:17:11 INFO Epoch 6 | Step 6460/10683 | Loss 0.2357 | LR 5.2682e-05
2026-03-11 04:17:27 INFO Epoch 6 | Step 6480/10683 | Loss 0.2357 | LR 5.2648e-05
2026-03-11 04:17:44 INFO Epoch 6 | Step 6500/10683 | Loss 0.2357 | LR 5.2613e-05
2026-03-11 04:18:01 INFO Epoch 6 | Step 6520/10683 | Loss 0.2358 | LR 5.2579e-05
2026-03-11 04:18:17 INFO Epoch 6 | Step 6540/10683 | Loss 0.2357 | LR 5.2544e-05
2026-03-11 04:18:34 INFO Epoch 6 | Step 6560/10683 | Loss 0.2357 | LR 5.2510e-05
2026-03-11 04:18:50 INFO Epoch 6 | Step 6580/10683 | Loss 0.2356 | LR 5.2475e-05
2026-03-11 04:19:07 INFO Epoch 6 | Step 6600/10683 | Loss 0.2357 | LR 5.2440e-05
2026-03-11 04:19:24 INFO Epoch 6 | Step 6620/10683 | Loss 0.2357 | LR 5.2406e-05
2026-03-11 04:19:40 INFO Epoch 6 | Step 6640/10683 | Loss 0.2357 | LR 5.2371e-05
2026-03-11 04:19:57 INFO Epoch 6 | Step 6660/10683 | Loss 0.2357 | LR 5.2337e-05
2026-03-11 04:20:14 INFO Epoch 6 | Step 6680/10683 | Loss 0.2357 | LR 5.2302e-05
2026-03-11 04:20:30 INFO Epoch 6 | Step 6700/10683 | Loss 0.2357 | LR 5.2268e-05
2026-03-11 04:20:47 INFO Epoch 6 | Step 6720/10683 | Loss 0.2356 | LR 5.2233e-05
2026-03-11 04:21:04 INFO Epoch 6 | Step 6740/10683 | Loss 0.2356 | LR 5.2199e-05
2026-03-11 04:21:21 INFO Epoch 6 | Step 6760/10683 | Loss 0.2356 | LR 5.2164e-05
2026-03-11 04:21:37 INFO Epoch 6 | Step 6780/10683 | Loss 0.2356 | LR 5.2129e-05
2026-03-11 04:21:54 INFO Epoch 6 | Step 6800/10683 | Loss 0.2356 | LR 5.2095e-05
2026-03-11 04:22:10 INFO Epoch 6 | Step 6820/10683 | Loss 0.2356 | LR 5.2060e-05
2026-03-11 04:22:27 INFO Epoch 6 | Step 6840/10683 | Loss 0.2355 | LR 5.2026e-05
2026-03-11 04:22:44 INFO Epoch 6 | Step 6860/10683 | Loss 0.2355 | LR 5.1991e-05
2026-03-11 04:23:01 INFO Epoch 6 | Step 6880/10683 | Loss 0.2356 | LR 5.1957e-05
2026-03-11 04:23:17 INFO Epoch 6 | Step 6900/10683 | Loss 0.2355 | LR 5.1922e-05
2026-03-11 04:23:34 INFO Epoch 6 | Step 6920/10683 | Loss 0.2355 | LR 5.1887e-05
2026-03-11 04:23:51 INFO Epoch 6 | Step 6940/10683 | Loss 0.2355 | LR 5.1853e-05
2026-03-11 04:24:07 INFO Epoch 6 | Step 6960/10683 | Loss 0.2355 | LR 5.1818e-05
2026-03-11 04:24:24 INFO Epoch 6 | Step 6980/10683 | Loss 0.2355 | LR 5.1784e-05
2026-03-11 04:24:41 INFO Epoch 6 | Step 7000/10683 | Loss 0.2354 | LR 5.1749e-05
2026-03-11 04:24:58 INFO Epoch 6 | Step 7020/10683 | Loss 0.2354 | LR 5.1715e-05
2026-03-11 04:25:14 INFO Epoch 6 | Step 7040/10683 | Loss 0.2354 | LR 5.1680e-05
2026-03-11 04:25:31 INFO Epoch 6 | Step 7060/10683 | Loss 0.2354 | LR 5.1645e-05
2026-03-11 04:25:48 INFO Epoch 6 | Step 7080/10683 | Loss 0.2354 | LR 5.1611e-05
2026-03-11 04:26:04 INFO Epoch 6 | Step 7100/10683 | Loss 0.2354 | LR 5.1576e-05
2026-03-11 04:26:21 INFO Epoch 6 | Step 7120/10683 | Loss 0.2354 | LR 5.1542e-05
2026-03-11 04:26:37 INFO Epoch 6 | Step 7140/10683 | Loss 0.2353 | LR 5.1507e-05
2026-03-11 04:26:54 INFO Epoch 6 | Step 7160/10683 | Loss 0.2354 | LR 5.1473e-05
2026-03-11 04:27:11 INFO Epoch 6 | Step 7180/10683 | Loss 0.2353 | LR 5.1438e-05
2026-03-11 04:27:27 INFO Epoch 6 | Step 7200/10683 | Loss 0.2354 | LR 5.1403e-05
2026-03-11 04:27:44 INFO Epoch 6 | Step 7220/10683 | Loss 0.2354 | LR 5.1369e-05
2026-03-11 04:28:01 INFO Epoch 6 | Step 7240/10683 | Loss 0.2353 | LR 5.1334e-05
2026-03-11 04:28:17 INFO Epoch 6 | Step 7260/10683 | Loss 0.2354 | LR 5.1300e-05
2026-03-11 04:28:34 INFO Epoch 6 | Step 7280/10683 | Loss 0.2354 | LR 5.1265e-05
2026-03-11 04:28:51 INFO Epoch 6 | Step 7300/10683 | Loss 0.2355 | LR 5.1230e-05
2026-03-11 04:29:07 INFO Epoch 6 | Step 7320/10683 | Loss 0.2354 | LR 5.1196e-05
2026-03-11 04:29:24 INFO Epoch 6 | Step 7340/10683 | Loss 0.2354 | LR 5.1161e-05
2026-03-11 04:29:41 INFO Epoch 6 | Step 7360/10683 | Loss 0.2353 | LR 5.1127e-05
2026-03-11 04:29:57 INFO Epoch 6 | Step 7380/10683 | Loss 0.2354 | LR 5.1092e-05
2026-03-11 04:30:14 INFO Epoch 6 | Step 7400/10683 | Loss 0.2354 | LR 5.1057e-05
2026-03-11 04:30:30 INFO Epoch 6 | Step 7420/10683 | Loss 0.2354 | LR 5.1023e-05
2026-03-11 04:30:47 INFO Epoch 6 | Step 7440/10683 | Loss 0.2355 | LR 5.0988e-05
2026-03-11 04:31:04 INFO Epoch 6 | Step 7460/10683 | Loss 0.2354 | LR 5.0954e-05
2026-03-11 04:31:21 INFO Epoch 6 | Step 7480/10683 | Loss 0.2354 | LR 5.0919e-05
2026-03-11 04:31:37 INFO Epoch 6 | Step 7500/10683 | Loss 0.2354 | LR 5.0885e-05
2026-03-11 04:31:54 INFO Epoch 6 | Step 7520/10683 | Loss 0.2354 | LR 5.0850e-05
2026-03-11 04:32:11 INFO Epoch 6 | Step 7540/10683 | Loss 0.2354 | LR 5.0815e-05
2026-03-11 04:32:27 INFO Epoch 6 | Step 7560/10683 | Loss 0.2353 | LR 5.0781e-05
2026-03-11 04:32:44 INFO Epoch 6 | Step 7580/10683 | Loss 0.2352 | LR 5.0746e-05
2026-03-11 04:33:01 INFO Epoch 6 | Step 7600/10683 | Loss 0.2352 | LR 5.0712e-05
2026-03-11 04:33:17 INFO Epoch 6 | Step 7620/10683 | Loss 0.2352 | LR 5.0677e-05
2026-03-11 04:33:34 INFO Epoch 6 | Step 7640/10683 | Loss 0.2351 | LR 5.0642e-05
2026-03-11 04:33:51 INFO Epoch 6 | Step 7660/10683 | Loss 0.2351 | LR 5.0608e-05
2026-03-11 04:34:08 INFO Epoch 6 | Step 7680/10683 | Loss 0.2351 | LR 5.0573e-05
2026-03-11 04:34:24 INFO Epoch 6 | Step 7700/10683 | Loss 0.2351 | LR 5.0539e-05
2026-03-11 04:34:41 INFO Epoch 6 | Step 7720/10683 | Loss 0.2351 | LR 5.0504e-05
2026-03-11 04:34:57 INFO Epoch 6 | Step 7740/10683 | Loss 0.2351 | LR 5.0469e-05
2026-03-11 04:35:14 INFO Epoch 6 | Step 7760/10683 | Loss 0.2350 | LR 5.0435e-05
2026-03-11 04:35:30 INFO Epoch 6 | Step 7780/10683 | Loss 0.2350 | LR 5.0400e-05
2026-03-11 04:35:47 INFO Epoch 6 | Step 7800/10683 | Loss 0.2351 | LR 5.0366e-05
2026-03-11 04:36:04 INFO Epoch 6 | Step 7820/10683 | Loss 0.2352 | LR 5.0331e-05
2026-03-11 04:36:20 INFO Epoch 6 | Step 7840/10683 | Loss 0.2351 | LR 5.0296e-05
2026-03-11 04:36:37 INFO Epoch 6 | Step 7860/10683 | Loss 0.2351 | LR 5.0262e-05
2026-03-11 04:36:54 INFO Epoch 6 | Step 7880/10683 | Loss 0.2351 | LR 5.0227e-05
2026-03-11 04:37:10 INFO Epoch 6 | Step 7900/10683 | Loss 0.2351 | LR 5.0193e-05
2026-03-11 04:37:27 INFO Epoch 6 | Step 7920/10683 | Loss 0.2351 | LR 5.0158e-05
2026-03-11 04:37:44 INFO Epoch 6 | Step 7940/10683 | Loss 0.2351 | LR 5.0123e-05
2026-03-11 04:38:00 INFO Epoch 6 | Step 7960/10683 | Loss 0.2351 | LR 5.0089e-05
2026-03-11 04:38:17 INFO Epoch 6 | Step 7980/10683 | Loss 0.2351 | LR 5.0054e-05
2026-03-11 04:38:34 INFO Epoch 6 | Step 8000/10683 | Loss 0.2350 | LR 5.0020e-05
2026-03-11 04:38:50 INFO Epoch 6 | Step 8020/10683 | Loss 0.2350 | LR 4.9985e-05
2026-03-11 04:39:07 INFO Epoch 6 | Step 8040/10683 | Loss 0.2350 | LR 4.9950e-05
2026-03-11 04:39:23 INFO Epoch 6 | Step 8060/10683 | Loss 0.2350 | LR 4.9916e-05
2026-03-11 04:39:40 INFO Epoch 6 | Step 8080/10683 | Loss 0.2349 | LR 4.9881e-05
2026-03-11 04:39:56 INFO Epoch 6 | Step 8100/10683 | Loss 0.2350 | LR 4.9847e-05
2026-03-11 04:40:13 INFO Epoch 6 | Step 8120/10683 | Loss 0.2349 | LR 4.9812e-05
2026-03-11 04:40:30 INFO Epoch 6 | Step 8140/10683 | Loss 0.2349 | LR 4.9777e-05
2026-03-11 04:40:46 INFO Epoch 6 | Step 8160/10683 | Loss 0.2349 | LR 4.9743e-05
2026-03-11 04:41:03 INFO Epoch 6 | Step 8180/10683 | Loss 0.2349 | LR 4.9708e-05
2026-03-11 04:41:20 INFO Epoch 6 | Step 8200/10683 | Loss 0.2349 | LR 4.9674e-05
2026-03-11 04:41:36 INFO Epoch 6 | Step 8220/10683 | Loss 0.2349 | LR 4.9639e-05
2026-03-11 04:41:53 INFO Epoch 6 | Step 8240/10683 | Loss 0.2349 | LR 4.9605e-05
2026-03-11 04:42:09 INFO Epoch 6 | Step 8260/10683 | Loss 0.2349 | LR 4.9570e-05
2026-03-11 04:42:26 INFO Epoch 6 | Step 8280/10683 | Loss 0.2349 | LR 4.9535e-05
2026-03-11 04:42:43 INFO Epoch 6 | Step 8300/10683 | Loss 0.2349 | LR 4.9501e-05
2026-03-11 04:42:59 INFO Epoch 6 | Step 8320/10683 | Loss 0.2349 | LR 4.9466e-05
2026-03-11 04:43:16 INFO Epoch 6 | Step 8340/10683 | Loss 0.2349 | LR 4.9432e-05
2026-03-11 04:43:33 INFO Epoch 6 | Step 8360/10683 | Loss 0.2348 | LR 4.9397e-05
2026-03-11 04:43:49 INFO Epoch 6 | Step 8380/10683 | Loss 0.2348 | LR 4.9362e-05
2026-03-11 04:44:06 INFO Epoch 6 | Step 8400/10683 | Loss 0.2348 | LR 4.9328e-05
2026-03-11 04:44:23 INFO Epoch 6 | Step 8420/10683 | Loss 0.2348 | LR 4.9293e-05
2026-03-11 04:44:40 INFO Epoch 6 | Step 8440/10683 | Loss 0.2348 | LR 4.9259e-05
2026-03-11 04:44:56 INFO Epoch 6 | Step 8460/10683 | Loss 0.2348 | LR 4.9224e-05
2026-03-11 04:45:13 INFO Epoch 6 | Step 8480/10683 | Loss 0.2347 | LR 4.9189e-05
2026-03-11 04:45:29 INFO Epoch 6 | Step 8500/10683 | Loss 0.2347 | LR 4.9155e-05
2026-03-11 04:45:46 INFO Epoch 6 | Step 8520/10683 | Loss 0.2347 | LR 4.9120e-05
2026-03-11 04:46:03 INFO Epoch 6 | Step 8540/10683 | Loss 0.2347 | LR 4.9086e-05
2026-03-11 04:46:19 INFO Epoch 6 | Step 8560/10683 | Loss 0.2347 | LR 4.9051e-05
2026-03-11 04:46:36 INFO Epoch 6 | Step 8580/10683 | Loss 0.2347 | LR 4.9016e-05
2026-03-11 04:46:53 INFO Epoch 6 | Step 8600/10683 | Loss 0.2346 | LR 4.8982e-05
2026-03-11 04:47:10 INFO Epoch 6 | Step 8620/10683 | Loss 0.2346 | LR 4.8947e-05
2026-03-11 04:47:26 INFO Epoch 6 | Step 8640/10683 | Loss 0.2346 | LR 4.8913e-05
2026-03-11 04:47:43 INFO Epoch 6 | Step 8660/10683 | Loss 0.2346 | LR 4.8878e-05
2026-03-11 04:47:59 INFO Epoch 6 | Step 8680/10683 | Loss 0.2346 | LR 4.8843e-05
2026-03-11 04:48:16 INFO Epoch 6 | Step 8700/10683 | Loss 0.2347 | LR 4.8809e-05
2026-03-11 04:48:33 INFO Epoch 6 | Step 8720/10683 | Loss 0.2347 | LR 4.8774e-05
2026-03-11 04:48:50 INFO Epoch 6 | Step 8740/10683 | Loss 0.2347 | LR 4.8740e-05
2026-03-11 04:49:06 INFO Epoch 6 | Step 8760/10683 | Loss 0.2346 | LR 4.8705e-05
2026-03-11 04:49:23 INFO Epoch 6 | Step 8780/10683 | Loss 0.2346 | LR 4.8671e-05
2026-03-11 04:49:40 INFO Epoch 6 | Step 8800/10683 | Loss 0.2346 | LR 4.8636e-05
2026-03-11 04:49:56 INFO Epoch 6 | Step 8820/10683 | Loss 0.2346 | LR 4.8601e-05
2026-03-11 04:50:13 INFO Epoch 6 | Step 8840/10683 | Loss 0.2346 | LR 4.8567e-05
2026-03-11 04:50:29 INFO Epoch 6 | Step 8860/10683 | Loss 0.2346 | LR 4.8532e-05
2026-03-11 04:50:46 INFO Epoch 6 | Step 8880/10683 | Loss 0.2345 | LR 4.8498e-05
2026-03-11 04:51:03 INFO Epoch 6 | Step 8900/10683 | Loss 0.2345 | LR 4.8463e-05
2026-03-11 04:51:19 INFO Epoch 6 | Step 8920/10683 | Loss 0.2345 | LR 4.8428e-05
2026-03-11 04:51:36 INFO Epoch 6 | Step 8940/10683 | Loss 0.2345 | LR 4.8394e-05
2026-03-11 04:51:52 INFO Epoch 6 | Step 8960/10683 | Loss 0.2345 | LR 4.8359e-05
2026-03-11 04:52:09 INFO Epoch 6 | Step 8980/10683 | Loss 0.2345 | LR 4.8325e-05
2026-03-11 04:52:26 INFO Epoch 6 | Step 9000/10683 | Loss 0.2344 | LR 4.8290e-05
2026-03-11 04:52:42 INFO Epoch 6 | Step 9020/10683 | Loss 0.2344 | LR 4.8256e-05
2026-03-11 04:52:59 INFO Epoch 6 | Step 9040/10683 | Loss 0.2344 | LR 4.8221e-05
2026-03-11 04:53:16 INFO Epoch 6 | Step 9060/10683 | Loss 0.2344 | LR 4.8186e-05
2026-03-11 04:53:32 INFO Epoch 6 | Step 9080/10683 | Loss 0.2343 | LR 4.8152e-05
2026-03-11 04:53:49 INFO Epoch 6 | Step 9100/10683 | Loss 0.2344 | LR 4.8117e-05
2026-03-11 04:54:05 INFO Epoch 6 | Step 9120/10683 | Loss 0.2343 | LR 4.8083e-05
2026-03-11 04:54:22 INFO Epoch 6 | Step 9140/10683 | Loss 0.2343 | LR 4.8048e-05
2026-03-11 04:54:39 INFO Epoch 6 | Step 9160/10683 | Loss 0.2343 | LR 4.8014e-05
2026-03-11 04:54:55 INFO Epoch 6 | Step 9180/10683 | Loss 0.2343 | LR 4.7979e-05
2026-03-11 04:55:12 INFO Epoch 6 | Step 9200/10683 | Loss 0.2343 | LR 4.7944e-05
2026-03-11 04:55:28 INFO Epoch 6 | Step 9220/10683 | Loss 0.2343 | LR 4.7910e-05
2026-03-11 04:55:45 INFO Epoch 6 | Step 9240/10683 | Loss 0.2343 | LR 4.7875e-05
2026-03-11 04:56:02 INFO Epoch 6 | Step 9260/10683 | Loss 0.2343 | LR 4.7841e-05
2026-03-11 04:56:18 INFO Epoch 6 | Step 9280/10683 | Loss 0.2343 | LR 4.7806e-05
2026-03-11 04:56:35 INFO Epoch 6 | Step 9300/10683 | Loss 0.2344 | LR 4.7772e-05
2026-03-11 04:56:52 INFO Epoch 6 | Step 9320/10683 | Loss 0.2344 | LR 4.7737e-05
2026-03-11 04:57:08 INFO Epoch 6 | Step 9340/10683 | Loss 0.2344 | LR 4.7702e-05
2026-03-11 04:57:25 INFO Epoch 6 | Step 9360/10683 | Loss 0.2344 | LR 4.7668e-05
2026-03-11 04:57:42 INFO Epoch 6 | Step 9380/10683 | Loss 0.2344 | LR 4.7633e-05
2026-03-11 04:57:59 INFO Epoch 6 | Step 9400/10683 | Loss 0.2345 | LR 4.7599e-05
2026-03-11 04:58:15 INFO Epoch 6 | Step 9420/10683 | Loss 0.2344 | LR 4.7564e-05
2026-03-11 04:58:32 INFO Epoch 6 | Step 9440/10683 | Loss 0.2344 | LR 4.7530e-05
2026-03-11 04:58:48 INFO Epoch 6 | Step 9460/10683 | Loss 0.2344 | LR 4.7495e-05
2026-03-11 04:59:05 INFO Epoch 6 | Step 9480/10683 | Loss 0.2344 | LR 4.7461e-05
2026-03-11 04:59:22 INFO Epoch 6 | Step 9500/10683 | Loss 0.2344 | LR 4.7426e-05
2026-03-11 04:59:38 INFO Epoch 6 | Step 9520/10683 | Loss 0.2344 | LR 4.7391e-05
2026-03-11 04:59:55 INFO Epoch 6 | Step 9540/10683 | Loss 0.2343 | LR 4.7357e-05
2026-03-11 05:00:11 INFO Epoch 6 | Step 9560/10683 | Loss 0.2343 | LR 4.7322e-05
2026-03-11 05:00:28 INFO Epoch 6 | Step 9580/10683 | Loss 0.2343 | LR 4.7288e-05
2026-03-11 05:00:45 INFO Epoch 6 | Step 9600/10683 | Loss 0.2343 | LR 4.7253e-05
2026-03-11 05:01:01 INFO Epoch 6 | Step 9620/10683 | Loss 0.2343 | LR 4.7219e-05
2026-03-11 05:01:18 INFO Epoch 6 | Step 9640/10683 | Loss 0.2343 | LR 4.7184e-05
2026-03-11 05:01:35 INFO Epoch 6 | Step 9660/10683 | Loss 0.2343 | LR 4.7150e-05
2026-03-11 05:01:52 INFO Epoch 6 | Step 9680/10683 | Loss 0.2343 | LR 4.7115e-05
2026-03-11 05:02:08 INFO Epoch 6 | Step 9700/10683 | Loss 0.2343 | LR 4.7081e-05
2026-03-11 05:02:25 INFO Epoch 6 | Step 9720/10683 | Loss 0.2343 | LR 4.7046e-05
2026-03-11 05:02:41 INFO Epoch 6 | Step 9740/10683 | Loss 0.2343 | LR 4.7012e-05
2026-03-11 05:02:58 INFO Epoch 6 | Step 9760/10683 | Loss 0.2343 | LR 4.6977e-05
2026-03-11 05:03:14 INFO Epoch 6 | Step 9780/10683 | Loss 0.2342 | LR 4.6942e-05
2026-03-11 05:03:31 INFO Epoch 6 | Step 9800/10683 | Loss 0.2342 | LR 4.6908e-05
2026-03-11 05:03:48 INFO Epoch 6 | Step 9820/10683 | Loss 0.2342 | LR 4.6873e-05
2026-03-11 05:04:04 INFO Epoch 6 | Step 9840/10683 | Loss 0.2342 | LR 4.6839e-05
2026-03-11 05:04:21 INFO Epoch 6 | Step 9860/10683 | Loss 0.2342 | LR 4.6804e-05
2026-03-11 05:04:38 INFO Epoch 6 | Step 9880/10683 | Loss 0.2342 | LR 4.6770e-05
2026-03-11 05:04:55 INFO Epoch 6 | Step 9900/10683 | Loss 0.2342 | LR 4.6735e-05
2026-03-11 05:05:12 INFO Epoch 6 | Step 9920/10683 | Loss 0.2342 | LR 4.6701e-05
2026-03-11 05:05:29 INFO Epoch 6 | Step 9940/10683 | Loss 0.2342 | LR 4.6666e-05
2026-03-11 05:05:45 INFO Epoch 6 | Step 9960/10683 | Loss 0.2342 | LR 4.6632e-05
2026-03-11 05:06:02 INFO Epoch 6 | Step 9980/10683 | Loss 0.2342 | LR 4.6597e-05
2026-03-11 05:06:19 INFO Epoch 6 | Step 10000/10683 | Loss 0.2342 | LR 4.6563e-05
2026-03-11 05:06:35 INFO Epoch 6 | Step 10020/10683 | Loss 0.2342 | LR 4.6528e-05
2026-03-11 05:06:52 INFO Epoch 6 | Step 10040/10683 | Loss 0.2341 | LR 4.6494e-05
2026-03-11 05:07:09 INFO Epoch 6 | Step 10060/10683 | Loss 0.2342 | LR 4.6459e-05
2026-03-11 05:07:26 INFO Epoch 6 | Step 10080/10683 | Loss 0.2341 | LR 4.6425e-05
2026-03-11 05:07:42 INFO Epoch 6 | Step 10100/10683 | Loss 0.2341 | LR 4.6390e-05
2026-03-11 05:07:59 INFO Epoch 6 | Step 10120/10683 | Loss 0.2341 | LR 4.6356e-05
2026-03-11 05:08:16 INFO Epoch 6 | Step 10140/10683 | Loss 0.2341 | LR 4.6321e-05
2026-03-11 05:08:33 INFO Epoch 6 | Step 10160/10683 | Loss 0.2342 | LR 4.6287e-05
2026-03-11 05:08:50 INFO Epoch 6 | Step 10180/10683 | Loss 0.2342 | LR 4.6252e-05
2026-03-11 05:09:06 INFO Epoch 6 | Step 10200/10683 | Loss 0.2342 | LR 4.6218e-05
2026-03-11 05:09:23 INFO Epoch 6 | Step 10220/10683 | Loss 0.2343 | LR 4.6183e-05
2026-03-11 05:09:40 INFO Epoch 6 | Step 10240/10683 | Loss 0.2343 | LR 4.6149e-05
2026-03-11 05:09:57 INFO Epoch 6 | Step 10260/10683 | Loss 0.2342 | LR 4.6114e-05
2026-03-11 05:10:13 INFO Epoch 6 | Step 10280/10683 | Loss 0.2342 | LR 4.6080e-05
2026-03-11 05:10:30 INFO Epoch 6 | Step 10300/10683 | Loss 0.2342 | LR 4.6045e-05
2026-03-11 05:10:47 INFO Epoch 6 | Step 10320/10683 | Loss 0.2342 | LR 4.6011e-05
2026-03-11 05:11:03 INFO Epoch 6 | Step 10340/10683 | Loss 0.2342 | LR 4.5976e-05
2026-03-11 05:11:20 INFO Epoch 6 | Step 10360/10683 | Loss 0.2342 | LR 4.5942e-05
2026-03-11 05:11:37 INFO Epoch 6 | Step 10380/10683 | Loss 0.2342 | LR 4.5907e-05
2026-03-11 05:11:54 INFO Epoch 6 | Step 10400/10683 | Loss 0.2342 | LR 4.5873e-05
2026-03-11 05:12:11 INFO Epoch 6 | Step 10420/10683 | Loss 0.2342 | LR 4.5838e-05
2026-03-11 05:12:27 INFO Epoch 6 | Step 10440/10683 | Loss 0.2342 | LR 4.5804e-05
2026-03-11 05:12:44 INFO Epoch 6 | Step 10460/10683 | Loss 0.2342 | LR 4.5769e-05
2026-03-11 05:13:01 INFO Epoch 6 | Step 10480/10683 | Loss 0.2341 | LR 4.5735e-05
2026-03-11 05:13:18 INFO Epoch 6 | Step 10500/10683 | Loss 0.2341 | LR 4.5700e-05
2026-03-11 05:13:35 INFO Epoch 6 | Step 10520/10683 | Loss 0.2341 | LR 4.5666e-05
2026-03-11 05:13:51 INFO Epoch 6 | Step 10540/10683 | Loss 0.2340 | LR 4.5631e-05
2026-03-11 05:14:08 INFO Epoch 6 | Step 10560/10683 | Loss 0.2340 | LR 4.5597e-05
2026-03-11 05:14:25 INFO Epoch 6 | Step 10580/10683 | Loss 0.2340 | LR 4.5563e-05
2026-03-11 05:14:42 INFO Epoch 6 | Step 10600/10683 | Loss 0.2340 | LR 4.5528e-05
2026-03-11 05:14:58 INFO Epoch 6 | Step 10620/10683 | Loss 0.2340 | LR 4.5494e-05
2026-03-11 05:15:15 INFO Epoch 6 | Step 10640/10683 | Loss 0.2340 | LR 4.5459e-05
2026-03-11 05:15:32 INFO Epoch 6 | Step 10660/10683 | Loss 0.2340 | LR 4.5425e-05
2026-03-11 05:15:49 INFO Epoch 6 | Step 10680/10683 | Loss 0.2340 | LR 4.5390e-05
2026-03-11 05:15:51 INFO Epoch 6 | Step 10683/10683 | Loss 0.2340 | LR 4.5385e-05
2026-03-11 05:38:12 INFO CSV Written | Epoch: 6
2026-03-11 05:38:12 INFO Best Saved | Epoch: 6 | Monitor: val_auprc | Value: 0.9722
2026-03-11 05:38:12 INFO Epoch Done | Epoch: 6 | Time: 10226.6929 | Train Loss: 0.2340 | Val Accuracy: 0.8965 | Val AUPRC: 0.9722 | Val Auroc: 0.9688 | Val F1: 0.9002 | Val Loss: 0.3084
2026-03-11 05:38:12 INFO Epoch Start | Epoch: 7
2026-03-11 05:38:22 INFO Epoch 7 | Step 1/10683 | Loss 0.1945 | LR 4.5383e-05
2026-03-11 05:38:38 INFO Epoch 7 | Step 20/10683 | Loss 0.2068 | LR 4.5351e-05
2026-03-11 05:38:55 INFO Epoch 7 | Step 40/10683 | Loss 0.2152 | LR 4.5316e-05
2026-03-11 05:39:11 INFO Epoch 7 | Step 60/10683 | Loss 0.2155 | LR 4.5282e-05
2026-03-11 05:39:27 INFO Epoch 7 | Step 80/10683 | Loss 0.2174 | LR 4.5247e-05
2026-03-11 05:39:43 INFO Epoch 7 | Step 100/10683 | Loss 0.2219 | LR 4.5213e-05
2026-03-11 05:40:00 INFO Epoch 7 | Step 120/10683 | Loss 0.2197 | LR 4.5178e-05
2026-03-11 05:40:16 INFO Epoch 7 | Step 140/10683 | Loss 0.2194 | LR 4.5144e-05
2026-03-11 05:40:33 INFO Epoch 7 | Step 160/10683 | Loss 0.2197 | LR 4.5110e-05
2026-03-11 05:40:50 INFO Epoch 7 | Step 180/10683 | Loss 0.2194 | LR 4.5075e-05
2026-03-11 05:41:06 INFO Epoch 7 | Step 200/10683 | Loss 0.2191 | LR 4.5041e-05
2026-03-11 05:41:23 INFO Epoch 7 | Step 220/10683 | Loss 0.2205 | LR 4.5006e-05
2026-03-11 05:41:39 INFO Epoch 7 | Step 240/10683 | Loss 0.2213 | LR 4.4972e-05
2026-03-11 05:41:56 INFO Epoch 7 | Step 260/10683 | Loss 0.2219 | LR 4.4937e-05
2026-03-11 05:42:13 INFO Epoch 7 | Step 280/10683 | Loss 0.2228 | LR 4.4903e-05
2026-03-11 05:42:29 INFO Epoch 7 | Step 300/10683 | Loss 0.2229 | LR 4.4869e-05
2026-03-11 05:42:46 INFO Epoch 7 | Step 320/10683 | Loss 0.2227 | LR 4.4834e-05
2026-03-11 05:43:03 INFO Epoch 7 | Step 340/10683 | Loss 0.2222 | LR 4.4800e-05
2026-03-11 05:43:19 INFO Epoch 7 | Step 360/10683 | Loss 0.2218 | LR 4.4765e-05
2026-03-11 05:43:36 INFO Epoch 7 | Step 380/10683 | Loss 0.2204 | LR 4.4731e-05
2026-03-11 05:43:52 INFO Epoch 7 | Step 400/10683 | Loss 0.2205 | LR 4.4697e-05
2026-03-11 05:44:09 INFO Epoch 7 | Step 420/10683 | Loss 0.2199 | LR 4.4662e-05
2026-03-11 05:44:25 INFO Epoch 7 | Step 440/10683 | Loss 0.2197 | LR 4.4628e-05
2026-03-11 05:44:42 INFO Epoch 7 | Step 460/10683 | Loss 0.2199 | LR 4.4593e-05
2026-03-11 05:44:59 INFO Epoch 7 | Step 480/10683 | Loss 0.2194 | LR 4.4559e-05
2026-03-11 05:45:15 INFO Epoch 7 | Step 500/10683 | Loss 0.2191 | LR 4.4525e-05
2026-03-11 05:45:32 INFO Epoch 7 | Step 520/10683 | Loss 0.2196 | LR 4.4490e-05
2026-03-11 05:45:48 INFO Epoch 7 | Step 540/10683 | Loss 0.2195 | LR 4.4456e-05
2026-03-11 05:46:05 INFO Epoch 7 | Step 560/10683 | Loss 0.2193 | LR 4.4421e-05
2026-03-11 05:46:21 INFO Epoch 7 | Step 580/10683 | Loss 0.2189 | LR 4.4387e-05
2026-03-11 05:46:38 INFO Epoch 7 | Step 600/10683 | Loss 0.2195 | LR 4.4353e-05
2026-03-11 05:46:54 INFO Epoch 7 | Step 620/10683 | Loss 0.2190 | LR 4.4318e-05
2026-03-11 05:47:11 INFO Epoch 7 | Step 640/10683 | Loss 0.2190 | LR 4.4284e-05
2026-03-11 05:47:28 INFO Epoch 7 | Step 660/10683 | Loss 0.2189 | LR 4.4250e-05
2026-03-11 05:47:44 INFO Epoch 7 | Step 680/10683 | Loss 0.2185 | LR 4.4215e-05
2026-03-11 05:48:01 INFO Epoch 7 | Step 700/10683 | Loss 0.2187 | LR 4.4181e-05
2026-03-11 05:48:17 INFO Epoch 7 | Step 720/10683 | Loss 0.2192 | LR 4.4146e-05
2026-03-11 05:48:34 INFO Epoch 7 | Step 740/10683 | Loss 0.2184 | LR 4.4112e-05
2026-03-11 05:48:50 INFO Epoch 7 | Step 760/10683 | Loss 0.2185 | LR 4.4078e-05
2026-03-11 05:49:07 INFO Epoch 7 | Step 780/10683 | Loss 0.2191 | LR 4.4043e-05
2026-03-11 05:49:23 INFO Epoch 7 | Step 800/10683 | Loss 0.2188 | LR 4.4009e-05
2026-03-11 05:49:40 INFO Epoch 7 | Step 820/10683 | Loss 0.2187 | LR 4.3975e-05
2026-03-11 05:49:56 INFO Epoch 7 | Step 840/10683 | Loss 0.2190 | LR 4.3940e-05
2026-03-11 05:50:13 INFO Epoch 7 | Step 860/10683 | Loss 0.2193 | LR 4.3906e-05
2026-03-11 05:50:30 INFO Epoch 7 | Step 880/10683 | Loss 0.2196 | LR 4.3872e-05
2026-03-11 05:50:46 INFO Epoch 7 | Step 900/10683 | Loss 0.2193 | LR 4.3837e-05
2026-03-11 05:51:03 INFO Epoch 7 | Step 920/10683 | Loss 0.2194 | LR 4.3803e-05
2026-03-11 05:51:19 INFO Epoch 7 | Step 940/10683 | Loss 0.2193 | LR 4.3769e-05
2026-03-11 05:51:36 INFO Epoch 7 | Step 960/10683 | Loss 0.2194 | LR 4.3734e-05
2026-03-11 05:51:52 INFO Epoch 7 | Step 980/10683 | Loss 0.2196 | LR 4.3700e-05
2026-03-11 05:52:09 INFO Epoch 7 | Step 1000/10683 | Loss 0.2195 | LR 4.3666e-05
2026-03-11 05:52:26 INFO Epoch 7 | Step 1020/10683 | Loss 0.2195 | LR 4.3631e-05
2026-03-11 05:52:42 INFO Epoch 7 | Step 1040/10683 | Loss 0.2200 | LR 4.3597e-05
2026-03-11 05:52:59 INFO Epoch 7 | Step 1060/10683 | Loss 0.2199 | LR 4.3563e-05
2026-03-11 05:53:15 INFO Epoch 7 | Step 1080/10683 | Loss 0.2201 | LR 4.3528e-05
2026-03-11 05:53:32 INFO Epoch 7 | Step 1100/10683 | Loss 0.2204 | LR 4.3494e-05
2026-03-11 05:53:48 INFO Epoch 7 | Step 1120/10683 | Loss 0.2204 | LR 4.3460e-05
2026-03-11 05:54:05 INFO Epoch 7 | Step 1140/10683 | Loss 0.2205 | LR 4.3426e-05
2026-03-11 05:54:21 INFO Epoch 7 | Step 1160/10683 | Loss 0.2208 | LR 4.3391e-05
2026-03-11 05:54:38 INFO Epoch 7 | Step 1180/10683 | Loss 0.2206 | LR 4.3357e-05
2026-03-11 05:54:55 INFO Epoch 7 | Step 1200/10683 | Loss 0.2207 | LR 4.3323e-05
2026-03-11 05:55:11 INFO Epoch 7 | Step 1220/10683 | Loss 0.2210 | LR 4.3288e-05
2026-03-11 05:55:28 INFO Epoch 7 | Step 1240/10683 | Loss 0.2208 | LR 4.3254e-05
2026-03-11 05:55:44 INFO Epoch 7 | Step 1260/10683 | Loss 0.2207 | LR 4.3220e-05
2026-03-11 05:56:01 INFO Epoch 7 | Step 1280/10683 | Loss 0.2204 | LR 4.3186e-05
2026-03-11 05:56:17 INFO Epoch 7 | Step 1300/10683 | Loss 0.2205 | LR 4.3151e-05
2026-03-11 05:56:34 INFO Epoch 7 | Step 1320/10683 | Loss 0.2204 | LR 4.3117e-05
2026-03-11 05:56:50 INFO Epoch 7 | Step 1340/10683 | Loss 0.2199 | LR 4.3083e-05
2026-03-11 05:57:07 INFO Epoch 7 | Step 1360/10683 | Loss 0.2197 | LR 4.3049e-05
2026-03-11 05:57:23 INFO Epoch 7 | Step 1380/10683 | Loss 0.2195 | LR 4.3014e-05
2026-03-11 05:57:40 INFO Epoch 7 | Step 1400/10683 | Loss 0.2194 | LR 4.2980e-05
2026-03-11 05:57:56 INFO Epoch 7 | Step 1420/10683 | Loss 0.2192 | LR 4.2946e-05
2026-03-11 05:58:13 INFO Epoch 7 | Step 1440/10683 | Loss 0.2192 | LR 4.2911e-05
2026-03-11 05:58:29 INFO Epoch 7 | Step 1460/10683 | Loss 0.2191 | LR 4.2877e-05
2026-03-11 05:58:46 INFO Epoch 7 | Step 1480/10683 | Loss 0.2191 | LR 4.2843e-05
2026-03-11 05:59:02 INFO Epoch 7 | Step 1500/10683 | Loss 0.2190 | LR 4.2809e-05
2026-03-11 05:59:19 INFO Epoch 7 | Step 1520/10683 | Loss 0.2190 | LR 4.2775e-05
2026-03-11 05:59:35 INFO Epoch 7 | Step 1540/10683 | Loss 0.2192 | LR 4.2740e-05
2026-03-11 05:59:52 INFO Epoch 7 | Step 1560/10683 | Loss 0.2190 | LR 4.2706e-05
2026-03-11 06:00:08 INFO Epoch 7 | Step 1580/10683 | Loss 0.2190 | LR 4.2672e-05
2026-03-11 06:00:25 INFO Epoch 7 | Step 1600/10683 | Loss 0.2190 | LR 4.2638e-05
2026-03-11 06:00:42 INFO Epoch 7 | Step 1620/10683 | Loss 0.2190 | LR 4.2603e-05
2026-03-11 06:00:58 INFO Epoch 7 | Step 1640/10683 | Loss 0.2190 | LR 4.2569e-05
2026-03-11 06:01:15 INFO Epoch 7 | Step 1660/10683 | Loss 0.2189 | LR 4.2535e-05
2026-03-11 06:01:31 INFO Epoch 7 | Step 1680/10683 | Loss 0.2188 | LR 4.2501e-05
2026-03-11 06:01:48 INFO Epoch 7 | Step 1700/10683 | Loss 0.2187 | LR 4.2467e-05
2026-03-11 06:02:04 INFO Epoch 7 | Step 1720/10683 | Loss 0.2188 | LR 4.2432e-05
2026-03-11 06:02:21 INFO Epoch 7 | Step 1740/10683 | Loss 0.2187 | LR 4.2398e-05
2026-03-11 06:02:37 INFO Epoch 7 | Step 1760/10683 | Loss 0.2185 | LR 4.2364e-05
2026-03-11 06:02:54 INFO Epoch 7 | Step 1780/10683 | Loss 0.2183 | LR 4.2330e-05
2026-03-11 06:03:11 INFO Epoch 7 | Step 1800/10683 | Loss 0.2187 | LR 4.2296e-05
2026-03-11 06:03:27 INFO Epoch 7 | Step 1820/10683 | Loss 0.2186 | LR 4.2261e-05
2026-03-11 06:03:44 INFO Epoch 7 | Step 1840/10683 | Loss 0.2187 | LR 4.2227e-05
2026-03-11 06:04:00 INFO Epoch 7 | Step 1860/10683 | Loss 0.2187 | LR 4.2193e-05
2026-03-11 06:04:17 INFO Epoch 7 | Step 1880/10683 | Loss 0.2185 | LR 4.2159e-05
2026-03-11 06:04:33 INFO Epoch 7 | Step 1900/10683 | Loss 0.2187 | LR 4.2125e-05
2026-03-11 06:04:50 INFO Epoch 7 | Step 1920/10683 | Loss 0.2187 | LR 4.2091e-05
2026-03-11 06:05:06 INFO Epoch 7 | Step 1940/10683 | Loss 0.2187 | LR 4.2056e-05
2026-03-11 06:05:23 INFO Epoch 7 | Step 1960/10683 | Loss 0.2186 | LR 4.2022e-05
2026-03-11 06:05:39 INFO Epoch 7 | Step 1980/10683 | Loss 0.2187 | LR 4.1988e-05
2026-03-11 06:05:56 INFO Epoch 7 | Step 2000/10683 | Loss 0.2188 | LR 4.1954e-05
2026-03-11 06:06:13 INFO Epoch 7 | Step 2020/10683 | Loss 0.2188 | LR 4.1920e-05
2026-03-11 06:06:29 INFO Epoch 7 | Step 2040/10683 | Loss 0.2189 | LR 4.1886e-05
2026-03-11 06:06:46 INFO Epoch 7 | Step 2060/10683 | Loss 0.2192 | LR 4.1852e-05
2026-03-11 06:07:02 INFO Epoch 7 | Step 2080/10683 | Loss 0.2193 | LR 4.1817e-05
2026-03-11 06:07:19 INFO Epoch 7 | Step 2100/10683 | Loss 0.2192 | LR 4.1783e-05
2026-03-11 06:07:35 INFO Epoch 7 | Step 2120/10683 | Loss 0.2191 | LR 4.1749e-05
2026-03-11 06:07:52 INFO Epoch 7 | Step 2140/10683 | Loss 0.2191 | LR 4.1715e-05
2026-03-11 06:08:09 INFO Epoch 7 | Step 2160/10683 | Loss 0.2188 | LR 4.1681e-05
2026-03-11 06:08:25 INFO Epoch 7 | Step 2180/10683 | Loss 0.2189 | LR 4.1647e-05
2026-03-11 06:08:42 INFO Epoch 7 | Step 2200/10683 | Loss 0.2188 | LR 4.1613e-05
2026-03-11 06:08:58 INFO Epoch 7 | Step 2220/10683 | Loss 0.2187 | LR 4.1579e-05
2026-03-11 06:09:15 INFO Epoch 7 | Step 2240/10683 | Loss 0.2188 | LR 4.1544e-05
2026-03-11 06:09:32 INFO Epoch 7 | Step 2260/10683 | Loss 0.2188 | LR 4.1510e-05
2026-03-11 06:09:48 INFO Epoch 7 | Step 2280/10683 | Loss 0.2187 | LR 4.1476e-05
2026-03-11 06:10:05 INFO Epoch 7 | Step 2300/10683 | Loss 0.2188 | LR 4.1442e-05
2026-03-11 06:10:21 INFO Epoch 7 | Step 2320/10683 | Loss 0.2189 | LR 4.1408e-05
2026-03-11 06:10:38 INFO Epoch 7 | Step 2340/10683 | Loss 0.2190 | LR 4.1374e-05
2026-03-11 06:10:54 INFO Epoch 7 | Step 2360/10683 | Loss 0.2191 | LR 4.1340e-05
2026-03-11 06:11:11 INFO Epoch 7 | Step 2380/10683 | Loss 0.2191 | LR 4.1306e-05
2026-03-11 06:11:27 INFO Epoch 7 | Step 2400/10683 | Loss 0.2193 | LR 4.1272e-05
2026-03-11 06:11:44 INFO Epoch 7 | Step 2420/10683 | Loss 0.2194 | LR 4.1238e-05
2026-03-11 06:12:01 INFO Epoch 7 | Step 2440/10683 | Loss 0.2193 | LR 4.1204e-05
2026-03-11 06:12:17 INFO Epoch 7 | Step 2460/10683 | Loss 0.2194 | LR 4.1170e-05
2026-03-11 06:12:34 INFO Epoch 7 | Step 2480/10683 | Loss 0.2193 | LR 4.1136e-05
2026-03-11 06:12:50 INFO Epoch 7 | Step 2500/10683 | Loss 0.2195 | LR 4.1102e-05
2026-03-11 06:13:07 INFO Epoch 7 | Step 2520/10683 | Loss 0.2196 | LR 4.1068e-05
2026-03-11 06:13:23 INFO Epoch 7 | Step 2540/10683 | Loss 0.2197 | LR 4.1033e-05
2026-03-11 06:13:40 INFO Epoch 7 | Step 2560/10683 | Loss 0.2197 | LR 4.0999e-05
2026-03-11 06:13:57 INFO Epoch 7 | Step 2580/10683 | Loss 0.2196 | LR 4.0965e-05
2026-03-11 06:14:13 INFO Epoch 7 | Step 2600/10683 | Loss 0.2198 | LR 4.0931e-05
2026-03-11 06:14:30 INFO Epoch 7 | Step 2620/10683 | Loss 0.2198 | LR 4.0897e-05
2026-03-11 06:14:46 INFO Epoch 7 | Step 2640/10683 | Loss 0.2198 | LR 4.0863e-05
2026-03-11 06:15:03 INFO Epoch 7 | Step 2660/10683 | Loss 0.2197 | LR 4.0829e-05
2026-03-11 06:15:19 INFO Epoch 7 | Step 2680/10683 | Loss 0.2199 | LR 4.0795e-05
2026-03-11 06:15:36 INFO Epoch 7 | Step 2700/10683 | Loss 0.2198 | LR 4.0761e-05
2026-03-11 06:15:53 INFO Epoch 7 | Step 2720/10683 | Loss 0.2199 | LR 4.0727e-05
2026-03-11 06:16:09 INFO Epoch 7 | Step 2740/10683 | Loss 0.2200 | LR 4.0693e-05
2026-03-11 06:16:26 INFO Epoch 7 | Step 2760/10683 | Loss 0.2200 | LR 4.0659e-05
2026-03-11 06:16:42 INFO Epoch 7 | Step 2780/10683 | Loss 0.2201 | LR 4.0625e-05
2026-03-11 06:16:59 INFO Epoch 7 | Step 2800/10683 | Loss 0.2201 | LR 4.0591e-05
2026-03-11 06:17:16 INFO Epoch 7 | Step 2820/10683 | Loss 0.2201 | LR 4.0557e-05
2026-03-11 06:17:32 INFO Epoch 7 | Step 2840/10683 | Loss 0.2200 | LR 4.0523e-05
2026-03-11 06:17:49 INFO Epoch 7 | Step 2860/10683 | Loss 0.2199 | LR 4.0489e-05
2026-03-11 06:18:06 INFO Epoch 7 | Step 2880/10683 | Loss 0.2199 | LR 4.0456e-05
2026-03-11 06:18:22 INFO Epoch 7 | Step 2900/10683 | Loss 0.2198 | LR 4.0422e-05
2026-03-11 06:18:39 INFO Epoch 7 | Step 2920/10683 | Loss 0.2199 | LR 4.0388e-05
2026-03-11 06:18:55 INFO Epoch 7 | Step 2940/10683 | Loss 0.2198 | LR 4.0354e-05
2026-03-11 06:19:12 INFO Epoch 7 | Step 2960/10683 | Loss 0.2196 | LR 4.0320e-05
2026-03-11 06:19:28 INFO Epoch 7 | Step 2980/10683 | Loss 0.2196 | LR 4.0286e-05
2026-03-11 06:19:45 INFO Epoch 7 | Step 3000/10683 | Loss 0.2196 | LR 4.0252e-05
2026-03-11 06:20:01 INFO Epoch 7 | Step 3020/10683 | Loss 0.2197 | LR 4.0218e-05
2026-03-11 06:20:18 INFO Epoch 7 | Step 3040/10683 | Loss 0.2196 | LR 4.0184e-05
2026-03-11 06:20:35 INFO Epoch 7 | Step 3060/10683 | Loss 0.2195 | LR 4.0150e-05
2026-03-11 06:20:51 INFO Epoch 7 | Step 3080/10683 | Loss 0.2197 | LR 4.0116e-05
2026-03-11 06:21:08 INFO Epoch 7 | Step 3100/10683 | Loss 0.2196 | LR 4.0082e-05
2026-03-11 06:21:25 INFO Epoch 7 | Step 3120/10683 | Loss 0.2197 | LR 4.0048e-05
2026-03-11 06:21:41 INFO Epoch 7 | Step 3140/10683 | Loss 0.2196 | LR 4.0014e-05
2026-03-11 06:21:58 INFO Epoch 7 | Step 3160/10683 | Loss 0.2196 | LR 3.9981e-05
2026-03-11 06:22:15 INFO Epoch 7 | Step 3180/10683 | Loss 0.2195 | LR 3.9947e-05
2026-03-11 06:22:31 INFO Epoch 7 | Step 3200/10683 | Loss 0.2197 | LR 3.9913e-05
2026-03-11 06:22:48 INFO Epoch 7 | Step 3220/10683 | Loss 0.2196 | LR 3.9879e-05
2026-03-11 06:23:05 INFO Epoch 7 | Step 3240/10683 | Loss 0.2198 | LR 3.9845e-05
2026-03-11 06:23:21 INFO Epoch 7 | Step 3260/10683 | Loss 0.2199 | LR 3.9811e-05
2026-03-11 06:23:38 INFO Epoch 7 | Step 3280/10683 | Loss 0.2197 | LR 3.9777e-05
2026-03-11 06:23:54 INFO Epoch 7 | Step 3300/10683 | Loss 0.2198 | LR 3.9743e-05
2026-03-11 06:24:11 INFO Epoch 7 | Step 3320/10683 | Loss 0.2198 | LR 3.9710e-05
2026-03-11 06:24:28 INFO Epoch 7 | Step 3340/10683 | Loss 0.2198 | LR 3.9676e-05
2026-03-11 06:24:44 INFO Epoch 7 | Step 3360/10683 | Loss 0.2198 | LR 3.9642e-05
2026-03-11 06:25:01 INFO Epoch 7 | Step 3380/10683 | Loss 0.2199 | LR 3.9608e-05
2026-03-11 06:25:18 INFO Epoch 7 | Step 3400/10683 | Loss 0.2197 | LR 3.9574e-05
2026-03-11 06:25:34 INFO Epoch 7 | Step 3420/10683 | Loss 0.2197 | LR 3.9540e-05
2026-03-11 06:25:51 INFO Epoch 7 | Step 3440/10683 | Loss 0.2197 | LR 3.9506e-05
2026-03-11 06:26:08 INFO Epoch 7 | Step 3460/10683 | Loss 0.2196 | LR 3.9473e-05
2026-03-11 06:26:24 INFO Epoch 7 | Step 3480/10683 | Loss 0.2196 | LR 3.9439e-05
2026-03-11 06:26:41 INFO Epoch 7 | Step 3500/10683 | Loss 0.2196 | LR 3.9405e-05
2026-03-11 06:26:58 INFO Epoch 7 | Step 3520/10683 | Loss 0.2197 | LR 3.9371e-05
2026-03-11 06:27:14 INFO Epoch 7 | Step 3540/10683 | Loss 0.2198 | LR 3.9337e-05
2026-03-11 06:27:31 INFO Epoch 7 | Step 3560/10683 | Loss 0.2199 | LR 3.9304e-05
2026-03-11 06:27:47 INFO Epoch 7 | Step 3580/10683 | Loss 0.2199 | LR 3.9270e-05
2026-03-11 06:28:04 INFO Epoch 7 | Step 3600/10683 | Loss 0.2199 | LR 3.9236e-05
2026-03-11 06:28:21 INFO Epoch 7 | Step 3620/10683 | Loss 0.2199 | LR 3.9202e-05
2026-03-11 06:28:37 INFO Epoch 7 | Step 3640/10683 | Loss 0.2199 | LR 3.9168e-05
2026-03-11 06:28:54 INFO Epoch 7 | Step 3660/10683 | Loss 0.2200 | LR 3.9135e-05
2026-03-11 06:29:11 INFO Epoch 7 | Step 3680/10683 | Loss 0.2200 | LR 3.9101e-05
2026-03-11 06:29:27 INFO Epoch 7 | Step 3700/10683 | Loss 0.2201 | LR 3.9067e-05
2026-03-11 06:29:44 INFO Epoch 7 | Step 3720/10683 | Loss 0.2201 | LR 3.9033e-05
2026-03-11 06:30:01 INFO Epoch 7 | Step 3740/10683 | Loss 0.2201 | LR 3.9000e-05
2026-03-11 06:30:17 INFO Epoch 7 | Step 3760/10683 | Loss 0.2201 | LR 3.8966e-05
2026-03-11 06:30:34 INFO Epoch 7 | Step 3780/10683 | Loss 0.2201 | LR 3.8932e-05
2026-03-11 06:30:51 INFO Epoch 7 | Step 3800/10683 | Loss 0.2202 | LR 3.8898e-05
2026-03-11 06:31:07 INFO Epoch 7 | Step 3820/10683 | Loss 0.2201 | LR 3.8865e-05
2026-03-11 06:31:24 INFO Epoch 7 | Step 3840/10683 | Loss 0.2201 | LR 3.8831e-05
2026-03-11 06:31:41 INFO Epoch 7 | Step 3860/10683 | Loss 0.2201 | LR 3.8797e-05
2026-03-11 06:31:57 INFO Epoch 7 | Step 3880/10683 | Loss 0.2201 | LR 3.8764e-05
2026-03-11 06:32:14 INFO Epoch 7 | Step 3900/10683 | Loss 0.2202 | LR 3.8730e-05
2026-03-11 06:32:31 INFO Epoch 7 | Step 3920/10683 | Loss 0.2201 | LR 3.8696e-05
2026-03-11 06:32:47 INFO Epoch 7 | Step 3940/10683 | Loss 0.2201 | LR 3.8662e-05
2026-03-11 06:33:04 INFO Epoch 7 | Step 3960/10683 | Loss 0.2200 | LR 3.8629e-05
2026-03-11 06:33:21 INFO Epoch 7 | Step 3980/10683 | Loss 0.2201 | LR 3.8595e-05
2026-03-11 06:33:37 INFO Epoch 7 | Step 4000/10683 | Loss 0.2201 | LR 3.8561e-05
2026-03-11 06:33:54 INFO Epoch 7 | Step 4020/10683 | Loss 0.2201 | LR 3.8528e-05
2026-03-11 06:34:10 INFO Epoch 7 | Step 4040/10683 | Loss 0.2202 | LR 3.8494e-05
2026-03-11 06:34:27 INFO Epoch 7 | Step 4060/10683 | Loss 0.2203 | LR 3.8460e-05
2026-03-11 06:34:44 INFO Epoch 7 | Step 4080/10683 | Loss 0.2202 | LR 3.8427e-05
2026-03-11 06:35:00 INFO Epoch 7 | Step 4100/10683 | Loss 0.2203 | LR 3.8393e-05
2026-03-11 06:35:17 INFO Epoch 7 | Step 4120/10683 | Loss 0.2203 | LR 3.8359e-05
2026-03-11 06:35:33 INFO Epoch 7 | Step 4140/10683 | Loss 0.2202 | LR 3.8326e-05
2026-03-11 06:35:50 INFO Epoch 7 | Step 4160/10683 | Loss 0.2202 | LR 3.8292e-05
2026-03-11 06:36:07 INFO Epoch 7 | Step 4180/10683 | Loss 0.2202 | LR 3.8258e-05
2026-03-11 06:36:23 INFO Epoch 7 | Step 4200/10683 | Loss 0.2203 | LR 3.8225e-05
2026-03-11 06:36:40 INFO Epoch 7 | Step 4220/10683 | Loss 0.2203 | LR 3.8191e-05
2026-03-11 06:36:56 INFO Epoch 7 | Step 4240/10683 | Loss 0.2204 | LR 3.8158e-05
2026-03-11 06:37:13 INFO Epoch 7 | Step 4260/10683 | Loss 0.2203 | LR 3.8124e-05
2026-03-11 06:37:30 INFO Epoch 7 | Step 4280/10683 | Loss 0.2204 | LR 3.8090e-05
2026-03-11 06:37:46 INFO Epoch 7 | Step 4300/10683 | Loss 0.2202 | LR 3.8057e-05
2026-03-11 06:38:03 INFO Epoch 7 | Step 4320/10683 | Loss 0.2202 | LR 3.8023e-05
2026-03-11 06:38:20 INFO Epoch 7 | Step 4340/10683 | Loss 0.2202 | LR 3.7990e-05
2026-03-11 06:38:36 INFO Epoch 7 | Step 4360/10683 | Loss 0.2202 | LR 3.7956e-05
2026-03-11 06:38:53 INFO Epoch 7 | Step 4380/10683 | Loss 0.2203 | LR 3.7922e-05
2026-03-11 06:39:10 INFO Epoch 7 | Step 4400/10683 | Loss 0.2204 | LR 3.7889e-05
2026-03-11 06:39:26 INFO Epoch 7 | Step 4420/10683 | Loss 0.2203 | LR 3.7855e-05
2026-03-11 06:39:43 INFO Epoch 7 | Step 4440/10683 | Loss 0.2203 | LR 3.7822e-05
2026-03-11 06:40:00 INFO Epoch 7 | Step 4460/10683 | Loss 0.2203 | LR 3.7788e-05
2026-03-11 06:40:17 INFO Epoch 7 | Step 4480/10683 | Loss 0.2202 | LR 3.7755e-05
2026-03-11 06:40:33 INFO Epoch 7 | Step 4500/10683 | Loss 0.2202 | LR 3.7721e-05
2026-03-11 06:40:50 INFO Epoch 7 | Step 4520/10683 | Loss 0.2202 | LR 3.7688e-05
2026-03-11 06:41:07 INFO Epoch 7 | Step 4540/10683 | Loss 0.2202 | LR 3.7654e-05
2026-03-11 06:41:23 INFO Epoch 7 | Step 4560/10683 | Loss 0.2203 | LR 3.7621e-05
2026-03-11 06:41:40 INFO Epoch 7 | Step 4580/10683 | Loss 0.2202 | LR 3.7587e-05
2026-03-11 06:41:56 INFO Epoch 7 | Step 4600/10683 | Loss 0.2201 | LR 3.7554e-05
2026-03-11 06:42:13 INFO Epoch 7 | Step 4620/10683 | Loss 0.2201 | LR 3.7520e-05
2026-03-11 06:42:30 INFO Epoch 7 | Step 4640/10683 | Loss 0.2201 | LR 3.7487e-05
2026-03-11 06:42:47 INFO Epoch 7 | Step 4660/10683 | Loss 0.2201 | LR 3.7453e-05
2026-03-11 06:43:03 INFO Epoch 7 | Step 4680/10683 | Loss 0.2202 | LR 3.7420e-05
2026-03-11 06:43:20 INFO Epoch 7 | Step 4700/10683 | Loss 0.2202 | LR 3.7386e-05
2026-03-11 06:43:36 INFO Epoch 7 | Step 4720/10683 | Loss 0.2203 | LR 3.7353e-05
2026-03-11 06:43:53 INFO Epoch 7 | Step 4740/10683 | Loss 0.2202 | LR 3.7319e-05
2026-03-11 06:44:10 INFO Epoch 7 | Step 4760/10683 | Loss 0.2202 | LR 3.7286e-05
2026-03-11 06:44:26 INFO Epoch 7 | Step 4780/10683 | Loss 0.2203 | LR 3.7252e-05
2026-03-11 06:44:43 INFO Epoch 7 | Step 4800/10683 | Loss 0.2202 | LR 3.7219e-05
2026-03-11 06:45:00 INFO Epoch 7 | Step 4820/10683 | Loss 0.2202 | LR 3.7185e-05
2026-03-11 06:45:16 INFO Epoch 7 | Step 4840/10683 | Loss 0.2202 | LR 3.7152e-05
2026-03-11 06:45:33 INFO Epoch 7 | Step 4860/10683 | Loss 0.2202 | LR 3.7118e-05
2026-03-11 06:45:50 INFO Epoch 7 | Step 4880/10683 | Loss 0.2201 | LR 3.7085e-05
2026-03-11 06:46:06 INFO Epoch 7 | Step 4900/10683 | Loss 0.2202 | LR 3.7052e-05
2026-03-11 06:46:23 INFO Epoch 7 | Step 4920/10683 | Loss 0.2201 | LR 3.7018e-05
2026-03-11 06:46:40 INFO Epoch 7 | Step 4940/10683 | Loss 0.2200 | LR 3.6985e-05
2026-03-11 06:46:57 INFO Epoch 7 | Step 4960/10683 | Loss 0.2200 | LR 3.6951e-05
2026-03-11 06:47:13 INFO Epoch 7 | Step 4980/10683 | Loss 0.2201 | LR 3.6918e-05
2026-03-11 06:47:30 INFO Epoch 7 | Step 5000/10683 | Loss 0.2200 | LR 3.6885e-05
2026-03-11 06:47:46 INFO Epoch 7 | Step 5020/10683 | Loss 0.2200 | LR 3.6851e-05
2026-03-11 06:48:03 INFO Epoch 7 | Step 5040/10683 | Loss 0.2201 | LR 3.6818e-05
2026-03-11 06:48:20 INFO Epoch 7 | Step 5060/10683 | Loss 0.2200 | LR 3.6784e-05
2026-03-11 06:48:36 INFO Epoch 7 | Step 5080/10683 | Loss 0.2199 | LR 3.6751e-05
2026-03-11 06:48:53 INFO Epoch 7 | Step 5100/10683 | Loss 0.2199 | LR 3.6718e-05
2026-03-11 06:49:10 INFO Epoch 7 | Step 5120/10683 | Loss 0.2198 | LR 3.6684e-05
2026-03-11 06:49:26 INFO Epoch 7 | Step 5140/10683 | Loss 0.2199 | LR 3.6651e-05
2026-03-11 06:49:43 INFO Epoch 7 | Step 5160/10683 | Loss 0.2199 | LR 3.6618e-05
2026-03-11 06:50:00 INFO Epoch 7 | Step 5180/10683 | Loss 0.2199 | LR 3.6584e-05
2026-03-11 06:50:16 INFO Epoch 7 | Step 5200/10683 | Loss 0.2199 | LR 3.6551e-05
2026-03-11 06:50:33 INFO Epoch 7 | Step 5220/10683 | Loss 0.2199 | LR 3.6518e-05
2026-03-11 06:50:49 INFO Epoch 7 | Step 5240/10683 | Loss 0.2199 | LR 3.6484e-05
2026-03-11 06:51:06 INFO Epoch 7 | Step 5260/10683 | Loss 0.2199 | LR 3.6451e-05
2026-03-11 06:51:22 INFO Epoch 7 | Step 5280/10683 | Loss 0.2198 | LR 3.6418e-05
2026-03-11 06:51:39 INFO Epoch 7 | Step 5300/10683 | Loss 0.2198 | LR 3.6385e-05
2026-03-11 06:51:56 INFO Epoch 7 | Step 5320/10683 | Loss 0.2197 | LR 3.6351e-05
2026-03-11 06:52:12 INFO Epoch 7 | Step 5340/10683 | Loss 0.2197 | LR 3.6318e-05
2026-03-11 06:52:29 INFO Epoch 7 | Step 5360/10683 | Loss 0.2197 | LR 3.6285e-05
2026-03-11 06:52:45 INFO Epoch 7 | Step 5380/10683 | Loss 0.2197 | LR 3.6251e-05
2026-03-11 06:53:02 INFO Epoch 7 | Step 5400/10683 | Loss 0.2197 | LR 3.6218e-05
2026-03-11 06:53:19 INFO Epoch 7 | Step 5420/10683 | Loss 0.2198 | LR 3.6185e-05
2026-03-11 06:53:35 INFO Epoch 7 | Step 5440/10683 | Loss 0.2198 | LR 3.6152e-05
2026-03-11 06:53:52 INFO Epoch 7 | Step 5460/10683 | Loss 0.2198 | LR 3.6118e-05
2026-03-11 06:54:09 INFO Epoch 7 | Step 5480/10683 | Loss 0.2197 | LR 3.6085e-05
2026-03-11 06:54:25 INFO Epoch 7 | Step 5500/10683 | Loss 0.2197 | LR 3.6052e-05
2026-03-11 06:54:42 INFO Epoch 7 | Step 5520/10683 | Loss 0.2197 | LR 3.6019e-05
2026-03-11 06:54:58 INFO Epoch 7 | Step 5540/10683 | Loss 0.2198 | LR 3.5986e-05
2026-03-11 06:55:15 INFO Epoch 7 | Step 5560/10683 | Loss 0.2198 | LR 3.5952e-05
2026-03-11 06:55:32 INFO Epoch 7 | Step 5580/10683 | Loss 0.2197 | LR 3.5919e-05
2026-03-11 06:55:48 INFO Epoch 7 | Step 5600/10683 | Loss 0.2198 | LR 3.5886e-05
2026-03-11 06:56:05 INFO Epoch 7 | Step 5620/10683 | Loss 0.2198 | LR 3.5853e-05
2026-03-11 06:56:22 INFO Epoch 7 | Step 5640/10683 | Loss 0.2198 | LR 3.5820e-05
2026-03-11 06:56:38 INFO Epoch 7 | Step 5660/10683 | Loss 0.2198 | LR 3.5786e-05
2026-03-11 06:56:55 INFO Epoch 7 | Step 5680/10683 | Loss 0.2198 | LR 3.5753e-05
2026-03-11 06:57:11 INFO Epoch 7 | Step 5700/10683 | Loss 0.2198 | LR 3.5720e-05
2026-03-11 06:57:28 INFO Epoch 7 | Step 5720/10683 | Loss 0.2199 | LR 3.5687e-05
2026-03-11 06:57:45 INFO Epoch 7 | Step 5740/10683 | Loss 0.2199 | LR 3.5654e-05
2026-03-11 06:58:01 INFO Epoch 7 | Step 5760/10683 | Loss 0.2198 | LR 3.5621e-05
2026-03-11 06:58:18 INFO Epoch 7 | Step 5780/10683 | Loss 0.2199 | LR 3.5587e-05
2026-03-11 06:58:35 INFO Epoch 7 | Step 5800/10683 | Loss 0.2198 | LR 3.5554e-05
2026-03-11 06:58:51 INFO Epoch 7 | Step 5820/10683 | Loss 0.2198 | LR 3.5521e-05
2026-03-11 06:59:08 INFO Epoch 7 | Step 5840/10683 | Loss 0.2198 | LR 3.5488e-05
2026-03-11 06:59:24 INFO Epoch 7 | Step 5860/10683 | Loss 0.2197 | LR 3.5455e-05
2026-03-11 06:59:41 INFO Epoch 7 | Step 5880/10683 | Loss 0.2196 | LR 3.5422e-05
2026-03-11 06:59:58 INFO Epoch 7 | Step 5900/10683 | Loss 0.2196 | LR 3.5389e-05
2026-03-11 07:00:14 INFO Epoch 7 | Step 5920/10683 | Loss 0.2197 | LR 3.5356e-05
2026-03-11 07:00:31 INFO Epoch 7 | Step 5940/10683 | Loss 0.2196 | LR 3.5323e-05
2026-03-11 07:00:48 INFO Epoch 7 | Step 5960/10683 | Loss 0.2197 | LR 3.5290e-05
2026-03-11 07:01:04 INFO Epoch 7 | Step 5980/10683 | Loss 0.2196 | LR 3.5257e-05
2026-03-11 07:01:21 INFO Epoch 7 | Step 6000/10683 | Loss 0.2196 | LR 3.5223e-05
2026-03-11 07:01:37 INFO Epoch 7 | Step 6020/10683 | Loss 0.2196 | LR 3.5190e-05
2026-03-11 07:01:54 INFO Epoch 7 | Step 6040/10683 | Loss 0.2196 | LR 3.5157e-05
2026-03-11 07:02:11 INFO Epoch 7 | Step 6060/10683 | Loss 0.2196 | LR 3.5124e-05
2026-03-11 07:02:27 INFO Epoch 7 | Step 6080/10683 | Loss 0.2196 | LR 3.5091e-05
2026-03-11 07:02:44 INFO Epoch 7 | Step 6100/10683 | Loss 0.2197 | LR 3.5058e-05
2026-03-11 07:03:01 INFO Epoch 7 | Step 6120/10683 | Loss 0.2196 | LR 3.5025e-05
2026-03-11 07:03:17 INFO Epoch 7 | Step 6140/10683 | Loss 0.2196 | LR 3.4992e-05
2026-03-11 07:03:34 INFO Epoch 7 | Step 6160/10683 | Loss 0.2197 | LR 3.4959e-05
2026-03-11 07:03:51 INFO Epoch 7 | Step 6180/10683 | Loss 0.2196 | LR 3.4926e-05
2026-03-11 07:04:07 INFO Epoch 7 | Step 6200/10683 | Loss 0.2196 | LR 3.4893e-05
2026-03-11 07:04:24 INFO Epoch 7 | Step 6220/10683 | Loss 0.2196 | LR 3.4860e-05
2026-03-11 07:04:41 INFO Epoch 7 | Step 6240/10683 | Loss 0.2197 | LR 3.4827e-05
2026-03-11 07:04:57 INFO Epoch 7 | Step 6260/10683 | Loss 0.2197 | LR 3.4794e-05
2026-03-11 07:05:14 INFO Epoch 7 | Step 6280/10683 | Loss 0.2197 | LR 3.4761e-05
2026-03-11 07:05:31 INFO Epoch 7 | Step 6300/10683 | Loss 0.2198 | LR 3.4729e-05
2026-03-11 07:05:47 INFO Epoch 7 | Step 6320/10683 | Loss 0.2198 | LR 3.4696e-05
2026-03-11 07:06:04 INFO Epoch 7 | Step 6340/10683 | Loss 0.2198 | LR 3.4663e-05
2026-03-11 07:06:21 INFO Epoch 7 | Step 6360/10683 | Loss 0.2198 | LR 3.4630e-05
2026-03-11 07:06:37 INFO Epoch 7 | Step 6380/10683 | Loss 0.2197 | LR 3.4597e-05
2026-03-11 07:06:54 INFO Epoch 7 | Step 6400/10683 | Loss 0.2197 | LR 3.4564e-05
2026-03-11 07:07:11 INFO Epoch 7 | Step 6420/10683 | Loss 0.2197 | LR 3.4531e-05
2026-03-11 07:07:27 INFO Epoch 7 | Step 6440/10683 | Loss 0.2198 | LR 3.4498e-05
2026-03-11 07:07:44 INFO Epoch 7 | Step 6460/10683 | Loss 0.2198 | LR 3.4465e-05
2026-03-11 07:08:01 INFO Epoch 7 | Step 6480/10683 | Loss 0.2198 | LR 3.4432e-05
2026-03-11 07:08:17 INFO Epoch 7 | Step 6500/10683 | Loss 0.2198 | LR 3.4399e-05
2026-03-11 07:08:34 INFO Epoch 7 | Step 6520/10683 | Loss 0.2198 | LR 3.4367e-05
2026-03-11 07:08:51 INFO Epoch 7 | Step 6540/10683 | Loss 0.2198 | LR 3.4334e-05
2026-03-11 07:09:07 INFO Epoch 7 | Step 6560/10683 | Loss 0.2198 | LR 3.4301e-05
2026-03-11 07:09:24 INFO Epoch 7 | Step 6580/10683 | Loss 0.2199 | LR 3.4268e-05
2026-03-11 07:09:41 INFO Epoch 7 | Step 6600/10683 | Loss 0.2199 | LR 3.4235e-05
2026-03-11 07:09:57 INFO Epoch 7 | Step 6620/10683 | Loss 0.2198 | LR 3.4202e-05
2026-03-11 07:10:14 INFO Epoch 7 | Step 6640/10683 | Loss 0.2199 | LR 3.4170e-05
2026-03-11 07:10:31 INFO Epoch 7 | Step 6660/10683 | Loss 0.2199 | LR 3.4137e-05
2026-03-11 07:10:47 INFO Epoch 7 | Step 6680/10683 | Loss 0.2198 | LR 3.4104e-05
2026-03-11 07:11:04 INFO Epoch 7 | Step 6700/10683 | Loss 0.2199 | LR 3.4071e-05
2026-03-11 07:11:21 INFO Epoch 7 | Step 6720/10683 | Loss 0.2199 | LR 3.4038e-05
2026-03-11 07:11:37 INFO Epoch 7 | Step 6740/10683 | Loss 0.2199 | LR 3.4006e-05
2026-03-11 07:11:54 INFO Epoch 7 | Step 6760/10683 | Loss 0.2199 | LR 3.3973e-05
2026-03-11 07:12:11 INFO Epoch 7 | Step 6780/10683 | Loss 0.2199 | LR 3.3940e-05
2026-03-11 07:12:27 INFO Epoch 7 | Step 6800/10683 | Loss 0.2199 | LR 3.3907e-05
2026-03-11 07:12:44 INFO Epoch 7 | Step 6820/10683 | Loss 0.2199 | LR 3.3875e-05
2026-03-11 07:13:01 INFO Epoch 7 | Step 6840/10683 | Loss 0.2200 | LR 3.3842e-05
2026-03-11 07:13:17 INFO Epoch 7 | Step 6860/10683 | Loss 0.2201 | LR 3.3809e-05
2026-03-11 07:13:34 INFO Epoch 7 | Step 6880/10683 | Loss 0.2201 | LR 3.3776e-05
2026-03-11 07:13:51 INFO Epoch 7 | Step 6900/10683 | Loss 0.2201 | LR 3.3744e-05
2026-03-11 07:14:07 INFO Epoch 7 | Step 6920/10683 | Loss 0.2200 | LR 3.3711e-05
2026-03-11 07:14:24 INFO Epoch 7 | Step 6940/10683 | Loss 0.2200 | LR 3.3678e-05
2026-03-11 07:14:40 INFO Epoch 7 | Step 6960/10683 | Loss 0.2200 | LR 3.3645e-05
2026-03-11 07:14:57 INFO Epoch 7 | Step 6980/10683 | Loss 0.2200 | LR 3.3613e-05
2026-03-11 07:15:14 INFO Epoch 7 | Step 7000/10683 | Loss 0.2200 | LR 3.3580e-05
2026-03-11 07:15:30 INFO Epoch 7 | Step 7020/10683 | Loss 0.2200 | LR 3.3547e-05
2026-03-11 07:15:47 INFO Epoch 7 | Step 7040/10683 | Loss 0.2199 | LR 3.3515e-05
2026-03-11 07:16:04 INFO Epoch 7 | Step 7060/10683 | Loss 0.2199 | LR 3.3482e-05
2026-03-11 07:16:20 INFO Epoch 7 | Step 7080/10683 | Loss 0.2198 | LR 3.3449e-05
2026-03-11 07:16:37 INFO Epoch 7 | Step 7100/10683 | Loss 0.2198 | LR 3.3417e-05
2026-03-11 07:16:53 INFO Epoch 7 | Step 7120/10683 | Loss 0.2198 | LR 3.3384e-05
2026-03-11 07:17:10 INFO Epoch 7 | Step 7140/10683 | Loss 0.2198 | LR 3.3352e-05
2026-03-11 07:17:26 INFO Epoch 7 | Step 7160/10683 | Loss 0.2198 | LR 3.3319e-05
2026-03-11 07:17:43 INFO Epoch 7 | Step 7180/10683 | Loss 0.2199 | LR 3.3286e-05
2026-03-11 07:18:00 INFO Epoch 7 | Step 7200/10683 | Loss 0.2199 | LR 3.3254e-05
2026-03-11 07:18:16 INFO Epoch 7 | Step 7220/10683 | Loss 0.2199 | LR 3.3221e-05
2026-03-11 07:18:33 INFO Epoch 7 | Step 7240/10683 | Loss 0.2200 | LR 3.3189e-05
2026-03-11 07:18:50 INFO Epoch 7 | Step 7260/10683 | Loss 0.2200 | LR 3.3156e-05
2026-03-11 07:19:06 INFO Epoch 7 | Step 7280/10683 | Loss 0.2200 | LR 3.3123e-05
2026-03-11 07:19:23 INFO Epoch 7 | Step 7300/10683 | Loss 0.2200 | LR 3.3091e-05
2026-03-11 07:19:40 INFO Epoch 7 | Step 7320/10683 | Loss 0.2200 | LR 3.3058e-05
2026-03-11 07:19:56 INFO Epoch 7 | Step 7340/10683 | Loss 0.2200 | LR 3.3026e-05
2026-03-11 07:20:13 INFO Epoch 7 | Step 7360/10683 | Loss 0.2200 | LR 3.2993e-05
2026-03-11 07:20:30 INFO Epoch 7 | Step 7380/10683 | Loss 0.2201 | LR 3.2961e-05
2026-03-11 07:20:46 INFO Epoch 7 | Step 7400/10683 | Loss 0.2200 | LR 3.2928e-05
2026-03-11 07:21:03 INFO Epoch 7 | Step 7420/10683 | Loss 0.2200 | LR 3.2896e-05
2026-03-11 07:21:20 INFO Epoch 7 | Step 7440/10683 | Loss 0.2201 | LR 3.2863e-05
2026-03-11 07:21:36 INFO Epoch 7 | Step 7460/10683 | Loss 0.2201 | LR 3.2831e-05
2026-03-11 07:21:53 INFO Epoch 7 | Step 7480/10683 | Loss 0.2201 | LR 3.2798e-05
2026-03-11 07:22:09 INFO Epoch 7 | Step 7500/10683 | Loss 0.2201 | LR 3.2766e-05
2026-03-11 07:22:26 INFO Epoch 7 | Step 7520/10683 | Loss 0.2202 | LR 3.2733e-05
2026-03-11 07:22:43 INFO Epoch 7 | Step 7540/10683 | Loss 0.2202 | LR 3.2701e-05
2026-03-11 07:22:59 INFO Epoch 7 | Step 7560/10683 | Loss 0.2202 | LR 3.2668e-05
2026-03-11 07:23:16 INFO Epoch 7 | Step 7580/10683 | Loss 0.2202 | LR 3.2636e-05
2026-03-11 07:23:32 INFO Epoch 7 | Step 7600/10683 | Loss 0.2202 | LR 3.2603e-05
2026-03-11 07:23:49 INFO Epoch 7 | Step 7620/10683 | Loss 0.2201 | LR 3.2571e-05
2026-03-11 07:24:06 INFO Epoch 7 | Step 7640/10683 | Loss 0.2201 | LR 3.2538e-05
2026-03-11 07:24:22 INFO Epoch 7 | Step 7660/10683 | Loss 0.2201 | LR 3.2506e-05
2026-03-11 07:24:39 INFO Epoch 7 | Step 7680/10683 | Loss 0.2201 | LR 3.2474e-05
2026-03-11 07:24:55 INFO Epoch 7 | Step 7700/10683 | Loss 0.2202 | LR 3.2441e-05
2026-03-11 07:25:12 INFO Epoch 7 | Step 7720/10683 | Loss 0.2202 | LR 3.2409e-05
2026-03-11 07:25:29 INFO Epoch 7 | Step 7740/10683 | Loss 0.2202 | LR 3.2377e-05
2026-03-11 07:25:45 INFO Epoch 7 | Step 7760/10683 | Loss 0.2202 | LR 3.2344e-05
2026-03-11 07:26:02 INFO Epoch 7 | Step 7780/10683 | Loss 0.2202 | LR 3.2312e-05
2026-03-11 07:26:19 INFO Epoch 7 | Step 7800/10683 | Loss 0.2202 | LR 3.2279e-05
2026-03-11 07:26:35 INFO Epoch 7 | Step 7820/10683 | Loss 0.2201 | LR 3.2247e-05
2026-03-11 07:26:52 INFO Epoch 7 | Step 7840/10683 | Loss 0.2201 | LR 3.2215e-05
2026-03-11 07:27:08 INFO Epoch 7 | Step 7860/10683 | Loss 0.2201 | LR 3.2182e-05
2026-03-11 07:27:25 INFO Epoch 7 | Step 7880/10683 | Loss 0.2201 | LR 3.2150e-05
2026-03-11 07:27:41 INFO Epoch 7 | Step 7900/10683 | Loss 0.2201 | LR 3.2118e-05
2026-03-11 07:27:58 INFO Epoch 7 | Step 7920/10683 | Loss 0.2201 | LR 3.2085e-05
2026-03-11 07:28:15 INFO Epoch 7 | Step 7940/10683 | Loss 0.2202 | LR 3.2053e-05
2026-03-11 07:28:31 INFO Epoch 7 | Step 7960/10683 | Loss 0.2202 | LR 3.2021e-05
2026-03-11 07:28:48 INFO Epoch 7 | Step 7980/10683 | Loss 0.2202 | LR 3.1989e-05
2026-03-11 07:29:04 INFO Epoch 7 | Step 8000/10683 | Loss 0.2202 | LR 3.1956e-05
2026-03-11 07:29:21 INFO Epoch 7 | Step 8020/10683 | Loss 0.2202 | LR 3.1924e-05
2026-03-11 07:29:37 INFO Epoch 7 | Step 8040/10683 | Loss 0.2201 | LR 3.1892e-05
2026-03-11 07:29:54 INFO Epoch 7 | Step 8060/10683 | Loss 0.2201 | LR 3.1860e-05
2026-03-11 07:30:10 INFO Epoch 7 | Step 8080/10683 | Loss 0.2201 | LR 3.1827e-05
2026-03-11 07:30:27 INFO Epoch 7 | Step 8100/10683 | Loss 0.2201 | LR 3.1795e-05
2026-03-11 07:30:44 INFO Epoch 7 | Step 8120/10683 | Loss 0.2201 | LR 3.1763e-05
2026-03-11 07:31:00 INFO Epoch 7 | Step 8140/10683 | Loss 0.2201 | LR 3.1731e-05
2026-03-11 07:31:17 INFO Epoch 7 | Step 8160/10683 | Loss 0.2201 | LR 3.1698e-05
2026-03-11 07:31:33 INFO Epoch 7 | Step 8180/10683 | Loss 0.2201 | LR 3.1666e-05
2026-03-11 07:31:50 INFO Epoch 7 | Step 8200/10683 | Loss 0.2200 | LR 3.1634e-05
2026-03-11 07:32:07 INFO Epoch 7 | Step 8220/10683 | Loss 0.2200 | LR 3.1602e-05
2026-03-11 07:32:23 INFO Epoch 7 | Step 8240/10683 | Loss 0.2201 | LR 3.1570e-05
2026-03-11 07:32:40 INFO Epoch 7 | Step 8260/10683 | Loss 0.2201 | LR 3.1538e-05
2026-03-11 07:32:57 INFO Epoch 7 | Step 8280/10683 | Loss 0.2201 | LR 3.1505e-05
2026-03-11 07:33:13 INFO Epoch 7 | Step 8300/10683 | Loss 0.2202 | LR 3.1473e-05
2026-03-11 07:33:30 INFO Epoch 7 | Step 8320/10683 | Loss 0.2202 | LR 3.1441e-05
2026-03-11 07:33:47 INFO Epoch 7 | Step 8340/10683 | Loss 0.2202 | LR 3.1409e-05
2026-03-11 07:34:03 INFO Epoch 7 | Step 8360/10683 | Loss 0.2202 | LR 3.1377e-05
2026-03-11 07:34:20 INFO Epoch 7 | Step 8380/10683 | Loss 0.2203 | LR 3.1345e-05
2026-03-11 07:34:36 INFO Epoch 7 | Step 8400/10683 | Loss 0.2203 | LR 3.1313e-05
2026-03-11 07:34:53 INFO Epoch 7 | Step 8420/10683 | Loss 0.2203 | LR 3.1281e-05
2026-03-11 07:35:09 INFO Epoch 7 | Step 8440/10683 | Loss 0.2203 | LR 3.1249e-05
2026-03-11 07:35:26 INFO Epoch 7 | Step 8460/10683 | Loss 0.2203 | LR 3.1217e-05
2026-03-11 07:35:43 INFO Epoch 7 | Step 8480/10683 | Loss 0.2203 | LR 3.1184e-05
2026-03-11 07:35:59 INFO Epoch 7 | Step 8500/10683 | Loss 0.2203 | LR 3.1152e-05
2026-03-11 07:36:16 INFO Epoch 7 | Step 8520/10683 | Loss 0.2203 | LR 3.1120e-05
2026-03-11 07:36:32 INFO Epoch 7 | Step 8540/10683 | Loss 0.2203 | LR 3.1088e-05
2026-03-11 07:36:49 INFO Epoch 7 | Step 8560/10683 | Loss 0.2203 | LR 3.1056e-05
2026-03-11 07:37:06 INFO Epoch 7 | Step 8580/10683 | Loss 0.2203 | LR 3.1024e-05
2026-03-11 07:37:22 INFO Epoch 7 | Step 8600/10683 | Loss 0.2203 | LR 3.0992e-05
2026-03-11 07:37:39 INFO Epoch 7 | Step 8620/10683 | Loss 0.2203 | LR 3.0960e-05
2026-03-11 07:37:55 INFO Epoch 7 | Step 8640/10683 | Loss 0.2203 | LR 3.0928e-05
2026-03-11 07:38:12 INFO Epoch 7 | Step 8660/10683 | Loss 0.2203 | LR 3.0896e-05
2026-03-11 07:38:29 INFO Epoch 7 | Step 8680/10683 | Loss 0.2203 | LR 3.0864e-05
2026-03-11 07:38:45 INFO Epoch 7 | Step 8700/10683 | Loss 0.2203 | LR 3.0832e-05
2026-03-11 07:39:02 INFO Epoch 7 | Step 8720/10683 | Loss 0.2202 | LR 3.0800e-05
2026-03-11 07:39:18 INFO Epoch 7 | Step 8740/10683 | Loss 0.2202 | LR 3.0769e-05
2026-03-11 07:39:35 INFO Epoch 7 | Step 8760/10683 | Loss 0.2202 | LR 3.0737e-05
2026-03-11 07:39:51 INFO Epoch 7 | Step 8780/10683 | Loss 0.2202 | LR 3.0705e-05
2026-03-11 07:40:08 INFO Epoch 7 | Step 8800/10683 | Loss 0.2202 | LR 3.0673e-05
2026-03-11 07:40:24 INFO Epoch 7 | Step 8820/10683 | Loss 0.2201 | LR 3.0641e-05
2026-03-11 07:40:41 INFO Epoch 7 | Step 8840/10683 | Loss 0.2201 | LR 3.0609e-05
2026-03-11 07:40:57 INFO Epoch 7 | Step 8860/10683 | Loss 0.2202 | LR 3.0577e-05
2026-03-11 07:41:14 INFO Epoch 7 | Step 8880/10683 | Loss 0.2202 | LR 3.0545e-05
2026-03-11 07:41:31 INFO Epoch 7 | Step 8900/10683 | Loss 0.2202 | LR 3.0513e-05
2026-03-11 07:41:47 INFO Epoch 7 | Step 8920/10683 | Loss 0.2202 | LR 3.0482e-05
2026-03-11 07:42:04 INFO Epoch 7 | Step 8940/10683 | Loss 0.2202 | LR 3.0450e-05
2026-03-11 07:42:21 INFO Epoch 7 | Step 8960/10683 | Loss 0.2202 | LR 3.0418e-05
2026-03-11 07:42:37 INFO Epoch 7 | Step 8980/10683 | Loss 0.2202 | LR 3.0386e-05
2026-03-11 07:42:54 INFO Epoch 7 | Step 9000/10683 | Loss 0.2201 | LR 3.0354e-05
2026-03-11 07:43:10 INFO Epoch 7 | Step 9020/10683 | Loss 0.2201 | LR 3.0322e-05
2026-03-11 07:43:27 INFO Epoch 7 | Step 9040/10683 | Loss 0.2201 | LR 3.0291e-05
2026-03-11 07:43:44 INFO Epoch 7 | Step 9060/10683 | Loss 0.2201 | LR 3.0259e-05
2026-03-11 07:44:00 INFO Epoch 7 | Step 9080/10683 | Loss 0.2202 | LR 3.0227e-05
2026-03-11 07:44:17 INFO Epoch 7 | Step 9100/10683 | Loss 0.2202 | LR 3.0195e-05
2026-03-11 07:44:34 INFO Epoch 7 | Step 9120/10683 | Loss 0.2202 | LR 3.0163e-05
2026-03-11 07:44:50 INFO Epoch 7 | Step 9140/10683 | Loss 0.2202 | LR 3.0132e-05
2026-03-11 07:45:07 INFO Epoch 7 | Step 9160/10683 | Loss 0.2201 | LR 3.0100e-05
2026-03-11 07:45:24 INFO Epoch 7 | Step 9180/10683 | Loss 0.2201 | LR 3.0068e-05
2026-03-11 07:45:40 INFO Epoch 7 | Step 9200/10683 | Loss 0.2201 | LR 3.0037e-05
2026-03-11 07:45:57 INFO Epoch 7 | Step 9220/10683 | Loss 0.2201 | LR 3.0005e-05
2026-03-11 07:46:14 INFO Epoch 7 | Step 9240/10683 | Loss 0.2201 | LR 2.9973e-05
2026-03-11 07:46:30 INFO Epoch 7 | Step 9260/10683 | Loss 0.2201 | LR 2.9941e-05
2026-03-11 07:46:47 INFO Epoch 7 | Step 9280/10683 | Loss 0.2200 | LR 2.9910e-05
2026-03-11 07:47:04 INFO Epoch 7 | Step 9300/10683 | Loss 0.2200 | LR 2.9878e-05
2026-03-11 07:47:20 INFO Epoch 7 | Step 9320/10683 | Loss 0.2200 | LR 2.9846e-05
2026-03-11 07:47:37 INFO Epoch 7 | Step 9340/10683 | Loss 0.2200 | LR 2.9815e-05
2026-03-11 07:47:53 INFO Epoch 7 | Step 9360/10683 | Loss 0.2201 | LR 2.9783e-05
2026-03-11 07:48:10 INFO Epoch 7 | Step 9380/10683 | Loss 0.2201 | LR 2.9751e-05
2026-03-11 07:48:27 INFO Epoch 7 | Step 9400/10683 | Loss 0.2201 | LR 2.9720e-05
2026-03-11 07:48:44 INFO Epoch 7 | Step 9420/10683 | Loss 0.2201 | LR 2.9688e-05
2026-03-11 07:49:00 INFO Epoch 7 | Step 9440/10683 | Loss 0.2201 | LR 2.9657e-05
2026-03-11 07:49:17 INFO Epoch 7 | Step 9460/10683 | Loss 0.2201 | LR 2.9625e-05
2026-03-11 07:49:33 INFO Epoch 7 | Step 9480/10683 | Loss 0.2201 | LR 2.9593e-05
2026-03-11 07:49:50 INFO Epoch 7 | Step 9500/10683 | Loss 0.2202 | LR 2.9562e-05
2026-03-11 07:50:07 INFO Epoch 7 | Step 9520/10683 | Loss 0.2202 | LR 2.9530e-05
2026-03-11 07:50:24 INFO Epoch 7 | Step 9540/10683 | Loss 0.2201 | LR 2.9499e-05
2026-03-11 07:50:40 INFO Epoch 7 | Step 9560/10683 | Loss 0.2201 | LR 2.9467e-05
2026-03-11 07:50:57 INFO Epoch 7 | Step 9580/10683 | Loss 0.2202 | LR 2.9436e-05
2026-03-11 07:51:14 INFO Epoch 7 | Step 9600/10683 | Loss 0.2202 | LR 2.9404e-05
2026-03-11 07:51:30 INFO Epoch 7 | Step 9620/10683 | Loss 0.2203 | LR 2.9373e-05
2026-03-11 07:51:47 INFO Epoch 7 | Step 9640/10683 | Loss 0.2203 | LR 2.9341e-05
2026-03-11 07:52:04 INFO Epoch 7 | Step 9660/10683 | Loss 0.2203 | LR 2.9310e-05
2026-03-11 07:52:20 INFO Epoch 7 | Step 9680/10683 | Loss 0.2203 | LR 2.9278e-05
2026-03-11 07:52:37 INFO Epoch 7 | Step 9700/10683 | Loss 0.2203 | LR 2.9247e-05
2026-03-11 07:52:54 INFO Epoch 7 | Step 9720/10683 | Loss 0.2203 | LR 2.9215e-05
2026-03-11 07:53:10 INFO Epoch 7 | Step 9740/10683 | Loss 0.2203 | LR 2.9184e-05
2026-03-11 07:53:27 INFO Epoch 7 | Step 9760/10683 | Loss 0.2203 | LR 2.9152e-05
2026-03-11 07:53:44 INFO Epoch 7 | Step 9780/10683 | Loss 0.2203 | LR 2.9121e-05
2026-03-11 07:54:00 INFO Epoch 7 | Step 9800/10683 | Loss 0.2203 | LR 2.9089e-05
2026-03-11 07:54:17 INFO Epoch 7 | Step 9820/10683 | Loss 0.2203 | LR 2.9058e-05
2026-03-11 07:54:34 INFO Epoch 7 | Step 9840/10683 | Loss 0.2203 | LR 2.9026e-05
2026-03-11 07:54:51 INFO Epoch 7 | Step 9860/10683 | Loss 0.2202 | LR 2.8995e-05
2026-03-11 07:55:07 INFO Epoch 7 | Step 9880/10683 | Loss 0.2202 | LR 2.8964e-05
2026-03-11 07:55:24 INFO Epoch 7 | Step 9900/10683 | Loss 0.2202 | LR 2.8932e-05
2026-03-11 07:55:41 INFO Epoch 7 | Step 9920/10683 | Loss 0.2202 | LR 2.8901e-05
2026-03-11 07:55:58 INFO Epoch 7 | Step 9940/10683 | Loss 0.2201 | LR 2.8870e-05
2026-03-11 07:56:14 INFO Epoch 7 | Step 9960/10683 | Loss 0.2201 | LR 2.8838e-05
2026-03-11 07:56:31 INFO Epoch 7 | Step 9980/10683 | Loss 0.2201 | LR 2.8807e-05
2026-03-11 07:56:48 INFO Epoch 7 | Step 10000/10683 | Loss 0.2201 | LR 2.8776e-05
2026-03-11 07:57:04 INFO Epoch 7 | Step 10020/10683 | Loss 0.2202 | LR 2.8744e-05
2026-03-11 07:57:21 INFO Epoch 7 | Step 10040/10683 | Loss 0.2202 | LR 2.8713e-05
2026-03-11 07:57:38 INFO Epoch 7 | Step 10060/10683 | Loss 0.2202 | LR 2.8682e-05
2026-03-11 07:57:54 INFO Epoch 7 | Step 10080/10683 | Loss 0.2201 | LR 2.8650e-05
2026-03-11 07:58:11 INFO Epoch 7 | Step 10100/10683 | Loss 0.2201 | LR 2.8619e-05
2026-03-11 07:58:28 INFO Epoch 7 | Step 10120/10683 | Loss 0.2201 | LR 2.8588e-05
2026-03-11 07:58:44 INFO Epoch 7 | Step 10140/10683 | Loss 0.2202 | LR 2.8557e-05
2026-03-11 07:59:01 INFO Epoch 7 | Step 10160/10683 | Loss 0.2202 | LR 2.8525e-05
2026-03-11 07:59:18 INFO Epoch 7 | Step 10180/10683 | Loss 0.2202 | LR 2.8494e-05
2026-03-11 07:59:34 INFO Epoch 7 | Step 10200/10683 | Loss 0.2201 | LR 2.8463e-05
2026-03-11 07:59:51 INFO Epoch 7 | Step 10220/10683 | Loss 0.2201 | LR 2.8432e-05
2026-03-11 08:00:08 INFO Epoch 7 | Step 10240/10683 | Loss 0.2201 | LR 2.8400e-05
2026-03-11 08:00:24 INFO Epoch 7 | Step 10260/10683 | Loss 0.2201 | LR 2.8369e-05
2026-03-11 08:00:41 INFO Epoch 7 | Step 10280/10683 | Loss 0.2201 | LR 2.8338e-05
2026-03-11 08:00:57 INFO Epoch 7 | Step 10300/10683 | Loss 0.2201 | LR 2.8307e-05
2026-03-11 08:01:14 INFO Epoch 7 | Step 10320/10683 | Loss 0.2201 | LR 2.8276e-05
2026-03-11 08:01:31 INFO Epoch 7 | Step 10340/10683 | Loss 0.2201 | LR 2.8245e-05
2026-03-11 08:01:47 INFO Epoch 7 | Step 10360/10683 | Loss 0.2201 | LR 2.8213e-05
2026-03-11 08:02:04 INFO Epoch 7 | Step 10380/10683 | Loss 0.2201 | LR 2.8182e-05
2026-03-11 08:02:21 INFO Epoch 7 | Step 10400/10683 | Loss 0.2201 | LR 2.8151e-05
2026-03-11 08:02:37 INFO Epoch 7 | Step 10420/10683 | Loss 0.2200 | LR 2.8120e-05
2026-03-11 08:02:54 INFO Epoch 7 | Step 10440/10683 | Loss 0.2200 | LR 2.8089e-05
2026-03-11 08:03:11 INFO Epoch 7 | Step 10460/10683 | Loss 0.2201 | LR 2.8058e-05
2026-03-11 08:03:28 INFO Epoch 7 | Step 10480/10683 | Loss 0.2200 | LR 2.8027e-05
2026-03-11 08:03:44 INFO Epoch 7 | Step 10500/10683 | Loss 0.2200 | LR 2.7996e-05
2026-03-11 08:04:01 INFO Epoch 7 | Step 10520/10683 | Loss 0.2200 | LR 2.7965e-05
2026-03-11 08:04:18 INFO Epoch 7 | Step 10540/10683 | Loss 0.2199 | LR 2.7934e-05
2026-03-11 08:04:34 INFO Epoch 7 | Step 10560/10683 | Loss 0.2199 | LR 2.7902e-05
2026-03-11 08:04:51 INFO Epoch 7 | Step 10580/10683 | Loss 0.2199 | LR 2.7871e-05
2026-03-11 08:05:08 INFO Epoch 7 | Step 10600/10683 | Loss 0.2199 | LR 2.7840e-05
2026-03-11 08:05:24 INFO Epoch 7 | Step 10620/10683 | Loss 0.2199 | LR 2.7809e-05
2026-03-11 08:05:41 INFO Epoch 7 | Step 10640/10683 | Loss 0.2199 | LR 2.7778e-05
2026-03-11 08:05:58 INFO Epoch 7 | Step 10660/10683 | Loss 0.2199 | LR 2.7747e-05
2026-03-11 08:06:15 INFO Epoch 7 | Step 10680/10683 | Loss 0.2199 | LR 2.7716e-05
2026-03-11 08:06:17 INFO Epoch 7 | Step 10683/10683 | Loss 0.2199 | LR 2.7712e-05
2026-03-11 08:28:14 INFO CSV Written | Epoch: 7
2026-03-11 08:28:15 INFO Best Saved | Epoch: 7 | Monitor: val_auprc | Value: 0.9755
2026-03-11 08:28:15 INFO Epoch Done | Epoch: 7 | Time: 10201.9283 | Train Loss: 0.2199 | Val Accuracy: 0.9027 | Val AUPRC: 0.9755 | Val Auroc: 0.9723 | Val F1: 0.9060 | Val Loss: 0.2968
2026-03-11 08:28:15 INFO Epoch Start | Epoch: 8
2026-03-11 08:28:24 INFO Epoch 8 | Step 1/10683 | Loss 0.2043 | LR 2.7710e-05
2026-03-11 08:28:40 INFO Epoch 8 | Step 20/10683 | Loss 0.2115 | LR 2.7681e-05
2026-03-11 08:28:56 INFO Epoch 8 | Step 40/10683 | Loss 0.1989 | LR 2.7650e-05
2026-03-11 08:29:13 INFO Epoch 8 | Step 60/10683 | Loss 0.1928 | LR 2.7619e-05
2026-03-11 08:29:30 INFO Epoch 8 | Step 80/10683 | Loss 0.1972 | LR 2.7588e-05
2026-03-11 08:29:47 INFO Epoch 8 | Step 100/10683 | Loss 0.2033 | LR 2.7557e-05
2026-03-11 08:30:03 INFO Epoch 8 | Step 120/10683 | Loss 0.2015 | LR 2.7526e-05
2026-03-11 08:30:20 INFO Epoch 8 | Step 140/10683 | Loss 0.2027 | LR 2.7495e-05
2026-03-11 08:30:37 INFO Epoch 8 | Step 160/10683 | Loss 0.2026 | LR 2.7464e-05
2026-03-11 08:30:54 INFO Epoch 8 | Step 180/10683 | Loss 0.2014 | LR 2.7434e-05
2026-03-11 08:31:11 INFO Epoch 8 | Step 200/10683 | Loss 0.2009 | LR 2.7403e-05
2026-03-11 08:31:27 INFO Epoch 8 | Step 220/10683 | Loss 0.2010 | LR 2.7372e-05
2026-03-11 08:31:44 INFO Epoch 8 | Step 240/10683 | Loss 0.2014 | LR 2.7341e-05
2026-03-11 08:32:01 INFO Epoch 8 | Step 260/10683 | Loss 0.2014 | LR 2.7310e-05
2026-03-11 08:32:18 INFO Epoch 8 | Step 280/10683 | Loss 0.2022 | LR 2.7279e-05
2026-03-11 08:32:35 INFO Epoch 8 | Step 300/10683 | Loss 0.2027 | LR 2.7248e-05
2026-03-11 08:32:52 INFO Epoch 8 | Step 320/10683 | Loss 0.2029 | LR 2.7218e-05
2026-03-11 08:33:08 INFO Epoch 8 | Step 340/10683 | Loss 0.2032 | LR 2.7187e-05
2026-03-11 08:33:25 INFO Epoch 8 | Step 360/10683 | Loss 0.2036 | LR 2.7156e-05
2026-03-11 08:33:42 INFO Epoch 8 | Step 380/10683 | Loss 0.2037 | LR 2.7125e-05
2026-03-11 08:33:59 INFO Epoch 8 | Step 400/10683 | Loss 0.2031 | LR 2.7095e-05
2026-03-11 08:34:16 INFO Epoch 8 | Step 420/10683 | Loss 0.2030 | LR 2.7064e-05
2026-03-11 08:34:32 INFO Epoch 8 | Step 440/10683 | Loss 0.2033 | LR 2.7033e-05
2026-03-11 08:34:49 INFO Epoch 8 | Step 460/10683 | Loss 0.2035 | LR 2.7002e-05
2026-03-11 08:35:06 INFO Epoch 8 | Step 480/10683 | Loss 0.2036 | LR 2.6972e-05
2026-03-11 08:35:23 INFO Epoch 8 | Step 500/10683 | Loss 0.2034 | LR 2.6941e-05
2026-03-11 08:35:39 INFO Epoch 8 | Step 520/10683 | Loss 0.2039 | LR 2.6910e-05
2026-03-11 08:35:56 INFO Epoch 8 | Step 540/10683 | Loss 0.2041 | LR 2.6880e-05
2026-03-11 08:36:13 INFO Epoch 8 | Step 560/10683 | Loss 0.2045 | LR 2.6849e-05
2026-03-11 08:36:30 INFO Epoch 8 | Step 580/10683 | Loss 0.2048 | LR 2.6818e-05
2026-03-11 08:36:47 INFO Epoch 8 | Step 600/10683 | Loss 0.2045 | LR 2.6788e-05
2026-03-11 08:37:03 INFO Epoch 8 | Step 620/10683 | Loss 0.2049 | LR 2.6757e-05
2026-03-11 08:37:20 INFO Epoch 8 | Step 640/10683 | Loss 0.2058 | LR 2.6726e-05
2026-03-11 08:37:37 INFO Epoch 8 | Step 660/10683 | Loss 0.2058 | LR 2.6696e-05
2026-03-11 08:37:54 INFO Epoch 8 | Step 680/10683 | Loss 0.2062 | LR 2.6665e-05
2026-03-11 08:38:11 INFO Epoch 8 | Step 700/10683 | Loss 0.2066 | LR 2.6635e-05
2026-03-11 08:38:27 INFO Epoch 8 | Step 720/10683 | Loss 0.2066 | LR 2.6604e-05
2026-03-11 08:38:44 INFO Epoch 8 | Step 740/10683 | Loss 0.2064 | LR 2.6573e-05
2026-03-11 08:39:01 INFO Epoch 8 | Step 760/10683 | Loss 0.2066 | LR 2.6543e-05
2026-03-11 08:39:18 INFO Epoch 8 | Step 780/10683 | Loss 0.2064 | LR 2.6512e-05
2026-03-11 08:39:35 INFO Epoch 8 | Step 800/10683 | Loss 0.2066 | LR 2.6482e-05
2026-03-11 08:39:51 INFO Epoch 8 | Step 820/10683 | Loss 0.2064 | LR 2.6451e-05
2026-03-11 08:40:08 INFO Epoch 8 | Step 840/10683 | Loss 0.2065 | LR 2.6421e-05
2026-03-11 08:40:25 INFO Epoch 8 | Step 860/10683 | Loss 0.2066 | LR 2.6390e-05
2026-03-11 08:40:42 INFO Epoch 8 | Step 880/10683 | Loss 0.2073 | LR 2.6360e-05
2026-03-11 08:40:59 INFO Epoch 8 | Step 900/10683 | Loss 0.2070 | LR 2.6329e-05
2026-03-11 08:41:15 INFO Epoch 8 | Step 920/10683 | Loss 0.2068 | LR 2.6299e-05
2026-03-11 08:41:32 INFO Epoch 8 | Step 940/10683 | Loss 0.2063 | LR 2.6268e-05
2026-03-11 08:41:49 INFO Epoch 8 | Step 960/10683 | Loss 0.2060 | LR 2.6238e-05
2026-03-11 08:42:06 INFO Epoch 8 | Step 980/10683 | Loss 0.2065 | LR 2.6207e-05
2026-03-11 08:42:22 INFO Epoch 8 | Step 1000/10683 | Loss 0.2065 | LR 2.6177e-05
2026-03-11 08:42:39 INFO Epoch 8 | Step 1020/10683 | Loss 0.2071 | LR 2.6147e-05
2026-03-11 08:42:56 INFO Epoch 8 | Step 1040/10683 | Loss 0.2070 | LR 2.6116e-05
2026-03-11 08:43:13 INFO Epoch 8 | Step 1060/10683 | Loss 0.2074 | LR 2.6086e-05
2026-03-11 08:43:30 INFO Epoch 8 | Step 1080/10683 | Loss 0.2071 | LR 2.6055e-05
2026-03-11 08:43:46 INFO Epoch 8 | Step 1100/10683 | Loss 0.2075 | LR 2.6025e-05
2026-03-11 08:44:03 INFO Epoch 8 | Step 1120/10683 | Loss 0.2078 | LR 2.5995e-05
2026-03-11 08:44:20 INFO Epoch 8 | Step 1140/10683 | Loss 0.2075 | LR 2.5964e-05
2026-03-11 08:44:37 INFO Epoch 8 | Step 1160/10683 | Loss 0.2076 | LR 2.5934e-05
2026-03-11 08:44:54 INFO Epoch 8 | Step 1180/10683 | Loss 0.2077 | LR 2.5904e-05
2026-03-11 08:45:11 INFO Epoch 8 | Step 1200/10683 | Loss 0.2079 | LR 2.5873e-05
2026-03-11 08:45:27 INFO Epoch 8 | Step 1220/10683 | Loss 0.2078 | LR 2.5843e-05
2026-03-11 08:45:44 INFO Epoch 8 | Step 1240/10683 | Loss 0.2078 | LR 2.5813e-05
2026-03-11 08:46:01 INFO Epoch 8 | Step 1260/10683 | Loss 0.2077 | LR 2.5783e-05
2026-03-11 08:46:18 INFO Epoch 8 | Step 1280/10683 | Loss 0.2078 | LR 2.5752e-05
2026-03-11 08:46:34 INFO Epoch 8 | Step 1300/10683 | Loss 0.2074 | LR 2.5722e-05
2026-03-11 08:46:51 INFO Epoch 8 | Step 1320/10683 | Loss 0.2076 | LR 2.5692e-05
2026-03-11 08:47:08 INFO Epoch 8 | Step 1340/10683 | Loss 0.2074 | LR 2.5662e-05
2026-03-11 08:47:25 INFO Epoch 8 | Step 1360/10683 | Loss 0.2076 | LR 2.5631e-05
2026-03-11 08:47:42 INFO Epoch 8 | Step 1380/10683 | Loss 0.2076 | LR 2.5601e-05
2026-03-11 08:47:58 INFO Epoch 8 | Step 1400/10683 | Loss 0.2076 | LR 2.5571e-05
2026-03-11 08:48:15 INFO Epoch 8 | Step 1420/10683 | Loss 0.2078 | LR 2.5541e-05
2026-03-11 08:48:32 INFO Epoch 8 | Step 1440/10683 | Loss 0.2079 | LR 2.5511e-05
2026-03-11 08:48:49 INFO Epoch 8 | Step 1460/10683 | Loss 0.2083 | LR 2.5480e-05
2026-03-11 08:49:05 INFO Epoch 8 | Step 1480/10683 | Loss 0.2080 | LR 2.5450e-05
2026-03-11 08:49:22 INFO Epoch 8 | Step 1500/10683 | Loss 0.2081 | LR 2.5420e-05
2026-03-11 08:49:39 INFO Epoch 8 | Step 1520/10683 | Loss 0.2080 | LR 2.5390e-05
2026-03-11 08:49:56 INFO Epoch 8 | Step 1540/10683 | Loss 0.2080 | LR 2.5360e-05
2026-03-11 08:50:12 INFO Epoch 8 | Step 1560/10683 | Loss 0.2082 | LR 2.5330e-05
2026-03-11 08:50:29 INFO Epoch 8 | Step 1580/10683 | Loss 0.2082 | LR 2.5300e-05
2026-03-11 08:50:46 INFO Epoch 8 | Step 1600/10683 | Loss 0.2083 | LR 2.5270e-05
2026-03-11 08:51:03 INFO Epoch 8 | Step 1620/10683 | Loss 0.2081 | LR 2.5240e-05
2026-03-11 08:51:19 INFO Epoch 8 | Step 1640/10683 | Loss 0.2083 | LR 2.5210e-05
2026-03-11 08:51:36 INFO Epoch 8 | Step 1660/10683 | Loss 0.2084 | LR 2.5180e-05
2026-03-11 08:51:53 INFO Epoch 8 | Step 1680/10683 | Loss 0.2086 | LR 2.5150e-05
2026-03-11 08:52:10 INFO Epoch 8 | Step 1700/10683 | Loss 0.2087 | LR 2.5119e-05
2026-03-11 08:52:26 INFO Epoch 8 | Step 1720/10683 | Loss 0.2085 | LR 2.5089e-05
2026-03-11 08:52:43 INFO Epoch 8 | Step 1740/10683 | Loss 0.2086 | LR 2.5059e-05
2026-03-11 08:53:00 INFO Epoch 8 | Step 1760/10683 | Loss 0.2088 | LR 2.5030e-05
2026-03-11 08:53:17 INFO Epoch 8 | Step 1780/10683 | Loss 0.2087 | LR 2.5000e-05
2026-03-11 08:53:33 INFO Epoch 8 | Step 1800/10683 | Loss 0.2084 | LR 2.4970e-05
2026-03-11 08:53:50 INFO Epoch 8 | Step 1820/10683 | Loss 0.2085 | LR 2.4940e-05
2026-03-11 08:54:07 INFO Epoch 8 | Step 1840/10683 | Loss 0.2084 | LR 2.4910e-05
2026-03-11 08:54:24 INFO Epoch 8 | Step 1860/10683 | Loss 0.2081 | LR 2.4880e-05
2026-03-11 08:54:40 INFO Epoch 8 | Step 1880/10683 | Loss 0.2083 | LR 2.4850e-05
2026-03-11 08:54:57 INFO Epoch 8 | Step 1900/10683 | Loss 0.2084 | LR 2.4820e-05
2026-03-11 08:55:14 INFO Epoch 8 | Step 1920/10683 | Loss 0.2086 | LR 2.4790e-05
2026-03-11 08:55:31 INFO Epoch 8 | Step 1940/10683 | Loss 0.2087 | LR 2.4760e-05
2026-03-11 08:55:47 INFO Epoch 8 | Step 1960/10683 | Loss 0.2088 | LR 2.4730e-05
2026-03-11 08:56:04 INFO Epoch 8 | Step 1980/10683 | Loss 0.2090 | LR 2.4701e-05
2026-03-11 08:56:21 INFO Epoch 8 | Step 2000/10683 | Loss 0.2091 | LR 2.4671e-05
2026-03-11 08:56:38 INFO Epoch 8 | Step 2020/10683 | Loss 0.2092 | LR 2.4641e-05
2026-03-11 08:56:54 INFO Epoch 8 | Step 2040/10683 | Loss 0.2093 | LR 2.4611e-05
2026-03-11 08:57:11 INFO Epoch 8 | Step 2060/10683 | Loss 0.2094 | LR 2.4581e-05
2026-03-11 08:57:28 INFO Epoch 8 | Step 2080/10683 | Loss 0.2093 | LR 2.4551e-05
2026-03-11 08:57:45 INFO Epoch 8 | Step 2100/10683 | Loss 0.2093 | LR 2.4522e-05
2026-03-11 08:58:02 INFO Epoch 8 | Step 2120/10683 | Loss 0.2093 | LR 2.4492e-05
2026-03-11 08:58:18 INFO Epoch 8 | Step 2140/10683 | Loss 0.2093 | LR 2.4462e-05
2026-03-11 08:58:35 INFO Epoch 8 | Step 2160/10683 | Loss 0.2093 | LR 2.4432e-05
2026-03-11 08:58:52 INFO Epoch 8 | Step 2180/10683 | Loss 0.2092 | LR 2.4403e-05
2026-03-11 08:59:08 INFO Epoch 8 | Step 2200/10683 | Loss 0.2094 | LR 2.4373e-05
2026-03-11 08:59:24 INFO Epoch 8 | Step 2220/10683 | Loss 0.2093 | LR 2.4343e-05
2026-03-11 08:59:40 INFO Epoch 8 | Step 2240/10683 | Loss 0.2093 | LR 2.4314e-05
2026-03-11 08:59:56 INFO Epoch 8 | Step 2260/10683 | Loss 0.2092 | LR 2.4284e-05
2026-03-11 09:00:13 INFO Epoch 8 | Step 2280/10683 | Loss 0.2091 | LR 2.4254e-05
2026-03-11 09:00:29 INFO Epoch 8 | Step 2300/10683 | Loss 0.2090 | LR 2.4225e-05
2026-03-11 09:00:45 INFO Epoch 8 | Step 2320/10683 | Loss 0.2090 | LR 2.4195e-05
2026-03-11 09:01:02 INFO Epoch 8 | Step 2340/10683 | Loss 0.2090 | LR 2.4165e-05
2026-03-11 09:01:18 INFO Epoch 8 | Step 2360/10683 | Loss 0.2090 | LR 2.4136e-05
2026-03-11 09:01:34 INFO Epoch 8 | Step 2380/10683 | Loss 0.2089 | LR 2.4106e-05
2026-03-11 09:01:51 INFO Epoch 8 | Step 2400/10683 | Loss 0.2091 | LR 2.4077e-05
2026-03-11 09:02:07 INFO Epoch 8 | Step 2420/10683 | Loss 0.2092 | LR 2.4047e-05
2026-03-11 09:02:24 INFO Epoch 8 | Step 2440/10683 | Loss 0.2091 | LR 2.4017e-05
2026-03-11 09:02:40 INFO Epoch 8 | Step 2460/10683 | Loss 0.2092 | LR 2.3988e-05
2026-03-11 09:02:57 INFO Epoch 8 | Step 2480/10683 | Loss 0.2092 | LR 2.3958e-05
2026-03-11 09:03:13 INFO Epoch 8 | Step 2500/10683 | Loss 0.2094 | LR 2.3929e-05
2026-03-11 09:03:30 INFO Epoch 8 | Step 2520/10683 | Loss 0.2095 | LR 2.3899e-05
2026-03-11 09:03:46 INFO Epoch 8 | Step 2540/10683 | Loss 0.2095 | LR 2.3870e-05
2026-03-11 09:04:03 INFO Epoch 8 | Step 2560/10683 | Loss 0.2097 | LR 2.3840e-05
2026-03-11 09:04:19 INFO Epoch 8 | Step 2580/10683 | Loss 0.2098 | LR 2.3811e-05
2026-03-11 09:04:36 INFO Epoch 8 | Step 2600/10683 | Loss 0.2097 | LR 2.3781e-05
2026-03-11 09:04:52 INFO Epoch 8 | Step 2620/10683 | Loss 0.2095 | LR 2.3752e-05
2026-03-11 09:05:09 INFO Epoch 8 | Step 2640/10683 | Loss 0.2096 | LR 2.3722e-05
2026-03-11 09:05:25 INFO Epoch 8 | Step 2660/10683 | Loss 0.2096 | LR 2.3693e-05
2026-03-11 09:05:42 INFO Epoch 8 | Step 2680/10683 | Loss 0.2096 | LR 2.3664e-05
2026-03-11 09:05:58 INFO Epoch 8 | Step 2700/10683 | Loss 0.2096 | LR 2.3634e-05
2026-03-11 09:06:15 INFO Epoch 8 | Step 2720/10683 | Loss 0.2095 | LR 2.3605e-05
2026-03-11 09:06:31 INFO Epoch 8 | Step 2740/10683 | Loss 0.2095 | LR 2.3575e-05
2026-03-11 09:06:48 INFO Epoch 8 | Step 2760/10683 | Loss 0.2095 | LR 2.3546e-05
2026-03-11 09:07:04 INFO Epoch 8 | Step 2780/10683 | Loss 0.2095 | LR 2.3517e-05
2026-03-11 09:07:20 INFO Epoch 8 | Step 2800/10683 | Loss 0.2095 | LR 2.3487e-05
2026-03-11 09:07:37 INFO Epoch 8 | Step 2820/10683 | Loss 0.2094 | LR 2.3458e-05
2026-03-11 09:07:53 INFO Epoch 8 | Step 2840/10683 | Loss 0.2093 | LR 2.3429e-05
2026-03-11 09:08:10 INFO Epoch 8 | Step 2860/10683 | Loss 0.2092 | LR 2.3399e-05
2026-03-11 09:08:26 INFO Epoch 8 | Step 2880/10683 | Loss 0.2091 | LR 2.3370e-05
2026-03-11 09:08:43 INFO Epoch 8 | Step 2900/10683 | Loss 0.2091 | LR 2.3341e-05
2026-03-11 09:08:59 INFO Epoch 8 | Step 2920/10683 | Loss 0.2092 | LR 2.3312e-05
2026-03-11 09:09:16 INFO Epoch 8 | Step 2940/10683 | Loss 0.2092 | LR 2.3282e-05
2026-03-11 09:09:32 INFO Epoch 8 | Step 2960/10683 | Loss 0.2092 | LR 2.3253e-05
2026-03-11 09:09:49 INFO Epoch 8 | Step 2980/10683 | Loss 0.2092 | LR 2.3224e-05
2026-03-11 09:10:05 INFO Epoch 8 | Step 3000/10683 | Loss 0.2092 | LR 2.3195e-05
2026-03-11 09:10:22 INFO Epoch 8 | Step 3020/10683 | Loss 0.2091 | LR 2.3166e-05
2026-03-11 09:10:38 INFO Epoch 8 | Step 3040/10683 | Loss 0.2091 | LR 2.3136e-05
2026-03-11 09:10:55 INFO Epoch 8 | Step 3060/10683 | Loss 0.2092 | LR 2.3107e-05
2026-03-11 09:11:11 INFO Epoch 8 | Step 3080/10683 | Loss 0.2092 | LR 2.3078e-05
2026-03-11 09:11:28 INFO Epoch 8 | Step 3100/10683 | Loss 0.2092 | LR 2.3049e-05
2026-03-11 09:11:44 INFO Epoch 8 | Step 3120/10683 | Loss 0.2092 | LR 2.3020e-05
2026-03-11 09:12:01 INFO Epoch 8 | Step 3140/10683 | Loss 0.2091 | LR 2.2991e-05
2026-03-11 09:12:17 INFO Epoch 8 | Step 3160/10683 | Loss 0.2091 | LR 2.2961e-05
2026-03-11 09:12:33 INFO Epoch 8 | Step 3180/10683 | Loss 0.2091 | LR 2.2932e-05
2026-03-11 09:12:50 INFO Epoch 8 | Step 3200/10683 | Loss 0.2090 | LR 2.2903e-05
2026-03-11 09:13:06 INFO Epoch 8 | Step 3220/10683 | Loss 0.2089 | LR 2.2874e-05
2026-03-11 09:13:23 INFO Epoch 8 | Step 3240/10683 | Loss 0.2090 | LR 2.2845e-05
2026-03-11 09:13:39 INFO Epoch 8 | Step 3260/10683 | Loss 0.2090 | LR 2.2816e-05
2026-03-11 09:13:56 INFO Epoch 8 | Step 3280/10683 | Loss 0.2089 | LR 2.2787e-05
2026-03-11 09:14:12 INFO Epoch 8 | Step 3300/10683 | Loss 0.2089 | LR 2.2758e-05
2026-03-11 09:14:29 INFO Epoch 8 | Step 3320/10683 | Loss 0.2090 | LR 2.2729e-05
2026-03-11 09:14:45 INFO Epoch 8 | Step 3340/10683 | Loss 0.2090 | LR 2.2700e-05
2026-03-11 09:15:02 INFO Epoch 8 | Step 3360/10683 | Loss 0.2090 | LR 2.2671e-05
2026-03-11 09:15:18 INFO Epoch 8 | Step 3380/10683 | Loss 0.2090 | LR 2.2642e-05
2026-03-11 09:15:34 INFO Epoch 8 | Step 3400/10683 | Loss 0.2091 | LR 2.2613e-05
2026-03-11 09:15:51 INFO Epoch 8 | Step 3420/10683 | Loss 0.2092 | LR 2.2584e-05
2026-03-11 09:16:07 INFO Epoch 8 | Step 3440/10683 | Loss 0.2092 | LR 2.2555e-05
2026-03-11 09:16:24 INFO Epoch 8 | Step 3460/10683 | Loss 0.2091 | LR 2.2526e-05
2026-03-11 09:16:40 INFO Epoch 8 | Step 3480/10683 | Loss 0.2092 | LR 2.2498e-05
2026-03-11 09:16:57 INFO Epoch 8 | Step 3500/10683 | Loss 0.2092 | LR 2.2469e-05
2026-03-11 09:17:13 INFO Epoch 8 | Step 3520/10683 | Loss 0.2093 | LR 2.2440e-05
2026-03-11 09:17:30 INFO Epoch 8 | Step 3540/10683 | Loss 0.2093 | LR 2.2411e-05
2026-03-11 09:17:46 INFO Epoch 8 | Step 3560/10683 | Loss 0.2094 | LR 2.2382e-05
2026-03-11 09:18:03 INFO Epoch 8 | Step 3580/10683 | Loss 0.2094 | LR 2.2353e-05
2026-03-11 09:18:19 INFO Epoch 8 | Step 3600/10683 | Loss 0.2094 | LR 2.2324e-05
2026-03-11 09:18:35 INFO Epoch 8 | Step 3620/10683 | Loss 0.2094 | LR 2.2296e-05
2026-03-11 09:18:52 INFO Epoch 8 | Step 3640/10683 | Loss 0.2095 | LR 2.2267e-05
2026-03-11 09:19:09 INFO Epoch 8 | Step 3660/10683 | Loss 0.2096 | LR 2.2238e-05
2026-03-11 09:19:25 INFO Epoch 8 | Step 3680/10683 | Loss 0.2095 | LR 2.2209e-05
2026-03-11 09:19:41 INFO Epoch 8 | Step 3700/10683 | Loss 0.2095 | LR 2.2181e-05
2026-03-11 09:19:58 INFO Epoch 8 | Step 3720/10683 | Loss 0.2094 | LR 2.2152e-05
2026-03-11 09:20:14 INFO Epoch 8 | Step 3740/10683 | Loss 0.2095 | LR 2.2123e-05
2026-03-11 09:20:31 INFO Epoch 8 | Step 3760/10683 | Loss 0.2095 | LR 2.2094e-05
2026-03-11 09:20:47 INFO Epoch 8 | Step 3780/10683 | Loss 0.2094 | LR 2.2066e-05
2026-03-11 09:21:04 INFO Epoch 8 | Step 3800/10683 | Loss 0.2094 | LR 2.2037e-05
2026-03-11 09:21:20 INFO Epoch 8 | Step 3820/10683 | Loss 0.2094 | LR 2.2008e-05
2026-03-11 09:21:37 INFO Epoch 8 | Step 3840/10683 | Loss 0.2094 | LR 2.1980e-05
2026-03-11 09:21:53 INFO Epoch 8 | Step 3860/10683 | Loss 0.2094 | LR 2.1951e-05
2026-03-11 09:22:10 INFO Epoch 8 | Step 3880/10683 | Loss 0.2093 | LR 2.1922e-05
2026-03-11 09:22:26 INFO Epoch 8 | Step 3900/10683 | Loss 0.2094 | LR 2.1894e-05
2026-03-11 09:22:43 INFO Epoch 8 | Step 3920/10683 | Loss 0.2093 | LR 2.1865e-05
2026-03-11 09:23:00 INFO Epoch 8 | Step 3940/10683 | Loss 0.2093 | LR 2.1837e-05
2026-03-11 09:23:16 INFO Epoch 8 | Step 3960/10683 | Loss 0.2094 | LR 2.1808e-05
2026-03-11 09:23:33 INFO Epoch 8 | Step 3980/10683 | Loss 0.2094 | LR 2.1779e-05
2026-03-11 09:23:49 INFO Epoch 8 | Step 4000/10683 | Loss 0.2093 | LR 2.1751e-05
2026-03-11 09:24:05 INFO Epoch 8 | Step 4020/10683 | Loss 0.2094 | LR 2.1722e-05
2026-03-11 09:24:22 INFO Epoch 8 | Step 4040/10683 | Loss 0.2095 | LR 2.1694e-05
2026-03-11 09:24:39 INFO Epoch 8 | Step 4060/10683 | Loss 0.2095 | LR 2.1665e-05
2026-03-11 09:24:55 INFO Epoch 8 | Step 4080/10683 | Loss 0.2095 | LR 2.1637e-05
2026-03-11 09:25:12 INFO Epoch 8 | Step 4100/10683 | Loss 0.2096 | LR 2.1608e-05
2026-03-11 09:25:28 INFO Epoch 8 | Step 4120/10683 | Loss 0.2096 | LR 2.1580e-05
2026-03-11 09:25:45 INFO Epoch 8 | Step 4140/10683 | Loss 0.2097 | LR 2.1551e-05
2026-03-11 09:26:01 INFO Epoch 8 | Step 4160/10683 | Loss 0.2097 | LR 2.1523e-05
2026-03-11 09:26:18 INFO Epoch 8 | Step 4180/10683 | Loss 0.2097 | LR 2.1494e-05
2026-03-11 09:26:34 INFO Epoch 8 | Step 4200/10683 | Loss 0.2096 | LR 2.1466e-05
2026-03-11 09:26:51 INFO Epoch 8 | Step 4220/10683 | Loss 0.2096 | LR 2.1438e-05
2026-03-11 09:27:07 INFO Epoch 8 | Step 4240/10683 | Loss 0.2096 | LR 2.1409e-05
2026-03-11 09:27:24 INFO Epoch 8 | Step 4260/10683 | Loss 0.2096 | LR 2.1381e-05
2026-03-11 09:27:40 INFO Epoch 8 | Step 4280/10683 | Loss 0.2097 | LR 2.1352e-05
2026-03-11 09:27:56 INFO Epoch 8 | Step 4300/10683 | Loss 0.2097 | LR 2.1324e-05
2026-03-11 09:28:13 INFO Epoch 8 | Step 4320/10683 | Loss 0.2097 | LR 2.1296e-05
2026-03-11 09:28:30 INFO Epoch 8 | Step 4340/10683 | Loss 0.2095 | LR 2.1267e-05
2026-03-11 09:28:46 INFO Epoch 8 | Step 4360/10683 | Loss 0.2096 | LR 2.1239e-05
2026-03-11 09:29:03 INFO Epoch 8 | Step 4380/10683 | Loss 0.2096 | LR 2.1211e-05
2026-03-11 09:29:19 INFO Epoch 8 | Step 4400/10683 | Loss 0.2095 | LR 2.1183e-05
2026-03-11 09:29:36 INFO Epoch 8 | Step 4420/10683 | Loss 0.2095 | LR 2.1154e-05
2026-03-11 09:29:52 INFO Epoch 8 | Step 4440/10683 | Loss 0.2094 | LR 2.1126e-05
2026-03-11 09:30:09 INFO Epoch 8 | Step 4460/10683 | Loss 0.2095 | LR 2.1098e-05
2026-03-11 09:30:25 INFO Epoch 8 | Step 4480/10683 | Loss 0.2095 | LR 2.1070e-05
2026-03-11 09:30:42 INFO Epoch 8 | Step 4500/10683 | Loss 0.2095 | LR 2.1041e-05
2026-03-11 09:30:58 INFO Epoch 8 | Step 4520/10683 | Loss 0.2093 | LR 2.1013e-05
2026-03-11 09:31:15 INFO Epoch 8 | Step 4540/10683 | Loss 0.2094 | LR 2.0985e-05
2026-03-11 09:31:31 INFO Epoch 8 | Step 4560/10683 | Loss 0.2094 | LR 2.0957e-05
2026-03-11 09:31:48 INFO Epoch 8 | Step 4580/10683 | Loss 0.2094 | LR 2.0929e-05
2026-03-11 09:32:05 INFO Epoch 8 | Step 4600/10683 | Loss 0.2094 | LR 2.0901e-05
2026-03-11 09:32:21 INFO Epoch 8 | Step 4620/10683 | Loss 0.2093 | LR 2.0872e-05
2026-03-11 09:32:38 INFO Epoch 8 | Step 4640/10683 | Loss 0.2093 | LR 2.0844e-05
2026-03-11 09:32:54 INFO Epoch 8 | Step 4660/10683 | Loss 0.2093 | LR 2.0816e-05
2026-03-11 09:33:11 INFO Epoch 8 | Step 4680/10683 | Loss 0.2093 | LR 2.0788e-05
2026-03-11 09:33:27 INFO Epoch 8 | Step 4700/10683 | Loss 0.2093 | LR 2.0760e-05
2026-03-11 09:33:44 INFO Epoch 8 | Step 4720/10683 | Loss 0.2093 | LR 2.0732e-05
2026-03-11 09:34:01 INFO Epoch 8 | Step 4740/10683 | Loss 0.2093 | LR 2.0704e-05
2026-03-11 09:34:17 INFO Epoch 8 | Step 4760/10683 | Loss 0.2093 | LR 2.0676e-05
2026-03-11 09:34:34 INFO Epoch 8 | Step 4780/10683 | Loss 0.2093 | LR 2.0648e-05
2026-03-11 09:34:50 INFO Epoch 8 | Step 4800/10683 | Loss 0.2093 | LR 2.0620e-05
2026-03-11 09:35:07 INFO Epoch 8 | Step 4820/10683 | Loss 0.2094 | LR 2.0592e-05
2026-03-11 09:35:24 INFO Epoch 8 | Step 4840/10683 | Loss 0.2094 | LR 2.0564e-05
2026-03-11 09:35:40 INFO Epoch 8 | Step 4860/10683 | Loss 0.2096 | LR 2.0536e-05
2026-03-11 09:35:57 INFO Epoch 8 | Step 4880/10683 | Loss 0.2095 | LR 2.0508e-05
2026-03-11 09:36:13 INFO Epoch 8 | Step 4900/10683 | Loss 0.2095 | LR 2.0480e-05
2026-03-11 09:36:30 INFO Epoch 8 | Step 4920/10683 | Loss 0.2095 | LR 2.0452e-05
2026-03-11 09:36:46 INFO Epoch 8 | Step 4940/10683 | Loss 0.2095 | LR 2.0424e-05
2026-03-11 09:37:03 INFO Epoch 8 | Step 4960/10683 | Loss 0.2094 | LR 2.0396e-05
2026-03-11 09:37:19 INFO Epoch 8 | Step 4980/10683 | Loss 0.2094 | LR 2.0369e-05
2026-03-11 09:37:36 INFO Epoch 8 | Step 5000/10683 | Loss 0.2094 | LR 2.0341e-05
2026-03-11 09:37:53 INFO Epoch 8 | Step 5020/10683 | Loss 0.2094 | LR 2.0313e-05
2026-03-11 09:38:09 INFO Epoch 8 | Step 5040/10683 | Loss 0.2094 | LR 2.0285e-05
2026-03-11 09:38:26 INFO Epoch 8 | Step 5060/10683 | Loss 0.2094 | LR 2.0257e-05
2026-03-11 09:38:42 INFO Epoch 8 | Step 5080/10683 | Loss 0.2094 | LR 2.0229e-05
2026-03-11 09:38:59 INFO Epoch 8 | Step 5100/10683 | Loss 0.2095 | LR 2.0202e-05
2026-03-11 09:39:16 INFO Epoch 8 | Step 5120/10683 | Loss 0.2095 | LR 2.0174e-05
2026-03-11 09:39:32 INFO Epoch 8 | Step 5140/10683 | Loss 0.2095 | LR 2.0146e-05
2026-03-11 09:39:49 INFO Epoch 8 | Step 5160/10683 | Loss 0.2095 | LR 2.0118e-05
2026-03-11 09:40:05 INFO Epoch 8 | Step 5180/10683 | Loss 0.2096 | LR 2.0091e-05
2026-03-11 09:40:22 INFO Epoch 8 | Step 5200/10683 | Loss 0.2096 | LR 2.0063e-05
2026-03-11 09:40:39 INFO Epoch 8 | Step 5220/10683 | Loss 0.2096 | LR 2.0035e-05
2026-03-11 09:40:55 INFO Epoch 8 | Step 5240/10683 | Loss 0.2096 | LR 2.0008e-05
2026-03-11 09:41:12 INFO Epoch 8 | Step 5260/10683 | Loss 0.2094 | LR 1.9980e-05
2026-03-11 09:41:29 INFO Epoch 8 | Step 5280/10683 | Loss 0.2095 | LR 1.9952e-05
2026-03-11 09:41:45 INFO Epoch 8 | Step 5300/10683 | Loss 0.2095 | LR 1.9925e-05
2026-03-11 09:42:02 INFO Epoch 8 | Step 5320/10683 | Loss 0.2095 | LR 1.9897e-05
2026-03-11 09:42:18 INFO Epoch 8 | Step 5340/10683 | Loss 0.2095 | LR 1.9869e-05
2026-03-11 09:42:35 INFO Epoch 8 | Step 5360/10683 | Loss 0.2094 | LR 1.9842e-05
2026-03-11 09:42:51 INFO Epoch 8 | Step 5380/10683 | Loss 0.2094 | LR 1.9814e-05
2026-03-11 09:43:08 INFO Epoch 8 | Step 5400/10683 | Loss 0.2095 | LR 1.9787e-05
2026-03-11 09:43:25 INFO Epoch 8 | Step 5420/10683 | Loss 0.2095 | LR 1.9759e-05
2026-03-11 09:43:41 INFO Epoch 8 | Step 5440/10683 | Loss 0.2094 | LR 1.9731e-05
2026-03-11 09:43:58 INFO Epoch 8 | Step 5460/10683 | Loss 0.2095 | LR 1.9704e-05
2026-03-11 09:44:14 INFO Epoch 8 | Step 5480/10683 | Loss 0.2095 | LR 1.9676e-05
2026-03-11 09:44:31 INFO Epoch 8 | Step 5500/10683 | Loss 0.2094 | LR 1.9649e-05
2026-03-11 09:44:47 INFO Epoch 8 | Step 5520/10683 | Loss 0.2094 | LR 1.9621e-05
2026-03-11 09:45:04 INFO Epoch 8 | Step 5540/10683 | Loss 0.2094 | LR 1.9594e-05
2026-03-11 09:45:21 INFO Epoch 8 | Step 5560/10683 | Loss 0.2094 | LR 1.9566e-05
2026-03-11 09:45:38 INFO Epoch 8 | Step 5580/10683 | Loss 0.2093 | LR 1.9539e-05
2026-03-11 09:45:54 INFO Epoch 8 | Step 5600/10683 | Loss 0.2093 | LR 1.9512e-05
2026-03-11 09:46:11 INFO Epoch 8 | Step 5620/10683 | Loss 0.2092 | LR 1.9484e-05
2026-03-11 09:46:27 INFO Epoch 8 | Step 5640/10683 | Loss 0.2093 | LR 1.9457e-05
2026-03-11 09:46:44 INFO Epoch 8 | Step 5660/10683 | Loss 0.2094 | LR 1.9429e-05
2026-03-11 09:47:00 INFO Epoch 8 | Step 5680/10683 | Loss 0.2094 | LR 1.9402e-05
2026-03-11 09:47:17 INFO Epoch 8 | Step 5700/10683 | Loss 0.2093 | LR 1.9375e-05
2026-03-11 09:47:34 INFO Epoch 8 | Step 5720/10683 | Loss 0.2093 | LR 1.9347e-05
2026-03-11 09:47:50 INFO Epoch 8 | Step 5740/10683 | Loss 0.2092 | LR 1.9320e-05
2026-03-11 09:48:07 INFO Epoch 8 | Step 5760/10683 | Loss 0.2092 | LR 1.9293e-05
2026-03-11 09:48:23 INFO Epoch 8 | Step 5780/10683 | Loss 0.2093 | LR 1.9265e-05
2026-03-11 09:48:40 INFO Epoch 8 | Step 5800/10683 | Loss 0.2093 | LR 1.9238e-05
2026-03-11 09:48:56 INFO Epoch 8 | Step 5820/10683 | Loss 0.2093 | LR 1.9211e-05
2026-03-11 09:49:13 INFO Epoch 8 | Step 5840/10683 | Loss 0.2092 | LR 1.9184e-05
2026-03-11 09:49:30 INFO Epoch 8 | Step 5860/10683 | Loss 0.2093 | LR 1.9156e-05
2026-03-11 09:49:46 INFO Epoch 8 | Step 5880/10683 | Loss 0.2093 | LR 1.9129e-05
2026-03-11 09:50:03 INFO Epoch 8 | Step 5900/10683 | Loss 0.2092 | LR 1.9102e-05
2026-03-11 09:50:19 INFO Epoch 8 | Step 5920/10683 | Loss 0.2092 | LR 1.9075e-05
2026-03-11 09:50:36 INFO Epoch 8 | Step 5940/10683 | Loss 0.2092 | LR 1.9048e-05
2026-03-11 09:50:53 INFO Epoch 8 | Step 5960/10683 | Loss 0.2092 | LR 1.9020e-05
2026-03-11 09:51:09 INFO Epoch 8 | Step 5980/10683 | Loss 0.2093 | LR 1.8993e-05
2026-03-11 09:51:26 INFO Epoch 8 | Step 6000/10683 | Loss 0.2093 | LR 1.8966e-05
2026-03-11 09:51:42 INFO Epoch 8 | Step 6020/10683 | Loss 0.2093 | LR 1.8939e-05
2026-03-11 09:51:59 INFO Epoch 8 | Step 6040/10683 | Loss 0.2093 | LR 1.8912e-05
2026-03-11 09:52:16 INFO Epoch 8 | Step 6060/10683 | Loss 0.2093 | LR 1.8885e-05
2026-03-11 09:52:32 INFO Epoch 8 | Step 6080/10683 | Loss 0.2093 | LR 1.8858e-05
2026-03-11 09:52:49 INFO Epoch 8 | Step 6100/10683 | Loss 0.2093 | LR 1.8831e-05
2026-03-11 09:53:05 INFO Epoch 8 | Step 6120/10683 | Loss 0.2092 | LR 1.8804e-05
2026-03-11 09:53:22 INFO Epoch 8 | Step 6140/10683 | Loss 0.2093 | LR 1.8777e-05
2026-03-11 09:53:39 INFO Epoch 8 | Step 6160/10683 | Loss 0.2093 | LR 1.8750e-05
2026-03-11 09:53:55 INFO Epoch 8 | Step 6180/10683 | Loss 0.2092 | LR 1.8723e-05
2026-03-11 09:54:12 INFO Epoch 8 | Step 6200/10683 | Loss 0.2092 | LR 1.8696e-05
2026-03-11 09:54:28 INFO Epoch 8 | Step 6220/10683 | Loss 0.2092 | LR 1.8669e-05
2026-03-11 09:54:45 INFO Epoch 8 | Step 6240/10683 | Loss 0.2093 | LR 1.8642e-05
2026-03-11 09:55:01 INFO Epoch 8 | Step 6260/10683 | Loss 0.2093 | LR 1.8615e-05
2026-03-11 09:55:18 INFO Epoch 8 | Step 6280/10683 | Loss 0.2092 | LR 1.8588e-05
2026-03-11 09:55:34 INFO Epoch 8 | Step 6300/10683 | Loss 0.2091 | LR 1.8561e-05
2026-03-11 09:55:51 INFO Epoch 8 | Step 6320/10683 | Loss 0.2091 | LR 1.8534e-05
2026-03-11 09:56:08 INFO Epoch 8 | Step 6340/10683 | Loss 0.2091 | LR 1.8507e-05
2026-03-11 09:56:24 INFO Epoch 8 | Step 6360/10683 | Loss 0.2091 | LR 1.8480e-05
2026-03-11 09:56:41 INFO Epoch 8 | Step 6380/10683 | Loss 0.2091 | LR 1.8453e-05
2026-03-11 09:56:57 INFO Epoch 8 | Step 6400/10683 | Loss 0.2092 | LR 1.8427e-05
2026-03-11 09:57:14 INFO Epoch 8 | Step 6420/10683 | Loss 0.2092 | LR 1.8400e-05
2026-03-11 09:57:31 INFO Epoch 8 | Step 6440/10683 | Loss 0.2092 | LR 1.8373e-05
2026-03-11 09:57:47 INFO Epoch 8 | Step 6460/10683 | Loss 0.2093 | LR 1.8346e-05
2026-03-11 09:58:04 INFO Epoch 8 | Step 6480/10683 | Loss 0.2092 | LR 1.8319e-05
2026-03-11 09:58:21 INFO Epoch 8 | Step 6500/10683 | Loss 0.2093 | LR 1.8293e-05
2026-03-11 09:58:37 INFO Epoch 8 | Step 6520/10683 | Loss 0.2092 | LR 1.8266e-05
2026-03-11 09:58:54 INFO Epoch 8 | Step 6540/10683 | Loss 0.2093 | LR 1.8239e-05
2026-03-11 09:59:11 INFO Epoch 8 | Step 6560/10683 | Loss 0.2093 | LR 1.8212e-05
2026-03-11 09:59:27 INFO Epoch 8 | Step 6580/10683 | Loss 0.2092 | LR 1.8186e-05
2026-03-11 09:59:44 INFO Epoch 8 | Step 6600/10683 | Loss 0.2093 | LR 1.8159e-05
2026-03-11 10:00:00 INFO Epoch 8 | Step 6620/10683 | Loss 0.2093 | LR 1.8132e-05
2026-03-11 10:00:17 INFO Epoch 8 | Step 6640/10683 | Loss 0.2093 | LR 1.8106e-05
2026-03-11 10:00:34 INFO Epoch 8 | Step 6660/10683 | Loss 0.2093 | LR 1.8079e-05
2026-03-11 10:00:50 INFO Epoch 8 | Step 6680/10683 | Loss 0.2093 | LR 1.8052e-05
2026-03-11 10:01:07 INFO Epoch 8 | Step 6700/10683 | Loss 0.2093 | LR 1.8026e-05
2026-03-11 10:01:23 INFO Epoch 8 | Step 6720/10683 | Loss 0.2093 | LR 1.7999e-05
2026-03-11 10:01:40 INFO Epoch 8 | Step 6740/10683 | Loss 0.2093 | LR 1.7973e-05
2026-03-11 10:01:57 INFO Epoch 8 | Step 6760/10683 | Loss 0.2093 | LR 1.7946e-05
2026-03-11 10:02:13 INFO Epoch 8 | Step 6780/10683 | Loss 0.2093 | LR 1.7920e-05
2026-03-11 10:02:29 INFO Epoch 8 | Step 6800/10683 | Loss 0.2093 | LR 1.7893e-05
2026-03-11 10:02:46 INFO Epoch 8 | Step 6820/10683 | Loss 0.2093 | LR 1.7867e-05
2026-03-11 10:03:03 INFO Epoch 8 | Step 6840/10683 | Loss 0.2092 | LR 1.7840e-05
2026-03-11 10:03:19 INFO Epoch 8 | Step 6860/10683 | Loss 0.2093 | LR 1.7814e-05
2026-03-11 10:03:36 INFO Epoch 8 | Step 6880/10683 | Loss 0.2092 | LR 1.7787e-05
2026-03-11 10:03:52 INFO Epoch 8 | Step 6900/10683 | Loss 0.2092 | LR 1.7761e-05
2026-03-11 10:04:09 INFO Epoch 8 | Step 6920/10683 | Loss 0.2091 | LR 1.7734e-05
2026-03-11 10:04:25 INFO Epoch 8 | Step 6940/10683 | Loss 0.2091 | LR 1.7708e-05
2026-03-11 10:04:42 INFO Epoch 8 | Step 6960/10683 | Loss 0.2091 | LR 1.7681e-05
2026-03-11 10:04:58 INFO Epoch 8 | Step 6980/10683 | Loss 0.2090 | LR 1.7655e-05
2026-03-11 10:05:15 INFO Epoch 8 | Step 7000/10683 | Loss 0.2090 | LR 1.7629e-05
2026-03-11 10:05:32 INFO Epoch 8 | Step 7020/10683 | Loss 0.2090 | LR 1.7602e-05
2026-03-11 10:05:48 INFO Epoch 8 | Step 7040/10683 | Loss 0.2089 | LR 1.7576e-05
2026-03-11 10:06:05 INFO Epoch 8 | Step 7060/10683 | Loss 0.2090 | LR 1.7550e-05
2026-03-11 10:06:21 INFO Epoch 8 | Step 7080/10683 | Loss 0.2090 | LR 1.7523e-05
2026-03-11 10:06:38 INFO Epoch 8 | Step 7100/10683 | Loss 0.2090 | LR 1.7497e-05
2026-03-11 10:06:54 INFO Epoch 8 | Step 7120/10683 | Loss 0.2090 | LR 1.7471e-05
2026-03-11 10:07:11 INFO Epoch 8 | Step 7140/10683 | Loss 0.2090 | LR 1.7444e-05
2026-03-11 10:07:28 INFO Epoch 8 | Step 7160/10683 | Loss 0.2090 | LR 1.7418e-05
2026-03-11 10:07:44 INFO Epoch 8 | Step 7180/10683 | Loss 0.2090 | LR 1.7392e-05
2026-03-11 10:08:01 INFO Epoch 8 | Step 7200/10683 | Loss 0.2090 | LR 1.7366e-05
2026-03-11 10:08:17 INFO Epoch 8 | Step 7220/10683 | Loss 0.2089 | LR 1.7340e-05
2026-03-11 10:08:34 INFO Epoch 8 | Step 7240/10683 | Loss 0.2089 | LR 1.7313e-05
2026-03-11 10:08:51 INFO Epoch 8 | Step 7260/10683 | Loss 0.2089 | LR 1.7287e-05
2026-03-11 10:09:07 INFO Epoch 8 | Step 7280/10683 | Loss 0.2088 | LR 1.7261e-05
2026-03-11 10:09:24 INFO Epoch 8 | Step 7300/10683 | Loss 0.2088 | LR 1.7235e-05
2026-03-11 10:09:41 INFO Epoch 8 | Step 7320/10683 | Loss 0.2088 | LR 1.7209e-05
2026-03-11 10:09:57 INFO Epoch 8 | Step 7340/10683 | Loss 0.2087 | LR 1.7183e-05
2026-03-11 10:10:13 INFO Epoch 8 | Step 7360/10683 | Loss 0.2088 | LR 1.7157e-05
2026-03-11 10:10:30 INFO Epoch 8 | Step 7380/10683 | Loss 0.2088 | LR 1.7130e-05
2026-03-11 10:10:47 INFO Epoch 8 | Step 7400/10683 | Loss 0.2087 | LR 1.7104e-05
2026-03-11 10:11:03 INFO Epoch 8 | Step 7420/10683 | Loss 0.2088 | LR 1.7078e-05
2026-03-11 10:11:20 INFO Epoch 8 | Step 7440/10683 | Loss 0.2088 | LR 1.7052e-05
2026-03-11 10:11:36 INFO Epoch 8 | Step 7460/10683 | Loss 0.2088 | LR 1.7026e-05
2026-03-11 10:11:53 INFO Epoch 8 | Step 7480/10683 | Loss 0.2088 | LR 1.7000e-05
2026-03-11 10:12:09 INFO Epoch 8 | Step 7500/10683 | Loss 0.2088 | LR 1.6974e-05
2026-03-11 10:12:26 INFO Epoch 8 | Step 7520/10683 | Loss 0.2087 | LR 1.6948e-05
2026-03-11 10:12:43 INFO Epoch 8 | Step 7540/10683 | Loss 0.2087 | LR 1.6922e-05
2026-03-11 10:12:59 INFO Epoch 8 | Step 7560/10683 | Loss 0.2087 | LR 1.6896e-05
2026-03-11 10:13:16 INFO Epoch 8 | Step 7580/10683 | Loss 0.2087 | LR 1.6871e-05
2026-03-11 10:13:33 INFO Epoch 8 | Step 7600/10683 | Loss 0.2086 | LR 1.6845e-05
2026-03-11 10:13:49 INFO Epoch 8 | Step 7620/10683 | Loss 0.2087 | LR 1.6819e-05
2026-03-11 10:14:06 INFO Epoch 8 | Step 7640/10683 | Loss 0.2087 | LR 1.6793e-05
2026-03-11 10:14:22 INFO Epoch 8 | Step 7660/10683 | Loss 0.2087 | LR 1.6767e-05
2026-03-11 10:14:39 INFO Epoch 8 | Step 7680/10683 | Loss 0.2087 | LR 1.6741e-05
2026-03-11 10:14:55 INFO Epoch 8 | Step 7700/10683 | Loss 0.2088 | LR 1.6715e-05
2026-03-11 10:15:12 INFO Epoch 8 | Step 7720/10683 | Loss 0.2088 | LR 1.6690e-05
2026-03-11 10:15:28 INFO Epoch 8 | Step 7740/10683 | Loss 0.2087 | LR 1.6664e-05
2026-03-11 10:15:45 INFO Epoch 8 | Step 7760/10683 | Loss 0.2087 | LR 1.6638e-05
2026-03-11 10:16:01 INFO Epoch 8 | Step 7780/10683 | Loss 0.2086 | LR 1.6612e-05
2026-03-11 10:16:18 INFO Epoch 8 | Step 7800/10683 | Loss 0.2086 | LR 1.6587e-05
2026-03-11 10:16:34 INFO Epoch 8 | Step 7820/10683 | Loss 0.2086 | LR 1.6561e-05
2026-03-11 10:16:51 INFO Epoch 8 | Step 7840/10683 | Loss 0.2085 | LR 1.6535e-05
2026-03-11 10:17:07 INFO Epoch 8 | Step 7860/10683 | Loss 0.2085 | LR 1.6509e-05
2026-03-11 10:17:24 INFO Epoch 8 | Step 7880/10683 | Loss 0.2085 | LR 1.6484e-05
2026-03-11 10:17:40 INFO Epoch 8 | Step 7900/10683 | Loss 0.2085 | LR 1.6458e-05
2026-03-11 10:17:57 INFO Epoch 8 | Step 7920/10683 | Loss 0.2085 | LR 1.6432e-05
2026-03-11 10:18:14 INFO Epoch 8 | Step 7940/10683 | Loss 0.2085 | LR 1.6407e-05
2026-03-11 10:18:30 INFO Epoch 8 | Step 7960/10683 | Loss 0.2084 | LR 1.6381e-05
2026-03-11 10:18:47 INFO Epoch 8 | Step 7980/10683 | Loss 0.2084 | LR 1.6356e-05
2026-03-11 10:19:03 INFO Epoch 8 | Step 8000/10683 | Loss 0.2084 | LR 1.6330e-05
2026-03-11 10:19:20 INFO Epoch 8 | Step 8020/10683 | Loss 0.2084 | LR 1.6304e-05
2026-03-11 10:19:37 INFO Epoch 8 | Step 8040/10683 | Loss 0.2084 | LR 1.6279e-05
2026-03-11 10:19:53 INFO Epoch 8 | Step 8060/10683 | Loss 0.2083 | LR 1.6253e-05
2026-03-11 10:20:10 INFO Epoch 8 | Step 8080/10683 | Loss 0.2085 | LR 1.6228e-05
2026-03-11 10:20:26 INFO Epoch 8 | Step 8100/10683 | Loss 0.2085 | LR 1.6202e-05
2026-03-11 10:20:43 INFO Epoch 8 | Step 8120/10683 | Loss 0.2084 | LR 1.6177e-05
2026-03-11 10:20:59 INFO Epoch 8 | Step 8140/10683 | Loss 0.2084 | LR 1.6151e-05
2026-03-11 10:21:16 INFO Epoch 8 | Step 8160/10683 | Loss 0.2083 | LR 1.6126e-05
2026-03-11 10:21:32 INFO Epoch 8 | Step 8180/10683 | Loss 0.2083 | LR 1.6100e-05
2026-03-11 10:21:49 INFO Epoch 8 | Step 8200/10683 | Loss 0.2083 | LR 1.6075e-05
2026-03-11 10:22:05 INFO Epoch 8 | Step 8220/10683 | Loss 0.2084 | LR 1.6050e-05
2026-03-11 10:22:22 INFO Epoch 8 | Step 8240/10683 | Loss 0.2083 | LR 1.6024e-05
2026-03-11 10:22:39 INFO Epoch 8 | Step 8260/10683 | Loss 0.2083 | LR 1.5999e-05
2026-03-11 10:22:55 INFO Epoch 8 | Step 8280/10683 | Loss 0.2083 | LR 1.5973e-05
2026-03-11 10:23:12 INFO Epoch 8 | Step 8300/10683 | Loss 0.2083 | LR 1.5948e-05
2026-03-11 10:23:28 INFO Epoch 8 | Step 8320/10683 | Loss 0.2083 | LR 1.5923e-05
2026-03-11 10:23:45 INFO Epoch 8 | Step 8340/10683 | Loss 0.2083 | LR 1.5897e-05
2026-03-11 10:24:02 INFO Epoch 8 | Step 8360/10683 | Loss 0.2083 | LR 1.5872e-05
2026-03-11 10:24:18 INFO Epoch 8 | Step 8380/10683 | Loss 0.2083 | LR 1.5847e-05
2026-03-11 10:24:35 INFO Epoch 8 | Step 8400/10683 | Loss 0.2082 | LR 1.5822e-05
2026-03-11 10:24:51 INFO Epoch 8 | Step 8420/10683 | Loss 0.2083 | LR 1.5796e-05
2026-03-11 10:25:08 INFO Epoch 8 | Step 8440/10683 | Loss 0.2083 | LR 1.5771e-05
2026-03-11 10:25:24 INFO Epoch 8 | Step 8460/10683 | Loss 0.2083 | LR 1.5746e-05
2026-03-11 10:25:41 INFO Epoch 8 | Step 8480/10683 | Loss 0.2083 | LR 1.5721e-05
2026-03-11 10:25:57 INFO Epoch 8 | Step 8500/10683 | Loss 0.2082 | LR 1.5696e-05
2026-03-11 10:26:14 INFO Epoch 8 | Step 8520/10683 | Loss 0.2083 | LR 1.5670e-05
2026-03-11 10:26:31 INFO Epoch 8 | Step 8540/10683 | Loss 0.2083 | LR 1.5645e-05
2026-03-11 10:26:47 INFO Epoch 8 | Step 8560/10683 | Loss 0.2083 | LR 1.5620e-05
2026-03-11 10:27:04 INFO Epoch 8 | Step 8580/10683 | Loss 0.2082 | LR 1.5595e-05
2026-03-11 10:27:20 INFO Epoch 8 | Step 8600/10683 | Loss 0.2082 | LR 1.5570e-05
2026-03-11 10:27:37 INFO Epoch 8 | Step 8620/10683 | Loss 0.2082 | LR 1.5545e-05
2026-03-11 10:27:53 INFO Epoch 8 | Step 8640/10683 | Loss 0.2082 | LR 1.5520e-05
2026-03-11 10:28:10 INFO Epoch 8 | Step 8660/10683 | Loss 0.2083 | LR 1.5495e-05
2026-03-11 10:28:27 INFO Epoch 8 | Step 8680/10683 | Loss 0.2082 | LR 1.5470e-05
2026-03-11 10:28:43 INFO Epoch 8 | Step 8700/10683 | Loss 0.2082 | LR 1.5445e-05
2026-03-11 10:29:00 INFO Epoch 8 | Step 8720/10683 | Loss 0.2082 | LR 1.5420e-05
2026-03-11 10:29:16 INFO Epoch 8 | Step 8740/10683 | Loss 0.2082 | LR 1.5395e-05
2026-03-11 10:29:33 INFO Epoch 8 | Step 8760/10683 | Loss 0.2082 | LR 1.5370e-05
2026-03-11 10:29:49 INFO Epoch 8 | Step 8780/10683 | Loss 0.2082 | LR 1.5345e-05
2026-03-11 10:30:06 INFO Epoch 8 | Step 8800/10683 | Loss 0.2082 | LR 1.5320e-05
2026-03-11 10:30:23 INFO Epoch 8 | Step 8820/10683 | Loss 0.2082 | LR 1.5295e-05
2026-03-11 10:30:39 INFO Epoch 8 | Step 8840/10683 | Loss 0.2082 | LR 1.5270e-05
2026-03-11 10:30:56 INFO Epoch 8 | Step 8860/10683 | Loss 0.2082 | LR 1.5245e-05
2026-03-11 10:31:12 INFO Epoch 8 | Step 8880/10683 | Loss 0.2082 | LR 1.5220e-05
2026-03-11 10:31:29 INFO Epoch 8 | Step 8900/10683 | Loss 0.2082 | LR 1.5196e-05
2026-03-11 10:31:45 INFO Epoch 8 | Step 8920/10683 | Loss 0.2082 | LR 1.5171e-05
2026-03-11 10:32:02 INFO Epoch 8 | Step 8940/10683 | Loss 0.2081 | LR 1.5146e-05
2026-03-11 10:32:18 INFO Epoch 8 | Step 8960/10683 | Loss 0.2082 | LR 1.5121e-05
2026-03-11 10:32:35 INFO Epoch 8 | Step 8980/10683 | Loss 0.2082 | LR 1.5096e-05
2026-03-11 10:32:51 INFO Epoch 8 | Step 9000/10683 | Loss 0.2082 | LR 1.5072e-05
2026-03-11 10:33:08 INFO Epoch 8 | Step 9020/10683 | Loss 0.2082 | LR 1.5047e-05
2026-03-11 10:33:25 INFO Epoch 8 | Step 9040/10683 | Loss 0.2082 | LR 1.5022e-05
2026-03-11 10:33:41 INFO Epoch 8 | Step 9060/10683 | Loss 0.2082 | LR 1.4997e-05
2026-03-11 10:33:58 INFO Epoch 8 | Step 9080/10683 | Loss 0.2081 | LR 1.4973e-05
2026-03-11 10:34:14 INFO Epoch 8 | Step 9100/10683 | Loss 0.2081 | LR 1.4948e-05
2026-03-11 10:34:31 INFO Epoch 8 | Step 9120/10683 | Loss 0.2081 | LR 1.4923e-05
2026-03-11 10:34:47 INFO Epoch 8 | Step 9140/10683 | Loss 0.2081 | LR 1.4899e-05
2026-03-11 10:35:04 INFO Epoch 8 | Step 9160/10683 | Loss 0.2081 | LR 1.4874e-05
2026-03-11 10:35:21 INFO Epoch 8 | Step 9180/10683 | Loss 0.2081 | LR 1.4849e-05
2026-03-11 10:35:37 INFO Epoch 8 | Step 9200/10683 | Loss 0.2081 | LR 1.4825e-05
2026-03-11 10:35:54 INFO Epoch 8 | Step 9220/10683 | Loss 0.2081 | LR 1.4800e-05
2026-03-11 10:36:10 INFO Epoch 8 | Step 9240/10683 | Loss 0.2081 | LR 1.4776e-05
2026-03-11 10:36:27 INFO Epoch 8 | Step 9260/10683 | Loss 0.2080 | LR 1.4751e-05
2026-03-11 10:36:43 INFO Epoch 8 | Step 9280/10683 | Loss 0.2080 | LR 1.4727e-05
2026-03-11 10:37:00 INFO Epoch 8 | Step 9300/10683 | Loss 0.2080 | LR 1.4702e-05
2026-03-11 10:37:17 INFO Epoch 8 | Step 9320/10683 | Loss 0.2079 | LR 1.4678e-05
2026-03-11 10:37:33 INFO Epoch 8 | Step 9340/10683 | Loss 0.2079 | LR 1.4653e-05
2026-03-11 10:37:50 INFO Epoch 8 | Step 9360/10683 | Loss 0.2079 | LR 1.4629e-05
2026-03-11 10:38:06 INFO Epoch 8 | Step 9380/10683 | Loss 0.2079 | LR 1.4604e-05
2026-03-11 10:38:23 INFO Epoch 8 | Step 9400/10683 | Loss 0.2080 | LR 1.4580e-05
2026-03-11 10:38:40 INFO Epoch 8 | Step 9420/10683 | Loss 0.2079 | LR 1.4555e-05
2026-03-11 10:38:56 INFO Epoch 8 | Step 9440/10683 | Loss 0.2079 | LR 1.4531e-05
2026-03-11 10:39:13 INFO Epoch 8 | Step 9460/10683 | Loss 0.2079 | LR 1.4507e-05
2026-03-11 10:39:30 INFO Epoch 8 | Step 9480/10683 | Loss 0.2078 | LR 1.4482e-05
2026-03-11 10:39:46 INFO Epoch 8 | Step 9500/10683 | Loss 0.2078 | LR 1.4458e-05
2026-03-11 10:40:03 INFO Epoch 8 | Step 9520/10683 | Loss 0.2078 | LR 1.4434e-05
2026-03-11 10:40:19 INFO Epoch 8 | Step 9540/10683 | Loss 0.2077 | LR 1.4409e-05
2026-03-11 10:40:36 INFO Epoch 8 | Step 9560/10683 | Loss 0.2077 | LR 1.4385e-05
2026-03-11 10:40:52 INFO Epoch 8 | Step 9580/10683 | Loss 0.2077 | LR 1.4361e-05
2026-03-11 10:41:09 INFO Epoch 8 | Step 9600/10683 | Loss 0.2077 | LR 1.4336e-05
2026-03-11 10:41:25 INFO Epoch 8 | Step 9620/10683 | Loss 0.2077 | LR 1.4312e-05
2026-03-11 10:41:42 INFO Epoch 8 | Step 9640/10683 | Loss 0.2077 | LR 1.4288e-05
2026-03-11 10:41:59 INFO Epoch 8 | Step 9660/10683 | Loss 0.2076 | LR 1.4264e-05
2026-03-11 10:42:15 INFO Epoch 8 | Step 9680/10683 | Loss 0.2077 | LR 1.4240e-05
2026-03-11 10:42:32 INFO Epoch 8 | Step 9700/10683 | Loss 0.2077 | LR 1.4215e-05
2026-03-11 10:42:48 INFO Epoch 8 | Step 9720/10683 | Loss 0.2077 | LR 1.4191e-05
2026-03-11 10:43:05 INFO Epoch 8 | Step 9740/10683 | Loss 0.2077 | LR 1.4167e-05
2026-03-11 10:43:22 INFO Epoch 8 | Step 9760/10683 | Loss 0.2077 | LR 1.4143e-05
2026-03-11 10:43:38 INFO Epoch 8 | Step 9780/10683 | Loss 0.2076 | LR 1.4119e-05
2026-03-11 10:43:55 INFO Epoch 8 | Step 9800/10683 | Loss 0.2077 | LR 1.4095e-05
2026-03-11 10:44:11 INFO Epoch 8 | Step 9820/10683 | Loss 0.2076 | LR 1.4071e-05
2026-03-11 10:44:28 INFO Epoch 8 | Step 9840/10683 | Loss 0.2076 | LR 1.4047e-05
2026-03-11 10:44:44 INFO Epoch 8 | Step 9860/10683 | Loss 0.2076 | LR 1.4023e-05
2026-03-11 10:45:01 INFO Epoch 8 | Step 9880/10683 | Loss 0.2076 | LR 1.3999e-05
2026-03-11 10:45:18 INFO Epoch 8 | Step 9900/10683 | Loss 0.2077 | LR 1.3975e-05
2026-03-11 10:45:34 INFO Epoch 8 | Step 9920/10683 | Loss 0.2077 | LR 1.3951e-05
2026-03-11 10:45:51 INFO Epoch 8 | Step 9940/10683 | Loss 0.2077 | LR 1.3927e-05
2026-03-11 10:46:07 INFO Epoch 8 | Step 9960/10683 | Loss 0.2077 | LR 1.3903e-05
2026-03-11 10:46:24 INFO Epoch 8 | Step 9980/10683 | Loss 0.2076 | LR 1.3879e-05
2026-03-11 10:46:40 INFO Epoch 8 | Step 10000/10683 | Loss 0.2076 | LR 1.3855e-05
2026-03-11 10:46:57 INFO Epoch 8 | Step 10020/10683 | Loss 0.2077 | LR 1.3831e-05
2026-03-11 10:47:14 INFO Epoch 8 | Step 10040/10683 | Loss 0.2076 | LR 1.3807e-05
2026-03-11 10:47:30 INFO Epoch 8 | Step 10060/10683 | Loss 0.2076 | LR 1.3783e-05
2026-03-11 10:47:47 INFO Epoch 8 | Step 10080/10683 | Loss 0.2076 | LR 1.3759e-05
2026-03-11 10:48:04 INFO Epoch 8 | Step 10100/10683 | Loss 0.2076 | LR 1.3736e-05
2026-03-11 10:48:20 INFO Epoch 8 | Step 10120/10683 | Loss 0.2075 | LR 1.3712e-05
2026-03-11 10:48:37 INFO Epoch 8 | Step 10140/10683 | Loss 0.2075 | LR 1.3688e-05
2026-03-11 10:48:53 INFO Epoch 8 | Step 10160/10683 | Loss 0.2075 | LR 1.3664e-05
2026-03-11 10:49:10 INFO Epoch 8 | Step 10180/10683 | Loss 0.2075 | LR 1.3640e-05
2026-03-11 10:49:27 INFO Epoch 8 | Step 10200/10683 | Loss 0.2076 | LR 1.3617e-05
2026-03-11 10:49:43 INFO Epoch 8 | Step 10220/10683 | Loss 0.2076 | LR 1.3593e-05
2026-03-11 10:50:00 INFO Epoch 8 | Step 10240/10683 | Loss 0.2076 | LR 1.3569e-05
2026-03-11 10:50:17 INFO Epoch 8 | Step 10260/10683 | Loss 0.2076 | LR 1.3546e-05
2026-03-11 10:50:33 INFO Epoch 8 | Step 10280/10683 | Loss 0.2076 | LR 1.3522e-05
2026-03-11 10:50:50 INFO Epoch 8 | Step 10300/10683 | Loss 0.2076 | LR 1.3498e-05
2026-03-11 10:51:06 INFO Epoch 8 | Step 10320/10683 | Loss 0.2076 | LR 1.3475e-05
2026-03-11 10:51:23 INFO Epoch 8 | Step 10340/10683 | Loss 0.2076 | LR 1.3451e-05
2026-03-11 10:51:39 INFO Epoch 8 | Step 10360/10683 | Loss 0.2076 | LR 1.3427e-05
2026-03-11 10:51:56 INFO Epoch 8 | Step 10380/10683 | Loss 0.2076 | LR 1.3404e-05
2026-03-11 10:52:13 INFO Epoch 8 | Step 10400/10683 | Loss 0.2075 | LR 1.3380e-05
2026-03-11 10:52:29 INFO Epoch 8 | Step 10420/10683 | Loss 0.2076 | LR 1.3357e-05
2026-03-11 10:52:46 INFO Epoch 8 | Step 10440/10683 | Loss 0.2075 | LR 1.3333e-05
2026-03-11 10:53:02 INFO Epoch 8 | Step 10460/10683 | Loss 0.2076 | LR 1.3310e-05
2026-03-11 10:53:19 INFO Epoch 8 | Step 10480/10683 | Loss 0.2076 | LR 1.3286e-05
2026-03-11 10:53:36 INFO Epoch 8 | Step 10500/10683 | Loss 0.2075 | LR 1.3263e-05
2026-03-11 10:53:52 INFO Epoch 8 | Step 10520/10683 | Loss 0.2076 | LR 1.3239e-05
2026-03-11 10:54:09 INFO Epoch 8 | Step 10540/10683 | Loss 0.2076 | LR 1.3216e-05
2026-03-11 10:54:25 INFO Epoch 8 | Step 10560/10683 | Loss 0.2075 | LR 1.3192e-05
2026-03-11 10:54:42 INFO Epoch 8 | Step 10580/10683 | Loss 0.2075 | LR 1.3169e-05
2026-03-11 10:54:58 INFO Epoch 8 | Step 10600/10683 | Loss 0.2075 | LR 1.3146e-05
2026-03-11 10:55:15 INFO Epoch 8 | Step 10620/10683 | Loss 0.2075 | LR 1.3122e-05
2026-03-11 10:55:32 INFO Epoch 8 | Step 10640/10683 | Loss 0.2075 | LR 1.3099e-05
2026-03-11 10:55:48 INFO Epoch 8 | Step 10660/10683 | Loss 0.2075 | LR 1.3076e-05
2026-03-11 10:56:05 INFO Epoch 8 | Step 10680/10683 | Loss 0.2075 | LR 1.3052e-05
2026-03-11 10:56:08 INFO Epoch 8 | Step 10683/10683 | Loss 0.2075 | LR 1.3049e-05
2026-03-11 11:18:11 INFO CSV Written | Epoch: 8
2026-03-11 11:18:11 INFO Best Saved | Epoch: 8 | Monitor: val_auprc | Value: 0.9778
2026-03-11 11:18:11 INFO Epoch Done | Epoch: 8 | Time: 10196.2453 | Train Loss: 0.2075 | Val Accuracy: 0.9056 | Val AUPRC: 0.9778 | Val Auroc: 0.9750 | Val F1: 0.9091 | Val Loss: 0.2930
2026-03-11 11:18:11 INFO Epoch Start | Epoch: 9
2026-03-11 11:18:13 INFO Epoch 9 | Step 1/10683 | Loss 0.2740 | LR 1.3048e-05
2026-03-11 11:18:29 INFO Epoch 9 | Step 20/10683 | Loss 0.2188 | LR 1.3025e-05
2026-03-11 11:18:46 INFO Epoch 9 | Step 40/10683 | Loss 0.2127 | LR 1.3002e-05
2026-03-11 11:19:03 INFO Epoch 9 | Step 60/10683 | Loss 0.2076 | LR 1.2979e-05
2026-03-11 11:19:20 INFO Epoch 9 | Step 80/10683 | Loss 0.2078 | LR 1.2956e-05
2026-03-11 11:19:36 INFO Epoch 9 | Step 100/10683 | Loss 0.2058 | LR 1.2932e-05
2026-03-11 11:19:53 INFO Epoch 9 | Step 120/10683 | Loss 0.2057 | LR 1.2909e-05
2026-03-11 11:20:10 INFO Epoch 9 | Step 140/10683 | Loss 0.2058 | LR 1.2886e-05
2026-03-11 11:20:27 INFO Epoch 9 | Step 160/10683 | Loss 0.2041 | LR 1.2863e-05
2026-03-11 11:20:43 INFO Epoch 9 | Step 180/10683 | Loss 0.2054 | LR 1.2840e-05
2026-03-11 11:21:00 INFO Epoch 9 | Step 200/10683 | Loss 0.2026 | LR 1.2817e-05
2026-03-11 11:21:17 INFO Epoch 9 | Step 220/10683 | Loss 0.2019 | LR 1.2793e-05
2026-03-11 11:21:33 INFO Epoch 9 | Step 240/10683 | Loss 0.2006 | LR 1.2770e-05
2026-03-11 11:21:50 INFO Epoch 9 | Step 260/10683 | Loss 0.1997 | LR 1.2747e-05
2026-03-11 11:22:07 INFO Epoch 9 | Step 280/10683 | Loss 0.1998 | LR 1.2724e-05
2026-03-11 11:22:24 INFO Epoch 9 | Step 300/10683 | Loss 0.2000 | LR 1.2701e-05
2026-03-11 11:22:40 INFO Epoch 9 | Step 320/10683 | Loss 0.2003 | LR 1.2678e-05
2026-03-11 11:22:57 INFO Epoch 9 | Step 340/10683 | Loss 0.1998 | LR 1.2655e-05
2026-03-11 11:23:14 INFO Epoch 9 | Step 360/10683 | Loss 0.1999 | LR 1.2632e-05
2026-03-11 11:23:30 INFO Epoch 9 | Step 380/10683 | Loss 0.2000 | LR 1.2609e-05
2026-03-11 11:23:47 INFO Epoch 9 | Step 400/10683 | Loss 0.2001 | LR 1.2586e-05
2026-03-11 11:24:04 INFO Epoch 9 | Step 420/10683 | Loss 0.2000 | LR 1.2563e-05
2026-03-11 11:24:21 INFO Epoch 9 | Step 440/10683 | Loss 0.1997 | LR 1.2540e-05
2026-03-11 11:24:37 INFO Epoch 9 | Step 460/10683 | Loss 0.2001 | LR 1.2517e-05
2026-03-11 11:24:54 INFO Epoch 9 | Step 480/10683 | Loss 0.2004 | LR 1.2494e-05
2026-03-11 11:25:11 INFO Epoch 9 | Step 500/10683 | Loss 0.2004 | LR 1.2472e-05
2026-03-11 11:25:27 INFO Epoch 9 | Step 520/10683 | Loss 0.2010 | LR 1.2449e-05
2026-03-11 11:25:44 INFO Epoch 9 | Step 540/10683 | Loss 0.2004 | LR 1.2426e-05
2026-03-11 11:26:01 INFO Epoch 9 | Step 560/10683 | Loss 0.2005 | LR 1.2403e-05
2026-03-11 11:26:17 INFO Epoch 9 | Step 580/10683 | Loss 0.2001 | LR 1.2380e-05
2026-03-11 11:26:34 INFO Epoch 9 | Step 600/10683 | Loss 0.1998 | LR 1.2358e-05
2026-03-11 11:26:50 INFO Epoch 9 | Step 620/10683 | Loss 0.1995 | LR 1.2335e-05
2026-03-11 11:27:07 INFO Epoch 9 | Step 640/10683 | Loss 0.1994 | LR 1.2312e-05
2026-03-11 11:27:24 INFO Epoch 9 | Step 660/10683 | Loss 0.1990 | LR 1.2289e-05
2026-03-11 11:27:41 INFO Epoch 9 | Step 680/10683 | Loss 0.1996 | LR 1.2267e-05
2026-03-11 11:27:57 INFO Epoch 9 | Step 700/10683 | Loss 0.1997 | LR 1.2244e-05
2026-03-11 11:28:14 INFO Epoch 9 | Step 720/10683 | Loss 0.1997 | LR 1.2221e-05
2026-03-11 11:28:31 INFO Epoch 9 | Step 740/10683 | Loss 0.2006 | LR 1.2199e-05
2026-03-11 11:28:48 INFO Epoch 9 | Step 760/10683 | Loss 0.2008 | LR 1.2176e-05
2026-03-11 11:29:04 INFO Epoch 9 | Step 780/10683 | Loss 0.2005 | LR 1.2153e-05
2026-03-11 11:29:21 INFO Epoch 9 | Step 800/10683 | Loss 0.2003 | LR 1.2131e-05
2026-03-11 11:29:38 INFO Epoch 9 | Step 820/10683 | Loss 0.2003 | LR 1.2108e-05
2026-03-11 11:29:54 INFO Epoch 9 | Step 840/10683 | Loss 0.1999 | LR 1.2086e-05
2026-03-11 11:30:11 INFO Epoch 9 | Step 860/10683 | Loss 0.2000 | LR 1.2063e-05
2026-03-11 11:30:28 INFO Epoch 9 | Step 880/10683 | Loss 0.1998 | LR 1.2041e-05
2026-03-11 11:30:45 INFO Epoch 9 | Step 900/10683 | Loss 0.2000 | LR 1.2018e-05
2026-03-11 11:31:01 INFO Epoch 9 | Step 920/10683 | Loss 0.1996 | LR 1.1996e-05
2026-03-11 11:31:18 INFO Epoch 9 | Step 940/10683 | Loss 0.1996 | LR 1.1973e-05
2026-03-11 11:31:34 INFO Epoch 9 | Step 960/10683 | Loss 0.1999 | LR 1.1951e-05
2026-03-11 11:31:51 INFO Epoch 9 | Step 980/10683 | Loss 0.2001 | LR 1.1928e-05
2026-03-11 11:32:08 INFO Epoch 9 | Step 1000/10683 | Loss 0.2004 | LR 1.1906e-05
2026-03-11 11:32:24 INFO Epoch 9 | Step 1020/10683 | Loss 0.2000 | LR 1.1883e-05
2026-03-11 11:32:41 INFO Epoch 9 | Step 1040/10683 | Loss 0.1999 | LR 1.1861e-05
2026-03-11 11:32:58 INFO Epoch 9 | Step 1060/10683 | Loss 0.1996 | LR 1.1839e-05
2026-03-11 11:33:15 INFO Epoch 9 | Step 1080/10683 | Loss 0.1998 | LR 1.1816e-05
2026-03-11 11:33:31 INFO Epoch 9 | Step 1100/10683 | Loss 0.1997 | LR 1.1794e-05
2026-03-11 11:33:48 INFO Epoch 9 | Step 1120/10683 | Loss 0.1994 | LR 1.1772e-05
2026-03-11 11:34:05 INFO Epoch 9 | Step 1140/10683 | Loss 0.1993 | LR 1.1749e-05
2026-03-11 11:34:22 INFO Epoch 9 | Step 1160/10683 | Loss 0.1995 | LR 1.1727e-05
2026-03-11 11:34:38 INFO Epoch 9 | Step 1180/10683 | Loss 0.1995 | LR 1.1705e-05
2026-03-11 11:34:55 INFO Epoch 9 | Step 1200/10683 | Loss 0.1994 | LR 1.1683e-05
2026-03-11 11:35:12 INFO Epoch 9 | Step 1220/10683 | Loss 0.1994 | LR 1.1660e-05
2026-03-11 11:35:28 INFO Epoch 9 | Step 1240/10683 | Loss 0.1993 | LR 1.1638e-05
2026-03-11 11:35:45 INFO Epoch 9 | Step 1260/10683 | Loss 0.1991 | LR 1.1616e-05
2026-03-11 11:36:02 INFO Epoch 9 | Step 1280/10683 | Loss 0.1992 | LR 1.1594e-05
2026-03-11 11:36:18 INFO Epoch 9 | Step 1300/10683 | Loss 0.1991 | LR 1.1572e-05
2026-03-11 11:36:35 INFO Epoch 9 | Step 1320/10683 | Loss 0.1993 | LR 1.1550e-05
2026-03-11 11:36:52 INFO Epoch 9 | Step 1340/10683 | Loss 0.1995 | LR 1.1527e-05
2026-03-11 11:37:08 INFO Epoch 9 | Step 1360/10683 | Loss 0.1991 | LR 1.1505e-05
2026-03-11 11:37:25 INFO Epoch 9 | Step 1380/10683 | Loss 0.1991 | LR 1.1483e-05
2026-03-11 11:37:41 INFO Epoch 9 | Step 1400/10683 | Loss 0.1990 | LR 1.1461e-05
2026-03-11 11:37:58 INFO Epoch 9 | Step 1420/10683 | Loss 0.1991 | LR 1.1439e-05
2026-03-11 11:38:15 INFO Epoch 9 | Step 1440/10683 | Loss 0.1992 | LR 1.1417e-05
2026-03-11 11:38:32 INFO Epoch 9 | Step 1460/10683 | Loss 0.1992 | LR 1.1395e-05
2026-03-11 11:38:48 INFO Epoch 9 | Step 1480/10683 | Loss 0.1995 | LR 1.1373e-05
2026-03-11 11:39:05 INFO Epoch 9 | Step 1500/10683 | Loss 0.1996 | LR 1.1351e-05
2026-03-11 11:39:22 INFO Epoch 9 | Step 1520/10683 | Loss 0.1996 | LR 1.1329e-05
2026-03-11 11:39:38 INFO Epoch 9 | Step 1540/10683 | Loss 0.1995 | LR 1.1307e-05
2026-03-11 11:39:55 INFO Epoch 9 | Step 1560/10683 | Loss 0.1995 | LR 1.1285e-05
2026-03-11 11:40:12 INFO Epoch 9 | Step 1580/10683 | Loss 0.1994 | LR 1.1264e-05
2026-03-11 11:40:28 INFO Epoch 9 | Step 1600/10683 | Loss 0.1993 | LR 1.1242e-05
2026-03-11 11:40:45 INFO Epoch 9 | Step 1620/10683 | Loss 0.1992 | LR 1.1220e-05
2026-03-11 11:41:02 INFO Epoch 9 | Step 1640/10683 | Loss 0.1991 | LR 1.1198e-05
2026-03-11 11:41:19 INFO Epoch 9 | Step 1660/10683 | Loss 0.1989 | LR 1.1176e-05
2026-03-11 11:41:35 INFO Epoch 9 | Step 1680/10683 | Loss 0.1989 | LR 1.1154e-05
2026-03-11 11:41:52 INFO Epoch 9 | Step 1700/10683 | Loss 0.1986 | LR 1.1133e-05
2026-03-11 11:42:09 INFO Epoch 9 | Step 1720/10683 | Loss 0.1985 | LR 1.1111e-05
2026-03-11 11:42:26 INFO Epoch 9 | Step 1740/10683 | Loss 0.1985 | LR 1.1089e-05
2026-03-11 11:42:42 INFO Epoch 9 | Step 1760/10683 | Loss 0.1986 | LR 1.1067e-05
2026-03-11 11:42:59 INFO Epoch 9 | Step 1780/10683 | Loss 0.1985 | LR 1.1046e-05
2026-03-11 11:43:16 INFO Epoch 9 | Step 1800/10683 | Loss 0.1985 | LR 1.1024e-05
2026-03-11 11:43:32 INFO Epoch 9 | Step 1820/10683 | Loss 0.1986 | LR 1.1002e-05
2026-03-11 11:43:49 INFO Epoch 9 | Step 1840/10683 | Loss 0.1986 | LR 1.0981e-05
2026-03-11 11:44:06 INFO Epoch 9 | Step 1860/10683 | Loss 0.1986 | LR 1.0959e-05
2026-03-11 11:44:23 INFO Epoch 9 | Step 1880/10683 | Loss 0.1988 | LR 1.0938e-05
2026-03-11 11:44:40 INFO Epoch 9 | Step 1900/10683 | Loss 0.1988 | LR 1.0916e-05
2026-03-11 11:44:57 INFO Epoch 9 | Step 1920/10683 | Loss 0.1989 | LR 1.0894e-05
2026-03-11 11:45:14 INFO Epoch 9 | Step 1940/10683 | Loss 0.1987 | LR 1.0873e-05
2026-03-11 11:45:31 INFO Epoch 9 | Step 1960/10683 | Loss 0.1985 | LR 1.0851e-05
2026-03-11 11:45:48 INFO Epoch 9 | Step 1980/10683 | Loss 0.1988 | LR 1.0830e-05
2026-03-11 11:46:05 INFO Epoch 9 | Step 2000/10683 | Loss 0.1986 | LR 1.0808e-05
2026-03-11 11:46:22 INFO Epoch 9 | Step 2020/10683 | Loss 0.1984 | LR 1.0787e-05
2026-03-11 11:46:39 INFO Epoch 9 | Step 2040/10683 | Loss 0.1987 | LR 1.0765e-05
2026-03-11 11:46:56 INFO Epoch 9 | Step 2060/10683 | Loss 0.1988 | LR 1.0744e-05
2026-03-11 11:47:13 INFO Epoch 9 | Step 2080/10683 | Loss 0.1990 | LR 1.0723e-05
2026-03-11 11:47:30 INFO Epoch 9 | Step 2100/10683 | Loss 0.1988 | LR 1.0701e-05
2026-03-11 11:47:47 INFO Epoch 9 | Step 2120/10683 | Loss 0.1990 | LR 1.0680e-05
2026-03-11 11:48:04 INFO Epoch 9 | Step 2140/10683 | Loss 0.1991 | LR 1.0658e-05
2026-03-11 11:48:21 INFO Epoch 9 | Step 2160/10683 | Loss 0.1991 | LR 1.0637e-05
2026-03-11 11:48:37 INFO Epoch 9 | Step 2180/10683 | Loss 0.1991 | LR 1.0616e-05
2026-03-11 11:48:54 INFO Epoch 9 | Step 2200/10683 | Loss 0.1991 | LR 1.0594e-05
2026-03-11 11:49:11 INFO Epoch 9 | Step 2220/10683 | Loss 0.1990 | LR 1.0573e-05
2026-03-11 11:49:28 INFO Epoch 9 | Step 2240/10683 | Loss 0.1989 | LR 1.0552e-05
2026-03-11 11:49:45 INFO Epoch 9 | Step 2260/10683 | Loss 0.1989 | LR 1.0531e-05
2026-03-11 11:50:02 INFO Epoch 9 | Step 2280/10683 | Loss 0.1989 | LR 1.0509e-05
2026-03-11 11:50:19 INFO Epoch 9 | Step 2300/10683 | Loss 0.1989 | LR 1.0488e-05
2026-03-11 11:50:36 INFO Epoch 9 | Step 2320/10683 | Loss 0.1991 | LR 1.0467e-05
2026-03-11 11:50:53 INFO Epoch 9 | Step 2340/10683 | Loss 0.1990 | LR 1.0446e-05
2026-03-11 11:51:10 INFO Epoch 9 | Step 2360/10683 | Loss 0.1989 | LR 1.0425e-05
2026-03-11 11:51:27 INFO Epoch 9 | Step 2380/10683 | Loss 0.1989 | LR 1.0404e-05
2026-03-11 11:51:44 INFO Epoch 9 | Step 2400/10683 | Loss 0.1990 | LR 1.0382e-05
2026-03-11 11:52:01 INFO Epoch 9 | Step 2420/10683 | Loss 0.1992 | LR 1.0361e-05
2026-03-11 11:52:18 INFO Epoch 9 | Step 2440/10683 | Loss 0.1991 | LR 1.0340e-05
2026-03-11 11:52:35 INFO Epoch 9 | Step 2460/10683 | Loss 0.1992 | LR 1.0319e-05
2026-03-11 11:52:52 INFO Epoch 9 | Step 2480/10683 | Loss 0.1992 | LR 1.0298e-05
2026-03-11 11:53:09 INFO Epoch 9 | Step 2500/10683 | Loss 0.1991 | LR 1.0277e-05
2026-03-11 11:53:26 INFO Epoch 9 | Step 2520/10683 | Loss 0.1990 | LR 1.0256e-05
2026-03-11 11:53:43 INFO Epoch 9 | Step 2540/10683 | Loss 0.1989 | LR 1.0235e-05
2026-03-11 11:54:00 INFO Epoch 9 | Step 2560/10683 | Loss 0.1989 | LR 1.0214e-05
2026-03-11 11:54:17 INFO Epoch 9 | Step 2580/10683 | Loss 0.1989 | LR 1.0193e-05
2026-03-11 11:54:34 INFO Epoch 9 | Step 2600/10683 | Loss 0.1989 | LR 1.0172e-05
2026-03-11 11:54:50 INFO Epoch 9 | Step 2620/10683 | Loss 0.1990 | LR 1.0151e-05
2026-03-11 11:55:07 INFO Epoch 9 | Step 2640/10683 | Loss 0.1991 | LR 1.0131e-05
2026-03-11 11:55:24 INFO Epoch 9 | Step 2660/10683 | Loss 0.1993 | LR 1.0110e-05
2026-03-11 11:55:41 INFO Epoch 9 | Step 2680/10683 | Loss 0.1992 | LR 1.0089e-05
2026-03-11 11:55:58 INFO Epoch 9 | Step 2700/10683 | Loss 0.1993 | LR 1.0068e-05
2026-03-11 11:56:15 INFO Epoch 9 | Step 2720/10683 | Loss 0.1994 | LR 1.0047e-05
2026-03-11 11:56:32 INFO Epoch 9 | Step 2740/10683 | Loss 0.1994 | LR 1.0026e-05
2026-03-11 11:56:49 INFO Epoch 9 | Step 2760/10683 | Loss 0.1996 | LR 1.0006e-05
2026-03-11 11:57:06 INFO Epoch 9 | Step 2780/10683 | Loss 0.1994 | LR 9.9849e-06
2026-03-11 11:57:23 INFO Epoch 9 | Step 2800/10683 | Loss 0.1994 | LR 9.9641e-06
2026-03-11 11:57:39 INFO Epoch 9 | Step 2820/10683 | Loss 0.1994 | LR 9.9434e-06
2026-03-11 11:57:56 INFO Epoch 9 | Step 2840/10683 | Loss 0.1993 | LR 9.9227e-06
2026-03-11 11:58:13 INFO Epoch 9 | Step 2860/10683 | Loss 0.1993 | LR 9.9020e-06
2026-03-11 11:58:30 INFO Epoch 9 | Step 2880/10683 | Loss 0.1994 | LR 9.8814e-06
2026-03-11 11:58:47 INFO Epoch 9 | Step 2900/10683 | Loss 0.1994 | LR 9.8607e-06
2026-03-11 11:59:04 INFO Epoch 9 | Step 2920/10683 | Loss 0.1993 | LR 9.8401e-06
2026-03-11 11:59:21 INFO Epoch 9 | Step 2940/10683 | Loss 0.1993 | LR 9.8195e-06
2026-03-11 11:59:38 INFO Epoch 9 | Step 2960/10683 | Loss 0.1992 | LR 9.7989e-06
2026-03-11 11:59:55 INFO Epoch 9 | Step 2980/10683 | Loss 0.1992 | LR 9.7784e-06
2026-03-11 12:00:12 INFO Epoch 9 | Step 3000/10683 | Loss 0.1992 | LR 9.7578e-06
2026-03-11 12:00:29 INFO Epoch 9 | Step 3020/10683 | Loss 0.1992 | LR 9.7373e-06
2026-03-11 12:00:46 INFO Epoch 9 | Step 3040/10683 | Loss 0.1991 | LR 9.7168e-06
2026-03-11 12:01:03 INFO Epoch 9 | Step 3060/10683 | Loss 0.1991 | LR 9.6963e-06
2026-03-11 12:01:20 INFO Epoch 9 | Step 3080/10683 | Loss 0.1992 | LR 9.6759e-06
2026-03-11 12:01:37 INFO Epoch 9 | Step 3100/10683 | Loss 0.1992 | LR 9.6554e-06
2026-03-11 12:01:54 INFO Epoch 9 | Step 3120/10683 | Loss 0.1992 | LR 9.6350e-06
2026-03-11 12:02:11 INFO Epoch 9 | Step 3140/10683 | Loss 0.1992 | LR 9.6146e-06
2026-03-11 12:02:28 INFO Epoch 9 | Step 3160/10683 | Loss 0.1994 | LR 9.5942e-06
2026-03-11 12:02:45 INFO Epoch 9 | Step 3180/10683 | Loss 0.1994 | LR 9.5738e-06
2026-03-11 12:03:02 INFO Epoch 9 | Step 3200/10683 | Loss 0.1994 | LR 9.5535e-06
2026-03-11 12:03:18 INFO Epoch 9 | Step 3220/10683 | Loss 0.1993 | LR 9.5331e-06
2026-03-11 12:03:35 INFO Epoch 9 | Step 3240/10683 | Loss 0.1992 | LR 9.5128e-06
2026-03-11 12:03:52 INFO Epoch 9 | Step 3260/10683 | Loss 0.1992 | LR 9.4925e-06
2026-03-11 12:04:09 INFO Epoch 9 | Step 3280/10683 | Loss 0.1991 | LR 9.4723e-06
2026-03-11 12:04:26 INFO Epoch 9 | Step 3300/10683 | Loss 0.1990 | LR 9.4520e-06
2026-03-11 12:04:43 INFO Epoch 9 | Step 3320/10683 | Loss 0.1990 | LR 9.4318e-06
2026-03-11 12:05:00 INFO Epoch 9 | Step 3340/10683 | Loss 0.1990 | LR 9.4116e-06
2026-03-11 12:05:17 INFO Epoch 9 | Step 3360/10683 | Loss 0.1990 | LR 9.3914e-06
2026-03-11 12:05:34 INFO Epoch 9 | Step 3380/10683 | Loss 0.1991 | LR 9.3712e-06
2026-03-11 12:05:51 INFO Epoch 9 | Step 3400/10683 | Loss 0.1991 | LR 9.3511e-06
2026-03-11 12:06:07 INFO Epoch 9 | Step 3420/10683 | Loss 0.1990 | LR 9.3309e-06
2026-03-11 12:06:24 INFO Epoch 9 | Step 3440/10683 | Loss 0.1990 | LR 9.3108e-06
2026-03-11 12:06:41 INFO Epoch 9 | Step 3460/10683 | Loss 0.1990 | LR 9.2907e-06
2026-03-11 12:06:58 INFO Epoch 9 | Step 3480/10683 | Loss 0.1992 | LR 9.2706e-06
2026-03-11 12:07:15 INFO Epoch 9 | Step 3500/10683 | Loss 0.1992 | LR 9.2506e-06
2026-03-11 12:07:32 INFO Epoch 9 | Step 3520/10683 | Loss 0.1993 | LR 9.2305e-06
2026-03-11 12:07:49 INFO Epoch 9 | Step 3540/10683 | Loss 0.1992 | LR 9.2105e-06
2026-03-11 12:08:06 INFO Epoch 9 | Step 3560/10683 | Loss 0.1991 | LR 9.1905e-06
2026-03-11 12:08:23 INFO Epoch 9 | Step 3580/10683 | Loss 0.1990 | LR 9.1705e-06
2026-03-11 12:08:40 INFO Epoch 9 | Step 3600/10683 | Loss 0.1990 | LR 9.1506e-06
2026-03-11 12:08:57 INFO Epoch 9 | Step 3620/10683 | Loss 0.1991 | LR 9.1306e-06
2026-03-11 12:09:14 INFO Epoch 9 | Step 3640/10683 | Loss 0.1991 | LR 9.1107e-06
2026-03-11 12:09:31 INFO Epoch 9 | Step 3660/10683 | Loss 0.1991 | LR 9.0908e-06
2026-03-11 12:09:48 INFO Epoch 9 | Step 3680/10683 | Loss 0.1991 | LR 9.0709e-06
2026-03-11 12:10:05 INFO Epoch 9 | Step 3700/10683 | Loss 0.1990 | LR 9.0511e-06
2026-03-11 12:10:22 INFO Epoch 9 | Step 3720/10683 | Loss 0.1989 | LR 9.0312e-06
2026-03-11 12:10:39 INFO Epoch 9 | Step 3740/10683 | Loss 0.1989 | LR 9.0114e-06
2026-03-11 12:10:56 INFO Epoch 9 | Step 3760/10683 | Loss 0.1988 | LR 8.9916e-06
2026-03-11 12:11:13 INFO Epoch 9 | Step 3780/10683 | Loss 0.1988 | LR 8.9718e-06
2026-03-11 12:11:30 INFO Epoch 9 | Step 3800/10683 | Loss 0.1988 | LR 8.9521e-06
2026-03-11 12:11:47 INFO Epoch 9 | Step 3820/10683 | Loss 0.1987 | LR 8.9323e-06
2026-03-11 12:12:04 INFO Epoch 9 | Step 3840/10683 | Loss 0.1986 | LR 8.9126e-06
2026-03-11 12:12:21 INFO Epoch 9 | Step 3860/10683 | Loss 0.1987 | LR 8.8929e-06
2026-03-11 12:12:38 INFO Epoch 9 | Step 3880/10683 | Loss 0.1986 | LR 8.8732e-06
2026-03-11 12:12:55 INFO Epoch 9 | Step 3900/10683 | Loss 0.1987 | LR 8.8535e-06
2026-03-11 12:13:11 INFO Epoch 9 | Step 3920/10683 | Loss 0.1988 | LR 8.8339e-06
2026-03-11 12:13:28 INFO Epoch 9 | Step 3940/10683 | Loss 0.1988 | LR 8.8143e-06
2026-03-11 12:13:45 INFO Epoch 9 | Step 3960/10683 | Loss 0.1987 | LR 8.7947e-06
2026-03-11 12:14:02 INFO Epoch 9 | Step 3980/10683 | Loss 0.1987 | LR 8.7751e-06
2026-03-11 12:14:19 INFO Epoch 9 | Step 4000/10683 | Loss 0.1987 | LR 8.7555e-06
2026-03-11 12:14:36 INFO Epoch 9 | Step 4020/10683 | Loss 0.1989 | LR 8.7360e-06
2026-03-11 12:14:53 INFO Epoch 9 | Step 4040/10683 | Loss 0.1988 | LR 8.7164e-06
2026-03-11 12:15:10 INFO Epoch 9 | Step 4060/10683 | Loss 0.1987 | LR 8.6969e-06
2026-03-11 12:15:26 INFO Epoch 9 | Step 4080/10683 | Loss 0.1987 | LR 8.6774e-06
2026-03-11 12:15:43 INFO Epoch 9 | Step 4100/10683 | Loss 0.1988 | LR 8.6580e-06
2026-03-11 12:16:00 INFO Epoch 9 | Step 4120/10683 | Loss 0.1988 | LR 8.6385e-06
2026-03-11 12:16:17 INFO Epoch 9 | Step 4140/10683 | Loss 0.1988 | LR 8.6191e-06
2026-03-11 12:16:34 INFO Epoch 9 | Step 4160/10683 | Loss 0.1988 | LR 8.5997e-06
2026-03-11 12:16:51 INFO Epoch 9 | Step 4180/10683 | Loss 0.1987 | LR 8.5803e-06
2026-03-11 12:17:08 INFO Epoch 9 | Step 4200/10683 | Loss 0.1987 | LR 8.5609e-06
2026-03-11 12:17:25 INFO Epoch 9 | Step 4220/10683 | Loss 0.1987 | LR 8.5416e-06
2026-03-11 12:17:42 INFO Epoch 9 | Step 4240/10683 | Loss 0.1987 | LR 8.5222e-06
2026-03-11 12:17:58 INFO Epoch 9 | Step 4260/10683 | Loss 0.1986 | LR 8.5029e-06
2026-03-11 12:18:15 INFO Epoch 9 | Step 4280/10683 | Loss 0.1987 | LR 8.4836e-06
2026-03-11 12:18:32 INFO Epoch 9 | Step 4300/10683 | Loss 0.1987 | LR 8.4644e-06
2026-03-11 12:18:48 INFO Epoch 9 | Step 4320/10683 | Loss 0.1987 | LR 8.4451e-06
2026-03-11 12:19:04 INFO Epoch 9 | Step 4340/10683 | Loss 0.1989 | LR 8.4259e-06
2026-03-11 12:19:21 INFO Epoch 9 | Step 4360/10683 | Loss 0.1989 | LR 8.4067e-06
2026-03-11 12:19:37 INFO Epoch 9 | Step 4380/10683 | Loss 0.1989 | LR 8.3875e-06
2026-03-11 12:19:54 INFO Epoch 9 | Step 4400/10683 | Loss 0.1989 | LR 8.3683e-06
2026-03-11 12:20:10 INFO Epoch 9 | Step 4420/10683 | Loss 0.1989 | LR 8.3492e-06
2026-03-11 12:20:27 INFO Epoch 9 | Step 4440/10683 | Loss 0.1990 | LR 8.3300e-06
2026-03-11 12:20:44 INFO Epoch 9 | Step 4460/10683 | Loss 0.1991 | LR 8.3109e-06
2026-03-11 12:21:00 INFO Epoch 9 | Step 4480/10683 | Loss 0.1990 | LR 8.2918e-06
2026-03-11 12:21:17 INFO Epoch 9 | Step 4500/10683 | Loss 0.1992 | LR 8.2728e-06
2026-03-11 12:21:34 INFO Epoch 9 | Step 4520/10683 | Loss 0.1991 | LR 8.2537e-06
2026-03-11 12:21:50 INFO Epoch 9 | Step 4540/10683 | Loss 0.1992 | LR 8.2347e-06
2026-03-11 12:22:07 INFO Epoch 9 | Step 4560/10683 | Loss 0.1992 | LR 8.2157e-06
2026-03-11 12:22:23 INFO Epoch 9 | Step 4580/10683 | Loss 0.1992 | LR 8.1967e-06
2026-03-11 12:22:40 INFO Epoch 9 | Step 4600/10683 | Loss 0.1993 | LR 8.1777e-06
2026-03-11 12:22:57 INFO Epoch 9 | Step 4620/10683 | Loss 0.1993 | LR 8.1588e-06
2026-03-11 12:23:14 INFO Epoch 9 | Step 4640/10683 | Loss 0.1992 | LR 8.1398e-06
2026-03-11 12:23:30 INFO Epoch 9 | Step 4660/10683 | Loss 0.1993 | LR 8.1209e-06
2026-03-11 12:23:47 INFO Epoch 9 | Step 4680/10683 | Loss 0.1993 | LR 8.1020e-06
2026-03-11 12:24:04 INFO Epoch 9 | Step 4700/10683 | Loss 0.1992 | LR 8.0832e-06
2026-03-11 12:24:20 INFO Epoch 9 | Step 4720/10683 | Loss 0.1993 | LR 8.0643e-06
2026-03-11 12:24:37 INFO Epoch 9 | Step 4740/10683 | Loss 0.1993 | LR 8.0455e-06
2026-03-11 12:24:54 INFO Epoch 9 | Step 4760/10683 | Loss 0.1993 | LR 8.0267e-06
2026-03-11 12:25:10 INFO Epoch 9 | Step 4780/10683 | Loss 0.1994 | LR 8.0079e-06
2026-03-11 12:25:27 INFO Epoch 9 | Step 4800/10683 | Loss 0.1994 | LR 7.9891e-06
2026-03-11 12:25:44 INFO Epoch 9 | Step 4820/10683 | Loss 0.1993 | LR 7.9704e-06
2026-03-11 12:26:00 INFO Epoch 9 | Step 4840/10683 | Loss 0.1994 | LR 7.9516e-06
2026-03-11 12:26:17 INFO Epoch 9 | Step 4860/10683 | Loss 0.1993 | LR 7.9329e-06
2026-03-11 12:26:33 INFO Epoch 9 | Step 4880/10683 | Loss 0.1993 | LR 7.9142e-06
2026-03-11 12:26:50 INFO Epoch 9 | Step 4900/10683 | Loss 0.1993 | LR 7.8956e-06
2026-03-11 12:27:07 INFO Epoch 9 | Step 4920/10683 | Loss 0.1992 | LR 7.8769e-06
2026-03-11 12:27:23 INFO Epoch 9 | Step 4940/10683 | Loss 0.1992 | LR 7.8583e-06
2026-03-11 12:27:40 INFO Epoch 9 | Step 4960/10683 | Loss 0.1991 | LR 7.8397e-06
2026-03-11 12:27:57 INFO Epoch 9 | Step 4980/10683 | Loss 0.1991 | LR 7.8211e-06
2026-03-11 12:28:14 INFO Epoch 9 | Step 5000/10683 | Loss 0.1992 | LR 7.8025e-06
2026-03-11 12:28:30 INFO Epoch 9 | Step 5020/10683 | Loss 0.1992 | LR 7.7840e-06
2026-03-11 12:28:47 INFO Epoch 9 | Step 5040/10683 | Loss 0.1992 | LR 7.7655e-06
2026-03-11 12:29:04 INFO Epoch 9 | Step 5060/10683 | Loss 0.1992 | LR 7.7469e-06
2026-03-11 12:29:20 INFO Epoch 9 | Step 5080/10683 | Loss 0.1992 | LR 7.7285e-06
2026-03-11 12:29:37 INFO Epoch 9 | Step 5100/10683 | Loss 0.1992 | LR 7.7100e-06
2026-03-11 12:29:54 INFO Epoch 9 | Step 5120/10683 | Loss 0.1991 | LR 7.6915e-06
2026-03-11 12:30:10 INFO Epoch 9 | Step 5140/10683 | Loss 0.1991 | LR 7.6731e-06
2026-03-11 12:30:27 INFO Epoch 9 | Step 5160/10683 | Loss 0.1991 | LR 7.6547e-06
2026-03-11 12:30:43 INFO Epoch 9 | Step 5180/10683 | Loss 0.1992 | LR 7.6363e-06
2026-03-11 12:31:00 INFO Epoch 9 | Step 5200/10683 | Loss 0.1992 | LR 7.6180e-06
2026-03-11 12:31:17 INFO Epoch 9 | Step 5220/10683 | Loss 0.1992 | LR 7.5996e-06
2026-03-11 12:31:33 INFO Epoch 9 | Step 5240/10683 | Loss 0.1992 | LR 7.5813e-06
2026-03-11 12:31:50 INFO Epoch 9 | Step 5260/10683 | Loss 0.1992 | LR 7.5630e-06
2026-03-11 12:32:06 INFO Epoch 9 | Step 5280/10683 | Loss 0.1993 | LR 7.5447e-06
2026-03-11 12:32:23 INFO Epoch 9 | Step 5300/10683 | Loss 0.1992 | LR 7.5264e-06
2026-03-11 12:32:40 INFO Epoch 9 | Step 5320/10683 | Loss 0.1993 | LR 7.5082e-06
2026-03-11 12:32:56 INFO Epoch 9 | Step 5340/10683 | Loss 0.1992 | LR 7.4900e-06
2026-03-11 12:33:13 INFO Epoch 9 | Step 5360/10683 | Loss 0.1992 | LR 7.4718e-06
2026-03-11 12:33:30 INFO Epoch 9 | Step 5380/10683 | Loss 0.1993 | LR 7.4536e-06
2026-03-11 12:33:46 INFO Epoch 9 | Step 5400/10683 | Loss 0.1994 | LR 7.4354e-06
2026-03-11 12:34:03 INFO Epoch 9 | Step 5420/10683 | Loss 0.1993 | LR 7.4173e-06
2026-03-11 12:34:20 INFO Epoch 9 | Step 5440/10683 | Loss 0.1994 | LR 7.3992e-06
2026-03-11 12:34:36 INFO Epoch 9 | Step 5460/10683 | Loss 0.1993 | LR 7.3811e-06
2026-03-11 12:34:53 INFO Epoch 9 | Step 5480/10683 | Loss 0.1994 | LR 7.3630e-06
2026-03-11 12:35:10 INFO Epoch 9 | Step 5500/10683 | Loss 0.1994 | LR 7.3449e-06
2026-03-11 12:35:26 INFO Epoch 9 | Step 5520/10683 | Loss 0.1993 | LR 7.3269e-06
2026-03-11 12:35:43 INFO Epoch 9 | Step 5540/10683 | Loss 0.1993 | LR 7.3089e-06
2026-03-11 12:35:59 INFO Epoch 9 | Step 5560/10683 | Loss 0.1993 | LR 7.2909e-06
2026-03-11 12:36:16 INFO Epoch 9 | Step 5580/10683 | Loss 0.1993 | LR 7.2729e-06
2026-03-11 12:36:32 INFO Epoch 9 | Step 5600/10683 | Loss 0.1993 | LR 7.2549e-06
2026-03-11 12:36:49 INFO Epoch 9 | Step 5620/10683 | Loss 0.1993 | LR 7.2370e-06
2026-03-11 12:37:06 INFO Epoch 9 | Step 5640/10683 | Loss 0.1992 | LR 7.2191e-06
2026-03-11 12:37:22 INFO Epoch 9 | Step 5660/10683 | Loss 0.1992 | LR 7.2012e-06
2026-03-11 12:37:39 INFO Epoch 9 | Step 5680/10683 | Loss 0.1993 | LR 7.1833e-06
2026-03-11 12:37:56 INFO Epoch 9 | Step 5700/10683 | Loss 0.1992 | LR 7.1654e-06
2026-03-11 12:38:13 INFO Epoch 9 | Step 5720/10683 | Loss 0.1992 | LR 7.1476e-06
2026-03-11 12:38:29 INFO Epoch 9 | Step 5740/10683 | Loss 0.1992 | LR 7.1298e-06
2026-03-11 12:38:46 INFO Epoch 9 | Step 5760/10683 | Loss 0.1992 | LR 7.1120e-06
2026-03-11 12:39:02 INFO Epoch 9 | Step 5780/10683 | Loss 0.1992 | LR 7.0942e-06
2026-03-11 12:39:19 INFO Epoch 9 | Step 5800/10683 | Loss 0.1992 | LR 7.0765e-06
2026-03-11 12:39:36 INFO Epoch 9 | Step 5820/10683 | Loss 0.1992 | LR 7.0587e-06
2026-03-11 12:39:52 INFO Epoch 9 | Step 5840/10683 | Loss 0.1992 | LR 7.0410e-06
2026-03-11 12:40:09 INFO Epoch 9 | Step 5860/10683 | Loss 0.1991 | LR 7.0233e-06
2026-03-11 12:40:26 INFO Epoch 9 | Step 5880/10683 | Loss 0.1992 | LR 7.0057e-06
2026-03-11 12:40:42 INFO Epoch 9 | Step 5900/10683 | Loss 0.1992 | LR 6.9880e-06
2026-03-11 12:40:59 INFO Epoch 9 | Step 5920/10683 | Loss 0.1993 | LR 6.9704e-06
2026-03-11 12:41:15 INFO Epoch 9 | Step 5940/10683 | Loss 0.1992 | LR 6.9528e-06
2026-03-11 12:41:32 INFO Epoch 9 | Step 5960/10683 | Loss 0.1992 | LR 6.9352e-06
2026-03-11 12:41:49 INFO Epoch 9 | Step 5980/10683 | Loss 0.1991 | LR 6.9176e-06
2026-03-11 12:42:05 INFO Epoch 9 | Step 6000/10683 | Loss 0.1991 | LR 6.9001e-06
2026-03-11 12:42:22 INFO Epoch 9 | Step 6020/10683 | Loss 0.1991 | LR 6.8825e-06
2026-03-11 12:42:38 INFO Epoch 9 | Step 6040/10683 | Loss 0.1991 | LR 6.8650e-06
2026-03-11 12:42:55 INFO Epoch 9 | Step 6060/10683 | Loss 0.1992 | LR 6.8475e-06
2026-03-11 12:43:12 INFO Epoch 9 | Step 6080/10683 | Loss 0.1992 | LR 6.8301e-06
2026-03-11 12:43:28 INFO Epoch 9 | Step 6100/10683 | Loss 0.1991 | LR 6.8126e-06
2026-03-11 12:43:45 INFO Epoch 9 | Step 6120/10683 | Loss 0.1992 | LR 6.7952e-06
2026-03-11 12:44:02 INFO Epoch 9 | Step 6140/10683 | Loss 0.1992 | LR 6.7778e-06
2026-03-11 12:44:18 INFO Epoch 9 | Step 6160/10683 | Loss 0.1992 | LR 6.7604e-06
2026-03-11 12:44:35 INFO Epoch 9 | Step 6180/10683 | Loss 0.1992 | LR 6.7431e-06
2026-03-11 12:44:51 INFO Epoch 9 | Step 6200/10683 | Loss 0.1993 | LR 6.7257e-06
2026-03-11 12:45:08 INFO Epoch 9 | Step 6220/10683 | Loss 0.1993 | LR 6.7084e-06
2026-03-11 12:45:25 INFO Epoch 9 | Step 6240/10683 | Loss 0.1993 | LR 6.6911e-06
2026-03-11 12:45:41 INFO Epoch 9 | Step 6260/10683 | Loss 0.1993 | LR 6.6738e-06
2026-03-11 12:45:58 INFO Epoch 9 | Step 6280/10683 | Loss 0.1993 | LR 6.6566e-06
2026-03-11 12:46:15 INFO Epoch 9 | Step 6300/10683 | Loss 0.1993 | LR 6.6393e-06
2026-03-11 12:46:32 INFO Epoch 9 | Step 6320/10683 | Loss 0.1993 | LR 6.6221e-06
2026-03-11 12:46:48 INFO Epoch 9 | Step 6340/10683 | Loss 0.1993 | LR 6.6049e-06
2026-03-11 12:47:05 INFO Epoch 9 | Step 6360/10683 | Loss 0.1993 | LR 6.5877e-06
2026-03-11 12:47:22 INFO Epoch 9 | Step 6380/10683 | Loss 0.1993 | LR 6.5706e-06
2026-03-11 12:47:38 INFO Epoch 9 | Step 6400/10683 | Loss 0.1993 | LR 6.5535e-06
2026-03-11 12:47:55 INFO Epoch 9 | Step 6420/10683 | Loss 0.1993 | LR 6.5363e-06
2026-03-11 12:48:12 INFO Epoch 9 | Step 6440/10683 | Loss 0.1993 | LR 6.5193e-06
2026-03-11 12:48:28 INFO Epoch 9 | Step 6460/10683 | Loss 0.1993 | LR 6.5022e-06
2026-03-11 12:48:45 INFO Epoch 9 | Step 6480/10683 | Loss 0.1993 | LR 6.4851e-06
2026-03-11 12:49:02 INFO Epoch 9 | Step 6500/10683 | Loss 0.1993 | LR 6.4681e-06
2026-03-11 12:49:18 INFO Epoch 9 | Step 6520/10683 | Loss 0.1994 | LR 6.4511e-06
2026-03-11 12:49:35 INFO Epoch 9 | Step 6540/10683 | Loss 0.1994 | LR 6.4341e-06
2026-03-11 12:49:52 INFO Epoch 9 | Step 6560/10683 | Loss 0.1994 | LR 6.4171e-06
2026-03-11 12:50:09 INFO Epoch 9 | Step 6580/10683 | Loss 0.1994 | LR 6.4002e-06
2026-03-11 12:50:26 INFO Epoch 9 | Step 6600/10683 | Loss 0.1993 | LR 6.3833e-06
2026-03-11 12:50:42 INFO Epoch 9 | Step 6620/10683 | Loss 0.1994 | LR 6.3664e-06
2026-03-11 12:50:59 INFO Epoch 9 | Step 6640/10683 | Loss 0.1994 | LR 6.3495e-06
2026-03-11 12:51:16 INFO Epoch 9 | Step 6660/10683 | Loss 0.1994 | LR 6.3326e-06
2026-03-11 12:51:33 INFO Epoch 9 | Step 6680/10683 | Loss 0.1994 | LR 6.3158e-06
2026-03-11 12:51:50 INFO Epoch 9 | Step 6700/10683 | Loss 0.1993 | LR 6.2990e-06
2026-03-11 12:52:07 INFO Epoch 9 | Step 6720/10683 | Loss 0.1993 | LR 6.2822e-06
2026-03-11 12:52:23 INFO Epoch 9 | Step 6740/10683 | Loss 0.1994 | LR 6.2654e-06
2026-03-11 12:52:40 INFO Epoch 9 | Step 6760/10683 | Loss 0.1994 | LR 6.2486e-06
2026-03-11 12:52:57 INFO Epoch 9 | Step 6780/10683 | Loss 0.1994 | LR 6.2319e-06
2026-03-11 12:53:14 INFO Epoch 9 | Step 6800/10683 | Loss 0.1994 | LR 6.2152e-06
2026-03-11 12:53:30 INFO Epoch 9 | Step 6820/10683 | Loss 0.1994 | LR 6.1985e-06
2026-03-11 12:53:47 INFO Epoch 9 | Step 6840/10683 | Loss 0.1994 | LR 6.1818e-06
2026-03-11 12:54:04 INFO Epoch 9 | Step 6860/10683 | Loss 0.1993 | LR 6.1652e-06
2026-03-11 12:54:20 INFO Epoch 9 | Step 6880/10683 | Loss 0.1993 | LR 6.1485e-06
2026-03-11 12:54:37 INFO Epoch 9 | Step 6900/10683 | Loss 0.1993 | LR 6.1319e-06
2026-03-11 12:54:54 INFO Epoch 9 | Step 6920/10683 | Loss 0.1994 | LR 6.1153e-06
2026-03-11 12:55:10 INFO Epoch 9 | Step 6940/10683 | Loss 0.1993 | LR 6.0988e-06
2026-03-11 12:55:27 INFO Epoch 9 | Step 6960/10683 | Loss 0.1993 | LR 6.0822e-06
2026-03-11 12:55:44 INFO Epoch 9 | Step 6980/10683 | Loss 0.1993 | LR 6.0657e-06
2026-03-11 12:56:01 INFO Epoch 9 | Step 7000/10683 | Loss 0.1993 | LR 6.0492e-06
2026-03-11 12:56:17 INFO Epoch 9 | Step 7020/10683 | Loss 0.1994 | LR 6.0327e-06
2026-03-11 12:56:34 INFO Epoch 9 | Step 7040/10683 | Loss 0.1994 | LR 6.0162e-06
2026-03-11 12:56:51 INFO Epoch 9 | Step 7060/10683 | Loss 0.1995 | LR 5.9998e-06
2026-03-11 12:57:07 INFO Epoch 9 | Step 7080/10683 | Loss 0.1995 | LR 5.9834e-06
2026-03-11 12:57:24 INFO Epoch 9 | Step 7100/10683 | Loss 0.1994 | LR 5.9670e-06
2026-03-11 12:57:41 INFO Epoch 9 | Step 7120/10683 | Loss 0.1994 | LR 5.9506e-06
2026-03-11 12:57:58 INFO Epoch 9 | Step 7140/10683 | Loss 0.1994 | LR 5.9342e-06
2026-03-11 12:58:14 INFO Epoch 9 | Step 7160/10683 | Loss 0.1994 | LR 5.9179e-06
2026-03-11 12:58:31 INFO Epoch 9 | Step 7180/10683 | Loss 0.1993 | LR 5.9016e-06
2026-03-11 12:58:48 INFO Epoch 9 | Step 7200/10683 | Loss 0.1993 | LR 5.8853e-06
2026-03-11 12:59:05 INFO Epoch 9 | Step 7220/10683 | Loss 0.1993 | LR 5.8690e-06
2026-03-11 12:59:22 INFO Epoch 9 | Step 7240/10683 | Loss 0.1993 | LR 5.8528e-06
2026-03-11 12:59:38 INFO Epoch 9 | Step 7260/10683 | Loss 0.1992 | LR 5.8365e-06
2026-03-11 12:59:55 INFO Epoch 9 | Step 7280/10683 | Loss 0.1992 | LR 5.8203e-06
2026-03-11 13:00:12 INFO Epoch 9 | Step 7300/10683 | Loss 0.1993 | LR 5.8041e-06
2026-03-11 13:00:29 INFO Epoch 9 | Step 7320/10683 | Loss 0.1992 | LR 5.7880e-06
2026-03-11 13:00:46 INFO Epoch 9 | Step 7340/10683 | Loss 0.1992 | LR 5.7718e-06
2026-03-11 13:01:02 INFO Epoch 9 | Step 7360/10683 | Loss 0.1993 | LR 5.7557e-06
2026-03-11 13:01:19 INFO Epoch 9 | Step 7380/10683 | Loss 0.1993 | LR 5.7396e-06
2026-03-11 13:01:36 INFO Epoch 9 | Step 7400/10683 | Loss 0.1993 | LR 5.7235e-06
2026-03-11 13:01:53 INFO Epoch 9 | Step 7420/10683 | Loss 0.1993 | LR 5.7074e-06
2026-03-11 13:02:10 INFO Epoch 9 | Step 7440/10683 | Loss 0.1993 | LR 5.6914e-06
2026-03-11 13:02:26 INFO Epoch 9 | Step 7460/10683 | Loss 0.1993 | LR 5.6754e-06
2026-03-11 13:02:43 INFO Epoch 9 | Step 7480/10683 | Loss 0.1993 | LR 5.6594e-06
2026-03-11 13:03:00 INFO Epoch 9 | Step 7500/10683 | Loss 0.1992 | LR 5.6434e-06
2026-03-11 13:03:17 INFO Epoch 9 | Step 7520/10683 | Loss 0.1992 | LR 5.6274e-06
2026-03-11 13:03:33 INFO Epoch 9 | Step 7540/10683 | Loss 0.1993 | LR 5.6115e-06
2026-03-11 13:03:50 INFO Epoch 9 | Step 7560/10683 | Loss 0.1992 | LR 5.5956e-06
2026-03-11 13:04:07 INFO Epoch 9 | Step 7580/10683 | Loss 0.1992 | LR 5.5797e-06
2026-03-11 13:04:23 INFO Epoch 9 | Step 7600/10683 | Loss 0.1992 | LR 5.5638e-06
2026-03-11 13:04:40 INFO Epoch 9 | Step 7620/10683 | Loss 0.1992 | LR 5.5480e-06
2026-03-11 13:04:56 INFO Epoch 9 | Step 7640/10683 | Loss 0.1992 | LR 5.5322e-06
2026-03-11 13:05:13 INFO Epoch 9 | Step 7660/10683 | Loss 0.1992 | LR 5.5163e-06
2026-03-11 13:05:30 INFO Epoch 9 | Step 7680/10683 | Loss 0.1993 | LR 5.5006e-06
2026-03-11 13:05:47 INFO Epoch 9 | Step 7700/10683 | Loss 0.1993 | LR 5.4848e-06
2026-03-11 13:06:03 INFO Epoch 9 | Step 7720/10683 | Loss 0.1993 | LR 5.4691e-06
2026-03-11 13:06:20 INFO Epoch 9 | Step 7740/10683 | Loss 0.1993 | LR 5.4533e-06
2026-03-11 13:06:36 INFO Epoch 9 | Step 7760/10683 | Loss 0.1993 | LR 5.4376e-06
2026-03-11 13:06:53 INFO Epoch 9 | Step 7780/10683 | Loss 0.1992 | LR 5.4220e-06
2026-03-11 13:07:10 INFO Epoch 9 | Step 7800/10683 | Loss 0.1992 | LR 5.4063e-06
2026-03-11 13:07:27 INFO Epoch 9 | Step 7820/10683 | Loss 0.1992 | LR 5.3907e-06
2026-03-11 13:07:44 INFO Epoch 9 | Step 7840/10683 | Loss 0.1992 | LR 5.3750e-06
2026-03-11 13:08:00 INFO Epoch 9 | Step 7860/10683 | Loss 0.1992 | LR 5.3594e-06
2026-03-11 13:08:17 INFO Epoch 9 | Step 7880/10683 | Loss 0.1992 | LR 5.3439e-06
2026-03-11 13:08:34 INFO Epoch 9 | Step 7900/10683 | Loss 0.1992 | LR 5.3283e-06
2026-03-11 13:08:50 INFO Epoch 9 | Step 7920/10683 | Loss 0.1993 | LR 5.3128e-06
2026-03-11 13:09:07 INFO Epoch 9 | Step 7940/10683 | Loss 0.1993 | LR 5.2973e-06
2026-03-11 13:09:23 INFO Epoch 9 | Step 7960/10683 | Loss 0.1994 | LR 5.2818e-06
2026-03-11 13:09:40 INFO Epoch 9 | Step 7980/10683 | Loss 0.1994 | LR 5.2663e-06
2026-03-11 13:09:57 INFO Epoch 9 | Step 8000/10683 | Loss 0.1994 | LR 5.2509e-06
2026-03-11 13:10:13 INFO Epoch 9 | Step 8020/10683 | Loss 0.1994 | LR 5.2355e-06
2026-03-11 13:10:30 INFO Epoch 9 | Step 8040/10683 | Loss 0.1994 | LR 5.2201e-06
2026-03-11 13:10:47 INFO Epoch 9 | Step 8060/10683 | Loss 0.1994 | LR 5.2047e-06
2026-03-11 13:11:04 INFO Epoch 9 | Step 8080/10683 | Loss 0.1994 | LR 5.1893e-06
2026-03-11 13:11:20 INFO Epoch 9 | Step 8100/10683 | Loss 0.1995 | LR 5.1740e-06
2026-03-11 13:11:37 INFO Epoch 9 | Step 8120/10683 | Loss 0.1994 | LR 5.1587e-06
2026-03-11 13:11:54 INFO Epoch 9 | Step 8140/10683 | Loss 0.1995 | LR 5.1434e-06
2026-03-11 13:12:10 INFO Epoch 9 | Step 8160/10683 | Loss 0.1995 | LR 5.1281e-06
2026-03-11 13:12:27 INFO Epoch 9 | Step 8180/10683 | Loss 0.1995 | LR 5.1129e-06
2026-03-11 13:12:43 INFO Epoch 9 | Step 8200/10683 | Loss 0.1995 | LR 5.0976e-06
2026-03-11 13:13:00 INFO Epoch 9 | Step 8220/10683 | Loss 0.1995 | LR 5.0824e-06
2026-03-11 13:13:17 INFO Epoch 9 | Step 8240/10683 | Loss 0.1995 | LR 5.0672e-06
2026-03-11 13:13:34 INFO Epoch 9 | Step 8260/10683 | Loss 0.1996 | LR 5.0521e-06
2026-03-11 13:13:50 INFO Epoch 9 | Step 8280/10683 | Loss 0.1996 | LR 5.0369e-06
2026-03-11 13:14:07 INFO Epoch 9 | Step 8300/10683 | Loss 0.1996 | LR 5.0218e-06
2026-03-11 13:14:24 INFO Epoch 9 | Step 8320/10683 | Loss 0.1996 | LR 5.0067e-06
2026-03-11 13:14:40 INFO Epoch 9 | Step 8340/10683 | Loss 0.1996 | LR 4.9916e-06
2026-03-11 13:14:57 INFO Epoch 9 | Step 8360/10683 | Loss 0.1996 | LR 4.9766e-06
2026-03-11 13:15:14 INFO Epoch 9 | Step 8380/10683 | Loss 0.1996 | LR 4.9615e-06
2026-03-11 13:15:30 INFO Epoch 9 | Step 8400/10683 | Loss 0.1996 | LR 4.9465e-06
2026-03-11 13:15:47 INFO Epoch 9 | Step 8420/10683 | Loss 0.1996 | LR 4.9315e-06
2026-03-11 13:16:03 INFO Epoch 9 | Step 8440/10683 | Loss 0.1996 | LR 4.9166e-06
2026-03-11 13:16:20 INFO Epoch 9 | Step 8460/10683 | Loss 0.1996 | LR 4.9016e-06
2026-03-11 13:16:37 INFO Epoch 9 | Step 8480/10683 | Loss 0.1996 | LR 4.8867e-06
2026-03-11 13:16:53 INFO Epoch 9 | Step 8500/10683 | Loss 0.1996 | LR 4.8718e-06
2026-03-11 13:17:10 INFO Epoch 9 | Step 8520/10683 | Loss 0.1996 | LR 4.8569e-06
2026-03-11 13:17:27 INFO Epoch 9 | Step 8540/10683 | Loss 0.1996 | LR 4.8420e-06
2026-03-11 13:17:44 INFO Epoch 9 | Step 8560/10683 | Loss 0.1997 | LR 4.8272e-06
2026-03-11 13:18:00 INFO Epoch 9 | Step 8580/10683 | Loss 0.1997 | LR 4.8124e-06
2026-03-11 13:18:17 INFO Epoch 9 | Step 8600/10683 | Loss 0.1997 | LR 4.7976e-06
2026-03-11 13:18:34 INFO Epoch 9 | Step 8620/10683 | Loss 0.1997 | LR 4.7828e-06
2026-03-11 13:18:50 INFO Epoch 9 | Step 8640/10683 | Loss 0.1997 | LR 4.7680e-06
2026-03-11 13:19:07 INFO Epoch 9 | Step 8660/10683 | Loss 0.1997 | LR 4.7533e-06
2026-03-11 13:19:24 INFO Epoch 9 | Step 8680/10683 | Loss 0.1997 | LR 4.7386e-06
2026-03-11 13:19:40 INFO Epoch 9 | Step 8700/10683 | Loss 0.1997 | LR 4.7239e-06
2026-03-11 13:19:57 INFO Epoch 9 | Step 8720/10683 | Loss 0.1997 | LR 4.7092e-06
2026-03-11 13:20:14 INFO Epoch 9 | Step 8740/10683 | Loss 0.1997 | LR 4.6946e-06
2026-03-11 13:20:30 INFO Epoch 9 | Step 8760/10683 | Loss 0.1997 | LR 4.6800e-06
2026-03-11 13:20:47 INFO Epoch 9 | Step 8780/10683 | Loss 0.1996 | LR 4.6654e-06
2026-03-11 13:21:04 INFO Epoch 9 | Step 8800/10683 | Loss 0.1996 | LR 4.6508e-06
2026-03-11 13:21:20 INFO Epoch 9 | Step 8820/10683 | Loss 0.1997 | LR 4.6362e-06
2026-03-11 13:21:37 INFO Epoch 9 | Step 8840/10683 | Loss 0.1997 | LR 4.6217e-06
2026-03-11 13:21:54 INFO Epoch 9 | Step 8860/10683 | Loss 0.1997 | LR 4.6072e-06
2026-03-11 13:22:10 INFO Epoch 9 | Step 8880/10683 | Loss 0.1997 | LR 4.5927e-06
2026-03-11 13:22:27 INFO Epoch 9 | Step 8900/10683 | Loss 0.1997 | LR 4.5782e-06
2026-03-11 13:22:44 INFO Epoch 9 | Step 8920/10683 | Loss 0.1996 | LR 4.5638e-06
2026-03-11 13:23:00 INFO Epoch 9 | Step 8940/10683 | Loss 0.1996 | LR 4.5493e-06
2026-03-11 13:23:17 INFO Epoch 9 | Step 8960/10683 | Loss 0.1996 | LR 4.5349e-06
2026-03-11 13:23:34 INFO Epoch 9 | Step 8980/10683 | Loss 0.1996 | LR 4.5205e-06
2026-03-11 13:23:50 INFO Epoch 9 | Step 9000/10683 | Loss 0.1996 | LR 4.5062e-06
2026-03-11 13:24:07 INFO Epoch 9 | Step 9020/10683 | Loss 0.1996 | LR 4.4918e-06
2026-03-11 13:24:23 INFO Epoch 9 | Step 9040/10683 | Loss 0.1996 | LR 4.4775e-06
2026-03-11 13:24:40 INFO Epoch 9 | Step 9060/10683 | Loss 0.1996 | LR 4.4632e-06
2026-03-11 13:24:57 INFO Epoch 9 | Step 9080/10683 | Loss 0.1996 | LR 4.4489e-06
2026-03-11 13:25:13 INFO Epoch 9 | Step 9100/10683 | Loss 0.1996 | LR 4.4347e-06
2026-03-11 13:25:30 INFO Epoch 9 | Step 9120/10683 | Loss 0.1996 | LR 4.4204e-06
2026-03-11 13:25:47 INFO Epoch 9 | Step 9140/10683 | Loss 0.1996 | LR 4.4062e-06
2026-03-11 13:26:03 INFO Epoch 9 | Step 9160/10683 | Loss 0.1996 | LR 4.3920e-06
2026-03-11 13:26:20 INFO Epoch 9 | Step 9180/10683 | Loss 0.1996 | LR 4.3779e-06
2026-03-11 13:26:37 INFO Epoch 9 | Step 9200/10683 | Loss 0.1996 | LR 4.3637e-06
2026-03-11 13:26:53 INFO Epoch 9 | Step 9220/10683 | Loss 0.1996 | LR 4.3496e-06
2026-03-11 13:27:10 INFO Epoch 9 | Step 9240/10683 | Loss 0.1996 | LR 4.3355e-06
2026-03-11 13:27:27 INFO Epoch 9 | Step 9260/10683 | Loss 0.1996 | LR 4.3214e-06
2026-03-11 13:27:43 INFO Epoch 9 | Step 9280/10683 | Loss 0.1996 | LR 4.3074e-06
2026-03-11 13:28:00 INFO Epoch 9 | Step 9300/10683 | Loss 0.1996 | LR 4.2933e-06
2026-03-11 13:28:16 INFO Epoch 9 | Step 9320/10683 | Loss 0.1996 | LR 4.2793e-06
2026-03-11 13:28:33 INFO Epoch 9 | Step 9340/10683 | Loss 0.1996 | LR 4.2653e-06
2026-03-11 13:28:50 INFO Epoch 9 | Step 9360/10683 | Loss 0.1996 | LR 4.2513e-06
2026-03-11 13:29:07 INFO Epoch 9 | Step 9380/10683 | Loss 0.1996 | LR 4.2374e-06
2026-03-11 13:29:23 INFO Epoch 9 | Step 9400/10683 | Loss 0.1996 | LR 4.2235e-06
2026-03-11 13:29:40 INFO Epoch 9 | Step 9420/10683 | Loss 0.1997 | LR 4.2096e-06
2026-03-11 13:29:56 INFO Epoch 9 | Step 9440/10683 | Loss 0.1997 | LR 4.1957e-06
2026-03-11 13:30:13 INFO Epoch 9 | Step 9460/10683 | Loss 0.1997 | LR 4.1818e-06
2026-03-11 13:30:30 INFO Epoch 9 | Step 9480/10683 | Loss 0.1997 | LR 4.1680e-06
2026-03-11 13:30:46 INFO Epoch 9 | Step 9500/10683 | Loss 0.1997 | LR 4.1542e-06
2026-03-11 13:31:03 INFO Epoch 9 | Step 9520/10683 | Loss 0.1997 | LR 4.1404e-06
2026-03-11 13:31:20 INFO Epoch 9 | Step 9540/10683 | Loss 0.1997 | LR 4.1266e-06
2026-03-11 13:31:36 INFO Epoch 9 | Step 9560/10683 | Loss 0.1997 | LR 4.1128e-06
2026-03-11 13:31:53 INFO Epoch 9 | Step 9580/10683 | Loss 0.1997 | LR 4.0991e-06
2026-03-11 13:32:10 INFO Epoch 9 | Step 9600/10683 | Loss 0.1997 | LR 4.0854e-06
2026-03-11 13:32:27 INFO Epoch 9 | Step 9620/10683 | Loss 0.1998 | LR 4.0717e-06
2026-03-11 13:32:44 INFO Epoch 9 | Step 9640/10683 | Loss 0.1997 | LR 4.0581e-06
2026-03-11 13:33:00 INFO Epoch 9 | Step 9660/10683 | Loss 0.1997 | LR 4.0444e-06
2026-03-11 13:33:17 INFO Epoch 9 | Step 9680/10683 | Loss 0.1997 | LR 4.0308e-06
2026-03-11 13:33:34 INFO Epoch 9 | Step 9700/10683 | Loss 0.1996 | LR 4.0172e-06
2026-03-11 13:33:50 INFO Epoch 9 | Step 9720/10683 | Loss 0.1996 | LR 4.0036e-06
2026-03-11 13:34:07 INFO Epoch 9 | Step 9740/10683 | Loss 0.1996 | LR 3.9901e-06
2026-03-11 13:34:24 INFO Epoch 9 | Step 9760/10683 | Loss 0.1996 | LR 3.9765e-06
2026-03-11 13:34:40 INFO Epoch 9 | Step 9780/10683 | Loss 0.1996 | LR 3.9630e-06
2026-03-11 13:34:57 INFO Epoch 9 | Step 9800/10683 | Loss 0.1996 | LR 3.9495e-06
2026-03-11 13:35:14 INFO Epoch 9 | Step 9820/10683 | Loss 0.1996 | LR 3.9361e-06
2026-03-11 13:35:30 INFO Epoch 9 | Step 9840/10683 | Loss 0.1996 | LR 3.9226e-06
2026-03-11 13:35:47 INFO Epoch 9 | Step 9860/10683 | Loss 0.1996 | LR 3.9092e-06
2026-03-11 13:36:04 INFO Epoch 9 | Step 9880/10683 | Loss 0.1996 | LR 3.8958e-06
2026-03-11 13:36:21 INFO Epoch 9 | Step 9900/10683 | Loss 0.1996 | LR 3.8824e-06
2026-03-11 13:36:37 INFO Epoch 9 | Step 9920/10683 | Loss 0.1996 | LR 3.8691e-06
2026-03-11 13:36:54 INFO Epoch 9 | Step 9940/10683 | Loss 0.1996 | LR 3.8558e-06
2026-03-11 13:37:11 INFO Epoch 9 | Step 9960/10683 | Loss 0.1996 | LR 3.8424e-06
2026-03-11 13:37:27 INFO Epoch 9 | Step 9980/10683 | Loss 0.1996 | LR 3.8292e-06
2026-03-11 13:37:44 INFO Epoch 9 | Step 10000/10683 | Loss 0.1996 | LR 3.8159e-06
2026-03-11 13:38:01 INFO Epoch 9 | Step 10020/10683 | Loss 0.1996 | LR 3.8026e-06
2026-03-11 13:38:18 INFO Epoch 9 | Step 10040/10683 | Loss 0.1996 | LR 3.7894e-06
2026-03-11 13:38:34 INFO Epoch 9 | Step 10060/10683 | Loss 0.1996 | LR 3.7762e-06
2026-03-11 13:38:51 INFO Epoch 9 | Step 10080/10683 | Loss 0.1996 | LR 3.7630e-06
2026-03-11 13:39:08 INFO Epoch 9 | Step 10100/10683 | Loss 0.1996 | LR 3.7499e-06
2026-03-11 13:39:25 INFO Epoch 9 | Step 10120/10683 | Loss 0.1996 | LR 3.7368e-06
2026-03-11 13:39:41 INFO Epoch 9 | Step 10140/10683 | Loss 0.1996 | LR 3.7236e-06
2026-03-11 13:39:58 INFO Epoch 9 | Step 10160/10683 | Loss 0.1996 | LR 3.7106e-06
2026-03-11 13:40:15 INFO Epoch 9 | Step 10180/10683 | Loss 0.1996 | LR 3.6975e-06
2026-03-11 13:40:31 INFO Epoch 9 | Step 10200/10683 | Loss 0.1996 | LR 3.6844e-06
2026-03-11 13:40:48 INFO Epoch 9 | Step 10220/10683 | Loss 0.1996 | LR 3.6714e-06
2026-03-11 13:41:05 INFO Epoch 9 | Step 10240/10683 | Loss 0.1996 | LR 3.6584e-06
2026-03-11 13:41:22 INFO Epoch 9 | Step 10260/10683 | Loss 0.1995 | LR 3.6454e-06
2026-03-11 13:41:38 INFO Epoch 9 | Step 10280/10683 | Loss 0.1995 | LR 3.6325e-06
2026-03-11 13:41:55 INFO Epoch 9 | Step 10300/10683 | Loss 0.1995 | LR 3.6195e-06
2026-03-11 13:42:12 INFO Epoch 9 | Step 10320/10683 | Loss 0.1995 | LR 3.6066e-06
2026-03-11 13:42:28 INFO Epoch 9 | Step 10340/10683 | Loss 0.1995 | LR 3.5937e-06
2026-03-11 13:42:45 INFO Epoch 9 | Step 10360/10683 | Loss 0.1994 | LR 3.5809e-06
2026-03-11 13:43:02 INFO Epoch 9 | Step 10380/10683 | Loss 0.1994 | LR 3.5680e-06
2026-03-11 13:43:18 INFO Epoch 9 | Step 10400/10683 | Loss 0.1994 | LR 3.5552e-06
2026-03-11 13:43:35 INFO Epoch 9 | Step 10420/10683 | Loss 0.1994 | LR 3.5424e-06
2026-03-11 13:43:52 INFO Epoch 9 | Step 10440/10683 | Loss 0.1994 | LR 3.5296e-06
2026-03-11 13:44:08 INFO Epoch 9 | Step 10460/10683 | Loss 0.1994 | LR 3.5169e-06
2026-03-11 13:44:25 INFO Epoch 9 | Step 10480/10683 | Loss 0.1994 | LR 3.5041e-06
2026-03-11 13:44:42 INFO Epoch 9 | Step 10500/10683 | Loss 0.1994 | LR 3.4914e-06
2026-03-11 13:44:58 INFO Epoch 9 | Step 10520/10683 | Loss 0.1994 | LR 3.4787e-06
2026-03-11 13:45:15 INFO Epoch 9 | Step 10540/10683 | Loss 0.1994 | LR 3.4661e-06
2026-03-11 13:45:32 INFO Epoch 9 | Step 10560/10683 | Loss 0.1994 | LR 3.4534e-06
2026-03-11 13:45:49 INFO Epoch 9 | Step 10580/10683 | Loss 0.1993 | LR 3.4408e-06
2026-03-11 13:46:05 INFO Epoch 9 | Step 10600/10683 | Loss 0.1993 | LR 3.4282e-06
2026-03-11 13:46:22 INFO Epoch 9 | Step 10620/10683 | Loss 0.1994 | LR 3.4156e-06
2026-03-11 13:46:39 INFO Epoch 9 | Step 10640/10683 | Loss 0.1994 | LR 3.4031e-06
2026-03-11 13:46:55 INFO Epoch 9 | Step 10660/10683 | Loss 0.1994 | LR 3.3905e-06
2026-03-11 13:47:12 INFO Epoch 9 | Step 10680/10683 | Loss 0.1994 | LR 3.3780e-06
2026-03-11 13:47:15 INFO Epoch 9 | Step 10683/10683 | Loss 0.1993 | LR 3.3762e-06
2026-03-11 14:09:08 INFO CSV Written | Epoch: 9
2026-03-11 14:09:08 INFO Best Saved | Epoch: 9 | Monitor: val_auprc | Value: 0.9785
2026-03-11 14:09:08 INFO Epoch Done | Epoch: 9 | Time: 10256.1684 | Train Loss: 0.1993 | Val Accuracy: 0.9084 | Val AUPRC: 0.9785 | Val Auroc: 0.9759 | Val F1: 0.9116 | Val Loss: 0.2884
2026-03-11 14:09:08 INFO Epoch Start | Epoch: 10
2026-03-11 14:09:12 INFO Epoch 10 | Step 1/10683 | Loss 0.1264 | LR 3.3755e-06
2026-03-11 14:09:27 INFO Epoch 10 | Step 20/10683 | Loss 0.1874 | LR 3.3637e-06
2026-03-11 14:09:44 INFO Epoch 10 | Step 40/10683 | Loss 0.1964 | LR 3.3512e-06
2026-03-11 14:10:01 INFO Epoch 10 | Step 60/10683 | Loss 0.1949 | LR 3.3388e-06
2026-03-11 14:10:17 INFO Epoch 10 | Step 80/10683 | Loss 0.2028 | LR 3.3263e-06
2026-03-11 14:10:34 INFO Epoch 10 | Step 100/10683 | Loss 0.2007 | LR 3.3139e-06
2026-03-11 14:10:51 INFO Epoch 10 | Step 120/10683 | Loss 0.1991 | LR 3.3016e-06
2026-03-11 14:11:08 INFO Epoch 10 | Step 140/10683 | Loss 0.2000 | LR 3.2892e-06
2026-03-11 14:11:24 INFO Epoch 10 | Step 160/10683 | Loss 0.2003 | LR 3.2769e-06
2026-03-11 14:11:41 INFO Epoch 10 | Step 180/10683 | Loss 0.1987 | LR 3.2646e-06
2026-03-11 14:11:57 INFO Epoch 10 | Step 200/10683 | Loss 0.1993 | LR 3.2523e-06
2026-03-11 14:12:14 INFO Epoch 10 | Step 220/10683 | Loss 0.1995 | LR 3.2400e-06
2026-03-11 14:12:31 INFO Epoch 10 | Step 240/10683 | Loss 0.1994 | LR 3.2278e-06
2026-03-11 14:12:47 INFO Epoch 10 | Step 260/10683 | Loss 0.1986 | LR 3.2156e-06
2026-03-11 14:13:04 INFO Epoch 10 | Step 280/10683 | Loss 0.1990 | LR 3.2034e-06
2026-03-11 14:13:20 INFO Epoch 10 | Step 300/10683 | Loss 0.1991 | LR 3.1912e-06
2026-03-11 14:13:37 INFO Epoch 10 | Step 320/10683 | Loss 0.1989 | LR 3.1791e-06
2026-03-11 14:13:53 INFO Epoch 10 | Step 340/10683 | Loss 0.1992 | LR 3.1669e-06
2026-03-11 14:14:10 INFO Epoch 10 | Step 360/10683 | Loss 0.1987 | LR 3.1548e-06
2026-03-11 14:14:27 INFO Epoch 10 | Step 380/10683 | Loss 0.1988 | LR 3.1427e-06
2026-03-11 14:14:43 INFO Epoch 10 | Step 400/10683 | Loss 0.1999 | LR 3.1307e-06
2026-03-11 14:15:00 INFO Epoch 10 | Step 420/10683 | Loss 0.2005 | LR 3.1187e-06
2026-03-11 14:15:16 INFO Epoch 10 | Step 440/10683 | Loss 0.2000 | LR 3.1066e-06
2026-03-11 14:15:33 INFO Epoch 10 | Step 460/10683 | Loss 0.1993 | LR 3.0946e-06
2026-03-11 14:15:50 INFO Epoch 10 | Step 480/10683 | Loss 0.1997 | LR 3.0827e-06
2026-03-11 14:16:06 INFO Epoch 10 | Step 500/10683 | Loss 0.1997 | LR 3.0707e-06
2026-03-11 14:16:23 INFO Epoch 10 | Step 520/10683 | Loss 0.1992 | LR 3.0588e-06
2026-03-11 14:16:39 INFO Epoch 10 | Step 540/10683 | Loss 0.1993 | LR 3.0469e-06
2026-03-11 14:16:56 INFO Epoch 10 | Step 560/10683 | Loss 0.1994 | LR 3.0350e-06
2026-03-11 14:17:13 INFO Epoch 10 | Step 580/10683 | Loss 0.1991 | LR 3.0232e-06
2026-03-11 14:17:29 INFO Epoch 10 | Step 600/10683 | Loss 0.1993 | LR 3.0113e-06
2026-03-11 14:17:46 INFO Epoch 10 | Step 620/10683 | Loss 0.1985 | LR 2.9995e-06
2026-03-11 14:18:03 INFO Epoch 10 | Step 640/10683 | Loss 0.1977 | LR 2.9877e-06
2026-03-11 14:18:19 INFO Epoch 10 | Step 660/10683 | Loss 0.1977 | LR 2.9759e-06
2026-03-11 14:18:36 INFO Epoch 10 | Step 680/10683 | Loss 0.1979 | LR 2.9642e-06
2026-03-11 14:18:52 INFO Epoch 10 | Step 700/10683 | Loss 0.1981 | LR 2.9525e-06
2026-03-11 14:19:09 INFO Epoch 10 | Step 720/10683 | Loss 0.1977 | LR 2.9408e-06
2026-03-11 14:19:26 INFO Epoch 10 | Step 740/10683 | Loss 0.1974 | LR 2.9291e-06
2026-03-11 14:19:42 INFO Epoch 10 | Step 760/10683 | Loss 0.1975 | LR 2.9174e-06
2026-03-11 14:19:59 INFO Epoch 10 | Step 780/10683 | Loss 0.1975 | LR 2.9058e-06
2026-03-11 14:20:15 INFO Epoch 10 | Step 800/10683 | Loss 0.1973 | LR 2.8942e-06
2026-03-11 14:20:32 INFO Epoch 10 | Step 820/10683 | Loss 0.1969 | LR 2.8826e-06
2026-03-11 14:20:48 INFO Epoch 10 | Step 840/10683 | Loss 0.1963 | LR 2.8711e-06
2026-03-11 14:21:05 INFO Epoch 10 | Step 860/10683 | Loss 0.1960 | LR 2.8595e-06
2026-03-11 14:21:22 INFO Epoch 10 | Step 880/10683 | Loss 0.1958 | LR 2.8480e-06
2026-03-11 14:21:39 INFO Epoch 10 | Step 900/10683 | Loss 0.1957 | LR 2.8365e-06
2026-03-11 14:21:55 INFO Epoch 10 | Step 920/10683 | Loss 0.1962 | LR 2.8250e-06
2026-03-11 14:22:12 INFO Epoch 10 | Step 940/10683 | Loss 0.1962 | LR 2.8136e-06
2026-03-11 14:22:29 INFO Epoch 10 | Step 960/10683 | Loss 0.1962 | LR 2.8021e-06
2026-03-11 14:22:45 INFO Epoch 10 | Step 980/10683 | Loss 0.1965 | LR 2.7907e-06
2026-03-11 14:23:02 INFO Epoch 10 | Step 1000/10683 | Loss 0.1962 | LR 2.7793e-06
2026-03-11 14:23:18 INFO Epoch 10 | Step 1020/10683 | Loss 0.1957 | LR 2.7680e-06
2026-03-11 14:23:35 INFO Epoch 10 | Step 1040/10683 | Loss 0.1953 | LR 2.7566e-06
2026-03-11 14:23:52 INFO Epoch 10 | Step 1060/10683 | Loss 0.1951 | LR 2.7453e-06
2026-03-11 14:24:09 INFO Epoch 10 | Step 1080/10683 | Loss 0.1947 | LR 2.7340e-06
2026-03-11 14:24:25 INFO Epoch 10 | Step 1100/10683 | Loss 0.1948 | LR 2.7228e-06
2026-03-11 14:24:42 INFO Epoch 10 | Step 1120/10683 | Loss 0.1950 | LR 2.7115e-06
2026-03-11 14:24:59 INFO Epoch 10 | Step 1140/10683 | Loss 0.1949 | LR 2.7003e-06
2026-03-11 14:25:15 INFO Epoch 10 | Step 1160/10683 | Loss 0.1947 | LR 2.6891e-06
2026-03-11 14:25:32 INFO Epoch 10 | Step 1180/10683 | Loss 0.1948 | LR 2.6779e-06
2026-03-11 14:25:49 INFO Epoch 10 | Step 1200/10683 | Loss 0.1950 | LR 2.6667e-06
2026-03-11 14:26:05 INFO Epoch 10 | Step 1220/10683 | Loss 0.1950 | LR 2.6556e-06
2026-03-11 14:26:22 INFO Epoch 10 | Step 1240/10683 | Loss 0.1951 | LR 2.6445e-06
2026-03-11 14:26:39 INFO Epoch 10 | Step 1260/10683 | Loss 0.1951 | LR 2.6334e-06
2026-03-11 14:26:55 INFO Epoch 10 | Step 1280/10683 | Loss 0.1948 | LR 2.6223e-06
2026-03-11 14:27:12 INFO Epoch 10 | Step 1300/10683 | Loss 0.1946 | LR 2.6113e-06
2026-03-11 14:27:28 INFO Epoch 10 | Step 1320/10683 | Loss 0.1946 | LR 2.6003e-06
2026-03-11 14:27:45 INFO Epoch 10 | Step 1340/10683 | Loss 0.1944 | LR 2.5893e-06
2026-03-11 14:28:02 INFO Epoch 10 | Step 1360/10683 | Loss 0.1944 | LR 2.5783e-06
2026-03-11 14:28:18 INFO Epoch 10 | Step 1380/10683 | Loss 0.1945 | LR 2.5673e-06
2026-03-11 14:28:35 INFO Epoch 10 | Step 1400/10683 | Loss 0.1945 | LR 2.5564e-06
2026-03-11 14:28:52 INFO Epoch 10 | Step 1420/10683 | Loss 0.1947 | LR 2.5455e-06
2026-03-11 14:29:08 INFO Epoch 10 | Step 1440/10683 | Loss 0.1945 | LR 2.5346e-06
2026-03-11 14:29:25 INFO Epoch 10 | Step 1460/10683 | Loss 0.1943 | LR 2.5237e-06
2026-03-11 14:29:41 INFO Epoch 10 | Step 1480/10683 | Loss 0.1945 | LR 2.5129e-06
2026-03-11 14:29:58 INFO Epoch 10 | Step 1500/10683 | Loss 0.1946 | LR 2.5021e-06
2026-03-11 14:30:15 INFO Epoch 10 | Step 1520/10683 | Loss 0.1945 | LR 2.4913e-06
2026-03-11 14:30:31 INFO Epoch 10 | Step 1540/10683 | Loss 0.1945 | LR 2.4805e-06
2026-03-11 14:30:48 INFO Epoch 10 | Step 1560/10683 | Loss 0.1946 | LR 2.4698e-06
2026-03-11 14:31:04 INFO Epoch 10 | Step 1580/10683 | Loss 0.1949 | LR 2.4590e-06
2026-03-11 14:31:21 INFO Epoch 10 | Step 1600/10683 | Loss 0.1949 | LR 2.4483e-06
2026-03-11 14:31:38 INFO Epoch 10 | Step 1620/10683 | Loss 0.1949 | LR 2.4377e-06
2026-03-11 14:31:54 INFO Epoch 10 | Step 1640/10683 | Loss 0.1946 | LR 2.4270e-06
2026-03-11 14:32:11 INFO Epoch 10 | Step 1660/10683 | Loss 0.1946 | LR 2.4164e-06
2026-03-11 14:32:28 INFO Epoch 10 | Step 1680/10683 | Loss 0.1946 | LR 2.4058e-06
2026-03-11 14:32:45 INFO Epoch 10 | Step 1700/10683 | Loss 0.1947 | LR 2.3952e-06
2026-03-11 14:33:01 INFO Epoch 10 | Step 1720/10683 | Loss 0.1948 | LR 2.3846e-06
2026-03-11 14:33:18 INFO Epoch 10 | Step 1740/10683 | Loss 0.1949 | LR 2.3740e-06
2026-03-11 14:33:35 INFO Epoch 10 | Step 1760/10683 | Loss 0.1950 | LR 2.3635e-06
2026-03-11 14:33:52 INFO Epoch 10 | Step 1780/10683 | Loss 0.1947 | LR 2.3530e-06
2026-03-11 14:34:08 INFO Epoch 10 | Step 1800/10683 | Loss 0.1948 | LR 2.3426e-06
2026-03-11 14:34:25 INFO Epoch 10 | Step 1820/10683 | Loss 0.1947 | LR 2.3321e-06
2026-03-11 14:34:42 INFO Epoch 10 | Step 1840/10683 | Loss 0.1948 | LR 2.3217e-06
2026-03-11 14:34:58 INFO Epoch 10 | Step 1860/10683 | Loss 0.1949 | LR 2.3113e-06
2026-03-11 14:35:15 INFO Epoch 10 | Step 1880/10683 | Loss 0.1947 | LR 2.3009e-06
2026-03-11 14:35:31 INFO Epoch 10 | Step 1900/10683 | Loss 0.1946 | LR 2.2905e-06
2026-03-11 14:35:48 INFO Epoch 10 | Step 1920/10683 | Loss 0.1947 | LR 2.2802e-06
2026-03-11 14:36:04 INFO Epoch 10 | Step 1940/10683 | Loss 0.1948 | LR 2.2699e-06
2026-03-11 14:36:21 INFO Epoch 10 | Step 1960/10683 | Loss 0.1950 | LR 2.2596e-06
2026-03-11 14:36:38 INFO Epoch 10 | Step 1980/10683 | Loss 0.1949 | LR 2.2493e-06
2026-03-11 14:36:54 INFO Epoch 10 | Step 2000/10683 | Loss 0.1948 | LR 2.2390e-06
2026-03-11 14:37:11 INFO Epoch 10 | Step 2020/10683 | Loss 0.1950 | LR 2.2288e-06
2026-03-11 14:37:28 INFO Epoch 10 | Step 2040/10683 | Loss 0.1949 | LR 2.2186e-06
2026-03-11 14:37:44 INFO Epoch 10 | Step 2060/10683 | Loss 0.1948 | LR 2.2084e-06
2026-03-11 14:38:01 INFO Epoch 10 | Step 2080/10683 | Loss 0.1949 | LR 2.1983e-06
2026-03-11 14:38:17 INFO Epoch 10 | Step 2100/10683 | Loss 0.1949 | LR 2.1882e-06
2026-03-11 14:38:34 INFO Epoch 10 | Step 2120/10683 | Loss 0.1949 | LR 2.1780e-06
2026-03-11 14:38:51 INFO Epoch 10 | Step 2140/10683 | Loss 0.1947 | LR 2.1680e-06
2026-03-11 14:39:07 INFO Epoch 10 | Step 2160/10683 | Loss 0.1947 | LR 2.1579e-06
2026-03-11 14:39:24 INFO Epoch 10 | Step 2180/10683 | Loss 0.1948 | LR 2.1478e-06
2026-03-11 14:39:41 INFO Epoch 10 | Step 2200/10683 | Loss 0.1947 | LR 2.1378e-06
2026-03-11 14:39:57 INFO Epoch 10 | Step 2220/10683 | Loss 0.1949 | LR 2.1278e-06
2026-03-11 14:40:14 INFO Epoch 10 | Step 2240/10683 | Loss 0.1949 | LR 2.1179e-06
2026-03-11 14:40:31 INFO Epoch 10 | Step 2260/10683 | Loss 0.1947 | LR 2.1079e-06
2026-03-11 14:40:47 INFO Epoch 10 | Step 2280/10683 | Loss 0.1946 | LR 2.0980e-06
2026-03-11 14:41:04 INFO Epoch 10 | Step 2300/10683 | Loss 0.1945 | LR 2.0881e-06
2026-03-11 14:41:21 INFO Epoch 10 | Step 2320/10683 | Loss 0.1944 | LR 2.0782e-06
2026-03-11 14:41:37 INFO Epoch 10 | Step 2340/10683 | Loss 0.1943 | LR 2.0683e-06
2026-03-11 14:41:54 INFO Epoch 10 | Step 2360/10683 | Loss 0.1944 | LR 2.0585e-06
2026-03-11 14:42:11 INFO Epoch 10 | Step 2380/10683 | Loss 0.1944 | LR 2.0487e-06
2026-03-11 14:42:27 INFO Epoch 10 | Step 2400/10683 | Loss 0.1945 | LR 2.0389e-06
2026-03-11 14:42:44 INFO Epoch 10 | Step 2420/10683 | Loss 0.1945 | LR 2.0291e-06
2026-03-11 14:43:01 INFO Epoch 10 | Step 2440/10683 | Loss 0.1942 | LR 2.0194e-06
2026-03-11 14:43:17 INFO Epoch 10 | Step 2460/10683 | Loss 0.1942 | LR 2.0097e-06
2026-03-11 14:43:34 INFO Epoch 10 | Step 2480/10683 | Loss 0.1942 | LR 2.0000e-06
2026-03-11 14:43:51 INFO Epoch 10 | Step 2500/10683 | Loss 0.1943 | LR 1.9903e-06
2026-03-11 14:44:07 INFO Epoch 10 | Step 2520/10683 | Loss 0.1942 | LR 1.9806e-06
2026-03-11 14:44:24 INFO Epoch 10 | Step 2540/10683 | Loss 0.1942 | LR 1.9710e-06
2026-03-11 14:44:41 INFO Epoch 10 | Step 2560/10683 | Loss 0.1943 | LR 1.9614e-06
2026-03-11 14:44:57 INFO Epoch 10 | Step 2580/10683 | Loss 0.1943 | LR 1.9518e-06
2026-03-11 14:45:14 INFO Epoch 10 | Step 2600/10683 | Loss 0.1944 | LR 1.9423e-06
2026-03-11 14:45:30 INFO Epoch 10 | Step 2620/10683 | Loss 0.1943 | LR 1.9327e-06
2026-03-11 14:45:47 INFO Epoch 10 | Step 2640/10683 | Loss 0.1943 | LR 1.9232e-06
2026-03-11 14:46:04 INFO Epoch 10 | Step 2660/10683 | Loss 0.1944 | LR 1.9137e-06
2026-03-11 14:46:20 INFO Epoch 10 | Step 2680/10683 | Loss 0.1944 | LR 1.9043e-06
2026-03-11 14:46:37 INFO Epoch 10 | Step 2700/10683 | Loss 0.1944 | LR 1.8948e-06
2026-03-11 14:46:54 INFO Epoch 10 | Step 2720/10683 | Loss 0.1944 | LR 1.8854e-06
2026-03-11 14:47:10 INFO Epoch 10 | Step 2740/10683 | Loss 0.1946 | LR 1.8760e-06
2026-03-11 14:47:27 INFO Epoch 10 | Step 2760/10683 | Loss 0.1945 | LR 1.8666e-06
2026-03-11 14:47:44 INFO Epoch 10 | Step 2780/10683 | Loss 0.1944 | LR 1.8573e-06
2026-03-11 14:48:00 INFO Epoch 10 | Step 2800/10683 | Loss 0.1945 | LR 1.8479e-06
2026-03-11 14:48:17 INFO Epoch 10 | Step 2820/10683 | Loss 0.1945 | LR 1.8386e-06
2026-03-11 14:48:33 INFO Epoch 10 | Step 2840/10683 | Loss 0.1944 | LR 1.8293e-06
2026-03-11 14:48:50 INFO Epoch 10 | Step 2860/10683 | Loss 0.1946 | LR 1.8201e-06
2026-03-11 14:49:07 INFO Epoch 10 | Step 2880/10683 | Loss 0.1947 | LR 1.8109e-06
2026-03-11 14:49:23 INFO Epoch 10 | Step 2900/10683 | Loss 0.1948 | LR 1.8016e-06
2026-03-11 14:49:40 INFO Epoch 10 | Step 2920/10683 | Loss 0.1948 | LR 1.7924e-06
2026-03-11 14:49:57 INFO Epoch 10 | Step 2940/10683 | Loss 0.1949 | LR 1.7833e-06
2026-03-11 14:50:13 INFO Epoch 10 | Step 2960/10683 | Loss 0.1949 | LR 1.7741e-06
2026-03-11 14:50:30 INFO Epoch 10 | Step 2980/10683 | Loss 0.1948 | LR 1.7650e-06
2026-03-11 14:50:47 INFO Epoch 10 | Step 3000/10683 | Loss 0.1948 | LR 1.7559e-06
2026-03-11 14:51:03 INFO Epoch 10 | Step 3020/10683 | Loss 0.1946 | LR 1.7468e-06
2026-03-11 14:51:20 INFO Epoch 10 | Step 3040/10683 | Loss 0.1948 | LR 1.7378e-06
2026-03-11 14:51:36 INFO Epoch 10 | Step 3060/10683 | Loss 0.1946 | LR 1.7288e-06
2026-03-11 14:51:53 INFO Epoch 10 | Step 3080/10683 | Loss 0.1947 | LR 1.7198e-06
2026-03-11 14:52:10 INFO Epoch 10 | Step 3100/10683 | Loss 0.1947 | LR 1.7108e-06
2026-03-11 14:52:26 INFO Epoch 10 | Step 3120/10683 | Loss 0.1946 | LR 1.7018e-06
2026-03-11 14:52:43 INFO Epoch 10 | Step 3140/10683 | Loss 0.1948 | LR 1.6929e-06
2026-03-11 14:53:00 INFO Epoch 10 | Step 3160/10683 | Loss 0.1948 | LR 1.6840e-06
2026-03-11 14:53:16 INFO Epoch 10 | Step 3180/10683 | Loss 0.1947 | LR 1.6751e-06
2026-03-11 14:53:33 INFO Epoch 10 | Step 3200/10683 | Loss 0.1947 | LR 1.6662e-06
2026-03-11 14:53:50 INFO Epoch 10 | Step 3220/10683 | Loss 0.1945 | LR 1.6574e-06
2026-03-11 14:54:06 INFO Epoch 10 | Step 3240/10683 | Loss 0.1946 | LR 1.6485e-06
2026-03-11 14:54:23 INFO Epoch 10 | Step 3260/10683 | Loss 0.1944 | LR 1.6397e-06
2026-03-11 14:54:40 INFO Epoch 10 | Step 3280/10683 | Loss 0.1943 | LR 1.6310e-06
2026-03-11 14:54:57 INFO Epoch 10 | Step 3300/10683 | Loss 0.1944 | LR 1.6222e-06
2026-03-11 14:55:14 INFO Epoch 10 | Step 3320/10683 | Loss 0.1943 | LR 1.6135e-06
2026-03-11 14:55:30 INFO Epoch 10 | Step 3340/10683 | Loss 0.1942 | LR 1.6048e-06
2026-03-11 14:55:47 INFO Epoch 10 | Step 3360/10683 | Loss 0.1941 | LR 1.5961e-06
2026-03-11 14:56:04 INFO Epoch 10 | Step 3380/10683 | Loss 0.1943 | LR 1.5874e-06
2026-03-11 14:56:20 INFO Epoch 10 | Step 3400/10683 | Loss 0.1942 | LR 1.5788e-06
2026-03-11 14:56:37 INFO Epoch 10 | Step 3420/10683 | Loss 0.1941 | LR 1.5702e-06
2026-03-11 14:56:53 INFO Epoch 10 | Step 3440/10683 | Loss 0.1942 | LR 1.5616e-06
2026-03-11 14:57:10 INFO Epoch 10 | Step 3460/10683 | Loss 0.1942 | LR 1.5530e-06
2026-03-11 14:57:27 INFO Epoch 10 | Step 3480/10683 | Loss 0.1943 | LR 1.5445e-06
2026-03-11 14:57:43 INFO Epoch 10 | Step 3500/10683 | Loss 0.1943 | LR 1.5360e-06
2026-03-11 14:58:00 INFO Epoch 10 | Step 3520/10683 | Loss 0.1942 | LR 1.5275e-06
2026-03-11 14:58:16 INFO Epoch 10 | Step 3540/10683 | Loss 0.1942 | LR 1.5190e-06
2026-03-11 14:58:33 INFO Epoch 10 | Step 3560/10683 | Loss 0.1941 | LR 1.5105e-06
2026-03-11 14:58:49 INFO Epoch 10 | Step 3580/10683 | Loss 0.1940 | LR 1.5021e-06
2026-03-11 14:59:06 INFO Epoch 10 | Step 3600/10683 | Loss 0.1941 | LR 1.4937e-06
2026-03-11 14:59:23 INFO Epoch 10 | Step 3620/10683 | Loss 0.1940 | LR 1.4853e-06
2026-03-11 14:59:39 INFO Epoch 10 | Step 3640/10683 | Loss 0.1939 | LR 1.4770e-06
2026-03-11 14:59:56 INFO Epoch 10 | Step 3660/10683 | Loss 0.1938 | LR 1.4686e-06
2026-03-11 15:00:13 INFO Epoch 10 | Step 3680/10683 | Loss 0.1938 | LR 1.4603e-06
2026-03-11 15:00:29 INFO Epoch 10 | Step 3700/10683 | Loss 0.1938 | LR 1.4520e-06
2026-03-11 15:00:46 INFO Epoch 10 | Step 3720/10683 | Loss 0.1938 | LR 1.4438e-06
2026-03-11 15:01:03 INFO Epoch 10 | Step 3740/10683 | Loss 0.1937 | LR 1.4355e-06
2026-03-11 15:01:19 INFO Epoch 10 | Step 3760/10683 | Loss 0.1937 | LR 1.4273e-06
2026-03-11 15:01:36 INFO Epoch 10 | Step 3780/10683 | Loss 0.1935 | LR 1.4191e-06
2026-03-11 15:01:53 INFO Epoch 10 | Step 3800/10683 | Loss 0.1935 | LR 1.4110e-06
2026-03-11 15:02:09 INFO Epoch 10 | Step 3820/10683 | Loss 0.1935 | LR 1.4028e-06
2026-03-11 15:02:26 INFO Epoch 10 | Step 3840/10683 | Loss 0.1935 | LR 1.3947e-06
2026-03-11 15:02:43 INFO Epoch 10 | Step 3860/10683 | Loss 0.1935 | LR 1.3866e-06
2026-03-11 15:02:59 INFO Epoch 10 | Step 3880/10683 | Loss 0.1935 | LR 1.3785e-06
2026-03-11 15:03:16 INFO Epoch 10 | Step 3900/10683 | Loss 0.1935 | LR 1.3704e-06
2026-03-11 15:03:33 INFO Epoch 10 | Step 3920/10683 | Loss 0.1935 | LR 1.3624e-06
2026-03-11 15:03:50 INFO Epoch 10 | Step 3940/10683 | Loss 0.1934 | LR 1.3544e-06
2026-03-11 15:04:07 INFO Epoch 10 | Step 3960/10683 | Loss 0.1934 | LR 1.3464e-06
2026-03-11 15:04:24 INFO Epoch 10 | Step 3980/10683 | Loss 0.1934 | LR 1.3385e-06
2026-03-11 15:04:40 INFO Epoch 10 | Step 4000/10683 | Loss 0.1933 | LR 1.3305e-06
2026-03-11 15:04:57 INFO Epoch 10 | Step 4020/10683 | Loss 0.1933 | LR 1.3226e-06
2026-03-11 15:05:14 INFO Epoch 10 | Step 4040/10683 | Loss 0.1933 | LR 1.3147e-06
2026-03-11 15:05:31 INFO Epoch 10 | Step 4060/10683 | Loss 0.1934 | LR 1.3068e-06
2026-03-11 15:05:48 INFO Epoch 10 | Step 4080/10683 | Loss 0.1934 | LR 1.2990e-06
2026-03-11 15:06:05 INFO Epoch 10 | Step 4100/10683 | Loss 0.1933 | LR 1.2912e-06
2026-03-11 15:06:22 INFO Epoch 10 | Step 4120/10683 | Loss 0.1933 | LR 1.2834e-06
2026-03-11 15:06:39 INFO Epoch 10 | Step 4140/10683 | Loss 0.1932 | LR 1.2756e-06
2026-03-11 15:06:55 INFO Epoch 10 | Step 4160/10683 | Loss 0.1932 | LR 1.2679e-06
2026-03-11 15:07:12 INFO Epoch 10 | Step 4180/10683 | Loss 0.1932 | LR 1.2601e-06
2026-03-11 15:07:29 INFO Epoch 10 | Step 4200/10683 | Loss 0.1932 | LR 1.2524e-06
2026-03-11 15:07:46 INFO Epoch 10 | Step 4220/10683 | Loss 0.1931 | LR 1.2447e-06
2026-03-11 15:08:03 INFO Epoch 10 | Step 4240/10683 | Loss 0.1930 | LR 1.2371e-06
2026-03-11 15:08:20 INFO Epoch 10 | Step 4260/10683 | Loss 0.1930 | LR 1.2294e-06
2026-03-11 15:08:37 INFO Epoch 10 | Step 4280/10683 | Loss 0.1930 | LR 1.2218e-06
2026-03-11 15:08:54 INFO Epoch 10 | Step 4300/10683 | Loss 0.1930 | LR 1.2142e-06
2026-03-11 15:09:11 INFO Epoch 10 | Step 4320/10683 | Loss 0.1931 | LR 1.2067e-06
2026-03-11 15:09:28 INFO Epoch 10 | Step 4340/10683 | Loss 0.1931 | LR 1.1991e-06
2026-03-11 15:09:44 INFO Epoch 10 | Step 4360/10683 | Loss 0.1932 | LR 1.1916e-06
2026-03-11 15:10:01 INFO Epoch 10 | Step 4380/10683 | Loss 0.1931 | LR 1.1841e-06
2026-03-11 15:10:18 INFO Epoch 10 | Step 4400/10683 | Loss 0.1932 | LR 1.1766e-06
2026-03-11 15:10:35 INFO Epoch 10 | Step 4420/10683 | Loss 0.1932 | LR 1.1692e-06
2026-03-11 15:10:52 INFO Epoch 10 | Step 4440/10683 | Loss 0.1933 | LR 1.1618e-06
2026-03-11 15:11:09 INFO Epoch 10 | Step 4460/10683 | Loss 0.1933 | LR 1.1544e-06
2026-03-11 15:11:25 INFO Epoch 10 | Step 4480/10683 | Loss 0.1933 | LR 1.1470e-06
2026-03-11 15:11:42 INFO Epoch 10 | Step 4500/10683 | Loss 0.1932 | LR 1.1396e-06
2026-03-11 15:11:59 INFO Epoch 10 | Step 4520/10683 | Loss 0.1933 | LR 1.1323e-06
2026-03-11 15:12:16 INFO Epoch 10 | Step 4540/10683 | Loss 0.1932 | LR 1.1250e-06
2026-03-11 15:12:33 INFO Epoch 10 | Step 4560/10683 | Loss 0.1932 | LR 1.1177e-06
2026-03-11 15:12:50 INFO Epoch 10 | Step 4580/10683 | Loss 0.1932 | LR 1.1105e-06
2026-03-11 15:13:07 INFO Epoch 10 | Step 4600/10683 | Loss 0.1932 | LR 1.1032e-06
2026-03-11 15:13:23 INFO Epoch 10 | Step 4620/10683 | Loss 0.1931 | LR 1.0960e-06
2026-03-11 15:13:40 INFO Epoch 10 | Step 4640/10683 | Loss 0.1931 | LR 1.0888e-06
2026-03-11 15:13:57 INFO Epoch 10 | Step 4660/10683 | Loss 0.1930 | LR 1.0816e-06
2026-03-11 15:14:14 INFO Epoch 10 | Step 4680/10683 | Loss 0.1930 | LR 1.0745e-06
2026-03-11 15:14:31 INFO Epoch 10 | Step 4700/10683 | Loss 0.1930 | LR 1.0674e-06
2026-03-11 15:14:48 INFO Epoch 10 | Step 4720/10683 | Loss 0.1930 | LR 1.0603e-06
2026-03-11 15:15:05 INFO Epoch 10 | Step 4740/10683 | Loss 0.1929 | LR 1.0532e-06
2026-03-11 15:15:22 INFO Epoch 10 | Step 4760/10683 | Loss 0.1931 | LR 1.0462e-06
2026-03-11 15:15:39 INFO Epoch 10 | Step 4780/10683 | Loss 0.1930 | LR 1.0391e-06
2026-03-11 15:15:55 INFO Epoch 10 | Step 4800/10683 | Loss 0.1930 | LR 1.0321e-06
2026-03-11 15:16:12 INFO Epoch 10 | Step 4820/10683 | Loss 0.1931 | LR 1.0251e-06
2026-03-11 15:16:29 INFO Epoch 10 | Step 4840/10683 | Loss 0.1931 | LR 1.0182e-06
2026-03-11 15:16:46 INFO Epoch 10 | Step 4860/10683 | Loss 0.1931 | LR 1.0113e-06
2026-03-11 15:17:03 INFO Epoch 10 | Step 4880/10683 | Loss 0.1930 | LR 1.0043e-06
2026-03-11 15:17:20 INFO Epoch 10 | Step 4900/10683 | Loss 0.1929 | LR 9.9746e-07
2026-03-11 15:17:37 INFO Epoch 10 | Step 4920/10683 | Loss 0.1928 | LR 9.9060e-07
2026-03-11 15:17:54 INFO Epoch 10 | Step 4940/10683 | Loss 0.1928 | LR 9.8376e-07
2026-03-11 15:18:10 INFO Epoch 10 | Step 4960/10683 | Loss 0.1928 | LR 9.7694e-07
2026-03-11 15:18:27 INFO Epoch 10 | Step 4980/10683 | Loss 0.1927 | LR 9.7015e-07
2026-03-11 15:18:44 INFO Epoch 10 | Step 5000/10683 | Loss 0.1927 | LR 9.6338e-07
2026-03-11 15:19:01 INFO Epoch 10 | Step 5020/10683 | Loss 0.1927 | LR 9.5663e-07
2026-03-11 15:19:18 INFO Epoch 10 | Step 5040/10683 | Loss 0.1927 | LR 9.4991e-07
2026-03-11 15:19:35 INFO Epoch 10 | Step 5060/10683 | Loss 0.1928 | LR 9.4321e-07
2026-03-11 15:19:52 INFO Epoch 10 | Step 5080/10683 | Loss 0.1927 | LR 9.3654e-07
2026-03-11 15:20:09 INFO Epoch 10 | Step 5100/10683 | Loss 0.1928 | LR 9.2989e-07
2026-03-11 15:20:26 INFO Epoch 10 | Step 5120/10683 | Loss 0.1927 | LR 9.2326e-07
2026-03-11 15:20:43 INFO Epoch 10 | Step 5140/10683 | Loss 0.1927 | LR 9.1665e-07
2026-03-11 15:21:00 INFO Epoch 10 | Step 5160/10683 | Loss 0.1928 | LR 9.1007e-07
2026-03-11 15:21:16 INFO Epoch 10 | Step 5180/10683 | Loss 0.1927 | LR 9.0352e-07
2026-03-11 15:21:33 INFO Epoch 10 | Step 5200/10683 | Loss 0.1927 | LR 8.9698e-07
2026-03-11 15:21:50 INFO Epoch 10 | Step 5220/10683 | Loss 0.1926 | LR 8.9047e-07
2026-03-11 15:22:07 INFO Epoch 10 | Step 5240/10683 | Loss 0.1926 | LR 8.8398e-07
2026-03-11 15:22:24 INFO Epoch 10 | Step 5260/10683 | Loss 0.1926 | LR 8.7752e-07
2026-03-11 15:22:41 INFO Epoch 10 | Step 5280/10683 | Loss 0.1926 | LR 8.7108e-07
2026-03-11 15:22:58 INFO Epoch 10 | Step 5300/10683 | Loss 0.1926 | LR 8.6466e-07
2026-03-11 15:23:15 INFO Epoch 10 | Step 5320/10683 | Loss 0.1927 | LR 8.5827e-07
2026-03-11 15:23:32 INFO Epoch 10 | Step 5340/10683 | Loss 0.1927 | LR 8.5190e-07
2026-03-11 15:23:49 INFO Epoch 10 | Step 5360/10683 | Loss 0.1927 | LR 8.4555e-07
2026-03-11 15:24:06 INFO Epoch 10 | Step 5380/10683 | Loss 0.1926 | LR 8.3923e-07
2026-03-11 15:24:22 INFO Epoch 10 | Step 5400/10683 | Loss 0.1927 | LR 8.3293e-07
2026-03-11 15:24:39 INFO Epoch 10 | Step 5420/10683 | Loss 0.1927 | LR 8.2666e-07
2026-03-11 15:24:56 INFO Epoch 10 | Step 5440/10683 | Loss 0.1927 | LR 8.2041e-07
2026-03-11 15:25:13 INFO Epoch 10 | Step 5460/10683 | Loss 0.1925 | LR 8.1418e-07
2026-03-11 15:25:30 INFO Epoch 10 | Step 5480/10683 | Loss 0.1925 | LR 8.0797e-07
2026-03-11 15:25:47 INFO Epoch 10 | Step 5500/10683 | Loss 0.1925 | LR 8.0179e-07
2026-03-11 15:26:04 INFO Epoch 10 | Step 5520/10683 | Loss 0.1925 | LR 7.9563e-07
2026-03-11 15:26:21 INFO Epoch 10 | Step 5540/10683 | Loss 0.1925 | LR 7.8950e-07
2026-03-11 15:26:37 INFO Epoch 10 | Step 5560/10683 | Loss 0.1925 | LR 7.8339e-07
2026-03-11 15:26:54 INFO Epoch 10 | Step 5580/10683 | Loss 0.1925 | LR 7.7730e-07
2026-03-11 15:27:11 INFO Epoch 10 | Step 5600/10683 | Loss 0.1925 | LR 7.7124e-07
2026-03-11 15:27:28 INFO Epoch 10 | Step 5620/10683 | Loss 0.1925 | LR 7.6520e-07
2026-03-11 15:27:45 INFO Epoch 10 | Step 5640/10683 | Loss 0.1925 | LR 7.5918e-07
2026-03-11 15:28:02 INFO Epoch 10 | Step 5660/10683 | Loss 0.1925 | LR 7.5319e-07
2026-03-11 15:28:19 INFO Epoch 10 | Step 5680/10683 | Loss 0.1924 | LR 7.4722e-07
2026-03-11 15:28:36 INFO Epoch 10 | Step 5700/10683 | Loss 0.1924 | LR 7.4128e-07
2026-03-11 15:28:53 INFO Epoch 10 | Step 5720/10683 | Loss 0.1925 | LR 7.3535e-07
2026-03-11 15:29:09 INFO Epoch 10 | Step 5740/10683 | Loss 0.1924 | LR 7.2946e-07
2026-03-11 15:29:26 INFO Epoch 10 | Step 5760/10683 | Loss 0.1924 | LR 7.2358e-07
2026-03-11 15:29:43 INFO Epoch 10 | Step 5780/10683 | Loss 0.1925 | LR 7.1773e-07
2026-03-11 15:30:00 INFO Epoch 10 | Step 5800/10683 | Loss 0.1925 | LR 7.1190e-07
2026-03-11 15:30:17 INFO Epoch 10 | Step 5820/10683 | Loss 0.1925 | LR 7.0610e-07
2026-03-11 15:30:33 INFO Epoch 10 | Step 5840/10683 | Loss 0.1924 | LR 7.0032e-07
2026-03-11 15:30:50 INFO Epoch 10 | Step 5860/10683 | Loss 0.1924 | LR 6.9456e-07
2026-03-11 15:31:07 INFO Epoch 10 | Step 5880/10683 | Loss 0.1924 | LR 6.8883e-07
2026-03-11 15:31:24 INFO Epoch 10 | Step 5900/10683 | Loss 0.1923 | LR 6.8312e-07
2026-03-11 15:31:41 INFO Epoch 10 | Step 5920/10683 | Loss 0.1923 | LR 6.7743e-07
2026-03-11 15:31:58 INFO Epoch 10 | Step 5940/10683 | Loss 0.1923 | LR 6.7177e-07
2026-03-11 15:32:15 INFO Epoch 10 | Step 5960/10683 | Loss 0.1923 | LR 6.6613e-07
2026-03-11 15:32:32 INFO Epoch 10 | Step 5980/10683 | Loss 0.1923 | LR 6.6052e-07
2026-03-11 15:32:48 INFO Epoch 10 | Step 6000/10683 | Loss 0.1923 | LR 6.5493e-07
2026-03-11 15:33:05 INFO Epoch 10 | Step 6020/10683 | Loss 0.1922 | LR 6.4936e-07
2026-03-11 15:33:22 INFO Epoch 10 | Step 6040/10683 | Loss 0.1922 | LR 6.4381e-07
2026-03-11 15:33:39 INFO Epoch 10 | Step 6060/10683 | Loss 0.1921 | LR 6.3829e-07
2026-03-11 15:33:56 INFO Epoch 10 | Step 6080/10683 | Loss 0.1922 | LR 6.3280e-07
2026-03-11 15:34:12 INFO Epoch 10 | Step 6100/10683 | Loss 0.1922 | LR 6.2732e-07
2026-03-11 15:34:29 INFO Epoch 10 | Step 6120/10683 | Loss 0.1922 | LR 6.2187e-07
2026-03-11 15:34:46 INFO Epoch 10 | Step 6140/10683 | Loss 0.1922 | LR 6.1645e-07
2026-03-11 15:35:03 INFO Epoch 10 | Step 6160/10683 | Loss 0.1922 | LR 6.1105e-07
2026-03-11 15:35:20 INFO Epoch 10 | Step 6180/10683 | Loss 0.1922 | LR 6.0567e-07
2026-03-11 15:35:37 INFO Epoch 10 | Step 6200/10683 | Loss 0.1922 | LR 6.0031e-07
2026-03-11 15:35:53 INFO Epoch 10 | Step 6220/10683 | Loss 0.1923 | LR 5.9498e-07
2026-03-11 15:36:10 INFO Epoch 10 | Step 6240/10683 | Loss 0.1923 | LR 5.8967e-07
2026-03-11 15:36:27 INFO Epoch 10 | Step 6260/10683 | Loss 0.1922 | LR 5.8439e-07
2026-03-11 15:36:44 INFO Epoch 10 | Step 6280/10683 | Loss 0.1922 | LR 5.7913e-07
2026-03-11 15:37:00 INFO Epoch 10 | Step 6300/10683 | Loss 0.1922 | LR 5.7389e-07
2026-03-11 15:37:17 INFO Epoch 10 | Step 6320/10683 | Loss 0.1922 | LR 5.6868e-07
2026-03-11 15:37:34 INFO Epoch 10 | Step 6340/10683 | Loss 0.1922 | LR 5.6349e-07
2026-03-11 15:37:50 INFO Epoch 10 | Step 6360/10683 | Loss 0.1922 | LR 5.5832e-07
2026-03-11 15:38:06 INFO Epoch 10 | Step 6380/10683 | Loss 0.1923 | LR 5.5318e-07
2026-03-11 15:38:23 INFO Epoch 10 | Step 6400/10683 | Loss 0.1923 | LR 5.4806e-07
2026-03-11 15:38:39 INFO Epoch 10 | Step 6420/10683 | Loss 0.1924 | LR 5.4297e-07
2026-03-11 15:38:55 INFO Epoch 10 | Step 6440/10683 | Loss 0.1924 | LR 5.3790e-07
2026-03-11 15:39:12 INFO Epoch 10 | Step 6460/10683 | Loss 0.1924 | LR 5.3285e-07
2026-03-11 15:39:29 INFO Epoch 10 | Step 6480/10683 | Loss 0.1924 | LR 5.2783e-07
2026-03-11 15:39:45 INFO Epoch 10 | Step 6500/10683 | Loss 0.1923 | LR 5.2283e-07
2026-03-11 15:40:02 INFO Epoch 10 | Step 6520/10683 | Loss 0.1923 | LR 5.1785e-07
2026-03-11 15:40:18 INFO Epoch 10 | Step 6540/10683 | Loss 0.1924 | LR 5.1290e-07
2026-03-11 15:40:35 INFO Epoch 10 | Step 6560/10683 | Loss 0.1924 | LR 5.0797e-07
2026-03-11 15:40:51 INFO Epoch 10 | Step 6580/10683 | Loss 0.1924 | LR 5.0306e-07
2026-03-11 15:41:08 INFO Epoch 10 | Step 6600/10683 | Loss 0.1923 | LR 4.9818e-07
2026-03-11 15:41:24 INFO Epoch 10 | Step 6620/10683 | Loss 0.1923 | LR 4.9332e-07
2026-03-11 15:41:41 INFO Epoch 10 | Step 6640/10683 | Loss 0.1922 | LR 4.8849e-07
2026-03-11 15:41:57 INFO Epoch 10 | Step 6660/10683 | Loss 0.1922 | LR 4.8368e-07
2026-03-11 15:42:14 INFO Epoch 10 | Step 6680/10683 | Loss 0.1922 | LR 4.7889e-07
2026-03-11 15:42:30 INFO Epoch 10 | Step 6700/10683 | Loss 0.1922 | LR 4.7413e-07
2026-03-11 15:42:46 INFO Epoch 10 | Step 6720/10683 | Loss 0.1922 | LR 4.6939e-07
2026-03-11 15:43:03 INFO Epoch 10 | Step 6740/10683 | Loss 0.1922 | LR 4.6467e-07
2026-03-11 15:43:19 INFO Epoch 10 | Step 6760/10683 | Loss 0.1922 | LR 4.5998e-07
2026-03-11 15:43:36 INFO Epoch 10 | Step 6780/10683 | Loss 0.1923 | LR 4.5531e-07
2026-03-11 15:43:52 INFO Epoch 10 | Step 6800/10683 | Loss 0.1922 | LR 4.5067e-07
2026-03-11 15:44:09 INFO Epoch 10 | Step 6820/10683 | Loss 0.1922 | LR 4.4605e-07
2026-03-11 15:44:25 INFO Epoch 10 | Step 6840/10683 | Loss 0.1922 | LR 4.4145e-07
2026-03-11 15:44:42 INFO Epoch 10 | Step 6860/10683 | Loss 0.1923 | LR 4.3688e-07
2026-03-11 15:44:58 INFO Epoch 10 | Step 6880/10683 | Loss 0.1922 | LR 4.3233e-07
2026-03-11 15:45:15 INFO Epoch 10 | Step 6900/10683 | Loss 0.1923 | LR 4.2780e-07
2026-03-11 15:45:31 INFO Epoch 10 | Step 6920/10683 | Loss 0.1923 | LR 4.2330e-07
2026-03-11 15:45:48 INFO Epoch 10 | Step 6940/10683 | Loss 0.1924 | LR 4.1882e-07
2026-03-11 15:46:04 INFO Epoch 10 | Step 6960/10683 | Loss 0.1924 | LR 4.1437e-07
2026-03-11 15:46:21 INFO Epoch 10 | Step 6980/10683 | Loss 0.1924 | LR 4.0994e-07
2026-03-11 15:46:37 INFO Epoch 10 | Step 7000/10683 | Loss 0.1924 | LR 4.0553e-07
2026-03-11 15:46:54 INFO Epoch 10 | Step 7020/10683 | Loss 0.1924 | LR 4.0115e-07
2026-03-11 15:47:10 INFO Epoch 10 | Step 7040/10683 | Loss 0.1925 | LR 3.9679e-07
2026-03-11 15:47:27 INFO Epoch 10 | Step 7060/10683 | Loss 0.1924 | LR 3.9245e-07
2026-03-11 15:47:43 INFO Epoch 10 | Step 7080/10683 | Loss 0.1925 | LR 3.8814e-07
2026-03-11 15:48:00 INFO Epoch 10 | Step 7100/10683 | Loss 0.1925 | LR 3.8385e-07
2026-03-11 15:48:17 INFO Epoch 10 | Step 7120/10683 | Loss 0.1925 | LR 3.7959e-07
2026-03-11 15:48:33 INFO Epoch 10 | Step 7140/10683 | Loss 0.1924 | LR 3.7534e-07
2026-03-11 15:48:50 INFO Epoch 10 | Step 7160/10683 | Loss 0.1924 | LR 3.7113e-07
2026-03-11 15:49:06 INFO Epoch 10 | Step 7180/10683 | Loss 0.1924 | LR 3.6693e-07
2026-03-11 15:49:23 INFO Epoch 10 | Step 7200/10683 | Loss 0.1924 | LR 3.6276e-07
2026-03-11 15:49:40 INFO Epoch 10 | Step 7220/10683 | Loss 0.1924 | LR 3.5862e-07
2026-03-11 15:49:56 INFO Epoch 10 | Step 7240/10683 | Loss 0.1924 | LR 3.5450e-07
2026-03-11 15:50:13 INFO Epoch 10 | Step 7260/10683 | Loss 0.1924 | LR 3.5040e-07
2026-03-11 15:50:29 INFO Epoch 10 | Step 7280/10683 | Loss 0.1924 | LR 3.4632e-07
2026-03-11 15:50:46 INFO Epoch 10 | Step 7300/10683 | Loss 0.1924 | LR 3.4227e-07
2026-03-11 15:51:02 INFO Epoch 10 | Step 7320/10683 | Loss 0.1924 | LR 3.3825e-07
2026-03-11 15:51:19 INFO Epoch 10 | Step 7340/10683 | Loss 0.1924 | LR 3.3424e-07
2026-03-11 15:51:35 INFO Epoch 10 | Step 7360/10683 | Loss 0.1924 | LR 3.3026e-07
2026-03-11 15:51:52 INFO Epoch 10 | Step 7380/10683 | Loss 0.1925 | LR 3.2631e-07
2026-03-11 15:52:09 INFO Epoch 10 | Step 7400/10683 | Loss 0.1926 | LR 3.2238e-07
2026-03-11 15:52:25 INFO Epoch 10 | Step 7420/10683 | Loss 0.1926 | LR 3.1847e-07
2026-03-11 15:52:42 INFO Epoch 10 | Step 7440/10683 | Loss 0.1926 | LR 3.1458e-07
2026-03-11 15:52:58 INFO Epoch 10 | Step 7460/10683 | Loss 0.1926 | LR 3.1072e-07
2026-03-11 15:53:15 INFO Epoch 10 | Step 7480/10683 | Loss 0.1926 | LR 3.0689e-07
2026-03-11 15:53:31 INFO Epoch 10 | Step 7500/10683 | Loss 0.1926 | LR 3.0307e-07
2026-03-11 15:53:48 INFO Epoch 10 | Step 7520/10683 | Loss 0.1926 | LR 2.9929e-07
2026-03-11 15:54:05 INFO Epoch 10 | Step 7540/10683 | Loss 0.1926 | LR 2.9552e-07
2026-03-11 15:54:21 INFO Epoch 10 | Step 7560/10683 | Loss 0.1926 | LR 2.9178e-07
2026-03-11 15:54:38 INFO Epoch 10 | Step 7580/10683 | Loss 0.1926 | LR 2.8806e-07
2026-03-11 15:54:54 INFO Epoch 10 | Step 7600/10683 | Loss 0.1926 | LR 2.8437e-07
2026-03-11 15:55:11 INFO Epoch 10 | Step 7620/10683 | Loss 0.1926 | LR 2.8070e-07
2026-03-11 15:55:27 INFO Epoch 10 | Step 7640/10683 | Loss 0.1926 | LR 2.7705e-07
2026-03-11 15:55:44 INFO Epoch 10 | Step 7660/10683 | Loss 0.1926 | LR 2.7343e-07
2026-03-11 15:56:00 INFO Epoch 10 | Step 7680/10683 | Loss 0.1926 | LR 2.6983e-07
2026-03-11 15:56:17 INFO Epoch 10 | Step 7700/10683 | Loss 0.1926 | LR 2.6625e-07
2026-03-11 15:56:33 INFO Epoch 10 | Step 7720/10683 | Loss 0.1926 | LR 2.6270e-07
2026-03-11 15:56:50 INFO Epoch 10 | Step 7740/10683 | Loss 0.1926 | LR 2.5918e-07
2026-03-11 15:57:06 INFO Epoch 10 | Step 7760/10683 | Loss 0.1926 | LR 2.5567e-07
2026-03-11 15:57:23 INFO Epoch 10 | Step 7780/10683 | Loss 0.1926 | LR 2.5219e-07
2026-03-11 15:57:39 INFO Epoch 10 | Step 7800/10683 | Loss 0.1926 | LR 2.4874e-07
2026-03-11 15:57:56 INFO Epoch 10 | Step 7820/10683 | Loss 0.1926 | LR 2.4531e-07
2026-03-11 15:58:12 INFO Epoch 10 | Step 7840/10683 | Loss 0.1926 | LR 2.4190e-07
2026-03-11 15:58:29 INFO Epoch 10 | Step 7860/10683 | Loss 0.1927 | LR 2.3851e-07
2026-03-11 15:58:45 INFO Epoch 10 | Step 7880/10683 | Loss 0.1927 | LR 2.3515e-07
2026-03-11 15:59:02 INFO Epoch 10 | Step 7900/10683 | Loss 0.1927 | LR 2.3182e-07
2026-03-11 15:59:18 INFO Epoch 10 | Step 7920/10683 | Loss 0.1928 | LR 2.2850e-07
2026-03-11 15:59:35 INFO Epoch 10 | Step 7940/10683 | Loss 0.1928 | LR 2.2521e-07
2026-03-11 15:59:51 INFO Epoch 10 | Step 7960/10683 | Loss 0.1928 | LR 2.2195e-07
2026-03-11 16:00:08 INFO Epoch 10 | Step 7980/10683 | Loss 0.1928 | LR 2.1871e-07
2026-03-11 16:00:24 INFO Epoch 10 | Step 8000/10683 | Loss 0.1927 | LR 2.1549e-07
2026-03-11 16:00:41 INFO Epoch 10 | Step 8020/10683 | Loss 0.1928 | LR 2.1230e-07
2026-03-11 16:00:57 INFO Epoch 10 | Step 8040/10683 | Loss 0.1928 | LR 2.0913e-07
2026-03-11 16:01:14 INFO Epoch 10 | Step 8060/10683 | Loss 0.1928 | LR 2.0598e-07
2026-03-11 16:01:30 INFO Epoch 10 | Step 8080/10683 | Loss 0.1928 | LR 2.0286e-07
2026-03-11 16:01:47 INFO Epoch 10 | Step 8100/10683 | Loss 0.1928 | LR 1.9976e-07
2026-03-11 16:02:03 INFO Epoch 10 | Step 8120/10683 | Loss 0.1929 | LR 1.9669e-07
2026-03-11 16:02:20 INFO Epoch 10 | Step 8140/10683 | Loss 0.1929 | LR 1.9363e-07
2026-03-11 16:02:36 INFO Epoch 10 | Step 8160/10683 | Loss 0.1929 | LR 1.9061e-07
2026-03-11 16:02:53 INFO Epoch 10 | Step 8180/10683 | Loss 0.1929 | LR 1.8760e-07
2026-03-11 16:03:09 INFO Epoch 10 | Step 8200/10683 | Loss 0.1929 | LR 1.8463e-07
2026-03-11 16:03:26 INFO Epoch 10 | Step 8220/10683 | Loss 0.1929 | LR 1.8167e-07
2026-03-11 16:03:42 INFO Epoch 10 | Step 8240/10683 | Loss 0.1929 | LR 1.7874e-07
2026-03-11 16:03:59 INFO Epoch 10 | Step 8260/10683 | Loss 0.1929 | LR 1.7583e-07
2026-03-11 16:04:15 INFO Epoch 10 | Step 8280/10683 | Loss 0.1929 | LR 1.7295e-07
2026-03-11 16:04:32 INFO Epoch 10 | Step 8300/10683 | Loss 0.1928 | LR 1.7009e-07
2026-03-11 16:04:48 INFO Epoch 10 | Step 8320/10683 | Loss 0.1928 | LR 1.6725e-07
2026-03-11 16:05:05 INFO Epoch 10 | Step 8340/10683 | Loss 0.1928 | LR 1.6444e-07
2026-03-11 16:05:21 INFO Epoch 10 | Step 8360/10683 | Loss 0.1928 | LR 1.6165e-07
2026-03-11 16:05:37 INFO Epoch 10 | Step 8380/10683 | Loss 0.1928 | LR 1.5889e-07
2026-03-11 16:05:54 INFO Epoch 10 | Step 8400/10683 | Loss 0.1928 | LR 1.5615e-07
2026-03-11 16:06:11 INFO Epoch 10 | Step 8420/10683 | Loss 0.1928 | LR 1.5343e-07
2026-03-11 16:06:27 INFO Epoch 10 | Step 8440/10683 | Loss 0.1928 | LR 1.5074e-07
2026-03-11 16:06:44 INFO Epoch 10 | Step 8460/10683 | Loss 0.1928 | LR 1.4807e-07
2026-03-11 16:07:00 INFO Epoch 10 | Step 8480/10683 | Loss 0.1928 | LR 1.4542e-07
2026-03-11 16:07:17 INFO Epoch 10 | Step 8500/10683 | Loss 0.1927 | LR 1.4280e-07
2026-03-11 16:07:33 INFO Epoch 10 | Step 8520/10683 | Loss 0.1927 | LR 1.4020e-07
2026-03-11 16:07:50 INFO Epoch 10 | Step 8540/10683 | Loss 0.1926 | LR 1.3763e-07
2026-03-11 16:08:06 INFO Epoch 10 | Step 8560/10683 | Loss 0.1926 | LR 1.3508e-07
2026-03-11 16:08:22 INFO Epoch 10 | Step 8580/10683 | Loss 0.1926 | LR 1.3256e-07
2026-03-11 16:08:39 INFO Epoch 10 | Step 8600/10683 | Loss 0.1926 | LR 1.3005e-07
2026-03-11 16:08:56 INFO Epoch 10 | Step 8620/10683 | Loss 0.1926 | LR 1.2758e-07
2026-03-11 16:09:12 INFO Epoch 10 | Step 8640/10683 | Loss 0.1927 | LR 1.2512e-07
2026-03-11 16:09:29 INFO Epoch 10 | Step 8660/10683 | Loss 0.1927 | LR 1.2269e-07
2026-03-11 16:09:45 INFO Epoch 10 | Step 8680/10683 | Loss 0.1927 | LR 1.2029e-07
2026-03-11 16:10:02 INFO Epoch 10 | Step 8700/10683 | Loss 0.1927 | LR 1.1790e-07
2026-03-11 16:10:18 INFO Epoch 10 | Step 8720/10683 | Loss 0.1927 | LR 1.1554e-07
2026-03-11 16:10:35 INFO Epoch 10 | Step 8740/10683 | Loss 0.1926 | LR 1.1321e-07
2026-03-11 16:10:51 INFO Epoch 10 | Step 8760/10683 | Loss 0.1927 | LR 1.1090e-07
2026-03-11 16:11:08 INFO Epoch 10 | Step 8780/10683 | Loss 0.1926 | LR 1.0861e-07
2026-03-11 16:11:25 INFO Epoch 10 | Step 8800/10683 | Loss 0.1927 | LR 1.0635e-07
2026-03-11 16:11:41 INFO Epoch 10 | Step 8820/10683 | Loss 0.1927 | LR 1.0411e-07
2026-03-11 16:11:58 INFO Epoch 10 | Step 8840/10683 | Loss 0.1927 | LR 1.0190e-07
2026-03-11 16:12:14 INFO Epoch 10 | Step 8860/10683 | Loss 0.1926 | LR 9.9704e-08
2026-03-11 16:12:31 INFO Epoch 10 | Step 8880/10683 | Loss 0.1926 | LR 9.7537e-08
2026-03-11 16:12:47 INFO Epoch 10 | Step 8900/10683 | Loss 0.1926 | LR 9.5393e-08
2026-03-11 16:13:04 INFO Epoch 10 | Step 8920/10683 | Loss 0.1927 | LR 9.3273e-08
2026-03-11 16:13:20 INFO Epoch 10 | Step 8940/10683 | Loss 0.1927 | LR 9.1178e-08
2026-03-11 16:13:37 INFO Epoch 10 | Step 8960/10683 | Loss 0.1926 | LR 8.9106e-08
2026-03-11 16:13:54 INFO Epoch 10 | Step 8980/10683 | Loss 0.1926 | LR 8.7058e-08
2026-03-11 16:14:10 INFO Epoch 10 | Step 9000/10683 | Loss 0.1926 | LR 8.5034e-08
2026-03-11 16:14:27 INFO Epoch 10 | Step 9020/10683 | Loss 0.1926 | LR 8.3033e-08
2026-03-11 16:14:43 INFO Epoch 10 | Step 9040/10683 | Loss 0.1926 | LR 8.1057e-08
2026-03-11 16:15:00 INFO Epoch 10 | Step 9060/10683 | Loss 0.1925 | LR 7.9105e-08
2026-03-11 16:15:17 INFO Epoch 10 | Step 9080/10683 | Loss 0.1925 | LR 7.7176e-08
2026-03-11 16:15:33 INFO Epoch 10 | Step 9100/10683 | Loss 0.1925 | LR 7.5272e-08
2026-03-11 16:15:50 INFO Epoch 10 | Step 9120/10683 | Loss 0.1925 | LR 7.3391e-08
2026-03-11 16:16:07 INFO Epoch 10 | Step 9140/10683 | Loss 0.1925 | LR 7.1534e-08
2026-03-11 16:16:23 INFO Epoch 10 | Step 9160/10683 | Loss 0.1925 | LR 6.9702e-08
2026-03-11 16:16:40 INFO Epoch 10 | Step 9180/10683 | Loss 0.1925 | LR 6.7893e-08
2026-03-11 16:16:57 INFO Epoch 10 | Step 9200/10683 | Loss 0.1924 | LR 6.6108e-08
2026-03-11 16:17:13 INFO Epoch 10 | Step 9220/10683 | Loss 0.1924 | LR 6.4346e-08
2026-03-11 16:17:30 INFO Epoch 10 | Step 9240/10683 | Loss 0.1924 | LR 6.2609e-08
2026-03-11 16:17:46 INFO Epoch 10 | Step 9260/10683 | Loss 0.1925 | LR 6.0896e-08
2026-03-11 16:18:03 INFO Epoch 10 | Step 9280/10683 | Loss 0.1924 | LR 5.9206e-08
2026-03-11 16:18:19 INFO Epoch 10 | Step 9300/10683 | Loss 0.1924 | LR 5.7541e-08
2026-03-11 16:18:36 INFO Epoch 10 | Step 9320/10683 | Loss 0.1925 | LR 5.5899e-08
2026-03-11 16:18:52 INFO Epoch 10 | Step 9340/10683 | Loss 0.1925 | LR 5.4282e-08
2026-03-11 16:19:09 INFO Epoch 10 | Step 9360/10683 | Loss 0.1925 | LR 5.2688e-08
2026-03-11 16:19:26 INFO Epoch 10 | Step 9380/10683 | Loss 0.1925 | LR 5.1118e-08
2026-03-11 16:19:42 INFO Epoch 10 | Step 9400/10683 | Loss 0.1925 | LR 4.9572e-08
2026-03-11 16:19:59 INFO Epoch 10 | Step 9420/10683 | Loss 0.1925 | LR 4.8050e-08
2026-03-11 16:20:15 INFO Epoch 10 | Step 9440/10683 | Loss 0.1925 | LR 4.6552e-08
2026-03-11 16:20:32 INFO Epoch 10 | Step 9460/10683 | Loss 0.1925 | LR 4.5078e-08
2026-03-11 16:20:49 INFO Epoch 10 | Step 9480/10683 | Loss 0.1925 | LR 4.3627e-08
2026-03-11 16:21:05 INFO Epoch 10 | Step 9500/10683 | Loss 0.1925 | LR 4.2201e-08
2026-03-11 16:21:22 INFO Epoch 10 | Step 9520/10683 | Loss 0.1924 | LR 4.0799e-08
2026-03-11 16:21:38 INFO Epoch 10 | Step 9540/10683 | Loss 0.1924 | LR 3.9420e-08
2026-03-11 16:21:55 INFO Epoch 10 | Step 9560/10683 | Loss 0.1924 | LR 3.8066e-08
2026-03-11 16:22:12 INFO Epoch 10 | Step 9580/10683 | Loss 0.1924 | LR 3.6735e-08
2026-03-11 16:22:28 INFO Epoch 10 | Step 9600/10683 | Loss 0.1924 | LR 3.5428e-08
2026-03-11 16:22:45 INFO Epoch 10 | Step 9620/10683 | Loss 0.1925 | LR 3.4145e-08
2026-03-11 16:23:01 INFO Epoch 10 | Step 9640/10683 | Loss 0.1924 | LR 3.2886e-08
2026-03-11 16:23:18 INFO Epoch 10 | Step 9660/10683 | Loss 0.1924 | LR 3.1651e-08
2026-03-11 16:23:35 INFO Epoch 10 | Step 9680/10683 | Loss 0.1924 | LR 3.0440e-08
2026-03-11 16:23:51 INFO Epoch 10 | Step 9700/10683 | Loss 0.1924 | LR 2.9253e-08
2026-03-11 16:24:08 INFO Epoch 10 | Step 9720/10683 | Loss 0.1924 | LR 2.8090e-08
2026-03-11 16:24:24 INFO Epoch 10 | Step 9740/10683 | Loss 0.1924 | LR 2.6951e-08
2026-03-11 16:24:41 INFO Epoch 10 | Step 9760/10683 | Loss 0.1924 | LR 2.5835e-08
2026-03-11 16:24:58 INFO Epoch 10 | Step 9780/10683 | Loss 0.1925 | LR 2.4744e-08
2026-03-11 16:25:14 INFO Epoch 10 | Step 9800/10683 | Loss 0.1925 | LR 2.3676e-08
2026-03-11 16:25:31 INFO Epoch 10 | Step 9820/10683 | Loss 0.1924 | LR 2.2633e-08
2026-03-11 16:25:48 INFO Epoch 10 | Step 9840/10683 | Loss 0.1924 | LR 2.1613e-08
2026-03-11 16:26:04 INFO Epoch 10 | Step 9860/10683 | Loss 0.1924 | LR 2.0618e-08
2026-03-11 16:26:21 INFO Epoch 10 | Step 9880/10683 | Loss 0.1924 | LR 1.9646e-08
2026-03-11 16:26:37 INFO Epoch 10 | Step 9900/10683 | Loss 0.1925 | LR 1.8698e-08
2026-03-11 16:26:54 INFO Epoch 10 | Step 9920/10683 | Loss 0.1925 | LR 1.7774e-08
2026-03-11 16:27:11 INFO Epoch 10 | Step 9940/10683 | Loss 0.1925 | LR 1.6874e-08
2026-03-11 16:27:27 INFO Epoch 10 | Step 9960/10683 | Loss 0.1925 | LR 1.5998e-08
2026-03-11 16:27:44 INFO Epoch 10 | Step 9980/10683 | Loss 0.1925 | LR 1.5146e-08
2026-03-11 16:28:01 INFO Epoch 10 | Step 10000/10683 | Loss 0.1925 | LR 1.4318e-08
2026-03-11 16:28:17 INFO Epoch 10 | Step 10020/10683 | Loss 0.1926 | LR 1.3513e-08
2026-03-11 16:28:34 INFO Epoch 10 | Step 10040/10683 | Loss 0.1925 | LR 1.2733e-08
2026-03-11 16:28:50 INFO Epoch 10 | Step 10060/10683 | Loss 0.1926 | LR 1.1977e-08
2026-03-11 16:29:07 INFO Epoch 10 | Step 10080/10683 | Loss 0.1926 | LR 1.1244e-08
2026-03-11 16:29:24 INFO Epoch 10 | Step 10100/10683 | Loss 0.1926 | LR 1.0535e-08
2026-03-11 16:29:40 INFO Epoch 10 | Step 10120/10683 | Loss 0.1926 | LR 9.8509e-09
2026-03-11 16:29:57 INFO Epoch 10 | Step 10140/10683 | Loss 0.1926 | LR 9.1902e-09
2026-03-11 16:30:14 INFO Epoch 10 | Step 10160/10683 | Loss 0.1926 | LR 8.5535e-09
2026-03-11 16:30:30 INFO Epoch 10 | Step 10180/10683 | Loss 0.1926 | LR 7.9407e-09
2026-03-11 16:30:47 INFO Epoch 10 | Step 10200/10683 | Loss 0.1926 | LR 7.3518e-09
2026-03-11 16:31:03 INFO Epoch 10 | Step 10220/10683 | Loss 0.1926 | LR 6.7869e-09
2026-03-11 16:31:20 INFO Epoch 10 | Step 10240/10683 | Loss 0.1926 | LR 6.2459e-09
2026-03-11 16:31:37 INFO Epoch 10 | Step 10260/10683 | Loss 0.1926 | LR 5.7288e-09
2026-03-11 16:31:53 INFO Epoch 10 | Step 10280/10683 | Loss 0.1926 | LR 5.2357e-09
2026-03-11 16:32:10 INFO Epoch 10 | Step 10300/10683 | Loss 0.1926 | LR 4.7665e-09
2026-03-11 16:32:27 INFO Epoch 10 | Step 10320/10683 | Loss 0.1926 | LR 4.3213e-09
2026-03-11 16:32:43 INFO Epoch 10 | Step 10340/10683 | Loss 0.1925 | LR 3.8999e-09
2026-03-11 16:33:00 INFO Epoch 10 | Step 10360/10683 | Loss 0.1926 | LR 3.5026e-09
2026-03-11 16:33:17 INFO Epoch 10 | Step 10380/10683 | Loss 0.1926 | LR 3.1291e-09
2026-03-11 16:33:33 INFO Epoch 10 | Step 10400/10683 | Loss 0.1925 | LR 2.7796e-09
2026-03-11 16:33:50 INFO Epoch 10 | Step 10420/10683 | Loss 0.1925 | LR 2.4541e-09
2026-03-11 16:34:06 INFO Epoch 10 | Step 10440/10683 | Loss 0.1925 | LR 2.1524e-09
2026-03-11 16:34:23 INFO Epoch 10 | Step 10460/10683 | Loss 0.1926 | LR 1.8747e-09
2026-03-11 16:34:40 INFO Epoch 10 | Step 10480/10683 | Loss 0.1926 | LR 1.6210e-09
2026-03-11 16:34:56 INFO Epoch 10 | Step 10500/10683 | Loss 0.1925 | LR 1.3912e-09
2026-03-11 16:35:13 INFO Epoch 10 | Step 10520/10683 | Loss 0.1926 | LR 1.1853e-09
2026-03-11 16:35:30 INFO Epoch 10 | Step 10540/10683 | Loss 0.1925 | LR 1.0034e-09
2026-03-11 16:35:46 INFO Epoch 10 | Step 10560/10683 | Loss 0.1925 | LR 8.4538e-10
2026-03-11 16:36:03 INFO Epoch 10 | Step 10580/10683 | Loss 0.1925 | LR 7.1132e-10
2026-03-11 16:36:20 INFO Epoch 10 | Step 10600/10683 | Loss 0.1925 | LR 6.0121e-10
2026-03-11 16:36:36 INFO Epoch 10 | Step 10620/10683 | Loss 0.1926 | LR 5.1503e-10
2026-03-11 16:36:53 INFO Epoch 10 | Step 10640/10683 | Loss 0.1926 | LR 4.5279e-10
2026-03-11 16:37:09 INFO Epoch 10 | Step 10660/10683 | Loss 0.1926 | LR 4.1448e-10
2026-03-11 16:37:26 INFO Epoch 10 | Step 10680/10683 | Loss 0.1926 | LR 4.0012e-10
2026-03-11 16:37:28 INFO Epoch 10 | Step 10683/10683 | Loss 0.1926 | LR 4.0003e-10
2026-03-11 16:59:24 INFO CSV Written | Epoch: 10
2026-03-11 16:59:24 INFO Best Saved | Epoch: 10 | Monitor: val_auprc | Value: 0.9787
2026-03-11 16:59:24 INFO Epoch Done | Epoch: 10 | Time: 10215.9640 | Train Loss: 0.1926 | Val Accuracy: 0.9101 | Val AUPRC: 0.9787 | Val Auroc: 0.9761 | Val F1: 0.9129 | Val Loss: 0.2881
2026-03-11 16:59:24 INFO Stage Done | Run Id: 20260310_123424
2026-03-11 16:59:27 INFO End Training | Checkpoint: models/v3/pretrain/20260310_123424/best_model.pth
