2026-03-17 12:59:02 INFO Startup | Rank: 0 | Run Id: 20260317_125902 | Seed: 47 | Stages: finetune,evaluate | World Size: 4
2026-03-17 12:59:02 INFO Device | Resolved Device: cuda:0
2026-03-17 12:59:27 INFO Model Init | Model: v3 | Params: 31695105
2026-03-17 12:59:30 INFO DDP Ready | Wrapped: True
2026-03-17 12:59:30 INFO Checkpoint Loaded | Path: models/v3/pretrain/20260310_123424/best_model.pth
2026-03-17 12:59:38 INFO Data Ready | Test: 188697 | Train: 1478351 | Valid: 18744
2026-03-17 12:59:38 INFO Begin Training
2026-03-17 12:59:38 INFO Stage Start | Run Id: 20260317_125902
2026-03-17 12:59:38 INFO Train Config | Epochs: 30 | Monitor: auprc | Patience: 4
2026-03-17 12:59:38 INFO Epoch Start | Epoch: 1
2026-03-17 12:59:40 INFO Epoch 1 | Step 1/13112 | Loss 3.4530 | LR 8.0000e-07
2026-03-17 12:59:48 INFO Epoch 1 | Step 20/13112 | Loss 3.4517 | LR 8.0001e-07
2026-03-17 12:59:56 INFO Epoch 1 | Step 40/13112 | Loss 3.4634 | LR 8.0002e-07
2026-03-17 13:00:05 INFO Epoch 1 | Step 60/13112 | Loss 3.4711 | LR 8.0005e-07
2026-03-17 13:00:14 INFO Epoch 1 | Step 80/13112 | Loss 3.4688 | LR 8.0009e-07
2026-03-17 13:00:22 INFO Epoch 1 | Step 100/13112 | Loss 3.4620 | LR 8.0014e-07
2026-03-17 13:00:31 INFO Epoch 1 | Step 120/13112 | Loss 3.4562 | LR 8.0020e-07
2026-03-17 13:00:40 INFO Epoch 1 | Step 140/13112 | Loss 3.4490 | LR 8.0027e-07
2026-03-17 13:00:48 INFO Epoch 1 | Step 160/13112 | Loss 3.4462 | LR 8.0035e-07
2026-03-17 13:00:57 INFO Epoch 1 | Step 180/13112 | Loss 3.4432 | LR 8.0044e-07
2026-03-17 13:01:06 INFO Epoch 1 | Step 200/13112 | Loss 3.4414 | LR 8.0054e-07
2026-03-17 13:01:15 INFO Epoch 1 | Step 220/13112 | Loss 3.4392 | LR 8.0066e-07
2026-03-17 13:01:23 INFO Epoch 1 | Step 240/13112 | Loss 3.4391 | LR 8.0078e-07
2026-03-17 13:01:32 INFO Epoch 1 | Step 260/13112 | Loss 3.4387 | LR 8.0092e-07
2026-03-17 13:01:40 INFO Epoch 1 | Step 280/13112 | Loss 3.4376 | LR 8.0107e-07
2026-03-17 13:01:49 INFO Epoch 1 | Step 300/13112 | Loss 3.4366 | LR 8.0122e-07
2026-03-17 13:01:58 INFO Epoch 1 | Step 320/13112 | Loss 3.4343 | LR 8.0139e-07
2026-03-17 13:02:06 INFO Epoch 1 | Step 340/13112 | Loss 3.4334 | LR 8.0157e-07
2026-03-17 13:02:15 INFO Epoch 1 | Step 360/13112 | Loss 3.4322 | LR 8.0176e-07
2026-03-17 13:02:24 INFO Epoch 1 | Step 380/13112 | Loss 3.4311 | LR 8.0196e-07
2026-03-17 13:02:32 INFO Epoch 1 | Step 400/13112 | Loss 3.4302 | LR 8.0218e-07
2026-03-17 13:02:41 INFO Epoch 1 | Step 420/13112 | Loss 3.4303 | LR 8.0240e-07
2026-03-17 13:02:50 INFO Epoch 1 | Step 440/13112 | Loss 3.4281 | LR 8.0263e-07
2026-03-17 13:02:59 INFO Epoch 1 | Step 460/13112 | Loss 3.4280 | LR 8.0288e-07
2026-03-17 13:03:07 INFO Epoch 1 | Step 480/13112 | Loss 3.4274 | LR 8.0314e-07
2026-03-17 13:03:16 INFO Epoch 1 | Step 500/13112 | Loss 3.4251 | LR 8.0340e-07
2026-03-17 13:03:24 INFO Epoch 1 | Step 520/13112 | Loss 3.4233 | LR 8.0368e-07
2026-03-17 13:03:33 INFO Epoch 1 | Step 540/13112 | Loss 3.4222 | LR 8.0397e-07
2026-03-17 13:03:42 INFO Epoch 1 | Step 560/13112 | Loss 3.4208 | LR 8.0427e-07
2026-03-17 13:03:51 INFO Epoch 1 | Step 580/13112 | Loss 3.4180 | LR 8.0458e-07
2026-03-17 13:03:59 INFO Epoch 1 | Step 600/13112 | Loss 3.4164 | LR 8.0490e-07
2026-03-17 13:04:08 INFO Epoch 1 | Step 620/13112 | Loss 3.4151 | LR 8.0523e-07
2026-03-17 13:04:17 INFO Epoch 1 | Step 640/13112 | Loss 3.4141 | LR 8.0557e-07
2026-03-17 13:04:25 INFO Epoch 1 | Step 660/13112 | Loss 3.4129 | LR 8.0593e-07
2026-03-17 13:04:34 INFO Epoch 1 | Step 680/13112 | Loss 3.4115 | LR 8.0629e-07
2026-03-17 13:04:43 INFO Epoch 1 | Step 700/13112 | Loss 3.4113 | LR 8.0667e-07
2026-03-17 13:04:51 INFO Epoch 1 | Step 720/13112 | Loss 3.4081 | LR 8.0705e-07
2026-03-17 13:05:00 INFO Epoch 1 | Step 740/13112 | Loss 3.4069 | LR 8.0745e-07
2026-03-17 13:05:09 INFO Epoch 1 | Step 760/13112 | Loss 3.4055 | LR 8.0786e-07
2026-03-17 13:05:18 INFO Epoch 1 | Step 780/13112 | Loss 3.4036 | LR 8.0828e-07
2026-03-17 13:05:26 INFO Epoch 1 | Step 800/13112 | Loss 3.4027 | LR 8.0871e-07
2026-03-17 13:05:35 INFO Epoch 1 | Step 820/13112 | Loss 3.4008 | LR 8.0915e-07
2026-03-17 13:05:44 INFO Epoch 1 | Step 840/13112 | Loss 3.3994 | LR 8.0960e-07
2026-03-17 13:05:52 INFO Epoch 1 | Step 860/13112 | Loss 3.3981 | LR 8.1006e-07
2026-03-17 13:06:01 INFO Epoch 1 | Step 880/13112 | Loss 3.3970 | LR 8.1054e-07
2026-03-17 13:06:10 INFO Epoch 1 | Step 900/13112 | Loss 3.3959 | LR 8.1102e-07
2026-03-17 13:06:19 INFO Epoch 1 | Step 920/13112 | Loss 3.3945 | LR 8.1152e-07
2026-03-17 13:06:27 INFO Epoch 1 | Step 940/13112 | Loss 3.3924 | LR 8.1202e-07
2026-03-17 13:06:36 INFO Epoch 1 | Step 960/13112 | Loss 3.3912 | LR 8.1254e-07
2026-03-17 13:06:44 INFO Epoch 1 | Step 980/13112 | Loss 3.3900 | LR 8.1307e-07
2026-03-17 13:06:53 INFO Epoch 1 | Step 1000/13112 | Loss 3.3885 | LR 8.1360e-07
2026-03-17 13:07:02 INFO Epoch 1 | Step 1020/13112 | Loss 3.3872 | LR 8.1415e-07
2026-03-17 13:07:10 INFO Epoch 1 | Step 1040/13112 | Loss 3.3856 | LR 8.1471e-07
2026-03-17 13:07:19 INFO Epoch 1 | Step 1060/13112 | Loss 3.3845 | LR 8.1529e-07
2026-03-17 13:07:27 INFO Epoch 1 | Step 1080/13112 | Loss 3.3835 | LR 8.1587e-07
2026-03-17 13:07:36 INFO Epoch 1 | Step 1100/13112 | Loss 3.3811 | LR 8.1646e-07
2026-03-17 13:07:45 INFO Epoch 1 | Step 1120/13112 | Loss 3.3799 | LR 8.1706e-07
2026-03-17 13:07:53 INFO Epoch 1 | Step 1140/13112 | Loss 3.3781 | LR 8.1768e-07
2026-03-17 13:08:02 INFO Epoch 1 | Step 1160/13112 | Loss 3.3763 | LR 8.1831e-07
2026-03-17 13:08:11 INFO Epoch 1 | Step 1180/13112 | Loss 3.3752 | LR 8.1894e-07
2026-03-17 13:08:19 INFO Epoch 1 | Step 1200/13112 | Loss 3.3732 | LR 8.1959e-07
2026-03-17 13:08:28 INFO Epoch 1 | Step 1220/13112 | Loss 3.3712 | LR 8.2025e-07
2026-03-17 13:08:36 INFO Epoch 1 | Step 1240/13112 | Loss 3.3697 | LR 8.2092e-07
2026-03-17 13:08:45 INFO Epoch 1 | Step 1260/13112 | Loss 3.3676 | LR 8.2160e-07
2026-03-17 13:08:54 INFO Epoch 1 | Step 1280/13112 | Loss 3.3666 | LR 8.2229e-07
2026-03-17 13:09:03 INFO Epoch 1 | Step 1300/13112 | Loss 3.3653 | LR 8.2299e-07
2026-03-17 13:09:12 INFO Epoch 1 | Step 1320/13112 | Loss 3.3630 | LR 8.2370e-07
2026-03-17 13:09:20 INFO Epoch 1 | Step 1340/13112 | Loss 3.3615 | LR 8.2442e-07
2026-03-17 13:09:29 INFO Epoch 1 | Step 1360/13112 | Loss 3.3605 | LR 8.2516e-07
2026-03-17 13:09:37 INFO Epoch 1 | Step 1380/13112 | Loss 3.3581 | LR 8.2590e-07
2026-03-17 13:09:46 INFO Epoch 1 | Step 1400/13112 | Loss 3.3563 | LR 8.2666e-07
2026-03-17 13:09:55 INFO Epoch 1 | Step 1420/13112 | Loss 3.3546 | LR 8.2743e-07
2026-03-17 13:10:03 INFO Epoch 1 | Step 1440/13112 | Loss 3.3526 | LR 8.2820e-07
2026-03-17 13:10:12 INFO Epoch 1 | Step 1460/13112 | Loss 3.3508 | LR 8.2899e-07
2026-03-17 13:10:20 INFO Epoch 1 | Step 1480/13112 | Loss 3.3494 | LR 8.2979e-07
2026-03-17 13:10:29 INFO Epoch 1 | Step 1500/13112 | Loss 3.3477 | LR 8.3060e-07
2026-03-17 13:10:37 INFO Epoch 1 | Step 1520/13112 | Loss 3.3458 | LR 8.3142e-07
2026-03-17 13:10:46 INFO Epoch 1 | Step 1540/13112 | Loss 3.3437 | LR 8.3225e-07
2026-03-17 13:10:55 INFO Epoch 1 | Step 1560/13112 | Loss 3.3418 | LR 8.3310e-07
2026-03-17 13:11:04 INFO Epoch 1 | Step 1580/13112 | Loss 3.3407 | LR 8.3395e-07
2026-03-17 13:11:12 INFO Epoch 1 | Step 1600/13112 | Loss 3.3385 | LR 8.3482e-07
2026-03-17 13:11:21 INFO Epoch 1 | Step 1620/13112 | Loss 3.3364 | LR 8.3569e-07
2026-03-17 13:11:30 INFO Epoch 1 | Step 1640/13112 | Loss 3.3344 | LR 8.3658e-07
2026-03-17 13:11:38 INFO Epoch 1 | Step 1660/13112 | Loss 3.3330 | LR 8.3747e-07
2026-03-17 13:11:47 INFO Epoch 1 | Step 1680/13112 | Loss 3.3312 | LR 8.3838e-07
2026-03-17 13:11:55 INFO Epoch 1 | Step 1700/13112 | Loss 3.3290 | LR 8.3930e-07
2026-03-17 13:12:04 INFO Epoch 1 | Step 1720/13112 | Loss 3.3273 | LR 8.4023e-07
2026-03-17 13:12:12 INFO Epoch 1 | Step 1740/13112 | Loss 3.3256 | LR 8.4117e-07
2026-03-17 13:12:21 INFO Epoch 1 | Step 1760/13112 | Loss 3.3237 | LR 8.4212e-07
2026-03-17 13:12:30 INFO Epoch 1 | Step 1780/13112 | Loss 3.3222 | LR 8.4308e-07
2026-03-17 13:12:38 INFO Epoch 1 | Step 1800/13112 | Loss 3.3202 | LR 8.4406e-07
2026-03-17 13:12:47 INFO Epoch 1 | Step 1820/13112 | Loss 3.3183 | LR 8.4504e-07
2026-03-17 13:12:55 INFO Epoch 1 | Step 1840/13112 | Loss 3.3163 | LR 8.4603e-07
2026-03-17 13:13:04 INFO Epoch 1 | Step 1860/13112 | Loss 3.3143 | LR 8.4704e-07
2026-03-17 13:13:13 INFO Epoch 1 | Step 1880/13112 | Loss 3.3125 | LR 8.4806e-07
2026-03-17 13:13:21 INFO Epoch 1 | Step 1900/13112 | Loss 3.3108 | LR 8.4908e-07
2026-03-17 13:13:30 INFO Epoch 1 | Step 1920/13112 | Loss 3.3089 | LR 8.5012e-07
2026-03-17 13:13:39 INFO Epoch 1 | Step 1940/13112 | Loss 3.3067 | LR 8.5117e-07
2026-03-17 13:13:47 INFO Epoch 1 | Step 1960/13112 | Loss 3.3046 | LR 8.5223e-07
2026-03-17 13:13:56 INFO Epoch 1 | Step 1980/13112 | Loss 3.3029 | LR 8.5330e-07
2026-03-17 13:14:05 INFO Epoch 1 | Step 2000/13112 | Loss 3.3011 | LR 8.5438e-07
2026-03-17 13:14:13 INFO Epoch 1 | Step 2020/13112 | Loss 3.2990 | LR 8.5547e-07
2026-03-17 13:14:22 INFO Epoch 1 | Step 2040/13112 | Loss 3.2975 | LR 8.5658e-07
2026-03-17 13:14:31 INFO Epoch 1 | Step 2060/13112 | Loss 3.2953 | LR 8.5769e-07
2026-03-17 13:14:40 INFO Epoch 1 | Step 2080/13112 | Loss 3.2931 | LR 8.5881e-07
2026-03-17 13:14:48 INFO Epoch 1 | Step 2100/13112 | Loss 3.2912 | LR 8.5995e-07
2026-03-17 13:14:57 INFO Epoch 1 | Step 2120/13112 | Loss 3.2893 | LR 8.6109e-07
2026-03-17 13:15:05 INFO Epoch 1 | Step 2140/13112 | Loss 3.2874 | LR 8.6225e-07
2026-03-17 13:15:14 INFO Epoch 1 | Step 2160/13112 | Loss 3.2852 | LR 8.6342e-07
2026-03-17 13:15:23 INFO Epoch 1 | Step 2180/13112 | Loss 3.2831 | LR 8.6460e-07
2026-03-17 13:15:31 INFO Epoch 1 | Step 2200/13112 | Loss 3.2811 | LR 8.6579e-07
2026-03-17 13:15:40 INFO Epoch 1 | Step 2220/13112 | Loss 3.2793 | LR 8.6699e-07
2026-03-17 13:15:49 INFO Epoch 1 | Step 2240/13112 | Loss 3.2773 | LR 8.6820e-07
2026-03-17 13:15:57 INFO Epoch 1 | Step 2260/13112 | Loss 3.2753 | LR 8.6942e-07
2026-03-17 13:16:06 INFO Epoch 1 | Step 2280/13112 | Loss 3.2732 | LR 8.7065e-07
2026-03-17 13:16:14 INFO Epoch 1 | Step 2300/13112 | Loss 3.2713 | LR 8.7190e-07
2026-03-17 13:16:23 INFO Epoch 1 | Step 2320/13112 | Loss 3.2689 | LR 8.7315e-07
2026-03-17 13:16:32 INFO Epoch 1 | Step 2340/13112 | Loss 3.2668 | LR 8.7442e-07
2026-03-17 13:16:40 INFO Epoch 1 | Step 2360/13112 | Loss 3.2647 | LR 8.7569e-07
2026-03-17 13:16:49 INFO Epoch 1 | Step 2380/13112 | Loss 3.2626 | LR 8.7698e-07
2026-03-17 13:16:58 INFO Epoch 1 | Step 2400/13112 | Loss 3.2604 | LR 8.7828e-07
2026-03-17 13:17:06 INFO Epoch 1 | Step 2420/13112 | Loss 3.2584 | LR 8.7958e-07
2026-03-17 13:17:15 INFO Epoch 1 | Step 2440/13112 | Loss 3.2563 | LR 8.8090e-07
2026-03-17 13:17:24 INFO Epoch 1 | Step 2460/13112 | Loss 3.2541 | LR 8.8223e-07
2026-03-17 13:17:32 INFO Epoch 1 | Step 2480/13112 | Loss 3.2519 | LR 8.8357e-07
2026-03-17 13:17:41 INFO Epoch 1 | Step 2500/13112 | Loss 3.2494 | LR 8.8492e-07
2026-03-17 13:17:50 INFO Epoch 1 | Step 2520/13112 | Loss 3.2472 | LR 8.8629e-07
2026-03-17 13:17:58 INFO Epoch 1 | Step 2540/13112 | Loss 3.2450 | LR 8.8766e-07
2026-03-17 13:18:07 INFO Epoch 1 | Step 2560/13112 | Loss 3.2430 | LR 8.8904e-07
2026-03-17 13:18:15 INFO Epoch 1 | Step 2580/13112 | Loss 3.2408 | LR 8.9044e-07
2026-03-17 13:18:24 INFO Epoch 1 | Step 2600/13112 | Loss 3.2386 | LR 8.9184e-07
2026-03-17 13:18:32 INFO Epoch 1 | Step 2620/13112 | Loss 3.2363 | LR 8.9326e-07
2026-03-17 13:18:41 INFO Epoch 1 | Step 2640/13112 | Loss 3.2343 | LR 8.9469e-07
2026-03-17 13:18:50 INFO Epoch 1 | Step 2660/13112 | Loss 3.2320 | LR 8.9612e-07
2026-03-17 13:18:58 INFO Epoch 1 | Step 2680/13112 | Loss 3.2298 | LR 8.9757e-07
2026-03-17 13:19:07 INFO Epoch 1 | Step 2700/13112 | Loss 3.2277 | LR 8.9903e-07
2026-03-17 13:19:16 INFO Epoch 1 | Step 2720/13112 | Loss 3.2254 | LR 9.0050e-07
2026-03-17 13:19:24 INFO Epoch 1 | Step 2740/13112 | Loss 3.2232 | LR 9.0198e-07
2026-03-17 13:19:33 INFO Epoch 1 | Step 2760/13112 | Loss 3.2205 | LR 9.0347e-07
2026-03-17 13:19:41 INFO Epoch 1 | Step 2780/13112 | Loss 3.2178 | LR 9.0498e-07
2026-03-17 13:19:50 INFO Epoch 1 | Step 2800/13112 | Loss 3.2153 | LR 9.0649e-07
2026-03-17 13:19:59 INFO Epoch 1 | Step 2820/13112 | Loss 3.2131 | LR 9.0801e-07
2026-03-17 13:20:07 INFO Epoch 1 | Step 2840/13112 | Loss 3.2106 | LR 9.0955e-07
2026-03-17 13:20:16 INFO Epoch 1 | Step 2860/13112 | Loss 3.2080 | LR 9.1109e-07
2026-03-17 13:20:25 INFO Epoch 1 | Step 2880/13112 | Loss 3.2057 | LR 9.1265e-07
2026-03-17 13:20:33 INFO Epoch 1 | Step 2900/13112 | Loss 3.2028 | LR 9.1422e-07
2026-03-17 13:20:42 INFO Epoch 1 | Step 2920/13112 | Loss 3.2005 | LR 9.1579e-07
2026-03-17 13:20:50 INFO Epoch 1 | Step 2940/13112 | Loss 3.1981 | LR 9.1738e-07
2026-03-17 13:20:59 INFO Epoch 1 | Step 2960/13112 | Loss 3.1956 | LR 9.1898e-07
2026-03-17 13:21:07 INFO Epoch 1 | Step 2980/13112 | Loss 3.1930 | LR 9.2059e-07
2026-03-17 13:21:16 INFO Epoch 1 | Step 3000/13112 | Loss 3.1907 | LR 9.2221e-07
2026-03-17 13:21:25 INFO Epoch 1 | Step 3020/13112 | Loss 3.1884 | LR 9.2384e-07
2026-03-17 13:21:33 INFO Epoch 1 | Step 3040/13112 | Loss 3.1862 | LR 9.2548e-07
2026-03-17 13:21:42 INFO Epoch 1 | Step 3060/13112 | Loss 3.1838 | LR 9.2714e-07
2026-03-17 13:21:50 INFO Epoch 1 | Step 3080/13112 | Loss 3.1813 | LR 9.2880e-07
2026-03-17 13:21:59 INFO Epoch 1 | Step 3100/13112 | Loss 3.1789 | LR 9.3048e-07
2026-03-17 13:22:07 INFO Epoch 1 | Step 3120/13112 | Loss 3.1767 | LR 9.3216e-07
2026-03-17 13:22:16 INFO Epoch 1 | Step 3140/13112 | Loss 3.1742 | LR 9.3386e-07
2026-03-17 13:22:25 INFO Epoch 1 | Step 3160/13112 | Loss 3.1718 | LR 9.3556e-07
2026-03-17 13:22:34 INFO Epoch 1 | Step 3180/13112 | Loss 3.1693 | LR 9.3728e-07
2026-03-17 13:22:42 INFO Epoch 1 | Step 3200/13112 | Loss 3.1667 | LR 9.3901e-07
2026-03-17 13:22:51 INFO Epoch 1 | Step 3220/13112 | Loss 3.1639 | LR 9.4075e-07
2026-03-17 13:22:59 INFO Epoch 1 | Step 3240/13112 | Loss 3.1614 | LR 9.4250e-07
2026-03-17 13:23:08 INFO Epoch 1 | Step 3260/13112 | Loss 3.1588 | LR 9.4426e-07
2026-03-17 13:23:17 INFO Epoch 1 | Step 3280/13112 | Loss 3.1564 | LR 9.4603e-07
2026-03-17 13:23:25 INFO Epoch 1 | Step 3300/13112 | Loss 3.1538 | LR 9.4781e-07
2026-03-17 13:23:34 INFO Epoch 1 | Step 3320/13112 | Loss 3.1510 | LR 9.4960e-07
2026-03-17 13:23:43 INFO Epoch 1 | Step 3340/13112 | Loss 3.1485 | LR 9.5141e-07
2026-03-17 13:23:51 INFO Epoch 1 | Step 3360/13112 | Loss 3.1457 | LR 9.5322e-07
2026-03-17 13:24:00 INFO Epoch 1 | Step 3380/13112 | Loss 3.1430 | LR 9.5504e-07
2026-03-17 13:24:08 INFO Epoch 1 | Step 3400/13112 | Loss 3.1404 | LR 9.5688e-07
2026-03-17 13:24:17 INFO Epoch 1 | Step 3420/13112 | Loss 3.1376 | LR 9.5872e-07
2026-03-17 13:24:25 INFO Epoch 1 | Step 3440/13112 | Loss 3.1349 | LR 9.6058e-07
2026-03-17 13:24:34 INFO Epoch 1 | Step 3460/13112 | Loss 3.1321 | LR 9.6245e-07
2026-03-17 13:24:43 INFO Epoch 1 | Step 3480/13112 | Loss 3.1292 | LR 9.6433e-07
2026-03-17 13:24:51 INFO Epoch 1 | Step 3500/13112 | Loss 3.1267 | LR 9.6622e-07
2026-03-17 13:25:00 INFO Epoch 1 | Step 3520/13112 | Loss 3.1240 | LR 9.6812e-07
2026-03-17 13:25:09 INFO Epoch 1 | Step 3540/13112 | Loss 3.1213 | LR 9.7003e-07
2026-03-17 13:25:17 INFO Epoch 1 | Step 3560/13112 | Loss 3.1187 | LR 9.7195e-07
2026-03-17 13:25:26 INFO Epoch 1 | Step 3580/13112 | Loss 3.1158 | LR 9.7388e-07
2026-03-17 13:25:34 INFO Epoch 1 | Step 3600/13112 | Loss 3.1130 | LR 9.7582e-07
2026-03-17 13:25:43 INFO Epoch 1 | Step 3620/13112 | Loss 3.1102 | LR 9.7777e-07
2026-03-17 13:25:51 INFO Epoch 1 | Step 3640/13112 | Loss 3.1074 | LR 9.7974e-07
2026-03-17 13:26:00 INFO Epoch 1 | Step 3660/13112 | Loss 3.1046 | LR 9.8171e-07
2026-03-17 13:26:09 INFO Epoch 1 | Step 3680/13112 | Loss 3.1019 | LR 9.8370e-07
2026-03-17 13:26:17 INFO Epoch 1 | Step 3700/13112 | Loss 3.0992 | LR 9.8569e-07
2026-03-17 13:26:26 INFO Epoch 1 | Step 3720/13112 | Loss 3.0965 | LR 9.8770e-07
2026-03-17 13:26:34 INFO Epoch 1 | Step 3740/13112 | Loss 3.0937 | LR 9.8971e-07
2026-03-17 13:26:43 INFO Epoch 1 | Step 3760/13112 | Loss 3.0910 | LR 9.9174e-07
2026-03-17 13:26:51 INFO Epoch 1 | Step 3780/13112 | Loss 3.0882 | LR 9.9378e-07
2026-03-17 13:27:00 INFO Epoch 1 | Step 3800/13112 | Loss 3.0855 | LR 9.9583e-07
2026-03-17 13:27:09 INFO Epoch 1 | Step 3820/13112 | Loss 3.0827 | LR 9.9789e-07
2026-03-17 13:27:17 INFO Epoch 1 | Step 3840/13112 | Loss 3.0798 | LR 9.9996e-07
2026-03-17 13:27:26 INFO Epoch 1 | Step 3860/13112 | Loss 3.0770 | LR 1.0020e-06
2026-03-17 13:27:34 INFO Epoch 1 | Step 3880/13112 | Loss 3.0741 | LR 1.0041e-06
2026-03-17 13:27:43 INFO Epoch 1 | Step 3900/13112 | Loss 3.0713 | LR 1.0062e-06
2026-03-17 13:27:52 INFO Epoch 1 | Step 3920/13112 | Loss 3.0685 | LR 1.0083e-06
2026-03-17 13:28:00 INFO Epoch 1 | Step 3940/13112 | Loss 3.0657 | LR 1.0105e-06
2026-03-17 13:28:09 INFO Epoch 1 | Step 3960/13112 | Loss 3.0627 | LR 1.0126e-06
2026-03-17 13:28:17 INFO Epoch 1 | Step 3980/13112 | Loss 3.0598 | LR 1.0147e-06
2026-03-17 13:28:26 INFO Epoch 1 | Step 4000/13112 | Loss 3.0570 | LR 1.0169e-06
2026-03-17 13:28:35 INFO Epoch 1 | Step 4020/13112 | Loss 3.0541 | LR 1.0191e-06
2026-03-17 13:28:43 INFO Epoch 1 | Step 4040/13112 | Loss 3.0512 | LR 1.0212e-06
2026-03-17 13:28:52 INFO Epoch 1 | Step 4060/13112 | Loss 3.0483 | LR 1.0234e-06
2026-03-17 13:29:01 INFO Epoch 1 | Step 4080/13112 | Loss 3.0455 | LR 1.0256e-06
2026-03-17 13:29:09 INFO Epoch 1 | Step 4100/13112 | Loss 3.0425 | LR 1.0278e-06
2026-03-17 13:29:18 INFO Epoch 1 | Step 4120/13112 | Loss 3.0396 | LR 1.0301e-06
2026-03-17 13:29:26 INFO Epoch 1 | Step 4140/13112 | Loss 3.0365 | LR 1.0323e-06
2026-03-17 13:29:35 INFO Epoch 1 | Step 4160/13112 | Loss 3.0334 | LR 1.0345e-06
2026-03-17 13:29:44 INFO Epoch 1 | Step 4180/13112 | Loss 3.0305 | LR 1.0368e-06
2026-03-17 13:29:52 INFO Epoch 1 | Step 4200/13112 | Loss 3.0276 | LR 1.0390e-06
2026-03-17 13:30:01 INFO Epoch 1 | Step 4220/13112 | Loss 3.0246 | LR 1.0413e-06
2026-03-17 13:30:10 INFO Epoch 1 | Step 4240/13112 | Loss 3.0216 | LR 1.0436e-06
2026-03-17 13:30:18 INFO Epoch 1 | Step 4260/13112 | Loss 3.0183 | LR 1.0459e-06
2026-03-17 13:30:27 INFO Epoch 1 | Step 4280/13112 | Loss 3.0154 | LR 1.0482e-06
2026-03-17 13:30:35 INFO Epoch 1 | Step 4300/13112 | Loss 3.0124 | LR 1.0505e-06
2026-03-17 13:30:44 INFO Epoch 1 | Step 4320/13112 | Loss 3.0095 | LR 1.0528e-06
2026-03-17 13:30:53 INFO Epoch 1 | Step 4340/13112 | Loss 3.0064 | LR 1.0552e-06
2026-03-17 13:31:01 INFO Epoch 1 | Step 4360/13112 | Loss 3.0034 | LR 1.0575e-06
2026-03-17 13:31:10 INFO Epoch 1 | Step 4380/13112 | Loss 3.0003 | LR 1.0599e-06
2026-03-17 13:31:18 INFO Epoch 1 | Step 4400/13112 | Loss 2.9973 | LR 1.0622e-06
2026-03-17 13:31:27 INFO Epoch 1 | Step 4420/13112 | Loss 2.9943 | LR 1.0646e-06
2026-03-17 13:31:36 INFO Epoch 1 | Step 4440/13112 | Loss 2.9911 | LR 1.0670e-06
2026-03-17 13:31:44 INFO Epoch 1 | Step 4460/13112 | Loss 2.9880 | LR 1.0694e-06
2026-03-17 13:31:53 INFO Epoch 1 | Step 4480/13112 | Loss 2.9849 | LR 1.0718e-06
2026-03-17 13:32:01 INFO Epoch 1 | Step 4500/13112 | Loss 2.9818 | LR 1.0742e-06
2026-03-17 13:32:10 INFO Epoch 1 | Step 4520/13112 | Loss 2.9786 | LR 1.0767e-06
2026-03-17 13:32:19 INFO Epoch 1 | Step 4540/13112 | Loss 2.9755 | LR 1.0791e-06
2026-03-17 13:32:27 INFO Epoch 1 | Step 4560/13112 | Loss 2.9725 | LR 1.0816e-06
2026-03-17 13:32:36 INFO Epoch 1 | Step 4580/13112 | Loss 2.9694 | LR 1.0840e-06
2026-03-17 13:32:44 INFO Epoch 1 | Step 4600/13112 | Loss 2.9663 | LR 1.0865e-06
2026-03-17 13:32:53 INFO Epoch 1 | Step 4620/13112 | Loss 2.9631 | LR 1.0890e-06
2026-03-17 13:33:02 INFO Epoch 1 | Step 4640/13112 | Loss 2.9599 | LR 1.0915e-06
2026-03-17 13:33:10 INFO Epoch 1 | Step 4660/13112 | Loss 2.9568 | LR 1.0940e-06
2026-03-17 13:33:19 INFO Epoch 1 | Step 4680/13112 | Loss 2.9536 | LR 1.0965e-06
2026-03-17 13:33:27 INFO Epoch 1 | Step 4700/13112 | Loss 2.9504 | LR 1.0990e-06
2026-03-17 13:33:36 INFO Epoch 1 | Step 4720/13112 | Loss 2.9473 | LR 1.1016e-06
2026-03-17 13:33:45 INFO Epoch 1 | Step 4740/13112 | Loss 2.9440 | LR 1.1041e-06
2026-03-17 13:33:54 INFO Epoch 1 | Step 4760/13112 | Loss 2.9408 | LR 1.1067e-06
2026-03-17 13:34:02 INFO Epoch 1 | Step 4780/13112 | Loss 2.9377 | LR 1.1092e-06
2026-03-17 13:34:11 INFO Epoch 1 | Step 4800/13112 | Loss 2.9345 | LR 1.1118e-06
2026-03-17 13:34:20 INFO Epoch 1 | Step 4820/13112 | Loss 2.9312 | LR 1.1144e-06
2026-03-17 13:34:28 INFO Epoch 1 | Step 4840/13112 | Loss 2.9280 | LR 1.1170e-06
2026-03-17 13:34:37 INFO Epoch 1 | Step 4860/13112 | Loss 2.9247 | LR 1.1196e-06
2026-03-17 13:34:45 INFO Epoch 1 | Step 4880/13112 | Loss 2.9215 | LR 1.1222e-06
2026-03-17 13:34:54 INFO Epoch 1 | Step 4900/13112 | Loss 2.9183 | LR 1.1249e-06
2026-03-17 13:35:02 INFO Epoch 1 | Step 4920/13112 | Loss 2.9151 | LR 1.1275e-06
2026-03-17 13:35:11 INFO Epoch 1 | Step 4940/13112 | Loss 2.9119 | LR 1.1302e-06
2026-03-17 13:35:19 INFO Epoch 1 | Step 4960/13112 | Loss 2.9086 | LR 1.1328e-06
2026-03-17 13:35:28 INFO Epoch 1 | Step 4980/13112 | Loss 2.9053 | LR 1.1355e-06
2026-03-17 13:35:37 INFO Epoch 1 | Step 5000/13112 | Loss 2.9020 | LR 1.1382e-06
2026-03-17 13:35:45 INFO Epoch 1 | Step 5020/13112 | Loss 2.8986 | LR 1.1409e-06
2026-03-17 13:35:54 INFO Epoch 1 | Step 5040/13112 | Loss 2.8953 | LR 1.1436e-06
2026-03-17 13:36:02 INFO Epoch 1 | Step 5060/13112 | Loss 2.8921 | LR 1.1463e-06
2026-03-17 13:36:11 INFO Epoch 1 | Step 5080/13112 | Loss 2.8888 | LR 1.1490e-06
2026-03-17 13:36:20 INFO Epoch 1 | Step 5100/13112 | Loss 2.8855 | LR 1.1518e-06
2026-03-17 13:36:28 INFO Epoch 1 | Step 5120/13112 | Loss 2.8822 | LR 1.1545e-06
2026-03-17 13:36:37 INFO Epoch 1 | Step 5140/13112 | Loss 2.8789 | LR 1.1573e-06
2026-03-17 13:36:45 INFO Epoch 1 | Step 5160/13112 | Loss 2.8754 | LR 1.1600e-06
2026-03-17 13:36:54 INFO Epoch 1 | Step 5180/13112 | Loss 2.8721 | LR 1.1628e-06
2026-03-17 13:37:03 INFO Epoch 1 | Step 5200/13112 | Loss 2.8687 | LR 1.1656e-06
2026-03-17 13:37:11 INFO Epoch 1 | Step 5220/13112 | Loss 2.8654 | LR 1.1684e-06
2026-03-17 13:37:20 INFO Epoch 1 | Step 5240/13112 | Loss 2.8621 | LR 1.1712e-06
2026-03-17 13:37:28 INFO Epoch 1 | Step 5260/13112 | Loss 2.8587 | LR 1.1740e-06
2026-03-17 13:37:37 INFO Epoch 1 | Step 5280/13112 | Loss 2.8553 | LR 1.1769e-06
2026-03-17 13:37:45 INFO Epoch 1 | Step 5300/13112 | Loss 2.8520 | LR 1.1797e-06
2026-03-17 13:37:54 INFO Epoch 1 | Step 5320/13112 | Loss 2.8486 | LR 1.1826e-06
2026-03-17 13:38:02 INFO Epoch 1 | Step 5340/13112 | Loss 2.8453 | LR 1.1854e-06
2026-03-17 13:38:11 INFO Epoch 1 | Step 5360/13112 | Loss 2.8420 | LR 1.1883e-06
2026-03-17 13:38:20 INFO Epoch 1 | Step 5380/13112 | Loss 2.8386 | LR 1.1912e-06
2026-03-17 13:38:28 INFO Epoch 1 | Step 5400/13112 | Loss 2.8352 | LR 1.1941e-06
2026-03-17 13:38:37 INFO Epoch 1 | Step 5420/13112 | Loss 2.8318 | LR 1.1970e-06
2026-03-17 13:38:46 INFO Epoch 1 | Step 5440/13112 | Loss 2.8283 | LR 1.1999e-06
2026-03-17 13:38:54 INFO Epoch 1 | Step 5460/13112 | Loss 2.8249 | LR 1.2028e-06
2026-03-17 13:39:03 INFO Epoch 1 | Step 5480/13112 | Loss 2.8215 | LR 1.2058e-06
2026-03-17 13:39:12 INFO Epoch 1 | Step 5500/13112 | Loss 2.8181 | LR 1.2087e-06
2026-03-17 13:39:20 INFO Epoch 1 | Step 5520/13112 | Loss 2.8146 | LR 1.2117e-06
2026-03-17 13:39:29 INFO Epoch 1 | Step 5540/13112 | Loss 2.8112 | LR 1.2146e-06
2026-03-17 13:39:38 INFO Epoch 1 | Step 5560/13112 | Loss 2.8077 | LR 1.2176e-06
2026-03-17 13:39:46 INFO Epoch 1 | Step 5580/13112 | Loss 2.8042 | LR 1.2206e-06
2026-03-17 13:39:55 INFO Epoch 1 | Step 5600/13112 | Loss 2.8008 | LR 1.2236e-06
2026-03-17 13:40:03 INFO Epoch 1 | Step 5620/13112 | Loss 2.7972 | LR 1.2266e-06
2026-03-17 13:40:12 INFO Epoch 1 | Step 5640/13112 | Loss 2.7938 | LR 1.2296e-06
2026-03-17 13:40:20 INFO Epoch 1 | Step 5660/13112 | Loss 2.7903 | LR 1.2326e-06
2026-03-17 13:40:29 INFO Epoch 1 | Step 5680/13112 | Loss 2.7868 | LR 1.2357e-06
2026-03-17 13:40:37 INFO Epoch 1 | Step 5700/13112 | Loss 2.7834 | LR 1.2387e-06
2026-03-17 13:40:46 INFO Epoch 1 | Step 5720/13112 | Loss 2.7799 | LR 1.2418e-06
2026-03-17 13:40:55 INFO Epoch 1 | Step 5740/13112 | Loss 2.7764 | LR 1.2449e-06
2026-03-17 13:41:03 INFO Epoch 1 | Step 5760/13112 | Loss 2.7729 | LR 1.2480e-06
2026-03-17 13:41:12 INFO Epoch 1 | Step 5780/13112 | Loss 2.7694 | LR 1.2510e-06
2026-03-17 13:41:21 INFO Epoch 1 | Step 5800/13112 | Loss 2.7660 | LR 1.2541e-06
2026-03-17 13:41:29 INFO Epoch 1 | Step 5820/13112 | Loss 2.7624 | LR 1.2573e-06
2026-03-17 13:41:38 INFO Epoch 1 | Step 5840/13112 | Loss 2.7589 | LR 1.2604e-06
2026-03-17 13:41:46 INFO Epoch 1 | Step 5860/13112 | Loss 2.7555 | LR 1.2635e-06
2026-03-17 13:41:55 INFO Epoch 1 | Step 5880/13112 | Loss 2.7520 | LR 1.2667e-06
2026-03-17 13:42:03 INFO Epoch 1 | Step 5900/13112 | Loss 2.7483 | LR 1.2698e-06
2026-03-17 13:42:12 INFO Epoch 1 | Step 5920/13112 | Loss 2.7448 | LR 1.2730e-06
2026-03-17 13:42:20 INFO Epoch 1 | Step 5940/13112 | Loss 2.7413 | LR 1.2761e-06
2026-03-17 13:42:29 INFO Epoch 1 | Step 5960/13112 | Loss 2.7377 | LR 1.2793e-06
2026-03-17 13:42:38 INFO Epoch 1 | Step 5980/13112 | Loss 2.7342 | LR 1.2825e-06
2026-03-17 13:42:46 INFO Epoch 1 | Step 6000/13112 | Loss 2.7306 | LR 1.2857e-06
2026-03-17 13:42:55 INFO Epoch 1 | Step 6020/13112 | Loss 2.7271 | LR 1.2889e-06
2026-03-17 13:43:03 INFO Epoch 1 | Step 6040/13112 | Loss 2.7236 | LR 1.2922e-06
2026-03-17 13:43:12 INFO Epoch 1 | Step 6060/13112 | Loss 2.7201 | LR 1.2954e-06
2026-03-17 13:43:20 INFO Epoch 1 | Step 6080/13112 | Loss 2.7165 | LR 1.2987e-06
2026-03-17 13:43:29 INFO Epoch 1 | Step 6100/13112 | Loss 2.7130 | LR 1.3019e-06
2026-03-17 13:43:38 INFO Epoch 1 | Step 6120/13112 | Loss 2.7094 | LR 1.3052e-06
2026-03-17 13:43:46 INFO Epoch 1 | Step 6140/13112 | Loss 2.7059 | LR 1.3085e-06
2026-03-17 13:43:55 INFO Epoch 1 | Step 6160/13112 | Loss 2.7023 | LR 1.3117e-06
2026-03-17 13:44:03 INFO Epoch 1 | Step 6180/13112 | Loss 2.6988 | LR 1.3150e-06
2026-03-17 13:44:12 INFO Epoch 1 | Step 6200/13112 | Loss 2.6952 | LR 1.3184e-06
2026-03-17 13:44:20 INFO Epoch 1 | Step 6220/13112 | Loss 2.6916 | LR 1.3217e-06
2026-03-17 13:44:29 INFO Epoch 1 | Step 6240/13112 | Loss 2.6880 | LR 1.3250e-06
2026-03-17 13:44:38 INFO Epoch 1 | Step 6260/13112 | Loss 2.6845 | LR 1.3283e-06
2026-03-17 13:44:46 INFO Epoch 1 | Step 6280/13112 | Loss 2.6809 | LR 1.3317e-06
2026-03-17 13:44:55 INFO Epoch 1 | Step 6300/13112 | Loss 2.6772 | LR 1.3351e-06
2026-03-17 13:45:03 INFO Epoch 1 | Step 6320/13112 | Loss 2.6737 | LR 1.3384e-06
2026-03-17 13:45:12 INFO Epoch 1 | Step 6340/13112 | Loss 2.6700 | LR 1.3418e-06
2026-03-17 13:45:20 INFO Epoch 1 | Step 6360/13112 | Loss 2.6664 | LR 1.3452e-06
2026-03-17 13:45:29 INFO Epoch 1 | Step 6380/13112 | Loss 2.6628 | LR 1.3486e-06
2026-03-17 13:45:37 INFO Epoch 1 | Step 6400/13112 | Loss 2.6592 | LR 1.3520e-06
2026-03-17 13:45:46 INFO Epoch 1 | Step 6420/13112 | Loss 2.6556 | LR 1.3554e-06
2026-03-17 13:45:54 INFO Epoch 1 | Step 6440/13112 | Loss 2.6519 | LR 1.3589e-06
2026-03-17 13:46:03 INFO Epoch 1 | Step 6460/13112 | Loss 2.6483 | LR 1.3623e-06
2026-03-17 13:46:11 INFO Epoch 1 | Step 6480/13112 | Loss 2.6446 | LR 1.3658e-06
2026-03-17 13:46:20 INFO Epoch 1 | Step 6500/13112 | Loss 2.6410 | LR 1.3692e-06
2026-03-17 13:46:28 INFO Epoch 1 | Step 6520/13112 | Loss 2.6373 | LR 1.3727e-06
2026-03-17 13:46:37 INFO Epoch 1 | Step 6540/13112 | Loss 2.6337 | LR 1.3762e-06
2026-03-17 13:46:46 INFO Epoch 1 | Step 6560/13112 | Loss 2.6301 | LR 1.3797e-06
2026-03-17 13:46:54 INFO Epoch 1 | Step 6580/13112 | Loss 2.6264 | LR 1.3832e-06
2026-03-17 13:47:03 INFO Epoch 1 | Step 6600/13112 | Loss 2.6228 | LR 1.3867e-06
2026-03-17 13:47:11 INFO Epoch 1 | Step 6620/13112 | Loss 2.6191 | LR 1.3902e-06
2026-03-17 13:47:20 INFO Epoch 1 | Step 6640/13112 | Loss 2.6155 | LR 1.3937e-06
2026-03-17 13:47:28 INFO Epoch 1 | Step 6660/13112 | Loss 2.6118 | LR 1.3973e-06
2026-03-17 13:47:37 INFO Epoch 1 | Step 6680/13112 | Loss 2.6082 | LR 1.4008e-06
2026-03-17 13:47:46 INFO Epoch 1 | Step 6700/13112 | Loss 2.6045 | LR 1.4044e-06
2026-03-17 13:47:54 INFO Epoch 1 | Step 6720/13112 | Loss 2.6008 | LR 1.4080e-06
2026-03-17 13:48:03 INFO Epoch 1 | Step 6740/13112 | Loss 2.5972 | LR 1.4116e-06
2026-03-17 13:48:11 INFO Epoch 1 | Step 6760/13112 | Loss 2.5935 | LR 1.4152e-06
2026-03-17 13:48:20 INFO Epoch 1 | Step 6780/13112 | Loss 2.5899 | LR 1.4188e-06
2026-03-17 13:48:29 INFO Epoch 1 | Step 6800/13112 | Loss 2.5862 | LR 1.4224e-06
2026-03-17 13:48:37 INFO Epoch 1 | Step 6820/13112 | Loss 2.5825 | LR 1.4260e-06
2026-03-17 13:48:46 INFO Epoch 1 | Step 6840/13112 | Loss 2.5789 | LR 1.4297e-06
2026-03-17 13:48:55 INFO Epoch 1 | Step 6860/13112 | Loss 2.5751 | LR 1.4333e-06
2026-03-17 13:49:03 INFO Epoch 1 | Step 6880/13112 | Loss 2.5715 | LR 1.4370e-06
2026-03-17 13:49:12 INFO Epoch 1 | Step 6900/13112 | Loss 2.5678 | LR 1.4406e-06
2026-03-17 13:49:21 INFO Epoch 1 | Step 6920/13112 | Loss 2.5641 | LR 1.4443e-06
2026-03-17 13:49:29 INFO Epoch 1 | Step 6940/13112 | Loss 2.5604 | LR 1.4480e-06
2026-03-17 13:49:38 INFO Epoch 1 | Step 6960/13112 | Loss 2.5567 | LR 1.4517e-06
2026-03-17 13:49:46 INFO Epoch 1 | Step 6980/13112 | Loss 2.5530 | LR 1.4554e-06
2026-03-17 13:49:55 INFO Epoch 1 | Step 7000/13112 | Loss 2.5494 | LR 1.4591e-06
2026-03-17 13:50:03 INFO Epoch 1 | Step 7020/13112 | Loss 2.5457 | LR 1.4628e-06
2026-03-17 13:50:12 INFO Epoch 1 | Step 7040/13112 | Loss 2.5421 | LR 1.4666e-06
2026-03-17 13:50:21 INFO Epoch 1 | Step 7060/13112 | Loss 2.5384 | LR 1.4703e-06
2026-03-17 13:50:29 INFO Epoch 1 | Step 7080/13112 | Loss 2.5347 | LR 1.4741e-06
2026-03-17 13:50:38 INFO Epoch 1 | Step 7100/13112 | Loss 2.5310 | LR 1.4778e-06
2026-03-17 13:50:46 INFO Epoch 1 | Step 7120/13112 | Loss 2.5273 | LR 1.4816e-06
2026-03-17 13:50:55 INFO Epoch 1 | Step 7140/13112 | Loss 2.5236 | LR 1.4854e-06
2026-03-17 13:51:03 INFO Epoch 1 | Step 7160/13112 | Loss 2.5199 | LR 1.4892e-06
2026-03-17 13:51:12 INFO Epoch 1 | Step 7180/13112 | Loss 2.5163 | LR 1.4930e-06
2026-03-17 13:51:21 INFO Epoch 1 | Step 7200/13112 | Loss 2.5126 | LR 1.4968e-06
2026-03-17 13:51:29 INFO Epoch 1 | Step 7220/13112 | Loss 2.5089 | LR 1.5007e-06
2026-03-17 13:51:38 INFO Epoch 1 | Step 7240/13112 | Loss 2.5052 | LR 1.5045e-06
2026-03-17 13:51:46 INFO Epoch 1 | Step 7260/13112 | Loss 2.5016 | LR 1.5084e-06
2026-03-17 13:51:55 INFO Epoch 1 | Step 7280/13112 | Loss 2.4979 | LR 1.5122e-06
2026-03-17 13:52:03 INFO Epoch 1 | Step 7300/13112 | Loss 2.4942 | LR 1.5161e-06
2026-03-17 13:52:12 INFO Epoch 1 | Step 7320/13112 | Loss 2.4906 | LR 1.5200e-06
2026-03-17 13:52:21 INFO Epoch 1 | Step 7340/13112 | Loss 2.4869 | LR 1.5239e-06
2026-03-17 13:52:29 INFO Epoch 1 | Step 7360/13112 | Loss 2.4832 | LR 1.5278e-06
2026-03-17 13:52:38 INFO Epoch 1 | Step 7380/13112 | Loss 2.4796 | LR 1.5317e-06
2026-03-17 13:52:46 INFO Epoch 1 | Step 7400/13112 | Loss 2.4759 | LR 1.5356e-06
2026-03-17 13:52:55 INFO Epoch 1 | Step 7420/13112 | Loss 2.4722 | LR 1.5395e-06
2026-03-17 13:53:04 INFO Epoch 1 | Step 7440/13112 | Loss 2.4686 | LR 1.5435e-06
2026-03-17 13:53:12 INFO Epoch 1 | Step 7460/13112 | Loss 2.4649 | LR 1.5474e-06
2026-03-17 13:53:21 INFO Epoch 1 | Step 7480/13112 | Loss 2.4613 | LR 1.5514e-06
2026-03-17 13:53:29 INFO Epoch 1 | Step 7500/13112 | Loss 2.4576 | LR 1.5553e-06
2026-03-17 13:53:38 INFO Epoch 1 | Step 7520/13112 | Loss 2.4540 | LR 1.5593e-06
2026-03-17 13:53:46 INFO Epoch 1 | Step 7540/13112 | Loss 2.4503 | LR 1.5633e-06
2026-03-17 13:53:55 INFO Epoch 1 | Step 7560/13112 | Loss 2.4466 | LR 1.5673e-06
2026-03-17 13:54:03 INFO Epoch 1 | Step 7580/13112 | Loss 2.4430 | LR 1.5713e-06
2026-03-17 13:54:12 INFO Epoch 1 | Step 7600/13112 | Loss 2.4393 | LR 1.5753e-06
2026-03-17 13:54:21 INFO Epoch 1 | Step 7620/13112 | Loss 2.4356 | LR 1.5794e-06
2026-03-17 13:54:29 INFO Epoch 1 | Step 7640/13112 | Loss 2.4320 | LR 1.5834e-06
2026-03-17 13:54:38 INFO Epoch 1 | Step 7660/13112 | Loss 2.4283 | LR 1.5874e-06
2026-03-17 13:54:46 INFO Epoch 1 | Step 7680/13112 | Loss 2.4247 | LR 1.5915e-06
2026-03-17 13:54:55 INFO Epoch 1 | Step 7700/13112 | Loss 2.4210 | LR 1.5956e-06
2026-03-17 13:55:03 INFO Epoch 1 | Step 7720/13112 | Loss 2.4174 | LR 1.5997e-06
2026-03-17 13:55:12 INFO Epoch 1 | Step 7740/13112 | Loss 2.4137 | LR 1.6037e-06
2026-03-17 13:55:20 INFO Epoch 1 | Step 7760/13112 | Loss 2.4101 | LR 1.6078e-06
2026-03-17 13:55:29 INFO Epoch 1 | Step 7780/13112 | Loss 2.4064 | LR 1.6120e-06
2026-03-17 13:55:37 INFO Epoch 1 | Step 7800/13112 | Loss 2.4028 | LR 1.6161e-06
2026-03-17 13:55:46 INFO Epoch 1 | Step 7820/13112 | Loss 2.3992 | LR 1.6202e-06
2026-03-17 13:55:55 INFO Epoch 1 | Step 7840/13112 | Loss 2.3956 | LR 1.6243e-06
2026-03-17 13:56:03 INFO Epoch 1 | Step 7860/13112 | Loss 2.3919 | LR 1.6285e-06
2026-03-17 13:56:12 INFO Epoch 1 | Step 7880/13112 | Loss 2.3883 | LR 1.6327e-06
2026-03-17 13:56:20 INFO Epoch 1 | Step 7900/13112 | Loss 2.3847 | LR 1.6368e-06
2026-03-17 13:56:29 INFO Epoch 1 | Step 7920/13112 | Loss 2.3811 | LR 1.6410e-06
2026-03-17 13:56:37 INFO Epoch 1 | Step 7940/13112 | Loss 2.3775 | LR 1.6452e-06
2026-03-17 13:56:46 INFO Epoch 1 | Step 7960/13112 | Loss 2.3738 | LR 1.6494e-06
2026-03-17 13:56:54 INFO Epoch 1 | Step 7980/13112 | Loss 2.3702 | LR 1.6536e-06
2026-03-17 13:57:03 INFO Epoch 1 | Step 8000/13112 | Loss 2.3666 | LR 1.6578e-06
2026-03-17 13:57:11 INFO Epoch 1 | Step 8020/13112 | Loss 2.3630 | LR 1.6620e-06
2026-03-17 13:57:20 INFO Epoch 1 | Step 8040/13112 | Loss 2.3594 | LR 1.6663e-06
2026-03-17 13:57:29 INFO Epoch 1 | Step 8060/13112 | Loss 2.3558 | LR 1.6705e-06
2026-03-17 13:57:37 INFO Epoch 1 | Step 8080/13112 | Loss 2.3522 | LR 1.6748e-06
2026-03-17 13:57:46 INFO Epoch 1 | Step 8100/13112 | Loss 2.3486 | LR 1.6791e-06
2026-03-17 13:57:54 INFO Epoch 1 | Step 8120/13112 | Loss 2.3450 | LR 1.6833e-06
2026-03-17 13:58:03 INFO Epoch 1 | Step 8140/13112 | Loss 2.3414 | LR 1.6876e-06
2026-03-17 13:58:11 INFO Epoch 1 | Step 8160/13112 | Loss 2.3378 | LR 1.6919e-06
2026-03-17 13:58:20 INFO Epoch 1 | Step 8180/13112 | Loss 2.3342 | LR 1.6962e-06
2026-03-17 13:58:28 INFO Epoch 1 | Step 8200/13112 | Loss 2.3306 | LR 1.7006e-06
2026-03-17 13:58:37 INFO Epoch 1 | Step 8220/13112 | Loss 2.3271 | LR 1.7049e-06
2026-03-17 13:58:45 INFO Epoch 1 | Step 8240/13112 | Loss 2.3235 | LR 1.7092e-06
2026-03-17 13:58:54 INFO Epoch 1 | Step 8260/13112 | Loss 2.3199 | LR 1.7136e-06
2026-03-17 13:59:02 INFO Epoch 1 | Step 8280/13112 | Loss 2.3163 | LR 1.7179e-06
2026-03-17 13:59:11 INFO Epoch 1 | Step 8300/13112 | Loss 2.3128 | LR 1.7223e-06
2026-03-17 13:59:19 INFO Epoch 1 | Step 8320/13112 | Loss 2.3092 | LR 1.7267e-06
2026-03-17 13:59:28 INFO Epoch 1 | Step 8340/13112 | Loss 2.3056 | LR 1.7311e-06
2026-03-17 13:59:37 INFO Epoch 1 | Step 8360/13112 | Loss 2.3021 | LR 1.7355e-06
2026-03-17 13:59:45 INFO Epoch 1 | Step 8380/13112 | Loss 2.2985 | LR 1.7399e-06
2026-03-17 13:59:54 INFO Epoch 1 | Step 8400/13112 | Loss 2.2950 | LR 1.7443e-06
2026-03-17 14:00:02 INFO Epoch 1 | Step 8420/13112 | Loss 2.2915 | LR 1.7487e-06
2026-03-17 14:00:11 INFO Epoch 1 | Step 8440/13112 | Loss 2.2879 | LR 1.7531e-06
2026-03-17 14:00:19 INFO Epoch 1 | Step 8460/13112 | Loss 2.2844 | LR 1.7576e-06
2026-03-17 14:00:28 INFO Epoch 1 | Step 8480/13112 | Loss 2.2808 | LR 1.7620e-06
2026-03-17 14:00:36 INFO Epoch 1 | Step 8500/13112 | Loss 2.2773 | LR 1.7665e-06
2026-03-17 14:00:45 INFO Epoch 1 | Step 8520/13112 | Loss 2.2738 | LR 1.7710e-06
2026-03-17 14:00:53 INFO Epoch 1 | Step 8540/13112 | Loss 2.2702 | LR 1.7755e-06
2026-03-17 14:01:02 INFO Epoch 1 | Step 8560/13112 | Loss 2.2667 | LR 1.7800e-06
2026-03-17 14:01:10 INFO Epoch 1 | Step 8580/13112 | Loss 2.2632 | LR 1.7845e-06
2026-03-17 14:01:19 INFO Epoch 1 | Step 8600/13112 | Loss 2.2597 | LR 1.7890e-06
2026-03-17 14:01:27 INFO Epoch 1 | Step 8620/13112 | Loss 2.2562 | LR 1.7935e-06
2026-03-17 14:01:36 INFO Epoch 1 | Step 8640/13112 | Loss 2.2527 | LR 1.7980e-06
2026-03-17 14:01:45 INFO Epoch 1 | Step 8660/13112 | Loss 2.2492 | LR 1.8026e-06
2026-03-17 14:01:53 INFO Epoch 1 | Step 8680/13112 | Loss 2.2457 | LR 1.8071e-06
2026-03-17 14:02:02 INFO Epoch 1 | Step 8700/13112 | Loss 2.2423 | LR 1.8117e-06
2026-03-17 14:02:10 INFO Epoch 1 | Step 8720/13112 | Loss 2.2388 | LR 1.8163e-06
2026-03-17 14:02:19 INFO Epoch 1 | Step 8740/13112 | Loss 2.2353 | LR 1.8209e-06
2026-03-17 14:02:27 INFO Epoch 1 | Step 8760/13112 | Loss 2.2318 | LR 1.8254e-06
2026-03-17 14:02:36 INFO Epoch 1 | Step 8780/13112 | Loss 2.2284 | LR 1.8300e-06
2026-03-17 14:02:44 INFO Epoch 1 | Step 8800/13112 | Loss 2.2249 | LR 1.8347e-06
2026-03-17 14:02:53 INFO Epoch 1 | Step 8820/13112 | Loss 2.2214 | LR 1.8393e-06
2026-03-17 14:03:02 INFO Epoch 1 | Step 8840/13112 | Loss 2.2180 | LR 1.8439e-06
2026-03-17 14:03:10 INFO Epoch 1 | Step 8860/13112 | Loss 2.2146 | LR 1.8486e-06
2026-03-17 14:03:19 INFO Epoch 1 | Step 8880/13112 | Loss 2.2111 | LR 1.8532e-06
2026-03-17 14:03:27 INFO Epoch 1 | Step 8900/13112 | Loss 2.2077 | LR 1.8579e-06
2026-03-17 14:03:36 INFO Epoch 1 | Step 8920/13112 | Loss 2.2042 | LR 1.8625e-06
2026-03-17 14:03:44 INFO Epoch 1 | Step 8940/13112 | Loss 2.2008 | LR 1.8672e-06
2026-03-17 14:03:53 INFO Epoch 1 | Step 8960/13112 | Loss 2.1974 | LR 1.8719e-06
2026-03-17 14:04:02 INFO Epoch 1 | Step 8980/13112 | Loss 2.1940 | LR 1.8766e-06
2026-03-17 14:04:10 INFO Epoch 1 | Step 9000/13112 | Loss 2.1906 | LR 1.8813e-06
2026-03-17 14:04:19 INFO Epoch 1 | Step 9020/13112 | Loss 2.1872 | LR 1.8860e-06
2026-03-17 14:04:27 INFO Epoch 1 | Step 9040/13112 | Loss 2.1838 | LR 1.8908e-06
2026-03-17 14:04:36 INFO Epoch 1 | Step 9060/13112 | Loss 2.1804 | LR 1.8955e-06
2026-03-17 14:04:44 INFO Epoch 1 | Step 9080/13112 | Loss 2.1770 | LR 1.9002e-06
2026-03-17 14:04:53 INFO Epoch 1 | Step 9100/13112 | Loss 2.1736 | LR 1.9050e-06
2026-03-17 14:05:02 INFO Epoch 1 | Step 9120/13112 | Loss 2.1703 | LR 1.9098e-06
2026-03-17 14:05:10 INFO Epoch 1 | Step 9140/13112 | Loss 2.1669 | LR 1.9145e-06
2026-03-17 14:05:19 INFO Epoch 1 | Step 9160/13112 | Loss 2.1635 | LR 1.9193e-06
2026-03-17 14:05:27 INFO Epoch 1 | Step 9180/13112 | Loss 2.1602 | LR 1.9241e-06
2026-03-17 14:05:36 INFO Epoch 1 | Step 9200/13112 | Loss 2.1568 | LR 1.9289e-06
2026-03-17 14:05:44 INFO Epoch 1 | Step 9220/13112 | Loss 2.1535 | LR 1.9337e-06
2026-03-17 14:05:53 INFO Epoch 1 | Step 9240/13112 | Loss 2.1502 | LR 1.9386e-06
2026-03-17 14:06:01 INFO Epoch 1 | Step 9260/13112 | Loss 2.1468 | LR 1.9434e-06
2026-03-17 14:06:10 INFO Epoch 1 | Step 9280/13112 | Loss 2.1435 | LR 1.9482e-06
2026-03-17 14:06:18 INFO Epoch 1 | Step 9300/13112 | Loss 2.1402 | LR 1.9531e-06
2026-03-17 14:06:27 INFO Epoch 1 | Step 9320/13112 | Loss 2.1369 | LR 1.9580e-06
2026-03-17 14:06:35 INFO Epoch 1 | Step 9340/13112 | Loss 2.1335 | LR 1.9628e-06
2026-03-17 14:06:44 INFO Epoch 1 | Step 9360/13112 | Loss 2.1302 | LR 1.9677e-06
2026-03-17 14:06:52 INFO Epoch 1 | Step 9380/13112 | Loss 2.1269 | LR 1.9726e-06
2026-03-17 14:07:01 INFO Epoch 1 | Step 9400/13112 | Loss 2.1236 | LR 1.9775e-06
2026-03-17 14:07:10 INFO Epoch 1 | Step 9420/13112 | Loss 2.1203 | LR 1.9824e-06
2026-03-17 14:07:18 INFO Epoch 1 | Step 9440/13112 | Loss 2.1171 | LR 1.9873e-06
2026-03-17 14:07:27 INFO Epoch 1 | Step 9460/13112 | Loss 2.1138 | LR 1.9923e-06
2026-03-17 14:07:35 INFO Epoch 1 | Step 9480/13112 | Loss 2.1105 | LR 1.9972e-06
2026-03-17 14:07:44 INFO Epoch 1 | Step 9500/13112 | Loss 2.1072 | LR 2.0022e-06
2026-03-17 14:07:52 INFO Epoch 1 | Step 9520/13112 | Loss 2.1040 | LR 2.0071e-06
2026-03-17 14:08:01 INFO Epoch 1 | Step 9540/13112 | Loss 2.1007 | LR 2.0121e-06
2026-03-17 14:08:09 INFO Epoch 1 | Step 9560/13112 | Loss 2.0975 | LR 2.0171e-06
2026-03-17 14:08:18 INFO Epoch 1 | Step 9580/13112 | Loss 2.0942 | LR 2.0220e-06
2026-03-17 14:08:27 INFO Epoch 1 | Step 9600/13112 | Loss 2.0910 | LR 2.0270e-06
2026-03-17 14:08:35 INFO Epoch 1 | Step 9620/13112 | Loss 2.0878 | LR 2.0320e-06
2026-03-17 14:08:44 INFO Epoch 1 | Step 9640/13112 | Loss 2.0846 | LR 2.0371e-06
2026-03-17 14:08:52 INFO Epoch 1 | Step 9660/13112 | Loss 2.0814 | LR 2.0421e-06
2026-03-17 14:09:01 INFO Epoch 1 | Step 9680/13112 | Loss 2.0781 | LR 2.0471e-06
2026-03-17 14:09:09 INFO Epoch 1 | Step 9700/13112 | Loss 2.0749 | LR 2.0522e-06
2026-03-17 14:09:18 INFO Epoch 1 | Step 9720/13112 | Loss 2.0717 | LR 2.0572e-06
2026-03-17 14:09:27 INFO Epoch 1 | Step 9740/13112 | Loss 2.0685 | LR 2.0623e-06
2026-03-17 14:09:35 INFO Epoch 1 | Step 9760/13112 | Loss 2.0653 | LR 2.0674e-06
2026-03-17 14:09:44 INFO Epoch 1 | Step 9780/13112 | Loss 2.0622 | LR 2.0724e-06
2026-03-17 14:09:53 INFO Epoch 1 | Step 9800/13112 | Loss 2.0590 | LR 2.0775e-06
2026-03-17 14:10:01 INFO Epoch 1 | Step 9820/13112 | Loss 2.0558 | LR 2.0826e-06
2026-03-17 14:10:10 INFO Epoch 1 | Step 9840/13112 | Loss 2.0527 | LR 2.0877e-06
2026-03-17 14:10:18 INFO Epoch 1 | Step 9860/13112 | Loss 2.0495 | LR 2.0929e-06
2026-03-17 14:10:27 INFO Epoch 1 | Step 9880/13112 | Loss 2.0464 | LR 2.0980e-06
2026-03-17 14:10:35 INFO Epoch 1 | Step 9900/13112 | Loss 2.0432 | LR 2.1031e-06
2026-03-17 14:10:44 INFO Epoch 1 | Step 9920/13112 | Loss 2.0401 | LR 2.1083e-06
2026-03-17 14:10:52 INFO Epoch 1 | Step 9940/13112 | Loss 2.0369 | LR 2.1134e-06
2026-03-17 14:11:01 INFO Epoch 1 | Step 9960/13112 | Loss 2.0338 | LR 2.1186e-06
2026-03-17 14:11:10 INFO Epoch 1 | Step 9980/13112 | Loss 2.0307 | LR 2.1238e-06
2026-03-17 14:11:18 INFO Epoch 1 | Step 10000/13112 | Loss 2.0276 | LR 2.1289e-06
2026-03-17 14:11:27 INFO Epoch 1 | Step 10020/13112 | Loss 2.0245 | LR 2.1341e-06
2026-03-17 14:11:35 INFO Epoch 1 | Step 10040/13112 | Loss 2.0214 | LR 2.1393e-06
2026-03-17 14:11:44 INFO Epoch 1 | Step 10060/13112 | Loss 2.0183 | LR 2.1446e-06
2026-03-17 14:11:53 INFO Epoch 1 | Step 10080/13112 | Loss 2.0152 | LR 2.1498e-06
2026-03-17 14:12:01 INFO Epoch 1 | Step 10100/13112 | Loss 2.0121 | LR 2.1550e-06
2026-03-17 14:12:10 INFO Epoch 1 | Step 10120/13112 | Loss 2.0090 | LR 2.1603e-06
2026-03-17 14:12:19 INFO Epoch 1 | Step 10140/13112 | Loss 2.0060 | LR 2.1655e-06
2026-03-17 14:12:27 INFO Epoch 1 | Step 10160/13112 | Loss 2.0029 | LR 2.1708e-06
2026-03-17 14:12:36 INFO Epoch 1 | Step 10180/13112 | Loss 1.9998 | LR 2.1760e-06
2026-03-17 14:12:45 INFO Epoch 1 | Step 10200/13112 | Loss 1.9968 | LR 2.1813e-06
2026-03-17 14:12:53 INFO Epoch 1 | Step 10220/13112 | Loss 1.9937 | LR 2.1866e-06
2026-03-17 14:13:02 INFO Epoch 1 | Step 10240/13112 | Loss 1.9907 | LR 2.1919e-06
2026-03-17 14:13:11 INFO Epoch 1 | Step 10260/13112 | Loss 1.9877 | LR 2.1972e-06
2026-03-17 14:13:19 INFO Epoch 1 | Step 10280/13112 | Loss 1.9846 | LR 2.2025e-06
2026-03-17 14:13:28 INFO Epoch 1 | Step 10300/13112 | Loss 1.9816 | LR 2.2078e-06
2026-03-17 14:13:36 INFO Epoch 1 | Step 10320/13112 | Loss 1.9786 | LR 2.2132e-06
2026-03-17 14:13:45 INFO Epoch 1 | Step 10340/13112 | Loss 1.9756 | LR 2.2185e-06
2026-03-17 14:13:54 INFO Epoch 1 | Step 10360/13112 | Loss 1.9726 | LR 2.2239e-06
2026-03-17 14:14:02 INFO Epoch 1 | Step 10380/13112 | Loss 1.9696 | LR 2.2292e-06
2026-03-17 14:14:11 INFO Epoch 1 | Step 10400/13112 | Loss 1.9666 | LR 2.2346e-06
2026-03-17 14:14:19 INFO Epoch 1 | Step 10420/13112 | Loss 1.9636 | LR 2.2400e-06
2026-03-17 14:14:28 INFO Epoch 1 | Step 10440/13112 | Loss 1.9606 | LR 2.2454e-06
2026-03-17 14:14:36 INFO Epoch 1 | Step 10460/13112 | Loss 1.9577 | LR 2.2508e-06
2026-03-17 14:14:45 INFO Epoch 1 | Step 10480/13112 | Loss 1.9547 | LR 2.2562e-06
2026-03-17 14:14:54 INFO Epoch 1 | Step 10500/13112 | Loss 1.9517 | LR 2.2616e-06
2026-03-17 14:15:02 INFO Epoch 1 | Step 10520/13112 | Loss 1.9488 | LR 2.2670e-06
2026-03-17 14:15:11 INFO Epoch 1 | Step 10540/13112 | Loss 1.9459 | LR 2.2725e-06
2026-03-17 14:15:20 INFO Epoch 1 | Step 10560/13112 | Loss 1.9429 | LR 2.2779e-06
2026-03-17 14:15:28 INFO Epoch 1 | Step 10580/13112 | Loss 1.9400 | LR 2.2834e-06
2026-03-17 14:15:37 INFO Epoch 1 | Step 10600/13112 | Loss 1.9371 | LR 2.2888e-06
2026-03-17 14:15:45 INFO Epoch 1 | Step 10620/13112 | Loss 1.9341 | LR 2.2943e-06
2026-03-17 14:15:54 INFO Epoch 1 | Step 10640/13112 | Loss 1.9312 | LR 2.2998e-06
2026-03-17 14:16:03 INFO Epoch 1 | Step 10660/13112 | Loss 1.9283 | LR 2.3053e-06
2026-03-17 14:16:11 INFO Epoch 1 | Step 10680/13112 | Loss 1.9254 | LR 2.3108e-06
2026-03-17 14:16:20 INFO Epoch 1 | Step 10700/13112 | Loss 1.9225 | LR 2.3163e-06
2026-03-17 14:16:28 INFO Epoch 1 | Step 10720/13112 | Loss 1.9196 | LR 2.3218e-06
2026-03-17 14:16:37 INFO Epoch 1 | Step 10740/13112 | Loss 1.9168 | LR 2.3273e-06
2026-03-17 14:16:45 INFO Epoch 1 | Step 10760/13112 | Loss 1.9139 | LR 2.3329e-06
2026-03-17 14:16:54 INFO Epoch 1 | Step 10780/13112 | Loss 1.9110 | LR 2.3384e-06
2026-03-17 14:17:03 INFO Epoch 1 | Step 10800/13112 | Loss 1.9081 | LR 2.3440e-06
2026-03-17 14:17:11 INFO Epoch 1 | Step 10820/13112 | Loss 1.9053 | LR 2.3495e-06
2026-03-17 14:17:20 INFO Epoch 1 | Step 10840/13112 | Loss 1.9024 | LR 2.3551e-06
2026-03-17 14:17:29 INFO Epoch 1 | Step 10860/13112 | Loss 1.8996 | LR 2.3607e-06
2026-03-17 14:17:37 INFO Epoch 1 | Step 10880/13112 | Loss 1.8968 | LR 2.3663e-06
2026-03-17 14:17:46 INFO Epoch 1 | Step 10900/13112 | Loss 1.8939 | LR 2.3719e-06
2026-03-17 14:17:55 INFO Epoch 1 | Step 10920/13112 | Loss 1.8911 | LR 2.3775e-06
2026-03-17 14:18:03 INFO Epoch 1 | Step 10940/13112 | Loss 1.8883 | LR 2.3831e-06
2026-03-17 14:18:12 INFO Epoch 1 | Step 10960/13112 | Loss 1.8855 | LR 2.3887e-06
2026-03-17 14:18:20 INFO Epoch 1 | Step 10980/13112 | Loss 1.8827 | LR 2.3944e-06
2026-03-17 14:18:29 INFO Epoch 1 | Step 11000/13112 | Loss 1.8799 | LR 2.4000e-06
2026-03-17 14:18:37 INFO Epoch 1 | Step 11020/13112 | Loss 1.8771 | LR 2.4057e-06
2026-03-17 14:18:46 INFO Epoch 1 | Step 11040/13112 | Loss 1.8743 | LR 2.4113e-06
2026-03-17 14:18:55 INFO Epoch 1 | Step 11060/13112 | Loss 1.8715 | LR 2.4170e-06
2026-03-17 14:19:03 INFO Epoch 1 | Step 11080/13112 | Loss 1.8687 | LR 2.4227e-06
2026-03-17 14:19:12 INFO Epoch 1 | Step 11100/13112 | Loss 1.8660 | LR 2.4284e-06
2026-03-17 14:19:21 INFO Epoch 1 | Step 11120/13112 | Loss 1.8632 | LR 2.4341e-06
2026-03-17 14:19:29 INFO Epoch 1 | Step 11140/13112 | Loss 1.8605 | LR 2.4398e-06
2026-03-17 14:19:38 INFO Epoch 1 | Step 11160/13112 | Loss 1.8577 | LR 2.4455e-06
2026-03-17 14:19:46 INFO Epoch 1 | Step 11180/13112 | Loss 1.8550 | LR 2.4513e-06
2026-03-17 14:19:55 INFO Epoch 1 | Step 11200/13112 | Loss 1.8522 | LR 2.4570e-06
2026-03-17 14:20:03 INFO Epoch 1 | Step 11220/13112 | Loss 1.8495 | LR 2.4627e-06
2026-03-17 14:20:12 INFO Epoch 1 | Step 11240/13112 | Loss 1.8468 | LR 2.4685e-06
2026-03-17 14:20:21 INFO Epoch 1 | Step 11260/13112 | Loss 1.8441 | LR 2.4743e-06
2026-03-17 14:20:29 INFO Epoch 1 | Step 11280/13112 | Loss 1.8413 | LR 2.4800e-06
2026-03-17 14:20:38 INFO Epoch 1 | Step 11300/13112 | Loss 1.8386 | LR 2.4858e-06
2026-03-17 14:20:46 INFO Epoch 1 | Step 11320/13112 | Loss 1.8359 | LR 2.4916e-06
2026-03-17 14:20:55 INFO Epoch 1 | Step 11340/13112 | Loss 1.8332 | LR 2.4974e-06
2026-03-17 14:21:03 INFO Epoch 1 | Step 11360/13112 | Loss 1.8305 | LR 2.5032e-06
2026-03-17 14:21:12 INFO Epoch 1 | Step 11380/13112 | Loss 1.8279 | LR 2.5090e-06
2026-03-17 14:21:20 INFO Epoch 1 | Step 11400/13112 | Loss 1.8252 | LR 2.5149e-06
2026-03-17 14:21:29 INFO Epoch 1 | Step 11420/13112 | Loss 1.8225 | LR 2.5207e-06
2026-03-17 14:21:37 INFO Epoch 1 | Step 11440/13112 | Loss 1.8199 | LR 2.5265e-06
2026-03-17 14:21:46 INFO Epoch 1 | Step 11460/13112 | Loss 1.8172 | LR 2.5324e-06
2026-03-17 14:21:54 INFO Epoch 1 | Step 11480/13112 | Loss 1.8145 | LR 2.5383e-06
2026-03-17 14:22:03 INFO Epoch 1 | Step 11500/13112 | Loss 1.8119 | LR 2.5441e-06
2026-03-17 14:22:11 INFO Epoch 1 | Step 11520/13112 | Loss 1.8092 | LR 2.5500e-06
2026-03-17 14:22:20 INFO Epoch 1 | Step 11540/13112 | Loss 1.8066 | LR 2.5559e-06
2026-03-17 14:22:29 INFO Epoch 1 | Step 11560/13112 | Loss 1.8040 | LR 2.5618e-06
2026-03-17 14:22:37 INFO Epoch 1 | Step 11580/13112 | Loss 1.8014 | LR 2.5677e-06
2026-03-17 14:22:46 INFO Epoch 1 | Step 11600/13112 | Loss 1.7988 | LR 2.5736e-06
2026-03-17 14:22:55 INFO Epoch 1 | Step 11620/13112 | Loss 1.7961 | LR 2.5795e-06
2026-03-17 14:23:03 INFO Epoch 1 | Step 11640/13112 | Loss 1.7935 | LR 2.5855e-06
2026-03-17 14:23:12 INFO Epoch 1 | Step 11660/13112 | Loss 1.7909 | LR 2.5914e-06
2026-03-17 14:23:21 INFO Epoch 1 | Step 11680/13112 | Loss 1.7884 | LR 2.5974e-06
2026-03-17 14:23:29 INFO Epoch 1 | Step 11700/13112 | Loss 1.7858 | LR 2.6033e-06
2026-03-17 14:23:38 INFO Epoch 1 | Step 11720/13112 | Loss 1.7832 | LR 2.6093e-06
2026-03-17 14:23:47 INFO Epoch 1 | Step 11740/13112 | Loss 1.7806 | LR 2.6153e-06
2026-03-17 14:23:55 INFO Epoch 1 | Step 11760/13112 | Loss 1.7781 | LR 2.6213e-06
2026-03-17 14:24:04 INFO Epoch 1 | Step 11780/13112 | Loss 1.7755 | LR 2.6273e-06
2026-03-17 14:24:13 INFO Epoch 1 | Step 11800/13112 | Loss 1.7729 | LR 2.6333e-06
2026-03-17 14:24:21 INFO Epoch 1 | Step 11820/13112 | Loss 1.7704 | LR 2.6393e-06
2026-03-17 14:24:30 INFO Epoch 1 | Step 11840/13112 | Loss 1.7678 | LR 2.6453e-06
2026-03-17 14:24:39 INFO Epoch 1 | Step 11860/13112 | Loss 1.7653 | LR 2.6513e-06
2026-03-17 14:24:47 INFO Epoch 1 | Step 11880/13112 | Loss 1.7628 | LR 2.6574e-06
2026-03-17 14:24:56 INFO Epoch 1 | Step 11900/13112 | Loss 1.7603 | LR 2.6634e-06
2026-03-17 14:25:04 INFO Epoch 1 | Step 11920/13112 | Loss 1.7577 | LR 2.6695e-06
2026-03-17 14:25:13 INFO Epoch 1 | Step 11940/13112 | Loss 1.7552 | LR 2.6755e-06
2026-03-17 14:25:22 INFO Epoch 1 | Step 11960/13112 | Loss 1.7527 | LR 2.6816e-06
2026-03-17 14:25:30 INFO Epoch 1 | Step 11980/13112 | Loss 1.7502 | LR 2.6877e-06
2026-03-17 14:25:39 INFO Epoch 1 | Step 12000/13112 | Loss 1.7477 | LR 2.6938e-06
2026-03-17 14:25:47 INFO Epoch 1 | Step 12020/13112 | Loss 1.7452 | LR 2.6999e-06
2026-03-17 14:25:56 INFO Epoch 1 | Step 12040/13112 | Loss 1.7428 | LR 2.7060e-06
2026-03-17 14:26:05 INFO Epoch 1 | Step 12060/13112 | Loss 1.7403 | LR 2.7121e-06
2026-03-17 14:26:13 INFO Epoch 1 | Step 12080/13112 | Loss 1.7378 | LR 2.7182e-06
2026-03-17 14:26:22 INFO Epoch 1 | Step 12100/13112 | Loss 1.7354 | LR 2.7244e-06
2026-03-17 14:26:30 INFO Epoch 1 | Step 12120/13112 | Loss 1.7329 | LR 2.7305e-06
2026-03-17 14:26:39 INFO Epoch 1 | Step 12140/13112 | Loss 1.7305 | LR 2.7367e-06
2026-03-17 14:26:47 INFO Epoch 1 | Step 12160/13112 | Loss 1.7280 | LR 2.7428e-06
2026-03-17 14:26:56 INFO Epoch 1 | Step 12180/13112 | Loss 1.7256 | LR 2.7490e-06
2026-03-17 14:27:05 INFO Epoch 1 | Step 12200/13112 | Loss 1.7231 | LR 2.7552e-06
2026-03-17 14:27:13 INFO Epoch 1 | Step 12220/13112 | Loss 1.7207 | LR 2.7614e-06
2026-03-17 14:27:22 INFO Epoch 1 | Step 12240/13112 | Loss 1.7183 | LR 2.7676e-06
2026-03-17 14:27:31 INFO Epoch 1 | Step 12260/13112 | Loss 1.7159 | LR 2.7738e-06
2026-03-17 14:27:39 INFO Epoch 1 | Step 12280/13112 | Loss 1.7135 | LR 2.7800e-06
2026-03-17 14:27:48 INFO Epoch 1 | Step 12300/13112 | Loss 1.7110 | LR 2.7862e-06
2026-03-17 14:27:57 INFO Epoch 1 | Step 12320/13112 | Loss 1.7086 | LR 2.7924e-06
2026-03-17 14:28:05 INFO Epoch 1 | Step 12340/13112 | Loss 1.7063 | LR 2.7987e-06
2026-03-17 14:28:14 INFO Epoch 1 | Step 12360/13112 | Loss 1.7039 | LR 2.8049e-06
2026-03-17 14:28:22 INFO Epoch 1 | Step 12380/13112 | Loss 1.7015 | LR 2.8112e-06
2026-03-17 14:28:31 INFO Epoch 1 | Step 12400/13112 | Loss 1.6991 | LR 2.8174e-06
2026-03-17 14:28:40 INFO Epoch 1 | Step 12420/13112 | Loss 1.6967 | LR 2.8237e-06
2026-03-17 14:28:49 INFO Epoch 1 | Step 12440/13112 | Loss 1.6944 | LR 2.8300e-06
2026-03-17 14:28:57 INFO Epoch 1 | Step 12460/13112 | Loss 1.6920 | LR 2.8363e-06
2026-03-17 14:29:06 INFO Epoch 1 | Step 12480/13112 | Loss 1.6897 | LR 2.8426e-06
2026-03-17 14:29:14 INFO Epoch 1 | Step 12500/13112 | Loss 1.6873 | LR 2.8489e-06
2026-03-17 14:29:23 INFO Epoch 1 | Step 12520/13112 | Loss 1.6850 | LR 2.8552e-06
2026-03-17 14:29:32 INFO Epoch 1 | Step 12540/13112 | Loss 1.6827 | LR 2.8615e-06
2026-03-17 14:29:40 INFO Epoch 1 | Step 12560/13112 | Loss 1.6803 | LR 2.8679e-06
2026-03-17 14:29:49 INFO Epoch 1 | Step 12580/13112 | Loss 1.6780 | LR 2.8742e-06
2026-03-17 14:29:57 INFO Epoch 1 | Step 12600/13112 | Loss 1.6757 | LR 2.8806e-06
2026-03-17 14:30:06 INFO Epoch 1 | Step 12620/13112 | Loss 1.6734 | LR 2.8869e-06
2026-03-17 14:30:15 INFO Epoch 1 | Step 12640/13112 | Loss 1.6711 | LR 2.8933e-06
2026-03-17 14:30:23 INFO Epoch 1 | Step 12660/13112 | Loss 1.6688 | LR 2.8997e-06
2026-03-17 14:30:32 INFO Epoch 1 | Step 12680/13112 | Loss 1.6665 | LR 2.9061e-06
2026-03-17 14:30:40 INFO Epoch 1 | Step 12700/13112 | Loss 1.6642 | LR 2.9125e-06
2026-03-17 14:30:49 INFO Epoch 1 | Step 12720/13112 | Loss 1.6619 | LR 2.9189e-06
2026-03-17 14:30:57 INFO Epoch 1 | Step 12740/13112 | Loss 1.6596 | LR 2.9253e-06
2026-03-17 14:31:06 INFO Epoch 1 | Step 12760/13112 | Loss 1.6574 | LR 2.9317e-06
2026-03-17 14:31:15 INFO Epoch 1 | Step 12780/13112 | Loss 1.6551 | LR 2.9381e-06
2026-03-17 14:31:23 INFO Epoch 1 | Step 12800/13112 | Loss 1.6528 | LR 2.9446e-06
2026-03-17 14:31:32 INFO Epoch 1 | Step 12820/13112 | Loss 1.6506 | LR 2.9510e-06
2026-03-17 14:31:40 INFO Epoch 1 | Step 12840/13112 | Loss 1.6483 | LR 2.9575e-06
2026-03-17 14:31:49 INFO Epoch 1 | Step 12860/13112 | Loss 1.6461 | LR 2.9639e-06
2026-03-17 14:31:57 INFO Epoch 1 | Step 12880/13112 | Loss 1.6439 | LR 2.9704e-06
2026-03-17 14:32:06 INFO Epoch 1 | Step 12900/13112 | Loss 1.6416 | LR 2.9769e-06
2026-03-17 14:32:15 INFO Epoch 1 | Step 12920/13112 | Loss 1.6394 | LR 2.9833e-06
2026-03-17 14:32:23 INFO Epoch 1 | Step 12940/13112 | Loss 1.6372 | LR 2.9898e-06
2026-03-17 14:32:32 INFO Epoch 1 | Step 12960/13112 | Loss 1.6350 | LR 2.9963e-06
2026-03-17 14:32:40 INFO Epoch 1 | Step 12980/13112 | Loss 1.6328 | LR 3.0029e-06
2026-03-17 14:32:49 INFO Epoch 1 | Step 13000/13112 | Loss 1.6305 | LR 3.0094e-06
2026-03-17 14:32:58 INFO Epoch 1 | Step 13020/13112 | Loss 1.6284 | LR 3.0159e-06
2026-03-17 14:33:06 INFO Epoch 1 | Step 13040/13112 | Loss 1.6262 | LR 3.0224e-06
2026-03-17 14:33:15 INFO Epoch 1 | Step 13060/13112 | Loss 1.6240 | LR 3.0290e-06
2026-03-17 14:33:24 INFO Epoch 1 | Step 13080/13112 | Loss 1.6218 | LR 3.0355e-06
2026-03-17 14:33:32 INFO Epoch 1 | Step 13100/13112 | Loss 1.6196 | LR 3.0421e-06
2026-03-17 14:33:37 INFO Epoch 1 | Step 13112/13112 | Loss 1.6183 | LR 3.0460e-06
2026-03-17 14:39:22 INFO CSV Written | Epoch: 1
2026-03-17 14:39:22 INFO Best Saved | Epoch: 1 | Monitor: val_auprc | Value: 0.0381
2026-03-17 14:39:22 INFO Epoch Done | Epoch: 1 | Time: 5983.8185 | Train Loss: 1.6183 | Val Accuracy: 0.9645 | Val AUPRC: 0.0381 | Val Auroc: 0.5105 | Val F1: 0.0000 | Val Loss: 0.1960
2026-03-17 14:39:22 INFO Epoch Start | Epoch: 2
2026-03-17 14:39:31 INFO Epoch 2 | Step 1/13112 | Loss 0.1995 | LR 3.0464e-06
2026-03-17 14:39:40 INFO Epoch 2 | Step 20/13112 | Loss 0.1958 | LR 3.0526e-06
2026-03-17 14:39:49 INFO Epoch 2 | Step 40/13112 | Loss 0.1968 | LR 3.0592e-06
2026-03-17 14:39:57 INFO Epoch 2 | Step 60/13112 | Loss 0.1958 | LR 3.0658e-06
2026-03-17 14:40:06 INFO Epoch 2 | Step 80/13112 | Loss 0.1953 | LR 3.0724e-06
2026-03-17 14:40:14 INFO Epoch 2 | Step 100/13112 | Loss 0.1945 | LR 3.0790e-06
2026-03-17 14:40:23 INFO Epoch 2 | Step 120/13112 | Loss 0.1943 | LR 3.0856e-06
2026-03-17 14:40:32 INFO Epoch 2 | Step 140/13112 | Loss 0.1938 | LR 3.0922e-06
2026-03-17 14:40:40 INFO Epoch 2 | Step 160/13112 | Loss 0.1933 | LR 3.0989e-06
2026-03-17 14:40:49 INFO Epoch 2 | Step 180/13112 | Loss 0.1928 | LR 3.1055e-06
2026-03-17 14:40:58 INFO Epoch 2 | Step 200/13112 | Loss 0.1923 | LR 3.1122e-06
2026-03-17 14:41:06 INFO Epoch 2 | Step 220/13112 | Loss 0.1923 | LR 3.1188e-06
2026-03-17 14:41:15 INFO Epoch 2 | Step 240/13112 | Loss 0.1920 | LR 3.1255e-06
2026-03-17 14:41:23 INFO Epoch 2 | Step 260/13112 | Loss 0.1920 | LR 3.1322e-06
2026-03-17 14:41:32 INFO Epoch 2 | Step 280/13112 | Loss 0.1918 | LR 3.1389e-06
2026-03-17 14:41:41 INFO Epoch 2 | Step 300/13112 | Loss 0.1913 | LR 3.1455e-06
2026-03-17 14:41:49 INFO Epoch 2 | Step 320/13112 | Loss 0.1910 | LR 3.1522e-06
2026-03-17 14:41:58 INFO Epoch 2 | Step 340/13112 | Loss 0.1910 | LR 3.1590e-06
2026-03-17 14:42:06 INFO Epoch 2 | Step 360/13112 | Loss 0.1907 | LR 3.1657e-06
2026-03-17 14:42:15 INFO Epoch 2 | Step 380/13112 | Loss 0.1905 | LR 3.1724e-06
2026-03-17 14:42:23 INFO Epoch 2 | Step 400/13112 | Loss 0.1902 | LR 3.1791e-06
2026-03-17 14:42:32 INFO Epoch 2 | Step 420/13112 | Loss 0.1899 | LR 3.1859e-06
2026-03-17 14:42:41 INFO Epoch 2 | Step 440/13112 | Loss 0.1897 | LR 3.1926e-06
2026-03-17 14:42:50 INFO Epoch 2 | Step 460/13112 | Loss 0.1895 | LR 3.1994e-06
2026-03-17 14:42:58 INFO Epoch 2 | Step 480/13112 | Loss 0.1893 | LR 3.2061e-06
2026-03-17 14:43:07 INFO Epoch 2 | Step 500/13112 | Loss 0.1891 | LR 3.2129e-06
2026-03-17 14:43:15 INFO Epoch 2 | Step 520/13112 | Loss 0.1888 | LR 3.2197e-06
2026-03-17 14:43:24 INFO Epoch 2 | Step 540/13112 | Loss 0.1885 | LR 3.2265e-06
2026-03-17 14:43:33 INFO Epoch 2 | Step 560/13112 | Loss 0.1884 | LR 3.2333e-06
2026-03-17 14:43:41 INFO Epoch 2 | Step 580/13112 | Loss 0.1881 | LR 3.2401e-06
2026-03-17 14:43:50 INFO Epoch 2 | Step 600/13112 | Loss 0.1879 | LR 3.2469e-06
2026-03-17 14:43:59 INFO Epoch 2 | Step 620/13112 | Loss 0.1876 | LR 3.2537e-06
2026-03-17 14:44:08 INFO Epoch 2 | Step 640/13112 | Loss 0.1875 | LR 3.2606e-06
2026-03-17 14:44:17 INFO Epoch 2 | Step 660/13112 | Loss 0.1873 | LR 3.2674e-06
2026-03-17 14:44:25 INFO Epoch 2 | Step 680/13112 | Loss 0.1871 | LR 3.2742e-06
2026-03-17 14:44:34 INFO Epoch 2 | Step 700/13112 | Loss 0.1869 | LR 3.2811e-06
2026-03-17 14:44:42 INFO Epoch 2 | Step 720/13112 | Loss 0.1866 | LR 3.2880e-06
2026-03-17 14:44:51 INFO Epoch 2 | Step 740/13112 | Loss 0.1864 | LR 3.2948e-06
2026-03-17 14:45:00 INFO Epoch 2 | Step 760/13112 | Loss 0.1862 | LR 3.3017e-06
2026-03-17 14:45:08 INFO Epoch 2 | Step 780/13112 | Loss 0.1860 | LR 3.3086e-06
2026-03-17 14:45:17 INFO Epoch 2 | Step 800/13112 | Loss 0.1858 | LR 3.3155e-06
2026-03-17 14:45:26 INFO Epoch 2 | Step 820/13112 | Loss 0.1856 | LR 3.3224e-06
2026-03-17 14:45:34 INFO Epoch 2 | Step 840/13112 | Loss 0.1854 | LR 3.3293e-06
2026-03-17 14:45:43 INFO Epoch 2 | Step 860/13112 | Loss 0.1852 | LR 3.3362e-06
2026-03-17 14:45:52 INFO Epoch 2 | Step 880/13112 | Loss 0.1851 | LR 3.3431e-06
2026-03-17 14:46:00 INFO Epoch 2 | Step 900/13112 | Loss 0.1848 | LR 3.3501e-06
2026-03-17 14:46:09 INFO Epoch 2 | Step 920/13112 | Loss 0.1847 | LR 3.3570e-06
2026-03-17 14:46:18 INFO Epoch 2 | Step 940/13112 | Loss 0.1844 | LR 3.3640e-06
2026-03-17 14:46:26 INFO Epoch 2 | Step 960/13112 | Loss 0.1842 | LR 3.3709e-06
2026-03-17 14:46:35 INFO Epoch 2 | Step 980/13112 | Loss 0.1840 | LR 3.3779e-06
2026-03-17 14:46:43 INFO Epoch 2 | Step 1000/13112 | Loss 0.1839 | LR 3.3849e-06
2026-03-17 14:46:52 INFO Epoch 2 | Step 1020/13112 | Loss 0.1837 | LR 3.3919e-06
2026-03-17 14:47:01 INFO Epoch 2 | Step 1040/13112 | Loss 0.1835 | LR 3.3989e-06
2026-03-17 14:47:10 INFO Epoch 2 | Step 1060/13112 | Loss 0.1834 | LR 3.4058e-06
2026-03-17 14:47:19 INFO Epoch 2 | Step 1080/13112 | Loss 0.1833 | LR 3.4129e-06
2026-03-17 14:47:27 INFO Epoch 2 | Step 1100/13112 | Loss 0.1831 | LR 3.4199e-06
2026-03-17 14:47:36 INFO Epoch 2 | Step 1120/13112 | Loss 0.1830 | LR 3.4269e-06
2026-03-17 14:47:44 INFO Epoch 2 | Step 1140/13112 | Loss 0.1828 | LR 3.4339e-06
2026-03-17 14:47:53 INFO Epoch 2 | Step 1160/13112 | Loss 0.1826 | LR 3.4410e-06
2026-03-17 14:48:01 INFO Epoch 2 | Step 1180/13112 | Loss 0.1824 | LR 3.4480e-06
2026-03-17 14:48:10 INFO Epoch 2 | Step 1200/13112 | Loss 0.1822 | LR 3.4551e-06
2026-03-17 14:48:19 INFO Epoch 2 | Step 1220/13112 | Loss 0.1821 | LR 3.4621e-06
2026-03-17 14:48:27 INFO Epoch 2 | Step 1240/13112 | Loss 0.1819 | LR 3.4692e-06
2026-03-17 14:48:36 INFO Epoch 2 | Step 1260/13112 | Loss 0.1818 | LR 3.4763e-06
2026-03-17 14:48:45 INFO Epoch 2 | Step 1280/13112 | Loss 0.1817 | LR 3.4834e-06
2026-03-17 14:48:53 INFO Epoch 2 | Step 1300/13112 | Loss 0.1815 | LR 3.4904e-06
2026-03-17 14:49:02 INFO Epoch 2 | Step 1320/13112 | Loss 0.1814 | LR 3.4976e-06
2026-03-17 14:49:11 INFO Epoch 2 | Step 1340/13112 | Loss 0.1813 | LR 3.5047e-06
2026-03-17 14:49:19 INFO Epoch 2 | Step 1360/13112 | Loss 0.1811 | LR 3.5118e-06
2026-03-17 14:49:28 INFO Epoch 2 | Step 1380/13112 | Loss 0.1810 | LR 3.5189e-06
2026-03-17 14:49:37 INFO Epoch 2 | Step 1400/13112 | Loss 0.1808 | LR 3.5260e-06
2026-03-17 14:49:45 INFO Epoch 2 | Step 1420/13112 | Loss 0.1807 | LR 3.5332e-06
2026-03-17 14:49:54 INFO Epoch 2 | Step 1440/13112 | Loss 0.1805 | LR 3.5403e-06
2026-03-17 14:50:03 INFO Epoch 2 | Step 1460/13112 | Loss 0.1803 | LR 3.5475e-06
2026-03-17 14:50:12 INFO Epoch 2 | Step 1480/13112 | Loss 0.1802 | LR 3.5546e-06
2026-03-17 14:50:21 INFO Epoch 2 | Step 1500/13112 | Loss 0.1801 | LR 3.5618e-06
2026-03-17 14:50:29 INFO Epoch 2 | Step 1520/13112 | Loss 0.1799 | LR 3.5690e-06
2026-03-17 14:50:38 INFO Epoch 2 | Step 1540/13112 | Loss 0.1797 | LR 3.5762e-06
2026-03-17 14:50:47 INFO Epoch 2 | Step 1560/13112 | Loss 0.1797 | LR 3.5834e-06
2026-03-17 14:50:56 INFO Epoch 2 | Step 1580/13112 | Loss 0.1795 | LR 3.5906e-06
2026-03-17 14:51:04 INFO Epoch 2 | Step 1600/13112 | Loss 0.1794 | LR 3.5978e-06
2026-03-17 14:51:13 INFO Epoch 2 | Step 1620/13112 | Loss 0.1793 | LR 3.6050e-06
2026-03-17 14:51:22 INFO Epoch 2 | Step 1640/13112 | Loss 0.1792 | LR 3.6122e-06
2026-03-17 14:51:30 INFO Epoch 2 | Step 1660/13112 | Loss 0.1791 | LR 3.6195e-06
2026-03-17 14:51:39 INFO Epoch 2 | Step 1680/13112 | Loss 0.1790 | LR 3.6267e-06
2026-03-17 14:51:48 INFO Epoch 2 | Step 1700/13112 | Loss 0.1789 | LR 3.6339e-06
2026-03-17 14:51:56 INFO Epoch 2 | Step 1720/13112 | Loss 0.1788 | LR 3.6412e-06
2026-03-17 14:52:05 INFO Epoch 2 | Step 1740/13112 | Loss 0.1787 | LR 3.6485e-06
2026-03-17 14:52:13 INFO Epoch 2 | Step 1760/13112 | Loss 0.1786 | LR 3.6557e-06
2026-03-17 14:52:22 INFO Epoch 2 | Step 1780/13112 | Loss 0.1785 | LR 3.6630e-06
2026-03-17 14:52:30 INFO Epoch 2 | Step 1800/13112 | Loss 0.1784 | LR 3.6703e-06
2026-03-17 14:52:39 INFO Epoch 2 | Step 1820/13112 | Loss 0.1783 | LR 3.6776e-06
2026-03-17 14:52:48 INFO Epoch 2 | Step 1840/13112 | Loss 0.1782 | LR 3.6849e-06
2026-03-17 14:52:56 INFO Epoch 2 | Step 1860/13112 | Loss 0.1782 | LR 3.6922e-06
2026-03-17 14:53:05 INFO Epoch 2 | Step 1880/13112 | Loss 0.1781 | LR 3.6995e-06
2026-03-17 14:53:14 INFO Epoch 2 | Step 1900/13112 | Loss 0.1779 | LR 3.7069e-06
2026-03-17 14:53:22 INFO Epoch 2 | Step 1920/13112 | Loss 0.1778 | LR 3.7142e-06
2026-03-17 14:53:31 INFO Epoch 2 | Step 1940/13112 | Loss 0.1778 | LR 3.7215e-06
2026-03-17 14:53:40 INFO Epoch 2 | Step 1960/13112 | Loss 0.1777 | LR 3.7289e-06
2026-03-17 14:53:49 INFO Epoch 2 | Step 1980/13112 | Loss 0.1776 | LR 3.7362e-06
2026-03-17 14:53:57 INFO Epoch 2 | Step 2000/13112 | Loss 0.1775 | LR 3.7436e-06
2026-03-17 14:54:06 INFO Epoch 2 | Step 2020/13112 | Loss 0.1774 | LR 3.7510e-06
2026-03-17 14:54:14 INFO Epoch 2 | Step 2040/13112 | Loss 0.1772 | LR 3.7583e-06
2026-03-17 14:54:23 INFO Epoch 2 | Step 2060/13112 | Loss 0.1771 | LR 3.7657e-06
2026-03-17 14:54:32 INFO Epoch 2 | Step 2080/13112 | Loss 0.1771 | LR 3.7731e-06
2026-03-17 14:54:40 INFO Epoch 2 | Step 2100/13112 | Loss 0.1770 | LR 3.7805e-06
2026-03-17 14:54:49 INFO Epoch 2 | Step 2120/13112 | Loss 0.1770 | LR 3.7879e-06
2026-03-17 14:54:57 INFO Epoch 2 | Step 2140/13112 | Loss 0.1769 | LR 3.7953e-06
2026-03-17 14:55:06 INFO Epoch 2 | Step 2160/13112 | Loss 0.1768 | LR 3.8028e-06
2026-03-17 14:55:15 INFO Epoch 2 | Step 2180/13112 | Loss 0.1768 | LR 3.8102e-06
2026-03-17 14:55:24 INFO Epoch 2 | Step 2200/13112 | Loss 0.1767 | LR 3.8176e-06
2026-03-17 14:55:32 INFO Epoch 2 | Step 2220/13112 | Loss 0.1766 | LR 3.8251e-06
2026-03-17 14:55:41 INFO Epoch 2 | Step 2240/13112 | Loss 0.1766 | LR 3.8325e-06
2026-03-17 14:55:50 INFO Epoch 2 | Step 2260/13112 | Loss 0.1764 | LR 3.8400e-06
2026-03-17 14:55:58 INFO Epoch 2 | Step 2280/13112 | Loss 0.1764 | LR 3.8475e-06
2026-03-17 14:56:07 INFO Epoch 2 | Step 2300/13112 | Loss 0.1763 | LR 3.8549e-06
2026-03-17 14:56:16 INFO Epoch 2 | Step 2320/13112 | Loss 0.1762 | LR 3.8624e-06
2026-03-17 14:56:24 INFO Epoch 2 | Step 2340/13112 | Loss 0.1761 | LR 3.8699e-06
2026-03-17 14:56:33 INFO Epoch 2 | Step 2360/13112 | Loss 0.1760 | LR 3.8774e-06
2026-03-17 14:56:41 INFO Epoch 2 | Step 2380/13112 | Loss 0.1760 | LR 3.8849e-06
2026-03-17 14:56:50 INFO Epoch 2 | Step 2400/13112 | Loss 0.1759 | LR 3.8924e-06
2026-03-17 14:56:59 INFO Epoch 2 | Step 2420/13112 | Loss 0.1759 | LR 3.8999e-06
2026-03-17 14:57:07 INFO Epoch 2 | Step 2440/13112 | Loss 0.1758 | LR 3.9075e-06
2026-03-17 14:57:16 INFO Epoch 2 | Step 2460/13112 | Loss 0.1758 | LR 3.9150e-06
2026-03-17 14:57:24 INFO Epoch 2 | Step 2480/13112 | Loss 0.1757 | LR 3.9225e-06
2026-03-17 14:57:33 INFO Epoch 2 | Step 2500/13112 | Loss 0.1757 | LR 3.9301e-06
2026-03-17 14:57:42 INFO Epoch 2 | Step 2520/13112 | Loss 0.1756 | LR 3.9376e-06
2026-03-17 14:57:50 INFO Epoch 2 | Step 2540/13112 | Loss 0.1755 | LR 3.9452e-06
2026-03-17 14:57:59 INFO Epoch 2 | Step 2560/13112 | Loss 0.1754 | LR 3.9528e-06
2026-03-17 14:58:08 INFO Epoch 2 | Step 2580/13112 | Loss 0.1754 | LR 3.9604e-06
2026-03-17 14:58:16 INFO Epoch 2 | Step 2600/13112 | Loss 0.1754 | LR 3.9679e-06
2026-03-17 14:58:25 INFO Epoch 2 | Step 2620/13112 | Loss 0.1753 | LR 3.9755e-06
2026-03-17 14:58:34 INFO Epoch 2 | Step 2640/13112 | Loss 0.1752 | LR 3.9831e-06
2026-03-17 14:58:42 INFO Epoch 2 | Step 2660/13112 | Loss 0.1752 | LR 3.9907e-06
2026-03-17 14:58:51 INFO Epoch 2 | Step 2680/13112 | Loss 0.1751 | LR 3.9984e-06
2026-03-17 14:59:00 INFO Epoch 2 | Step 2700/13112 | Loss 0.1751 | LR 4.0060e-06
2026-03-17 14:59:08 INFO Epoch 2 | Step 2720/13112 | Loss 0.1750 | LR 4.0136e-06
2026-03-17 14:59:17 INFO Epoch 2 | Step 2740/13112 | Loss 0.1750 | LR 4.0212e-06
2026-03-17 14:59:26 INFO Epoch 2 | Step 2760/13112 | Loss 0.1750 | LR 4.0289e-06
2026-03-17 14:59:34 INFO Epoch 2 | Step 2780/13112 | Loss 0.1749 | LR 4.0365e-06
2026-03-17 14:59:43 INFO Epoch 2 | Step 2800/13112 | Loss 0.1748 | LR 4.0442e-06
2026-03-17 14:59:52 INFO Epoch 2 | Step 2820/13112 | Loss 0.1748 | LR 4.0519e-06
2026-03-17 15:00:01 INFO Epoch 2 | Step 2840/13112 | Loss 0.1748 | LR 4.0595e-06
2026-03-17 15:00:09 INFO Epoch 2 | Step 2860/13112 | Loss 0.1747 | LR 4.0672e-06
2026-03-17 15:00:18 INFO Epoch 2 | Step 2880/13112 | Loss 0.1746 | LR 4.0749e-06
2026-03-17 15:00:27 INFO Epoch 2 | Step 2900/13112 | Loss 0.1746 | LR 4.0826e-06
2026-03-17 15:00:35 INFO Epoch 2 | Step 2920/13112 | Loss 0.1745 | LR 4.0903e-06
2026-03-17 15:00:44 INFO Epoch 2 | Step 2940/13112 | Loss 0.1745 | LR 4.0980e-06
2026-03-17 15:00:53 INFO Epoch 2 | Step 2960/13112 | Loss 0.1744 | LR 4.1057e-06
2026-03-17 15:01:01 INFO Epoch 2 | Step 2980/13112 | Loss 0.1744 | LR 4.1134e-06
2026-03-17 15:01:10 INFO Epoch 2 | Step 3000/13112 | Loss 0.1744 | LR 4.1212e-06
2026-03-17 15:01:18 INFO Epoch 2 | Step 3020/13112 | Loss 0.1743 | LR 4.1289e-06
2026-03-17 15:01:27 INFO Epoch 2 | Step 3040/13112 | Loss 0.1743 | LR 4.1367e-06
2026-03-17 15:01:36 INFO Epoch 2 | Step 3060/13112 | Loss 0.1743 | LR 4.1444e-06
2026-03-17 15:01:44 INFO Epoch 2 | Step 3080/13112 | Loss 0.1743 | LR 4.1522e-06
2026-03-17 15:01:53 INFO Epoch 2 | Step 3100/13112 | Loss 0.1743 | LR 4.1599e-06
2026-03-17 15:02:02 INFO Epoch 2 | Step 3120/13112 | Loss 0.1742 | LR 4.1677e-06
2026-03-17 15:02:10 INFO Epoch 2 | Step 3140/13112 | Loss 0.1742 | LR 4.1755e-06
2026-03-17 15:02:19 INFO Epoch 2 | Step 3160/13112 | Loss 0.1742 | LR 4.1833e-06
2026-03-17 15:02:27 INFO Epoch 2 | Step 3180/13112 | Loss 0.1741 | LR 4.1911e-06
2026-03-17 15:02:36 INFO Epoch 2 | Step 3200/13112 | Loss 0.1741 | LR 4.1989e-06
2026-03-17 15:02:45 INFO Epoch 2 | Step 3220/13112 | Loss 0.1741 | LR 4.2067e-06
2026-03-17 15:02:53 INFO Epoch 2 | Step 3240/13112 | Loss 0.1740 | LR 4.2145e-06
2026-03-17 15:03:02 INFO Epoch 2 | Step 3260/13112 | Loss 0.1740 | LR 4.2223e-06
2026-03-17 15:03:10 INFO Epoch 2 | Step 3280/13112 | Loss 0.1740 | LR 4.2301e-06
2026-03-17 15:03:19 INFO Epoch 2 | Step 3300/13112 | Loss 0.1739 | LR 4.2380e-06
2026-03-17 15:03:28 INFO Epoch 2 | Step 3320/13112 | Loss 0.1739 | LR 4.2458e-06
2026-03-17 15:03:36 INFO Epoch 2 | Step 3340/13112 | Loss 0.1739 | LR 4.2537e-06
2026-03-17 15:03:45 INFO Epoch 2 | Step 3360/13112 | Loss 0.1738 | LR 4.2615e-06
2026-03-17 15:03:53 INFO Epoch 2 | Step 3380/13112 | Loss 0.1738 | LR 4.2694e-06
2026-03-17 15:04:02 INFO Epoch 2 | Step 3400/13112 | Loss 0.1738 | LR 4.2772e-06
2026-03-17 15:04:10 INFO Epoch 2 | Step 3420/13112 | Loss 0.1737 | LR 4.2851e-06
2026-03-17 15:04:19 INFO Epoch 2 | Step 3440/13112 | Loss 0.1737 | LR 4.2930e-06
2026-03-17 15:04:27 INFO Epoch 2 | Step 3460/13112 | Loss 0.1737 | LR 4.3009e-06
2026-03-17 15:04:36 INFO Epoch 2 | Step 3480/13112 | Loss 0.1736 | LR 4.3088e-06
2026-03-17 15:04:45 INFO Epoch 2 | Step 3500/13112 | Loss 0.1736 | LR 4.3167e-06
2026-03-17 15:04:53 INFO Epoch 2 | Step 3520/13112 | Loss 0.1736 | LR 4.3246e-06
2026-03-17 15:05:02 INFO Epoch 2 | Step 3540/13112 | Loss 0.1735 | LR 4.3325e-06
2026-03-17 15:05:10 INFO Epoch 2 | Step 3560/13112 | Loss 0.1735 | LR 4.3405e-06
2026-03-17 15:05:19 INFO Epoch 2 | Step 3580/13112 | Loss 0.1735 | LR 4.3484e-06
2026-03-17 15:05:28 INFO Epoch 2 | Step 3600/13112 | Loss 0.1734 | LR 4.3563e-06
2026-03-17 15:05:37 INFO Epoch 2 | Step 3620/13112 | Loss 0.1734 | LR 4.3643e-06
2026-03-17 15:05:45 INFO Epoch 2 | Step 3640/13112 | Loss 0.1734 | LR 4.3722e-06
2026-03-17 15:05:54 INFO Epoch 2 | Step 3660/13112 | Loss 0.1733 | LR 4.3802e-06
2026-03-17 15:06:03 INFO Epoch 2 | Step 3680/13112 | Loss 0.1733 | LR 4.3882e-06
2026-03-17 15:06:12 INFO Epoch 2 | Step 3700/13112 | Loss 0.1733 | LR 4.3961e-06
2026-03-17 15:06:20 INFO Epoch 2 | Step 3720/13112 | Loss 0.1733 | LR 4.4041e-06
2026-03-17 15:06:29 INFO Epoch 2 | Step 3740/13112 | Loss 0.1732 | LR 4.4121e-06
2026-03-17 15:06:37 INFO Epoch 2 | Step 3760/13112 | Loss 0.1732 | LR 4.4201e-06
2026-03-17 15:06:46 INFO Epoch 2 | Step 3780/13112 | Loss 0.1732 | LR 4.4281e-06
2026-03-17 15:06:55 INFO Epoch 2 | Step 3800/13112 | Loss 0.1732 | LR 4.4361e-06
2026-03-17 15:07:04 INFO Epoch 2 | Step 3820/13112 | Loss 0.1731 | LR 4.4441e-06
2026-03-17 15:07:12 INFO Epoch 2 | Step 3840/13112 | Loss 0.1731 | LR 4.4521e-06
2026-03-17 15:07:21 INFO Epoch 2 | Step 3860/13112 | Loss 0.1731 | LR 4.4602e-06
2026-03-17 15:07:30 INFO Epoch 2 | Step 3880/13112 | Loss 0.1730 | LR 4.4682e-06
2026-03-17 15:07:39 INFO Epoch 2 | Step 3900/13112 | Loss 0.1730 | LR 4.4762e-06
2026-03-17 15:07:47 INFO Epoch 2 | Step 3920/13112 | Loss 0.1730 | LR 4.4843e-06
2026-03-17 15:07:56 INFO Epoch 2 | Step 3940/13112 | Loss 0.1730 | LR 4.4923e-06
2026-03-17 15:08:05 INFO Epoch 2 | Step 3960/13112 | Loss 0.1730 | LR 4.5004e-06
2026-03-17 15:08:13 INFO Epoch 2 | Step 3980/13112 | Loss 0.1729 | LR 4.5085e-06
2026-03-17 15:08:22 INFO Epoch 2 | Step 4000/13112 | Loss 0.1729 | LR 4.5165e-06
2026-03-17 15:08:30 INFO Epoch 2 | Step 4020/13112 | Loss 0.1729 | LR 4.5246e-06
2026-03-17 15:08:39 INFO Epoch 2 | Step 4040/13112 | Loss 0.1728 | LR 4.5327e-06
2026-03-17 15:08:48 INFO Epoch 2 | Step 4060/13112 | Loss 0.1728 | LR 4.5408e-06
2026-03-17 15:08:56 INFO Epoch 2 | Step 4080/13112 | Loss 0.1728 | LR 4.5489e-06
2026-03-17 15:09:05 INFO Epoch 2 | Step 4100/13112 | Loss 0.1727 | LR 4.5570e-06
2026-03-17 15:09:13 INFO Epoch 2 | Step 4120/13112 | Loss 0.1727 | LR 4.5651e-06
2026-03-17 15:09:22 INFO Epoch 2 | Step 4140/13112 | Loss 0.1727 | LR 4.5733e-06
2026-03-17 15:09:30 INFO Epoch 2 | Step 4160/13112 | Loss 0.1727 | LR 4.5814e-06
2026-03-17 15:09:39 INFO Epoch 2 | Step 4180/13112 | Loss 0.1726 | LR 4.5895e-06
2026-03-17 15:09:48 INFO Epoch 2 | Step 4200/13112 | Loss 0.1726 | LR 4.5977e-06
2026-03-17 15:09:56 INFO Epoch 2 | Step 4220/13112 | Loss 0.1726 | LR 4.6058e-06
2026-03-17 15:10:05 INFO Epoch 2 | Step 4240/13112 | Loss 0.1726 | LR 4.6140e-06
2026-03-17 15:10:14 INFO Epoch 2 | Step 4260/13112 | Loss 0.1725 | LR 4.6221e-06
2026-03-17 15:10:22 INFO Epoch 2 | Step 4280/13112 | Loss 0.1725 | LR 4.6303e-06
2026-03-17 15:10:31 INFO Epoch 2 | Step 4300/13112 | Loss 0.1725 | LR 4.6385e-06
2026-03-17 15:10:40 INFO Epoch 2 | Step 4320/13112 | Loss 0.1725 | LR 4.6466e-06
2026-03-17 15:10:48 INFO Epoch 2 | Step 4340/13112 | Loss 0.1725 | LR 4.6548e-06
2026-03-17 15:10:57 INFO Epoch 2 | Step 4360/13112 | Loss 0.1725 | LR 4.6630e-06
2026-03-17 15:11:05 INFO Epoch 2 | Step 4380/13112 | Loss 0.1724 | LR 4.6712e-06
2026-03-17 15:11:14 INFO Epoch 2 | Step 4400/13112 | Loss 0.1724 | LR 4.6794e-06
2026-03-17 15:11:23 INFO Epoch 2 | Step 4420/13112 | Loss 0.1724 | LR 4.6876e-06
2026-03-17 15:11:31 INFO Epoch 2 | Step 4440/13112 | Loss 0.1723 | LR 4.6959e-06
2026-03-17 15:11:40 INFO Epoch 2 | Step 4460/13112 | Loss 0.1723 | LR 4.7041e-06
2026-03-17 15:11:49 INFO Epoch 2 | Step 4480/13112 | Loss 0.1723 | LR 4.7123e-06
2026-03-17 15:11:58 INFO Epoch 2 | Step 4500/13112 | Loss 0.1723 | LR 4.7206e-06
2026-03-17 15:12:06 INFO Epoch 2 | Step 4520/13112 | Loss 0.1723 | LR 4.7288e-06
2026-03-17 15:12:15 INFO Epoch 2 | Step 4540/13112 | Loss 0.1723 | LR 4.7371e-06
2026-03-17 15:12:23 INFO Epoch 2 | Step 4560/13112 | Loss 0.1722 | LR 4.7453e-06
2026-03-17 15:12:32 INFO Epoch 2 | Step 4580/13112 | Loss 0.1722 | LR 4.7536e-06
2026-03-17 15:12:41 INFO Epoch 2 | Step 4600/13112 | Loss 0.1722 | LR 4.7619e-06
2026-03-17 15:12:49 INFO Epoch 2 | Step 4620/13112 | Loss 0.1722 | LR 4.7701e-06
2026-03-17 15:12:58 INFO Epoch 2 | Step 4640/13112 | Loss 0.1722 | LR 4.7784e-06
2026-03-17 15:13:07 INFO Epoch 2 | Step 4660/13112 | Loss 0.1722 | LR 4.7867e-06
2026-03-17 15:13:16 INFO Epoch 2 | Step 4680/13112 | Loss 0.1722 | LR 4.7950e-06
2026-03-17 15:13:24 INFO Epoch 2 | Step 4700/13112 | Loss 0.1721 | LR 4.8033e-06
2026-03-17 15:13:33 INFO Epoch 2 | Step 4720/13112 | Loss 0.1721 | LR 4.8116e-06
2026-03-17 15:13:41 INFO Epoch 2 | Step 4740/13112 | Loss 0.1721 | LR 4.8199e-06
2026-03-17 15:13:50 INFO Epoch 2 | Step 4760/13112 | Loss 0.1721 | LR 4.8282e-06
2026-03-17 15:13:59 INFO Epoch 2 | Step 4780/13112 | Loss 0.1721 | LR 4.8366e-06
2026-03-17 15:14:07 INFO Epoch 2 | Step 4800/13112 | Loss 0.1720 | LR 4.8449e-06
2026-03-17 15:14:16 INFO Epoch 2 | Step 4820/13112 | Loss 0.1720 | LR 4.8533e-06
2026-03-17 15:14:25 INFO Epoch 2 | Step 4840/13112 | Loss 0.1720 | LR 4.8616e-06
2026-03-17 15:14:33 INFO Epoch 2 | Step 4860/13112 | Loss 0.1720 | LR 4.8700e-06
2026-03-17 15:14:42 INFO Epoch 2 | Step 4880/13112 | Loss 0.1720 | LR 4.8783e-06
2026-03-17 15:14:51 INFO Epoch 2 | Step 4900/13112 | Loss 0.1720 | LR 4.8867e-06
2026-03-17 15:14:59 INFO Epoch 2 | Step 4920/13112 | Loss 0.1720 | LR 4.8951e-06
2026-03-17 15:15:08 INFO Epoch 2 | Step 4940/13112 | Loss 0.1720 | LR 4.9034e-06
2026-03-17 15:15:17 INFO Epoch 2 | Step 4960/13112 | Loss 0.1719 | LR 4.9118e-06
2026-03-17 15:15:25 INFO Epoch 2 | Step 4980/13112 | Loss 0.1719 | LR 4.9202e-06
2026-03-17 15:15:34 INFO Epoch 2 | Step 5000/13112 | Loss 0.1719 | LR 4.9286e-06
2026-03-17 15:15:42 INFO Epoch 2 | Step 5020/13112 | Loss 0.1719 | LR 4.9370e-06
2026-03-17 15:15:51 INFO Epoch 2 | Step 5040/13112 | Loss 0.1719 | LR 4.9454e-06
2026-03-17 15:15:59 INFO Epoch 2 | Step 5060/13112 | Loss 0.1719 | LR 4.9538e-06
2026-03-17 15:16:08 INFO Epoch 2 | Step 5080/13112 | Loss 0.1718 | LR 4.9623e-06
2026-03-17 15:16:17 INFO Epoch 2 | Step 5100/13112 | Loss 0.1718 | LR 4.9707e-06
2026-03-17 15:16:26 INFO Epoch 2 | Step 5120/13112 | Loss 0.1718 | LR 4.9791e-06
2026-03-17 15:16:34 INFO Epoch 2 | Step 5140/13112 | Loss 0.1718 | LR 4.9876e-06
2026-03-17 15:16:43 INFO Epoch 2 | Step 5160/13112 | Loss 0.1718 | LR 4.9960e-06
2026-03-17 15:16:52 INFO Epoch 2 | Step 5180/13112 | Loss 0.1717 | LR 5.0045e-06
2026-03-17 15:17:00 INFO Epoch 2 | Step 5200/13112 | Loss 0.1717 | LR 5.0129e-06
2026-03-17 15:17:09 INFO Epoch 2 | Step 5220/13112 | Loss 0.1717 | LR 5.0214e-06
2026-03-17 15:17:18 INFO Epoch 2 | Step 5240/13112 | Loss 0.1717 | LR 5.0298e-06
2026-03-17 15:17:26 INFO Epoch 2 | Step 5260/13112 | Loss 0.1717 | LR 5.0383e-06
2026-03-17 15:17:35 INFO Epoch 2 | Step 5280/13112 | Loss 0.1717 | LR 5.0468e-06
2026-03-17 15:17:43 INFO Epoch 2 | Step 5300/13112 | Loss 0.1717 | LR 5.0553e-06
2026-03-17 15:17:52 INFO Epoch 2 | Step 5320/13112 | Loss 0.1716 | LR 5.0638e-06
2026-03-17 15:18:00 INFO Epoch 2 | Step 5340/13112 | Loss 0.1716 | LR 5.0723e-06
2026-03-17 15:18:09 INFO Epoch 2 | Step 5360/13112 | Loss 0.1716 | LR 5.0808e-06
2026-03-17 15:18:18 INFO Epoch 2 | Step 5380/13112 | Loss 0.1716 | LR 5.0893e-06
2026-03-17 15:18:26 INFO Epoch 2 | Step 5400/13112 | Loss 0.1716 | LR 5.0978e-06
2026-03-17 15:18:35 INFO Epoch 2 | Step 5420/13112 | Loss 0.1716 | LR 5.1064e-06
2026-03-17 15:18:43 INFO Epoch 2 | Step 5440/13112 | Loss 0.1716 | LR 5.1149e-06
2026-03-17 15:18:52 INFO Epoch 2 | Step 5460/13112 | Loss 0.1716 | LR 5.1234e-06
2026-03-17 15:19:01 INFO Epoch 2 | Step 5480/13112 | Loss 0.1715 | LR 5.1320e-06
2026-03-17 15:19:09 INFO Epoch 2 | Step 5500/13112 | Loss 0.1715 | LR 5.1405e-06
2026-03-17 15:19:18 INFO Epoch 2 | Step 5520/13112 | Loss 0.1715 | LR 5.1491e-06
2026-03-17 15:19:27 INFO Epoch 2 | Step 5540/13112 | Loss 0.1715 | LR 5.1576e-06
2026-03-17 15:19:35 INFO Epoch 2 | Step 5560/13112 | Loss 0.1715 | LR 5.1662e-06
2026-03-17 15:19:44 INFO Epoch 2 | Step 5580/13112 | Loss 0.1715 | LR 5.1748e-06
2026-03-17 15:19:53 INFO Epoch 2 | Step 5600/13112 | Loss 0.1715 | LR 5.1834e-06
2026-03-17 15:20:02 INFO Epoch 2 | Step 5620/13112 | Loss 0.1715 | LR 5.1919e-06
2026-03-17 15:20:10 INFO Epoch 2 | Step 5640/13112 | Loss 0.1715 | LR 5.2005e-06
2026-03-17 15:20:19 INFO Epoch 2 | Step 5660/13112 | Loss 0.1715 | LR 5.2091e-06
2026-03-17 15:20:28 INFO Epoch 2 | Step 5680/13112 | Loss 0.1714 | LR 5.2177e-06
2026-03-17 15:20:36 INFO Epoch 2 | Step 5700/13112 | Loss 0.1714 | LR 5.2263e-06
2026-03-17 15:20:45 INFO Epoch 2 | Step 5720/13112 | Loss 0.1714 | LR 5.2350e-06
2026-03-17 15:20:53 INFO Epoch 2 | Step 5740/13112 | Loss 0.1714 | LR 5.2436e-06
2026-03-17 15:21:02 INFO Epoch 2 | Step 5760/13112 | Loss 0.1714 | LR 5.2522e-06
2026-03-17 15:21:11 INFO Epoch 2 | Step 5780/13112 | Loss 0.1714 | LR 5.2608e-06
2026-03-17 15:21:19 INFO Epoch 2 | Step 5800/13112 | Loss 0.1714 | LR 5.2695e-06
2026-03-17 15:21:28 INFO Epoch 2 | Step 5820/13112 | Loss 0.1713 | LR 5.2781e-06
2026-03-17 15:21:36 INFO Epoch 2 | Step 5840/13112 | Loss 0.1713 | LR 5.2868e-06
2026-03-17 15:21:45 INFO Epoch 2 | Step 5860/13112 | Loss 0.1713 | LR 5.2954e-06
2026-03-17 15:21:53 INFO Epoch 2 | Step 5880/13112 | Loss 0.1713 | LR 5.3041e-06
2026-03-17 15:22:02 INFO Epoch 2 | Step 5900/13112 | Loss 0.1713 | LR 5.3127e-06
2026-03-17 15:22:10 INFO Epoch 2 | Step 5920/13112 | Loss 0.1713 | LR 5.3214e-06
2026-03-17 15:22:19 INFO Epoch 2 | Step 5940/13112 | Loss 0.1713 | LR 5.3301e-06
2026-03-17 15:22:28 INFO Epoch 2 | Step 5960/13112 | Loss 0.1713 | LR 5.3388e-06
2026-03-17 15:22:36 INFO Epoch 2 | Step 5980/13112 | Loss 0.1713 | LR 5.3475e-06
2026-03-17 15:22:45 INFO Epoch 2 | Step 6000/13112 | Loss 0.1713 | LR 5.3562e-06
2026-03-17 15:22:54 INFO Epoch 2 | Step 6020/13112 | Loss 0.1712 | LR 5.3649e-06
2026-03-17 15:23:02 INFO Epoch 2 | Step 6040/13112 | Loss 0.1712 | LR 5.3736e-06
2026-03-17 15:23:11 INFO Epoch 2 | Step 6060/13112 | Loss 0.1712 | LR 5.3823e-06
2026-03-17 15:23:20 INFO Epoch 2 | Step 6080/13112 | Loss 0.1712 | LR 5.3910e-06
2026-03-17 15:23:29 INFO Epoch 2 | Step 6100/13112 | Loss 0.1712 | LR 5.3997e-06
2026-03-17 15:23:37 INFO Epoch 2 | Step 6120/13112 | Loss 0.1712 | LR 5.4085e-06
2026-03-17 15:23:46 INFO Epoch 2 | Step 6140/13112 | Loss 0.1712 | LR 5.4172e-06
2026-03-17 15:23:55 INFO Epoch 2 | Step 6160/13112 | Loss 0.1712 | LR 5.4259e-06
2026-03-17 15:24:03 INFO Epoch 2 | Step 6180/13112 | Loss 0.1711 | LR 5.4347e-06
2026-03-17 15:24:12 INFO Epoch 2 | Step 6200/13112 | Loss 0.1711 | LR 5.4434e-06
2026-03-17 15:24:20 INFO Epoch 2 | Step 6220/13112 | Loss 0.1711 | LR 5.4522e-06
2026-03-17 15:24:29 INFO Epoch 2 | Step 6240/13112 | Loss 0.1711 | LR 5.4609e-06
2026-03-17 15:24:38 INFO Epoch 2 | Step 6260/13112 | Loss 0.1711 | LR 5.4697e-06
2026-03-17 15:24:46 INFO Epoch 2 | Step 6280/13112 | Loss 0.1711 | LR 5.4785e-06
2026-03-17 15:24:55 INFO Epoch 2 | Step 6300/13112 | Loss 0.1711 | LR 5.4873e-06
2026-03-17 15:25:03 INFO Epoch 2 | Step 6320/13112 | Loss 0.1711 | LR 5.4961e-06
2026-03-17 15:25:12 INFO Epoch 2 | Step 6340/13112 | Loss 0.1710 | LR 5.5048e-06
2026-03-17 15:25:20 INFO Epoch 2 | Step 6360/13112 | Loss 0.1710 | LR 5.5136e-06
2026-03-17 15:25:29 INFO Epoch 2 | Step 6380/13112 | Loss 0.1710 | LR 5.5224e-06
2026-03-17 15:25:37 INFO Epoch 2 | Step 6400/13112 | Loss 0.1710 | LR 5.5313e-06
2026-03-17 15:25:46 INFO Epoch 2 | Step 6420/13112 | Loss 0.1710 | LR 5.5401e-06
2026-03-17 15:25:54 INFO Epoch 2 | Step 6440/13112 | Loss 0.1710 | LR 5.5489e-06
2026-03-17 15:26:03 INFO Epoch 2 | Step 6460/13112 | Loss 0.1710 | LR 5.5577e-06
2026-03-17 15:26:12 INFO Epoch 2 | Step 6480/13112 | Loss 0.1710 | LR 5.5665e-06
2026-03-17 15:26:20 INFO Epoch 2 | Step 6500/13112 | Loss 0.1710 | LR 5.5754e-06
2026-03-17 15:26:29 INFO Epoch 2 | Step 6520/13112 | Loss 0.1709 | LR 5.5842e-06
2026-03-17 15:26:38 INFO Epoch 2 | Step 6540/13112 | Loss 0.1709 | LR 5.5931e-06
2026-03-17 15:26:46 INFO Epoch 2 | Step 6560/13112 | Loss 0.1709 | LR 5.6019e-06
2026-03-17 15:26:55 INFO Epoch 2 | Step 6580/13112 | Loss 0.1709 | LR 5.6108e-06
2026-03-17 15:27:04 INFO Epoch 2 | Step 6600/13112 | Loss 0.1709 | LR 5.6196e-06
2026-03-17 15:27:12 INFO Epoch 2 | Step 6620/13112 | Loss 0.1709 | LR 5.6285e-06
2026-03-17 15:27:21 INFO Epoch 2 | Step 6640/13112 | Loss 0.1709 | LR 5.6374e-06
2026-03-17 15:27:30 INFO Epoch 2 | Step 6660/13112 | Loss 0.1709 | LR 5.6463e-06
2026-03-17 15:27:38 INFO Epoch 2 | Step 6680/13112 | Loss 0.1708 | LR 5.6551e-06
2026-03-17 15:27:47 INFO Epoch 2 | Step 6700/13112 | Loss 0.1708 | LR 5.6640e-06
2026-03-17 15:27:56 INFO Epoch 2 | Step 6720/13112 | Loss 0.1708 | LR 5.6729e-06
2026-03-17 15:28:04 INFO Epoch 2 | Step 6740/13112 | Loss 0.1708 | LR 5.6818e-06
2026-03-17 15:28:13 INFO Epoch 2 | Step 6760/13112 | Loss 0.1708 | LR 5.6907e-06
2026-03-17 15:28:21 INFO Epoch 2 | Step 6780/13112 | Loss 0.1708 | LR 5.6996e-06
2026-03-17 15:28:30 INFO Epoch 2 | Step 6800/13112 | Loss 0.1708 | LR 5.7086e-06
2026-03-17 15:28:39 INFO Epoch 2 | Step 6820/13112 | Loss 0.1708 | LR 5.7175e-06
2026-03-17 15:28:48 INFO Epoch 2 | Step 6840/13112 | Loss 0.1708 | LR 5.7264e-06
2026-03-17 15:28:56 INFO Epoch 2 | Step 6860/13112 | Loss 0.1708 | LR 5.7353e-06
2026-03-17 15:29:05 INFO Epoch 2 | Step 6880/13112 | Loss 0.1708 | LR 5.7443e-06
2026-03-17 15:29:14 INFO Epoch 2 | Step 6900/13112 | Loss 0.1708 | LR 5.7532e-06
2026-03-17 15:29:22 INFO Epoch 2 | Step 6920/13112 | Loss 0.1707 | LR 5.7622e-06
2026-03-17 15:29:31 INFO Epoch 2 | Step 6940/13112 | Loss 0.1707 | LR 5.7711e-06
2026-03-17 15:29:40 INFO Epoch 2 | Step 6960/13112 | Loss 0.1707 | LR 5.7801e-06
2026-03-17 15:29:48 INFO Epoch 2 | Step 6980/13112 | Loss 0.1707 | LR 5.7890e-06
2026-03-17 15:29:57 INFO Epoch 2 | Step 7000/13112 | Loss 0.1707 | LR 5.7980e-06
2026-03-17 15:30:06 INFO Epoch 2 | Step 7020/13112 | Loss 0.1707 | LR 5.8070e-06
2026-03-17 15:30:14 INFO Epoch 2 | Step 7040/13112 | Loss 0.1707 | LR 5.8160e-06
2026-03-17 15:30:23 INFO Epoch 2 | Step 7060/13112 | Loss 0.1707 | LR 5.8250e-06
2026-03-17 15:30:32 INFO Epoch 2 | Step 7080/13112 | Loss 0.1707 | LR 5.8339e-06
2026-03-17 15:30:40 INFO Epoch 2 | Step 7100/13112 | Loss 0.1707 | LR 5.8429e-06
2026-03-17 15:30:49 INFO Epoch 2 | Step 7120/13112 | Loss 0.1706 | LR 5.8519e-06
2026-03-17 15:30:57 INFO Epoch 2 | Step 7140/13112 | Loss 0.1706 | LR 5.8609e-06
2026-03-17 15:31:06 INFO Epoch 2 | Step 7160/13112 | Loss 0.1706 | LR 5.8700e-06
2026-03-17 15:31:14 INFO Epoch 2 | Step 7180/13112 | Loss 0.1706 | LR 5.8790e-06
2026-03-17 15:31:23 INFO Epoch 2 | Step 7200/13112 | Loss 0.1706 | LR 5.8880e-06
2026-03-17 15:31:32 INFO Epoch 2 | Step 7220/13112 | Loss 0.1706 | LR 5.8970e-06
2026-03-17 15:31:40 INFO Epoch 2 | Step 7240/13112 | Loss 0.1706 | LR 5.9061e-06
2026-03-17 15:31:49 INFO Epoch 2 | Step 7260/13112 | Loss 0.1705 | LR 5.9151e-06
2026-03-17 15:31:58 INFO Epoch 2 | Step 7280/13112 | Loss 0.1706 | LR 5.9241e-06
2026-03-17 15:32:06 INFO Epoch 2 | Step 7300/13112 | Loss 0.1705 | LR 5.9332e-06
2026-03-17 15:32:15 INFO Epoch 2 | Step 7320/13112 | Loss 0.1705 | LR 5.9422e-06
2026-03-17 15:32:24 INFO Epoch 2 | Step 7340/13112 | Loss 0.1705 | LR 5.9513e-06
2026-03-17 15:32:32 INFO Epoch 2 | Step 7360/13112 | Loss 0.1705 | LR 5.9603e-06
2026-03-17 15:32:41 INFO Epoch 2 | Step 7380/13112 | Loss 0.1705 | LR 5.9694e-06
2026-03-17 15:32:50 INFO Epoch 2 | Step 7400/13112 | Loss 0.1705 | LR 5.9785e-06
2026-03-17 15:32:58 INFO Epoch 2 | Step 7420/13112 | Loss 0.1705 | LR 5.9876e-06
2026-03-17 15:33:07 INFO Epoch 2 | Step 7440/13112 | Loss 0.1705 | LR 5.9966e-06
2026-03-17 15:33:15 INFO Epoch 2 | Step 7460/13112 | Loss 0.1704 | LR 6.0057e-06
2026-03-17 15:33:24 INFO Epoch 2 | Step 7480/13112 | Loss 0.1704 | LR 6.0148e-06
2026-03-17 15:33:33 INFO Epoch 2 | Step 7500/13112 | Loss 0.1704 | LR 6.0239e-06
2026-03-17 15:33:41 INFO Epoch 2 | Step 7520/13112 | Loss 0.1704 | LR 6.0330e-06
2026-03-17 15:33:50 INFO Epoch 2 | Step 7540/13112 | Loss 0.1704 | LR 6.0421e-06
2026-03-17 15:33:58 INFO Epoch 2 | Step 7560/13112 | Loss 0.1704 | LR 6.0512e-06
2026-03-17 15:34:07 INFO Epoch 2 | Step 7580/13112 | Loss 0.1704 | LR 6.0604e-06
2026-03-17 15:34:15 INFO Epoch 2 | Step 7600/13112 | Loss 0.1704 | LR 6.0695e-06
2026-03-17 15:34:24 INFO Epoch 2 | Step 7620/13112 | Loss 0.1704 | LR 6.0786e-06
2026-03-17 15:34:33 INFO Epoch 2 | Step 7640/13112 | Loss 0.1704 | LR 6.0877e-06
2026-03-17 15:34:41 INFO Epoch 2 | Step 7660/13112 | Loss 0.1704 | LR 6.0969e-06
2026-03-17 15:34:50 INFO Epoch 2 | Step 7680/13112 | Loss 0.1704 | LR 6.1060e-06
2026-03-17 15:34:59 INFO Epoch 2 | Step 7700/13112 | Loss 0.1704 | LR 6.1152e-06
2026-03-17 15:35:07 INFO Epoch 2 | Step 7720/13112 | Loss 0.1704 | LR 6.1243e-06
2026-03-17 15:35:16 INFO Epoch 2 | Step 7740/13112 | Loss 0.1704 | LR 6.1335e-06
2026-03-17 15:35:25 INFO Epoch 2 | Step 7760/13112 | Loss 0.1704 | LR 6.1426e-06
2026-03-17 15:35:33 INFO Epoch 2 | Step 7780/13112 | Loss 0.1704 | LR 6.1518e-06
2026-03-17 15:35:42 INFO Epoch 2 | Step 7800/13112 | Loss 0.1703 | LR 6.1610e-06
2026-03-17 15:35:50 INFO Epoch 2 | Step 7820/13112 | Loss 0.1703 | LR 6.1701e-06
2026-03-17 15:35:59 INFO Epoch 2 | Step 7840/13112 | Loss 0.1703 | LR 6.1793e-06
2026-03-17 15:36:08 INFO Epoch 2 | Step 7860/13112 | Loss 0.1703 | LR 6.1885e-06
2026-03-17 15:36:16 INFO Epoch 2 | Step 7880/13112 | Loss 0.1703 | LR 6.1977e-06
2026-03-17 15:36:25 INFO Epoch 2 | Step 7900/13112 | Loss 0.1703 | LR 6.2069e-06
2026-03-17 15:36:33 INFO Epoch 2 | Step 7920/13112 | Loss 0.1703 | LR 6.2161e-06
2026-03-17 15:36:42 INFO Epoch 2 | Step 7940/13112 | Loss 0.1703 | LR 6.2253e-06
2026-03-17 15:36:51 INFO Epoch 2 | Step 7960/13112 | Loss 0.1703 | LR 6.2345e-06
2026-03-17 15:36:59 INFO Epoch 2 | Step 7980/13112 | Loss 0.1703 | LR 6.2437e-06
2026-03-17 15:37:08 INFO Epoch 2 | Step 8000/13112 | Loss 0.1703 | LR 6.2529e-06
2026-03-17 15:37:16 INFO Epoch 2 | Step 8020/13112 | Loss 0.1703 | LR 6.2621e-06
2026-03-17 15:37:25 INFO Epoch 2 | Step 8040/13112 | Loss 0.1703 | LR 6.2714e-06
2026-03-17 15:37:34 INFO Epoch 2 | Step 8060/13112 | Loss 0.1702 | LR 6.2806e-06
2026-03-17 15:37:42 INFO Epoch 2 | Step 8080/13112 | Loss 0.1702 | LR 6.2898e-06
2026-03-17 15:37:51 INFO Epoch 2 | Step 8100/13112 | Loss 0.1702 | LR 6.2991e-06
2026-03-17 15:37:59 INFO Epoch 2 | Step 8120/13112 | Loss 0.1702 | LR 6.3083e-06
2026-03-17 15:38:08 INFO Epoch 2 | Step 8140/13112 | Loss 0.1702 | LR 6.3176e-06
2026-03-17 15:38:17 INFO Epoch 2 | Step 8160/13112 | Loss 0.1702 | LR 6.3268e-06
2026-03-17 15:38:25 INFO Epoch 2 | Step 8180/13112 | Loss 0.1702 | LR 6.3361e-06
2026-03-17 15:38:34 INFO Epoch 2 | Step 8200/13112 | Loss 0.1702 | LR 6.3453e-06
2026-03-17 15:38:42 INFO Epoch 2 | Step 8220/13112 | Loss 0.1702 | LR 6.3546e-06
2026-03-17 15:38:51 INFO Epoch 2 | Step 8240/13112 | Loss 0.1702 | LR 6.3639e-06
2026-03-17 15:39:00 INFO Epoch 2 | Step 8260/13112 | Loss 0.1702 | LR 6.3732e-06
2026-03-17 15:39:09 INFO Epoch 2 | Step 8280/13112 | Loss 0.1702 | LR 6.3825e-06
2026-03-17 15:39:17 INFO Epoch 2 | Step 8300/13112 | Loss 0.1702 | LR 6.3917e-06
2026-03-17 15:39:26 INFO Epoch 2 | Step 8320/13112 | Loss 0.1701 | LR 6.4010e-06
2026-03-17 15:39:34 INFO Epoch 2 | Step 8340/13112 | Loss 0.1701 | LR 6.4103e-06
2026-03-17 15:39:43 INFO Epoch 2 | Step 8360/13112 | Loss 0.1701 | LR 6.4196e-06
2026-03-17 15:39:51 INFO Epoch 2 | Step 8380/13112 | Loss 0.1701 | LR 6.4289e-06
2026-03-17 15:40:00 INFO Epoch 2 | Step 8400/13112 | Loss 0.1701 | LR 6.4382e-06
2026-03-17 15:40:09 INFO Epoch 2 | Step 8420/13112 | Loss 0.1701 | LR 6.4476e-06
2026-03-17 15:40:17 INFO Epoch 2 | Step 8440/13112 | Loss 0.1701 | LR 6.4569e-06
2026-03-17 15:40:26 INFO Epoch 2 | Step 8460/13112 | Loss 0.1701 | LR 6.4662e-06
2026-03-17 15:40:34 INFO Epoch 2 | Step 8480/13112 | Loss 0.1701 | LR 6.4755e-06
2026-03-17 15:40:43 INFO Epoch 2 | Step 8500/13112 | Loss 0.1701 | LR 6.4849e-06
2026-03-17 15:40:52 INFO Epoch 2 | Step 8520/13112 | Loss 0.1701 | LR 6.4942e-06
2026-03-17 15:41:00 INFO Epoch 2 | Step 8540/13112 | Loss 0.1701 | LR 6.5035e-06
2026-03-17 15:41:09 INFO Epoch 2 | Step 8560/13112 | Loss 0.1701 | LR 6.5129e-06
2026-03-17 15:41:18 INFO Epoch 2 | Step 8580/13112 | Loss 0.1701 | LR 6.5222e-06
2026-03-17 15:41:26 INFO Epoch 2 | Step 8600/13112 | Loss 0.1700 | LR 6.5316e-06
2026-03-17 15:41:35 INFO Epoch 2 | Step 8620/13112 | Loss 0.1701 | LR 6.5409e-06
2026-03-17 15:41:43 INFO Epoch 2 | Step 8640/13112 | Loss 0.1700 | LR 6.5503e-06
2026-03-17 15:41:52 INFO Epoch 2 | Step 8660/13112 | Loss 0.1701 | LR 6.5597e-06
2026-03-17 15:42:01 INFO Epoch 2 | Step 8680/13112 | Loss 0.1701 | LR 6.5690e-06
2026-03-17 15:42:09 INFO Epoch 2 | Step 8700/13112 | Loss 0.1700 | LR 6.5784e-06
2026-03-17 15:42:18 INFO Epoch 2 | Step 8720/13112 | Loss 0.1701 | LR 6.5878e-06
2026-03-17 15:42:26 INFO Epoch 2 | Step 8740/13112 | Loss 0.1700 | LR 6.5972e-06
2026-03-17 15:42:35 INFO Epoch 2 | Step 8760/13112 | Loss 0.1700 | LR 6.6066e-06
2026-03-17 15:42:44 INFO Epoch 2 | Step 8780/13112 | Loss 0.1700 | LR 6.6160e-06
2026-03-17 15:42:52 INFO Epoch 2 | Step 8800/13112 | Loss 0.1700 | LR 6.6254e-06
2026-03-17 15:43:01 INFO Epoch 2 | Step 8820/13112 | Loss 0.1700 | LR 6.6348e-06
2026-03-17 15:43:09 INFO Epoch 2 | Step 8840/13112 | Loss 0.1700 | LR 6.6442e-06
2026-03-17 15:43:18 INFO Epoch 2 | Step 8860/13112 | Loss 0.1700 | LR 6.6536e-06
2026-03-17 15:43:27 INFO Epoch 2 | Step 8880/13112 | Loss 0.1700 | LR 6.6630e-06
2026-03-17 15:43:35 INFO Epoch 2 | Step 8900/13112 | Loss 0.1700 | LR 6.6724e-06
2026-03-17 15:43:44 INFO Epoch 2 | Step 8920/13112 | Loss 0.1699 | LR 6.6818e-06
2026-03-17 15:43:52 INFO Epoch 2 | Step 8940/13112 | Loss 0.1699 | LR 6.6913e-06
2026-03-17 15:44:01 INFO Epoch 2 | Step 8960/13112 | Loss 0.1699 | LR 6.7007e-06
2026-03-17 15:44:10 INFO Epoch 2 | Step 8980/13112 | Loss 0.1699 | LR 6.7101e-06
2026-03-17 15:44:18 INFO Epoch 2 | Step 9000/13112 | Loss 0.1699 | LR 6.7196e-06
2026-03-17 15:44:27 INFO Epoch 2 | Step 9020/13112 | Loss 0.1699 | LR 6.7290e-06
2026-03-17 15:44:35 INFO Epoch 2 | Step 9040/13112 | Loss 0.1699 | LR 6.7385e-06
2026-03-17 15:44:44 INFO Epoch 2 | Step 9060/13112 | Loss 0.1699 | LR 6.7479e-06
2026-03-17 15:44:52 INFO Epoch 2 | Step 9080/13112 | Loss 0.1699 | LR 6.7574e-06
2026-03-17 15:45:01 INFO Epoch 2 | Step 9100/13112 | Loss 0.1699 | LR 6.7668e-06
2026-03-17 15:45:09 INFO Epoch 2 | Step 9120/13112 | Loss 0.1698 | LR 6.7763e-06
2026-03-17 15:45:18 INFO Epoch 2 | Step 9140/13112 | Loss 0.1698 | LR 6.7858e-06
2026-03-17 15:45:27 INFO Epoch 2 | Step 9160/13112 | Loss 0.1698 | LR 6.7952e-06
2026-03-17 15:45:36 INFO Epoch 2 | Step 9180/13112 | Loss 0.1698 | LR 6.8047e-06
2026-03-17 15:45:44 INFO Epoch 2 | Step 9200/13112 | Loss 0.1698 | LR 6.8142e-06
2026-03-17 15:45:53 INFO Epoch 2 | Step 9220/13112 | Loss 0.1698 | LR 6.8237e-06
2026-03-17 15:46:01 INFO Epoch 2 | Step 9240/13112 | Loss 0.1698 | LR 6.8332e-06
2026-03-17 15:46:10 INFO Epoch 2 | Step 9260/13112 | Loss 0.1698 | LR 6.8427e-06
2026-03-17 15:46:19 INFO Epoch 2 | Step 9280/13112 | Loss 0.1698 | LR 6.8522e-06
2026-03-17 15:46:27 INFO Epoch 2 | Step 9300/13112 | Loss 0.1698 | LR 6.8617e-06
2026-03-17 15:46:36 INFO Epoch 2 | Step 9320/13112 | Loss 0.1698 | LR 6.8712e-06
2026-03-17 15:46:44 INFO Epoch 2 | Step 9340/13112 | Loss 0.1698 | LR 6.8807e-06
2026-03-17 15:46:53 INFO Epoch 2 | Step 9360/13112 | Loss 0.1698 | LR 6.8902e-06
2026-03-17 15:47:02 INFO Epoch 2 | Step 9380/13112 | Loss 0.1698 | LR 6.8997e-06
2026-03-17 15:47:10 INFO Epoch 2 | Step 9400/13112 | Loss 0.1698 | LR 6.9092e-06
2026-03-17 15:47:19 INFO Epoch 2 | Step 9420/13112 | Loss 0.1698 | LR 6.9188e-06
2026-03-17 15:47:28 INFO Epoch 2 | Step 9440/13112 | Loss 0.1698 | LR 6.9283e-06
2026-03-17 15:47:36 INFO Epoch 2 | Step 9460/13112 | Loss 0.1698 | LR 6.9378e-06
2026-03-17 15:47:45 INFO Epoch 2 | Step 9480/13112 | Loss 0.1698 | LR 6.9474e-06
2026-03-17 15:47:54 INFO Epoch 2 | Step 9500/13112 | Loss 0.1697 | LR 6.9569e-06
2026-03-17 15:48:02 INFO Epoch 2 | Step 9520/13112 | Loss 0.1697 | LR 6.9664e-06
2026-03-17 15:48:11 INFO Epoch 2 | Step 9540/13112 | Loss 0.1697 | LR 6.9760e-06
2026-03-17 15:48:20 INFO Epoch 2 | Step 9560/13112 | Loss 0.1697 | LR 6.9855e-06
2026-03-17 15:48:28 INFO Epoch 2 | Step 9580/13112 | Loss 0.1697 | LR 6.9951e-06
2026-03-17 15:48:37 INFO Epoch 2 | Step 9600/13112 | Loss 0.1697 | LR 7.0047e-06
2026-03-17 15:48:45 INFO Epoch 2 | Step 9620/13112 | Loss 0.1697 | LR 7.0142e-06
2026-03-17 15:48:54 INFO Epoch 2 | Step 9640/13112 | Loss 0.1697 | LR 7.0238e-06
2026-03-17 15:49:03 INFO Epoch 2 | Step 9660/13112 | Loss 0.1697 | LR 7.0334e-06
2026-03-17 15:49:11 INFO Epoch 2 | Step 9680/13112 | Loss 0.1697 | LR 7.0429e-06
2026-03-17 15:49:20 INFO Epoch 2 | Step 9700/13112 | Loss 0.1696 | LR 7.0525e-06
2026-03-17 15:49:28 INFO Epoch 2 | Step 9720/13112 | Loss 0.1696 | LR 7.0621e-06
2026-03-17 15:49:37 INFO Epoch 2 | Step 9740/13112 | Loss 0.1696 | LR 7.0717e-06
2026-03-17 15:49:46 INFO Epoch 2 | Step 9760/13112 | Loss 0.1696 | LR 7.0813e-06
2026-03-17 15:49:54 INFO Epoch 2 | Step 9780/13112 | Loss 0.1696 | LR 7.0909e-06
2026-03-17 15:50:03 INFO Epoch 2 | Step 9800/13112 | Loss 0.1696 | LR 7.1005e-06
2026-03-17 15:50:11 INFO Epoch 2 | Step 9820/13112 | Loss 0.1696 | LR 7.1101e-06
2026-03-17 15:50:20 INFO Epoch 2 | Step 9840/13112 | Loss 0.1696 | LR 7.1197e-06
2026-03-17 15:50:29 INFO Epoch 2 | Step 9860/13112 | Loss 0.1696 | LR 7.1293e-06
2026-03-17 15:50:37 INFO Epoch 2 | Step 9880/13112 | Loss 0.1696 | LR 7.1389e-06
2026-03-17 15:50:46 INFO Epoch 2 | Step 9900/13112 | Loss 0.1696 | LR 7.1485e-06
2026-03-17 15:50:54 INFO Epoch 2 | Step 9920/13112 | Loss 0.1696 | LR 7.1581e-06
2026-03-17 15:51:03 INFO Epoch 2 | Step 9940/13112 | Loss 0.1696 | LR 7.1678e-06
2026-03-17 15:51:11 INFO Epoch 2 | Step 9960/13112 | Loss 0.1695 | LR 7.1774e-06
2026-03-17 15:51:20 INFO Epoch 2 | Step 9980/13112 | Loss 0.1695 | LR 7.1870e-06
2026-03-17 15:51:28 INFO Epoch 2 | Step 10000/13112 | Loss 0.1695 | LR 7.1967e-06
2026-03-17 15:51:37 INFO Epoch 2 | Step 10020/13112 | Loss 0.1695 | LR 7.2063e-06
2026-03-17 15:51:45 INFO Epoch 2 | Step 10040/13112 | Loss 0.1695 | LR 7.2159e-06
2026-03-17 15:51:54 INFO Epoch 2 | Step 10060/13112 | Loss 0.1695 | LR 7.2256e-06
2026-03-17 15:52:02 INFO Epoch 2 | Step 10080/13112 | Loss 0.1695 | LR 7.2352e-06
2026-03-17 15:52:11 INFO Epoch 2 | Step 10100/13112 | Loss 0.1695 | LR 7.2449e-06
2026-03-17 15:52:20 INFO Epoch 2 | Step 10120/13112 | Loss 0.1695 | LR 7.2545e-06
2026-03-17 15:52:28 INFO Epoch 2 | Step 10140/13112 | Loss 0.1695 | LR 7.2642e-06
2026-03-17 15:52:37 INFO Epoch 2 | Step 10160/13112 | Loss 0.1695 | LR 7.2739e-06
2026-03-17 15:52:45 INFO Epoch 2 | Step 10180/13112 | Loss 0.1695 | LR 7.2835e-06
2026-03-17 15:52:54 INFO Epoch 2 | Step 10200/13112 | Loss 0.1695 | LR 7.2932e-06
2026-03-17 15:53:03 INFO Epoch 2 | Step 10220/13112 | Loss 0.1695 | LR 7.3029e-06
2026-03-17 15:53:11 INFO Epoch 2 | Step 10240/13112 | Loss 0.1695 | LR 7.3126e-06
2026-03-17 15:53:20 INFO Epoch 2 | Step 10260/13112 | Loss 0.1695 | LR 7.3222e-06
2026-03-17 15:53:28 INFO Epoch 2 | Step 10280/13112 | Loss 0.1695 | LR 7.3319e-06
2026-03-17 15:53:37 INFO Epoch 2 | Step 10300/13112 | Loss 0.1695 | LR 7.3416e-06
2026-03-17 15:53:45 INFO Epoch 2 | Step 10320/13112 | Loss 0.1695 | LR 7.3513e-06
2026-03-17 15:53:54 INFO Epoch 2 | Step 10340/13112 | Loss 0.1694 | LR 7.3610e-06
2026-03-17 15:54:03 INFO Epoch 2 | Step 10360/13112 | Loss 0.1694 | LR 7.3707e-06
2026-03-17 15:54:11 INFO Epoch 2 | Step 10380/13112 | Loss 0.1694 | LR 7.3804e-06
2026-03-17 15:54:20 INFO Epoch 2 | Step 10400/13112 | Loss 0.1694 | LR 7.3901e-06
2026-03-17 15:54:28 INFO Epoch 2 | Step 10420/13112 | Loss 0.1694 | LR 7.3998e-06
2026-03-17 15:54:37 INFO Epoch 2 | Step 10440/13112 | Loss 0.1694 | LR 7.4095e-06
2026-03-17 15:54:46 INFO Epoch 2 | Step 10460/13112 | Loss 0.1694 | LR 7.4192e-06
2026-03-17 15:54:54 INFO Epoch 2 | Step 10480/13112 | Loss 0.1694 | LR 7.4290e-06
2026-03-17 15:55:03 INFO Epoch 2 | Step 10500/13112 | Loss 0.1694 | LR 7.4387e-06
2026-03-17 15:55:11 INFO Epoch 2 | Step 10520/13112 | Loss 0.1694 | LR 7.4484e-06
2026-03-17 15:55:20 INFO Epoch 2 | Step 10540/13112 | Loss 0.1694 | LR 7.4581e-06
2026-03-17 15:55:28 INFO Epoch 2 | Step 10560/13112 | Loss 0.1694 | LR 7.4679e-06
2026-03-17 15:55:37 INFO Epoch 2 | Step 10580/13112 | Loss 0.1693 | LR 7.4776e-06
2026-03-17 15:55:45 INFO Epoch 2 | Step 10600/13112 | Loss 0.1693 | LR 7.4874e-06
2026-03-17 15:55:54 INFO Epoch 2 | Step 10620/13112 | Loss 0.1693 | LR 7.4971e-06
2026-03-17 15:56:02 INFO Epoch 2 | Step 10640/13112 | Loss 0.1693 | LR 7.5068e-06
2026-03-17 15:56:11 INFO Epoch 2 | Step 10660/13112 | Loss 0.1693 | LR 7.5166e-06
2026-03-17 15:56:20 INFO Epoch 2 | Step 10680/13112 | Loss 0.1693 | LR 7.5263e-06
2026-03-17 15:56:28 INFO Epoch 2 | Step 10700/13112 | Loss 0.1693 | LR 7.5361e-06
2026-03-17 15:56:37 INFO Epoch 2 | Step 10720/13112 | Loss 0.1693 | LR 7.5459e-06
2026-03-17 15:56:45 INFO Epoch 2 | Step 10740/13112 | Loss 0.1692 | LR 7.5556e-06
2026-03-17 15:56:54 INFO Epoch 2 | Step 10760/13112 | Loss 0.1692 | LR 7.5654e-06
2026-03-17 15:57:03 INFO Epoch 2 | Step 10780/13112 | Loss 0.1692 | LR 7.5752e-06
2026-03-17 15:57:11 INFO Epoch 2 | Step 10800/13112 | Loss 0.1692 | LR 7.5849e-06
2026-03-17 15:57:20 INFO Epoch 2 | Step 10820/13112 | Loss 0.1692 | LR 7.5947e-06
2026-03-17 15:57:29 INFO Epoch 2 | Step 10840/13112 | Loss 0.1692 | LR 7.6045e-06
2026-03-17 15:57:37 INFO Epoch 2 | Step 10860/13112 | Loss 0.1692 | LR 7.6143e-06
2026-03-17 15:57:46 INFO Epoch 2 | Step 10880/13112 | Loss 0.1692 | LR 7.6240e-06
2026-03-17 15:57:54 INFO Epoch 2 | Step 10900/13112 | Loss 0.1692 | LR 7.6338e-06
2026-03-17 15:58:03 INFO Epoch 2 | Step 10920/13112 | Loss 0.1692 | LR 7.6436e-06
2026-03-17 15:58:11 INFO Epoch 2 | Step 10940/13112 | Loss 0.1692 | LR 7.6534e-06
2026-03-17 15:58:20 INFO Epoch 2 | Step 10960/13112 | Loss 0.1692 | LR 7.6632e-06
2026-03-17 15:58:29 INFO Epoch 2 | Step 10980/13112 | Loss 0.1692 | LR 7.6730e-06
2026-03-17 15:58:37 INFO Epoch 2 | Step 11000/13112 | Loss 0.1692 | LR 7.6828e-06
2026-03-17 15:58:46 INFO Epoch 2 | Step 11020/13112 | Loss 0.1692 | LR 7.6926e-06
2026-03-17 15:58:54 INFO Epoch 2 | Step 11040/13112 | Loss 0.1692 | LR 7.7024e-06
2026-03-17 15:59:03 INFO Epoch 2 | Step 11060/13112 | Loss 0.1692 | LR 7.7122e-06
2026-03-17 15:59:11 INFO Epoch 2 | Step 11080/13112 | Loss 0.1692 | LR 7.7221e-06
2026-03-17 15:59:20 INFO Epoch 2 | Step 11100/13112 | Loss 0.1692 | LR 7.7319e-06
2026-03-17 15:59:29 INFO Epoch 2 | Step 11120/13112 | Loss 0.1692 | LR 7.7417e-06
2026-03-17 15:59:37 INFO Epoch 2 | Step 11140/13112 | Loss 0.1692 | LR 7.7515e-06
2026-03-17 15:59:46 INFO Epoch 2 | Step 11160/13112 | Loss 0.1692 | LR 7.7614e-06
2026-03-17 15:59:54 INFO Epoch 2 | Step 11180/13112 | Loss 0.1692 | LR 7.7712e-06
2026-03-17 16:00:02 INFO Epoch 2 | Step 11200/13112 | Loss 0.1692 | LR 7.7810e-06
2026-03-17 16:00:11 INFO Epoch 2 | Step 11220/13112 | Loss 0.1692 | LR 7.7909e-06
2026-03-17 16:00:19 INFO Epoch 2 | Step 11240/13112 | Loss 0.1691 | LR 7.8007e-06
2026-03-17 16:00:28 INFO Epoch 2 | Step 11260/13112 | Loss 0.1691 | LR 7.8105e-06
2026-03-17 16:00:37 INFO Epoch 2 | Step 11280/13112 | Loss 0.1691 | LR 7.8204e-06
2026-03-17 16:00:45 INFO Epoch 2 | Step 11300/13112 | Loss 0.1691 | LR 7.8302e-06
2026-03-17 16:00:54 INFO Epoch 2 | Step 11320/13112 | Loss 0.1691 | LR 7.8401e-06
2026-03-17 16:01:02 INFO Epoch 2 | Step 11340/13112 | Loss 0.1691 | LR 7.8499e-06
2026-03-17 16:01:11 INFO Epoch 2 | Step 11360/13112 | Loss 0.1691 | LR 7.8598e-06
2026-03-17 16:01:19 INFO Epoch 2 | Step 11380/13112 | Loss 0.1691 | LR 7.8697e-06
2026-03-17 16:01:28 INFO Epoch 2 | Step 11400/13112 | Loss 0.1691 | LR 7.8795e-06
2026-03-17 16:01:36 INFO Epoch 2 | Step 11420/13112 | Loss 0.1691 | LR 7.8894e-06
2026-03-17 16:01:45 INFO Epoch 2 | Step 11440/13112 | Loss 0.1691 | LR 7.8993e-06
2026-03-17 16:01:53 INFO Epoch 2 | Step 11460/13112 | Loss 0.1691 | LR 7.9091e-06
2026-03-17 16:02:02 INFO Epoch 2 | Step 11480/13112 | Loss 0.1691 | LR 7.9190e-06
2026-03-17 16:02:10 INFO Epoch 2 | Step 11500/13112 | Loss 0.1690 | LR 7.9289e-06
2026-03-17 16:02:19 INFO Epoch 2 | Step 11520/13112 | Loss 0.1690 | LR 7.9388e-06
2026-03-17 16:02:27 INFO Epoch 2 | Step 11540/13112 | Loss 0.1690 | LR 7.9486e-06
2026-03-17 16:02:36 INFO Epoch 2 | Step 11560/13112 | Loss 0.1690 | LR 7.9585e-06
2026-03-17 16:02:44 INFO Epoch 2 | Step 11580/13112 | Loss 0.1690 | LR 7.9684e-06
2026-03-17 16:02:53 INFO Epoch 2 | Step 11600/13112 | Loss 0.1690 | LR 7.9783e-06
2026-03-17 16:03:02 INFO Epoch 2 | Step 11620/13112 | Loss 0.1690 | LR 7.9882e-06
2026-03-17 16:03:10 INFO Epoch 2 | Step 11640/13112 | Loss 0.1690 | LR 7.9981e-06
2026-03-17 16:03:19 INFO Epoch 2 | Step 11660/13112 | Loss 0.1690 | LR 8.0080e-06
2026-03-17 16:03:27 INFO Epoch 2 | Step 11680/13112 | Loss 0.1690 | LR 8.0179e-06
2026-03-17 16:03:36 INFO Epoch 2 | Step 11700/13112 | Loss 0.1690 | LR 8.0278e-06
2026-03-17 16:03:45 INFO Epoch 2 | Step 11720/13112 | Loss 0.1690 | LR 8.0377e-06
2026-03-17 16:03:53 INFO Epoch 2 | Step 11740/13112 | Loss 0.1690 | LR 8.0476e-06
2026-03-17 16:04:02 INFO Epoch 2 | Step 11760/13112 | Loss 0.1690 | LR 8.0575e-06
2026-03-17 16:04:11 INFO Epoch 2 | Step 11780/13112 | Loss 0.1690 | LR 8.0674e-06
2026-03-17 16:04:19 INFO Epoch 2 | Step 11800/13112 | Loss 0.1690 | LR 8.0774e-06
2026-03-17 16:04:28 INFO Epoch 2 | Step 11820/13112 | Loss 0.1690 | LR 8.0873e-06
2026-03-17 16:04:36 INFO Epoch 2 | Step 11840/13112 | Loss 0.1690 | LR 8.0972e-06
2026-03-17 16:04:45 INFO Epoch 2 | Step 11860/13112 | Loss 0.1690 | LR 8.1071e-06
2026-03-17 16:04:53 INFO Epoch 2 | Step 11880/13112 | Loss 0.1690 | LR 8.1171e-06
2026-03-17 16:05:02 INFO Epoch 2 | Step 11900/13112 | Loss 0.1690 | LR 8.1270e-06
2026-03-17 16:05:10 INFO Epoch 2 | Step 11920/13112 | Loss 0.1690 | LR 8.1369e-06
2026-03-17 16:05:19 INFO Epoch 2 | Step 11940/13112 | Loss 0.1690 | LR 8.1469e-06
2026-03-17 16:05:28 INFO Epoch 2 | Step 11960/13112 | Loss 0.1690 | LR 8.1568e-06
2026-03-17 16:05:36 INFO Epoch 2 | Step 11980/13112 | Loss 0.1690 | LR 8.1667e-06
2026-03-17 16:05:45 INFO Epoch 2 | Step 12000/13112 | Loss 0.1689 | LR 8.1767e-06
2026-03-17 16:05:53 INFO Epoch 2 | Step 12020/13112 | Loss 0.1689 | LR 8.1866e-06
2026-03-17 16:06:02 INFO Epoch 2 | Step 12040/13112 | Loss 0.1689 | LR 8.1966e-06
2026-03-17 16:06:10 INFO Epoch 2 | Step 12060/13112 | Loss 0.1689 | LR 8.2065e-06
2026-03-17 16:06:19 INFO Epoch 2 | Step 12080/13112 | Loss 0.1689 | LR 8.2165e-06
2026-03-17 16:06:27 INFO Epoch 2 | Step 12100/13112 | Loss 0.1689 | LR 8.2264e-06
2026-03-17 16:06:36 INFO Epoch 2 | Step 12120/13112 | Loss 0.1689 | LR 8.2364e-06
2026-03-17 16:06:44 INFO Epoch 2 | Step 12140/13112 | Loss 0.1689 | LR 8.2464e-06
2026-03-17 16:06:53 INFO Epoch 2 | Step 12160/13112 | Loss 0.1689 | LR 8.2563e-06
2026-03-17 16:07:02 INFO Epoch 2 | Step 12180/13112 | Loss 0.1689 | LR 8.2663e-06
2026-03-17 16:07:10 INFO Epoch 2 | Step 12200/13112 | Loss 0.1689 | LR 8.2763e-06
2026-03-17 16:07:19 INFO Epoch 2 | Step 12220/13112 | Loss 0.1689 | LR 8.2862e-06
2026-03-17 16:07:28 INFO Epoch 2 | Step 12240/13112 | Loss 0.1689 | LR 8.2962e-06
2026-03-17 16:07:36 INFO Epoch 2 | Step 12260/13112 | Loss 0.1689 | LR 8.3062e-06
2026-03-17 16:07:45 INFO Epoch 2 | Step 12280/13112 | Loss 0.1689 | LR 8.3162e-06
2026-03-17 16:07:53 INFO Epoch 2 | Step 12300/13112 | Loss 0.1689 | LR 8.3261e-06
2026-03-17 16:08:02 INFO Epoch 2 | Step 12320/13112 | Loss 0.1689 | LR 8.3361e-06
2026-03-17 16:08:10 INFO Epoch 2 | Step 12340/13112 | Loss 0.1689 | LR 8.3461e-06
2026-03-17 16:08:19 INFO Epoch 2 | Step 12360/13112 | Loss 0.1689 | LR 8.3561e-06
2026-03-17 16:08:27 INFO Epoch 2 | Step 12380/13112 | Loss 0.1689 | LR 8.3661e-06
2026-03-17 16:08:36 INFO Epoch 2 | Step 12400/13112 | Loss 0.1689 | LR 8.3761e-06
2026-03-17 16:08:44 INFO Epoch 2 | Step 12420/13112 | Loss 0.1689 | LR 8.3861e-06
2026-03-17 16:08:53 INFO Epoch 2 | Step 12440/13112 | Loss 0.1688 | LR 8.3961e-06
2026-03-17 16:09:01 INFO Epoch 2 | Step 12460/13112 | Loss 0.1688 | LR 8.4061e-06
2026-03-17 16:09:10 INFO Epoch 2 | Step 12480/13112 | Loss 0.1688 | LR 8.4161e-06
2026-03-17 16:09:19 INFO Epoch 2 | Step 12500/13112 | Loss 0.1688 | LR 8.4261e-06
2026-03-17 16:09:27 INFO Epoch 2 | Step 12520/13112 | Loss 0.1688 | LR 8.4361e-06
2026-03-17 16:09:36 INFO Epoch 2 | Step 12540/13112 | Loss 0.1688 | LR 8.4461e-06
2026-03-17 16:09:45 INFO Epoch 2 | Step 12560/13112 | Loss 0.1688 | LR 8.4561e-06
2026-03-17 16:09:53 INFO Epoch 2 | Step 12580/13112 | Loss 0.1688 | LR 8.4661e-06
2026-03-17 16:10:02 INFO Epoch 2 | Step 12600/13112 | Loss 0.1688 | LR 8.4761e-06
2026-03-17 16:10:10 INFO Epoch 2 | Step 12620/13112 | Loss 0.1688 | LR 8.4861e-06
2026-03-17 16:10:19 INFO Epoch 2 | Step 12640/13112 | Loss 0.1688 | LR 8.4962e-06
2026-03-17 16:10:27 INFO Epoch 2 | Step 12660/13112 | Loss 0.1688 | LR 8.5062e-06
2026-03-17 16:10:36 INFO Epoch 2 | Step 12680/13112 | Loss 0.1688 | LR 8.5162e-06
2026-03-17 16:10:44 INFO Epoch 2 | Step 12700/13112 | Loss 0.1688 | LR 8.5262e-06
2026-03-17 16:10:53 INFO Epoch 2 | Step 12720/13112 | Loss 0.1688 | LR 8.5363e-06
2026-03-17 16:11:01 INFO Epoch 2 | Step 12740/13112 | Loss 0.1688 | LR 8.5463e-06
2026-03-17 16:11:10 INFO Epoch 2 | Step 12760/13112 | Loss 0.1688 | LR 8.5563e-06
2026-03-17 16:11:18 INFO Epoch 2 | Step 12780/13112 | Loss 0.1688 | LR 8.5663e-06
2026-03-17 16:11:27 INFO Epoch 2 | Step 12800/13112 | Loss 0.1688 | LR 8.5764e-06
2026-03-17 16:11:36 INFO Epoch 2 | Step 12820/13112 | Loss 0.1688 | LR 8.5864e-06
2026-03-17 16:11:44 INFO Epoch 2 | Step 12840/13112 | Loss 0.1688 | LR 8.5965e-06
2026-03-17 16:11:53 INFO Epoch 2 | Step 12860/13112 | Loss 0.1688 | LR 8.6065e-06
2026-03-17 16:12:01 INFO Epoch 2 | Step 12880/13112 | Loss 0.1688 | LR 8.6165e-06
2026-03-17 16:12:10 INFO Epoch 2 | Step 12900/13112 | Loss 0.1688 | LR 8.6266e-06
2026-03-17 16:12:19 INFO Epoch 2 | Step 12920/13112 | Loss 0.1688 | LR 8.6366e-06
2026-03-17 16:12:27 INFO Epoch 2 | Step 12940/13112 | Loss 0.1688 | LR 8.6467e-06
2026-03-17 16:12:36 INFO Epoch 2 | Step 12960/13112 | Loss 0.1688 | LR 8.6567e-06
2026-03-17 16:12:44 INFO Epoch 2 | Step 12980/13112 | Loss 0.1688 | LR 8.6668e-06
2026-03-17 16:12:53 INFO Epoch 2 | Step 13000/13112 | Loss 0.1688 | LR 8.6769e-06
2026-03-17 16:13:01 INFO Epoch 2 | Step 13020/13112 | Loss 0.1688 | LR 8.6869e-06
2026-03-17 16:13:10 INFO Epoch 2 | Step 13040/13112 | Loss 0.1688 | LR 8.6970e-06
2026-03-17 16:13:18 INFO Epoch 2 | Step 13060/13112 | Loss 0.1688 | LR 8.7070e-06
2026-03-17 16:13:27 INFO Epoch 2 | Step 13080/13112 | Loss 0.1688 | LR 8.7171e-06
2026-03-17 16:13:36 INFO Epoch 2 | Step 13100/13112 | Loss 0.1688 | LR 8.7272e-06
2026-03-17 16:13:41 INFO Epoch 2 | Step 13112/13112 | Loss 0.1688 | LR 8.7332e-06
2026-03-17 16:19:26 INFO CSV Written | Epoch: 2
2026-03-17 16:19:26 INFO Best Saved | Epoch: 2 | Monitor: val_auprc | Value: 0.0390
2026-03-17 16:19:26 INFO Epoch Done | Epoch: 2 | Time: 6004.1540 | Train Loss: 0.1688 | Val Accuracy: 0.9645 | Val AUPRC: 0.0390 | Val Auroc: 0.5246 | Val F1: 0.0000 | Val Loss: 0.1709
2026-03-17 16:19:26 INFO Epoch Start | Epoch: 3
2026-03-17 16:19:37 INFO Epoch 3 | Step 1/13112 | Loss 0.1646 | LR 8.0000e-07
2026-03-17 16:19:50 INFO Epoch 3 | Step 20/13112 | Loss 0.1630 | LR 8.0001e-07
2026-03-17 16:20:04 INFO Epoch 3 | Step 40/13112 | Loss 0.1660 | LR 8.0002e-07
2026-03-17 16:20:17 INFO Epoch 3 | Step 60/13112 | Loss 0.1668 | LR 8.0005e-07
2026-03-17 16:20:31 INFO Epoch 3 | Step 80/13112 | Loss 0.1671 | LR 8.0009e-07
2026-03-17 16:20:45 INFO Epoch 3 | Step 100/13112 | Loss 0.1668 | LR 8.0014e-07
2026-03-17 16:20:59 INFO Epoch 3 | Step 120/13112 | Loss 0.1667 | LR 8.0020e-07
2026-03-17 16:21:12 INFO Epoch 3 | Step 140/13112 | Loss 0.1662 | LR 8.0027e-07
2026-03-17 16:21:26 INFO Epoch 3 | Step 160/13112 | Loss 0.1658 | LR 8.0035e-07
2026-03-17 16:21:40 INFO Epoch 3 | Step 180/13112 | Loss 0.1655 | LR 8.0044e-07
2026-03-17 16:21:54 INFO Epoch 3 | Step 200/13112 | Loss 0.1654 | LR 8.0054e-07
2026-03-17 16:22:07 INFO Epoch 3 | Step 220/13112 | Loss 0.1651 | LR 8.0066e-07
2026-03-17 16:22:21 INFO Epoch 3 | Step 240/13112 | Loss 0.1650 | LR 8.0078e-07
2026-03-17 16:22:35 INFO Epoch 3 | Step 260/13112 | Loss 0.1652 | LR 8.0092e-07
2026-03-17 16:22:48 INFO Epoch 3 | Step 280/13112 | Loss 0.1653 | LR 8.0107e-07
2026-03-17 16:23:02 INFO Epoch 3 | Step 300/13112 | Loss 0.1657 | LR 8.0122e-07
2026-03-17 16:23:16 INFO Epoch 3 | Step 320/13112 | Loss 0.1657 | LR 8.0139e-07
2026-03-17 16:23:30 INFO Epoch 3 | Step 340/13112 | Loss 0.1662 | LR 8.0157e-07
2026-03-17 16:23:43 INFO Epoch 3 | Step 360/13112 | Loss 0.1662 | LR 8.0176e-07
2026-03-17 16:23:57 INFO Epoch 3 | Step 380/13112 | Loss 0.1660 | LR 8.0196e-07
2026-03-17 16:24:11 INFO Epoch 3 | Step 400/13112 | Loss 0.1656 | LR 8.0218e-07
2026-03-17 16:24:25 INFO Epoch 3 | Step 420/13112 | Loss 0.1656 | LR 8.0240e-07
2026-03-17 16:24:38 INFO Epoch 3 | Step 440/13112 | Loss 0.1654 | LR 8.0263e-07
2026-03-17 16:24:52 INFO Epoch 3 | Step 460/13112 | Loss 0.1651 | LR 8.0288e-07
2026-03-17 16:25:06 INFO Epoch 3 | Step 480/13112 | Loss 0.1649 | LR 8.0314e-07
2026-03-17 16:25:19 INFO Epoch 3 | Step 500/13112 | Loss 0.1649 | LR 8.0340e-07
2026-03-17 16:25:33 INFO Epoch 3 | Step 520/13112 | Loss 0.1647 | LR 8.0368e-07
2026-03-17 16:25:47 INFO Epoch 3 | Step 540/13112 | Loss 0.1650 | LR 8.0397e-07
2026-03-17 16:26:00 INFO Epoch 3 | Step 560/13112 | Loss 0.1653 | LR 8.0427e-07
2026-03-17 16:26:14 INFO Epoch 3 | Step 580/13112 | Loss 0.1653 | LR 8.0458e-07
2026-03-17 16:26:28 INFO Epoch 3 | Step 600/13112 | Loss 0.1653 | LR 8.0490e-07
2026-03-17 16:26:41 INFO Epoch 3 | Step 620/13112 | Loss 0.1652 | LR 8.0523e-07
2026-03-17 16:26:55 INFO Epoch 3 | Step 640/13112 | Loss 0.1652 | LR 8.0557e-07
2026-03-17 16:27:09 INFO Epoch 3 | Step 660/13112 | Loss 0.1651 | LR 8.0593e-07
2026-03-17 16:27:23 INFO Epoch 3 | Step 680/13112 | Loss 0.1649 | LR 8.0629e-07
2026-03-17 16:27:36 INFO Epoch 3 | Step 700/13112 | Loss 0.1649 | LR 8.0667e-07
2026-03-17 16:27:50 INFO Epoch 3 | Step 720/13112 | Loss 0.1649 | LR 8.0705e-07
2026-03-17 16:28:04 INFO Epoch 3 | Step 740/13112 | Loss 0.1650 | LR 8.0745e-07
2026-03-17 16:28:17 INFO Epoch 3 | Step 760/13112 | Loss 0.1651 | LR 8.0786e-07
2026-03-17 16:28:31 INFO Epoch 3 | Step 780/13112 | Loss 0.1651 | LR 8.0828e-07
2026-03-17 16:28:45 INFO Epoch 3 | Step 800/13112 | Loss 0.1652 | LR 8.0871e-07
2026-03-17 16:28:58 INFO Epoch 3 | Step 820/13112 | Loss 0.1651 | LR 8.0915e-07
2026-03-17 16:29:12 INFO Epoch 3 | Step 840/13112 | Loss 0.1653 | LR 8.0960e-07
2026-03-17 16:29:26 INFO Epoch 3 | Step 860/13112 | Loss 0.1653 | LR 8.1006e-07
2026-03-17 16:29:40 INFO Epoch 3 | Step 880/13112 | Loss 0.1655 | LR 8.1054e-07
2026-03-17 16:29:54 INFO Epoch 3 | Step 900/13112 | Loss 0.1654 | LR 8.1102e-07
2026-03-17 16:30:07 INFO Epoch 3 | Step 920/13112 | Loss 0.1654 | LR 8.1152e-07
2026-03-17 16:30:21 INFO Epoch 3 | Step 940/13112 | Loss 0.1653 | LR 8.1202e-07
2026-03-17 16:30:35 INFO Epoch 3 | Step 960/13112 | Loss 0.1653 | LR 8.1254e-07
2026-03-17 16:30:48 INFO Epoch 3 | Step 980/13112 | Loss 0.1653 | LR 8.1307e-07
2026-03-17 16:31:02 INFO Epoch 3 | Step 1000/13112 | Loss 0.1652 | LR 8.1360e-07
2026-03-17 16:31:16 INFO Epoch 3 | Step 1020/13112 | Loss 0.1652 | LR 8.1415e-07
2026-03-17 16:31:30 INFO Epoch 3 | Step 1040/13112 | Loss 0.1652 | LR 8.1471e-07
2026-03-17 16:31:43 INFO Epoch 3 | Step 1060/13112 | Loss 0.1654 | LR 8.1529e-07
2026-03-17 16:31:57 INFO Epoch 3 | Step 1080/13112 | Loss 0.1653 | LR 8.1587e-07
2026-03-17 16:32:11 INFO Epoch 3 | Step 1100/13112 | Loss 0.1653 | LR 8.1646e-07
2026-03-17 16:32:25 INFO Epoch 3 | Step 1120/13112 | Loss 0.1653 | LR 8.1706e-07
2026-03-17 16:32:38 INFO Epoch 3 | Step 1140/13112 | Loss 0.1653 | LR 8.1768e-07
2026-03-17 16:32:52 INFO Epoch 3 | Step 1160/13112 | Loss 0.1652 | LR 8.1831e-07
2026-03-17 16:33:06 INFO Epoch 3 | Step 1180/13112 | Loss 0.1651 | LR 8.1894e-07
2026-03-17 16:33:20 INFO Epoch 3 | Step 1200/13112 | Loss 0.1651 | LR 8.1959e-07
2026-03-17 16:33:33 INFO Epoch 3 | Step 1220/13112 | Loss 0.1651 | LR 8.2025e-07
2026-03-17 16:33:47 INFO Epoch 3 | Step 1240/13112 | Loss 0.1651 | LR 8.2092e-07
2026-03-17 16:34:01 INFO Epoch 3 | Step 1260/13112 | Loss 0.1651 | LR 8.2160e-07
2026-03-17 16:34:15 INFO Epoch 3 | Step 1280/13112 | Loss 0.1650 | LR 8.2229e-07
2026-03-17 16:34:28 INFO Epoch 3 | Step 1300/13112 | Loss 0.1649 | LR 8.2299e-07
2026-03-17 16:34:42 INFO Epoch 3 | Step 1320/13112 | Loss 0.1650 | LR 8.2370e-07
2026-03-17 16:34:56 INFO Epoch 3 | Step 1340/13112 | Loss 0.1650 | LR 8.2442e-07
2026-03-17 16:35:10 INFO Epoch 3 | Step 1360/13112 | Loss 0.1650 | LR 8.2516e-07
2026-03-17 16:35:23 INFO Epoch 3 | Step 1380/13112 | Loss 0.1649 | LR 8.2590e-07
2026-03-17 16:35:37 INFO Epoch 3 | Step 1400/13112 | Loss 0.1649 | LR 8.2666e-07
2026-03-17 16:35:51 INFO Epoch 3 | Step 1420/13112 | Loss 0.1649 | LR 8.2743e-07
2026-03-17 16:36:04 INFO Epoch 3 | Step 1440/13112 | Loss 0.1649 | LR 8.2820e-07
2026-03-17 16:36:18 INFO Epoch 3 | Step 1460/13112 | Loss 0.1649 | LR 8.2899e-07
2026-03-17 16:36:32 INFO Epoch 3 | Step 1480/13112 | Loss 0.1649 | LR 8.2979e-07
2026-03-17 16:36:45 INFO Epoch 3 | Step 1500/13112 | Loss 0.1648 | LR 8.3060e-07
2026-03-17 16:36:59 INFO Epoch 3 | Step 1520/13112 | Loss 0.1648 | LR 8.3142e-07
2026-03-17 16:37:13 INFO Epoch 3 | Step 1540/13112 | Loss 0.1647 | LR 8.3225e-07
2026-03-17 16:37:26 INFO Epoch 3 | Step 1560/13112 | Loss 0.1647 | LR 8.3310e-07
2026-03-17 16:37:40 INFO Epoch 3 | Step 1580/13112 | Loss 0.1647 | LR 8.3395e-07
2026-03-17 16:37:54 INFO Epoch 3 | Step 1600/13112 | Loss 0.1646 | LR 8.3482e-07
2026-03-17 16:38:07 INFO Epoch 3 | Step 1620/13112 | Loss 0.1646 | LR 8.3569e-07
2026-03-17 16:38:21 INFO Epoch 3 | Step 1640/13112 | Loss 0.1646 | LR 8.3658e-07
2026-03-17 16:38:35 INFO Epoch 3 | Step 1660/13112 | Loss 0.1646 | LR 8.3747e-07
2026-03-17 16:38:48 INFO Epoch 3 | Step 1680/13112 | Loss 0.1647 | LR 8.3838e-07
2026-03-17 16:39:02 INFO Epoch 3 | Step 1700/13112 | Loss 0.1647 | LR 8.3930e-07
2026-03-17 16:39:16 INFO Epoch 3 | Step 1720/13112 | Loss 0.1647 | LR 8.4023e-07
2026-03-17 16:39:30 INFO Epoch 3 | Step 1740/13112 | Loss 0.1647 | LR 8.4117e-07
2026-03-17 16:39:43 INFO Epoch 3 | Step 1760/13112 | Loss 0.1646 | LR 8.4212e-07
2026-03-17 16:39:57 INFO Epoch 3 | Step 1780/13112 | Loss 0.1647 | LR 8.4308e-07
2026-03-17 16:40:11 INFO Epoch 3 | Step 1800/13112 | Loss 0.1646 | LR 8.4406e-07
2026-03-17 16:40:24 INFO Epoch 3 | Step 1820/13112 | Loss 0.1646 | LR 8.4504e-07
2026-03-17 16:40:38 INFO Epoch 3 | Step 1840/13112 | Loss 0.1646 | LR 8.4603e-07
2026-03-17 16:40:52 INFO Epoch 3 | Step 1860/13112 | Loss 0.1646 | LR 8.4704e-07
2026-03-17 16:41:06 INFO Epoch 3 | Step 1880/13112 | Loss 0.1645 | LR 8.4806e-07
2026-03-17 16:41:20 INFO Epoch 3 | Step 1900/13112 | Loss 0.1645 | LR 8.4908e-07
2026-03-17 16:41:34 INFO Epoch 3 | Step 1920/13112 | Loss 0.1646 | LR 8.5012e-07
2026-03-17 16:41:48 INFO Epoch 3 | Step 1940/13112 | Loss 0.1646 | LR 8.5117e-07
2026-03-17 16:42:02 INFO Epoch 3 | Step 1960/13112 | Loss 0.1646 | LR 8.5223e-07
2026-03-17 16:42:15 INFO Epoch 3 | Step 1980/13112 | Loss 0.1645 | LR 8.5330e-07
2026-03-17 16:42:29 INFO Epoch 3 | Step 2000/13112 | Loss 0.1645 | LR 8.5438e-07
2026-03-17 16:42:43 INFO Epoch 3 | Step 2020/13112 | Loss 0.1645 | LR 8.5547e-07
2026-03-17 16:42:57 INFO Epoch 3 | Step 2040/13112 | Loss 0.1645 | LR 8.5658e-07
2026-03-17 16:43:10 INFO Epoch 3 | Step 2060/13112 | Loss 0.1645 | LR 8.5769e-07
2026-03-17 16:43:24 INFO Epoch 3 | Step 2080/13112 | Loss 0.1645 | LR 8.5881e-07
2026-03-17 16:43:38 INFO Epoch 3 | Step 2100/13112 | Loss 0.1645 | LR 8.5995e-07
2026-03-17 16:43:51 INFO Epoch 3 | Step 2120/13112 | Loss 0.1644 | LR 8.6109e-07
2026-03-17 16:44:05 INFO Epoch 3 | Step 2140/13112 | Loss 0.1644 | LR 8.6225e-07
2026-03-17 16:44:19 INFO Epoch 3 | Step 2160/13112 | Loss 0.1644 | LR 8.6342e-07
2026-03-17 16:44:33 INFO Epoch 3 | Step 2180/13112 | Loss 0.1644 | LR 8.6460e-07
2026-03-17 16:44:46 INFO Epoch 3 | Step 2200/13112 | Loss 0.1643 | LR 8.6579e-07
2026-03-17 16:45:00 INFO Epoch 3 | Step 2220/13112 | Loss 0.1643 | LR 8.6699e-07
2026-03-17 16:45:13 INFO Epoch 3 | Step 2240/13112 | Loss 0.1643 | LR 8.6820e-07
2026-03-17 16:45:27 INFO Epoch 3 | Step 2260/13112 | Loss 0.1643 | LR 8.6942e-07
2026-03-17 16:45:41 INFO Epoch 3 | Step 2280/13112 | Loss 0.1643 | LR 8.7065e-07
2026-03-17 16:45:55 INFO Epoch 3 | Step 2300/13112 | Loss 0.1643 | LR 8.7190e-07
2026-03-17 16:46:08 INFO Epoch 3 | Step 2320/13112 | Loss 0.1643 | LR 8.7315e-07
2026-03-17 16:46:22 INFO Epoch 3 | Step 2340/13112 | Loss 0.1643 | LR 8.7442e-07
2026-03-17 16:46:36 INFO Epoch 3 | Step 2360/13112 | Loss 0.1642 | LR 8.7569e-07
2026-03-17 16:46:50 INFO Epoch 3 | Step 2380/13112 | Loss 0.1641 | LR 8.7698e-07
2026-03-17 16:47:03 INFO Epoch 3 | Step 2400/13112 | Loss 0.1641 | LR 8.7828e-07
2026-03-17 16:47:17 INFO Epoch 3 | Step 2420/13112 | Loss 0.1641 | LR 8.7958e-07
2026-03-17 16:47:31 INFO Epoch 3 | Step 2440/13112 | Loss 0.1641 | LR 8.8090e-07
2026-03-17 16:47:45 INFO Epoch 3 | Step 2460/13112 | Loss 0.1640 | LR 8.8223e-07
2026-03-17 16:47:58 INFO Epoch 3 | Step 2480/13112 | Loss 0.1640 | LR 8.8357e-07
2026-03-17 16:48:12 INFO Epoch 3 | Step 2500/13112 | Loss 0.1639 | LR 8.8492e-07
2026-03-17 16:48:26 INFO Epoch 3 | Step 2520/13112 | Loss 0.1639 | LR 8.8629e-07
2026-03-17 16:48:40 INFO Epoch 3 | Step 2540/13112 | Loss 0.1640 | LR 8.8766e-07
2026-03-17 16:48:53 INFO Epoch 3 | Step 2560/13112 | Loss 0.1639 | LR 8.8904e-07
2026-03-17 16:49:07 INFO Epoch 3 | Step 2580/13112 | Loss 0.1639 | LR 8.9044e-07
2026-03-17 16:49:21 INFO Epoch 3 | Step 2600/13112 | Loss 0.1639 | LR 8.9184e-07
2026-03-17 16:49:34 INFO Epoch 3 | Step 2620/13112 | Loss 0.1639 | LR 8.9326e-07
2026-03-17 16:49:48 INFO Epoch 3 | Step 2640/13112 | Loss 0.1639 | LR 8.9469e-07
2026-03-17 16:50:02 INFO Epoch 3 | Step 2660/13112 | Loss 0.1639 | LR 8.9612e-07
2026-03-17 16:50:16 INFO Epoch 3 | Step 2680/13112 | Loss 0.1638 | LR 8.9757e-07
2026-03-17 16:50:29 INFO Epoch 3 | Step 2700/13112 | Loss 0.1638 | LR 8.9903e-07
2026-03-17 16:50:43 INFO Epoch 3 | Step 2720/13112 | Loss 0.1638 | LR 9.0050e-07
2026-03-17 16:50:57 INFO Epoch 3 | Step 2740/13112 | Loss 0.1638 | LR 9.0198e-07
2026-03-17 16:51:10 INFO Epoch 3 | Step 2760/13112 | Loss 0.1637 | LR 9.0347e-07
2026-03-17 16:51:24 INFO Epoch 3 | Step 2780/13112 | Loss 0.1637 | LR 9.0498e-07
2026-03-17 16:51:38 INFO Epoch 3 | Step 2800/13112 | Loss 0.1636 | LR 9.0649e-07
2026-03-17 16:51:52 INFO Epoch 3 | Step 2820/13112 | Loss 0.1637 | LR 9.0801e-07
2026-03-17 16:52:05 INFO Epoch 3 | Step 2840/13112 | Loss 0.1637 | LR 9.0955e-07
2026-03-17 16:52:19 INFO Epoch 3 | Step 2860/13112 | Loss 0.1637 | LR 9.1109e-07
2026-03-17 16:52:33 INFO Epoch 3 | Step 2880/13112 | Loss 0.1637 | LR 9.1265e-07
2026-03-17 16:52:46 INFO Epoch 3 | Step 2900/13112 | Loss 0.1637 | LR 9.1422e-07
2026-03-17 16:53:00 INFO Epoch 3 | Step 2920/13112 | Loss 0.1637 | LR 9.1579e-07
2026-03-17 16:53:14 INFO Epoch 3 | Step 2940/13112 | Loss 0.1637 | LR 9.1738e-07
2026-03-17 16:53:28 INFO Epoch 3 | Step 2960/13112 | Loss 0.1637 | LR 9.1898e-07
2026-03-17 16:53:41 INFO Epoch 3 | Step 2980/13112 | Loss 0.1637 | LR 9.2059e-07
2026-03-17 16:53:55 INFO Epoch 3 | Step 3000/13112 | Loss 0.1636 | LR 9.2221e-07
2026-03-17 16:54:09 INFO Epoch 3 | Step 3020/13112 | Loss 0.1636 | LR 9.2384e-07
2026-03-17 16:54:23 INFO Epoch 3 | Step 3040/13112 | Loss 0.1636 | LR 9.2548e-07
2026-03-17 16:54:36 INFO Epoch 3 | Step 3060/13112 | Loss 0.1635 | LR 9.2714e-07
2026-03-17 16:54:50 INFO Epoch 3 | Step 3080/13112 | Loss 0.1636 | LR 9.2880e-07
2026-03-17 16:55:04 INFO Epoch 3 | Step 3100/13112 | Loss 0.1635 | LR 9.3048e-07
2026-03-17 16:55:17 INFO Epoch 3 | Step 3120/13112 | Loss 0.1635 | LR 9.3216e-07
2026-03-17 16:55:31 INFO Epoch 3 | Step 3140/13112 | Loss 0.1634 | LR 9.3386e-07
2026-03-17 16:55:45 INFO Epoch 3 | Step 3160/13112 | Loss 0.1634 | LR 9.3556e-07
2026-03-17 16:55:59 INFO Epoch 3 | Step 3180/13112 | Loss 0.1634 | LR 9.3728e-07
2026-03-17 16:56:12 INFO Epoch 3 | Step 3200/13112 | Loss 0.1634 | LR 9.3901e-07
2026-03-17 16:56:26 INFO Epoch 3 | Step 3220/13112 | Loss 0.1634 | LR 9.4075e-07
2026-03-17 16:56:40 INFO Epoch 3 | Step 3240/13112 | Loss 0.1633 | LR 9.4250e-07
2026-03-17 16:56:53 INFO Epoch 3 | Step 3260/13112 | Loss 0.1633 | LR 9.4426e-07
2026-03-17 16:57:07 INFO Epoch 3 | Step 3280/13112 | Loss 0.1633 | LR 9.4603e-07
2026-03-17 16:57:21 INFO Epoch 3 | Step 3300/13112 | Loss 0.1632 | LR 9.4781e-07
2026-03-17 16:57:34 INFO Epoch 3 | Step 3320/13112 | Loss 0.1632 | LR 9.4960e-07
2026-03-17 16:57:48 INFO Epoch 3 | Step 3340/13112 | Loss 0.1631 | LR 9.5141e-07
2026-03-17 16:58:02 INFO Epoch 3 | Step 3360/13112 | Loss 0.1631 | LR 9.5322e-07
2026-03-17 16:58:15 INFO Epoch 3 | Step 3380/13112 | Loss 0.1631 | LR 9.5504e-07
2026-03-17 16:58:29 INFO Epoch 3 | Step 3400/13112 | Loss 0.1630 | LR 9.5688e-07
2026-03-17 16:58:43 INFO Epoch 3 | Step 3420/13112 | Loss 0.1630 | LR 9.5872e-07
2026-03-17 16:58:57 INFO Epoch 3 | Step 3440/13112 | Loss 0.1630 | LR 9.6058e-07
2026-03-17 16:59:10 INFO Epoch 3 | Step 3460/13112 | Loss 0.1630 | LR 9.6245e-07
2026-03-17 16:59:24 INFO Epoch 3 | Step 3480/13112 | Loss 0.1629 | LR 9.6433e-07
2026-03-17 16:59:38 INFO Epoch 3 | Step 3500/13112 | Loss 0.1629 | LR 9.6622e-07
2026-03-17 16:59:51 INFO Epoch 3 | Step 3520/13112 | Loss 0.1629 | LR 9.6812e-07
2026-03-17 17:00:05 INFO Epoch 3 | Step 3540/13112 | Loss 0.1628 | LR 9.7003e-07
2026-03-17 17:00:19 INFO Epoch 3 | Step 3560/13112 | Loss 0.1628 | LR 9.7195e-07
2026-03-17 17:00:33 INFO Epoch 3 | Step 3580/13112 | Loss 0.1628 | LR 9.7388e-07
2026-03-17 17:00:46 INFO Epoch 3 | Step 3600/13112 | Loss 0.1628 | LR 9.7582e-07
2026-03-17 17:01:00 INFO Epoch 3 | Step 3620/13112 | Loss 0.1628 | LR 9.7777e-07
2026-03-17 17:01:14 INFO Epoch 3 | Step 3640/13112 | Loss 0.1628 | LR 9.7974e-07
2026-03-17 17:01:28 INFO Epoch 3 | Step 3660/13112 | Loss 0.1628 | LR 9.8171e-07
2026-03-17 17:01:41 INFO Epoch 3 | Step 3680/13112 | Loss 0.1628 | LR 9.8370e-07
2026-03-17 17:01:55 INFO Epoch 3 | Step 3700/13112 | Loss 0.1627 | LR 9.8569e-07
2026-03-17 17:02:09 INFO Epoch 3 | Step 3720/13112 | Loss 0.1626 | LR 9.8770e-07
2026-03-17 17:02:22 INFO Epoch 3 | Step 3740/13112 | Loss 0.1626 | LR 9.8971e-07
2026-03-17 17:02:36 INFO Epoch 3 | Step 3760/13112 | Loss 0.1627 | LR 9.9174e-07
2026-03-17 17:02:50 INFO Epoch 3 | Step 3780/13112 | Loss 0.1626 | LR 9.9378e-07
2026-03-17 17:03:04 INFO Epoch 3 | Step 3800/13112 | Loss 0.1626 | LR 9.9583e-07
2026-03-17 17:03:17 INFO Epoch 3 | Step 3820/13112 | Loss 0.1626 | LR 9.9789e-07
2026-03-17 17:03:31 INFO Epoch 3 | Step 3840/13112 | Loss 0.1625 | LR 9.9996e-07
2026-03-17 17:03:45 INFO Epoch 3 | Step 3860/13112 | Loss 0.1625 | LR 1.0020e-06
2026-03-17 17:03:59 INFO Epoch 3 | Step 3880/13112 | Loss 0.1625 | LR 1.0041e-06
2026-03-17 17:04:12 INFO Epoch 3 | Step 3900/13112 | Loss 0.1625 | LR 1.0062e-06
2026-03-17 17:04:26 INFO Epoch 3 | Step 3920/13112 | Loss 0.1625 | LR 1.0083e-06
2026-03-17 17:04:40 INFO Epoch 3 | Step 3940/13112 | Loss 0.1625 | LR 1.0105e-06
2026-03-17 17:04:53 INFO Epoch 3 | Step 3960/13112 | Loss 0.1625 | LR 1.0126e-06
2026-03-17 17:05:07 INFO Epoch 3 | Step 3980/13112 | Loss 0.1625 | LR 1.0147e-06
2026-03-17 17:05:21 INFO Epoch 3 | Step 4000/13112 | Loss 0.1624 | LR 1.0169e-06
2026-03-17 17:05:35 INFO Epoch 3 | Step 4020/13112 | Loss 0.1623 | LR 1.0191e-06
2026-03-17 17:05:49 INFO Epoch 3 | Step 4040/13112 | Loss 0.1623 | LR 1.0212e-06
2026-03-17 17:06:02 INFO Epoch 3 | Step 4060/13112 | Loss 0.1623 | LR 1.0234e-06
2026-03-17 17:06:16 INFO Epoch 3 | Step 4080/13112 | Loss 0.1622 | LR 1.0256e-06
2026-03-17 17:06:30 INFO Epoch 3 | Step 4100/13112 | Loss 0.1623 | LR 1.0278e-06
2026-03-17 17:06:44 INFO Epoch 3 | Step 4120/13112 | Loss 0.1623 | LR 1.0301e-06
2026-03-17 17:06:57 INFO Epoch 3 | Step 4140/13112 | Loss 0.1622 | LR 1.0323e-06
2026-03-17 17:07:11 INFO Epoch 3 | Step 4160/13112 | Loss 0.1622 | LR 1.0345e-06
2026-03-17 17:07:25 INFO Epoch 3 | Step 4180/13112 | Loss 0.1622 | LR 1.0368e-06
2026-03-17 17:07:39 INFO Epoch 3 | Step 4200/13112 | Loss 0.1622 | LR 1.0390e-06
2026-03-17 17:07:52 INFO Epoch 3 | Step 4220/13112 | Loss 0.1621 | LR 1.0413e-06
2026-03-17 17:08:06 INFO Epoch 3 | Step 4240/13112 | Loss 0.1621 | LR 1.0436e-06
2026-03-17 17:08:20 INFO Epoch 3 | Step 4260/13112 | Loss 0.1621 | LR 1.0459e-06
2026-03-17 17:08:34 INFO Epoch 3 | Step 4280/13112 | Loss 0.1620 | LR 1.0482e-06
2026-03-17 17:08:47 INFO Epoch 3 | Step 4300/13112 | Loss 0.1620 | LR 1.0505e-06
2026-03-17 17:09:01 INFO Epoch 3 | Step 4320/13112 | Loss 0.1620 | LR 1.0528e-06
2026-03-17 17:09:15 INFO Epoch 3 | Step 4340/13112 | Loss 0.1620 | LR 1.0552e-06
2026-03-17 17:09:29 INFO Epoch 3 | Step 4360/13112 | Loss 0.1619 | LR 1.0575e-06
2026-03-17 17:09:42 INFO Epoch 3 | Step 4380/13112 | Loss 0.1619 | LR 1.0599e-06
2026-03-17 17:09:56 INFO Epoch 3 | Step 4400/13112 | Loss 0.1619 | LR 1.0622e-06
2026-03-17 17:10:10 INFO Epoch 3 | Step 4420/13112 | Loss 0.1619 | LR 1.0646e-06
2026-03-17 17:10:24 INFO Epoch 3 | Step 4440/13112 | Loss 0.1618 | LR 1.0670e-06
2026-03-17 17:10:38 INFO Epoch 3 | Step 4460/13112 | Loss 0.1618 | LR 1.0694e-06
2026-03-17 17:10:51 INFO Epoch 3 | Step 4480/13112 | Loss 0.1618 | LR 1.0718e-06
2026-03-17 17:11:05 INFO Epoch 3 | Step 4500/13112 | Loss 0.1617 | LR 1.0742e-06
2026-03-17 17:11:19 INFO Epoch 3 | Step 4520/13112 | Loss 0.1616 | LR 1.0767e-06
2026-03-17 17:11:33 INFO Epoch 3 | Step 4540/13112 | Loss 0.1616 | LR 1.0791e-06
2026-03-17 17:11:46 INFO Epoch 3 | Step 4560/13112 | Loss 0.1616 | LR 1.0816e-06
2026-03-17 17:12:00 INFO Epoch 3 | Step 4580/13112 | Loss 0.1616 | LR 1.0840e-06
2026-03-17 17:12:14 INFO Epoch 3 | Step 4600/13112 | Loss 0.1616 | LR 1.0865e-06
2026-03-17 17:12:28 INFO Epoch 3 | Step 4620/13112 | Loss 0.1615 | LR 1.0890e-06
2026-03-17 17:12:41 INFO Epoch 3 | Step 4640/13112 | Loss 0.1615 | LR 1.0915e-06
2026-03-17 17:12:55 INFO Epoch 3 | Step 4660/13112 | Loss 0.1614 | LR 1.0940e-06
2026-03-17 17:13:09 INFO Epoch 3 | Step 4680/13112 | Loss 0.1614 | LR 1.0965e-06
2026-03-17 17:13:23 INFO Epoch 3 | Step 4700/13112 | Loss 0.1614 | LR 1.0990e-06
2026-03-17 17:13:36 INFO Epoch 3 | Step 4720/13112 | Loss 0.1613 | LR 1.1016e-06
2026-03-17 17:13:50 INFO Epoch 3 | Step 4740/13112 | Loss 0.1613 | LR 1.1041e-06
2026-03-17 17:14:04 INFO Epoch 3 | Step 4760/13112 | Loss 0.1613 | LR 1.1067e-06
2026-03-17 17:14:17 INFO Epoch 3 | Step 4780/13112 | Loss 0.1613 | LR 1.1092e-06
2026-03-17 17:14:31 INFO Epoch 3 | Step 4800/13112 | Loss 0.1613 | LR 1.1118e-06
2026-03-17 17:14:45 INFO Epoch 3 | Step 4820/13112 | Loss 0.1613 | LR 1.1144e-06
2026-03-17 17:14:58 INFO Epoch 3 | Step 4840/13112 | Loss 0.1612 | LR 1.1170e-06
2026-03-17 17:15:12 INFO Epoch 3 | Step 4860/13112 | Loss 0.1612 | LR 1.1196e-06
2026-03-17 17:15:26 INFO Epoch 3 | Step 4880/13112 | Loss 0.1611 | LR 1.1222e-06
2026-03-17 17:15:39 INFO Epoch 3 | Step 4900/13112 | Loss 0.1611 | LR 1.1249e-06
2026-03-17 17:15:53 INFO Epoch 3 | Step 4920/13112 | Loss 0.1611 | LR 1.1275e-06
2026-03-17 17:16:07 INFO Epoch 3 | Step 4940/13112 | Loss 0.1610 | LR 1.1302e-06
2026-03-17 17:16:21 INFO Epoch 3 | Step 4960/13112 | Loss 0.1611 | LR 1.1328e-06
2026-03-17 17:16:34 INFO Epoch 3 | Step 4980/13112 | Loss 0.1610 | LR 1.1355e-06
2026-03-17 17:16:48 INFO Epoch 3 | Step 5000/13112 | Loss 0.1610 | LR 1.1382e-06
2026-03-17 17:17:02 INFO Epoch 3 | Step 5020/13112 | Loss 0.1610 | LR 1.1409e-06
2026-03-17 17:17:15 INFO Epoch 3 | Step 5040/13112 | Loss 0.1610 | LR 1.1436e-06
2026-03-17 17:17:29 INFO Epoch 3 | Step 5060/13112 | Loss 0.1610 | LR 1.1463e-06
2026-03-17 17:17:43 INFO Epoch 3 | Step 5080/13112 | Loss 0.1610 | LR 1.1490e-06
2026-03-17 17:17:57 INFO Epoch 3 | Step 5100/13112 | Loss 0.1609 | LR 1.1518e-06
2026-03-17 17:18:11 INFO Epoch 3 | Step 5120/13112 | Loss 0.1609 | LR 1.1545e-06
2026-03-17 17:18:24 INFO Epoch 3 | Step 5140/13112 | Loss 0.1609 | LR 1.1573e-06
2026-03-17 17:18:38 INFO Epoch 3 | Step 5160/13112 | Loss 0.1608 | LR 1.1600e-06
2026-03-17 17:18:52 INFO Epoch 3 | Step 5180/13112 | Loss 0.1608 | LR 1.1628e-06
2026-03-17 17:19:05 INFO Epoch 3 | Step 5200/13112 | Loss 0.1608 | LR 1.1656e-06
2026-03-17 17:19:19 INFO Epoch 3 | Step 5220/13112 | Loss 0.1608 | LR 1.1684e-06
2026-03-17 17:19:33 INFO Epoch 3 | Step 5240/13112 | Loss 0.1607 | LR 1.1712e-06
2026-03-17 17:19:47 INFO Epoch 3 | Step 5260/13112 | Loss 0.1607 | LR 1.1740e-06
2026-03-17 17:20:00 INFO Epoch 3 | Step 5280/13112 | Loss 0.1607 | LR 1.1769e-06
2026-03-17 17:20:14 INFO Epoch 3 | Step 5300/13112 | Loss 0.1607 | LR 1.1797e-06
2026-03-17 17:20:28 INFO Epoch 3 | Step 5320/13112 | Loss 0.1607 | LR 1.1826e-06
2026-03-17 17:20:41 INFO Epoch 3 | Step 5340/13112 | Loss 0.1606 | LR 1.1854e-06
2026-03-17 17:20:55 INFO Epoch 3 | Step 5360/13112 | Loss 0.1606 | LR 1.1883e-06
2026-03-17 17:21:09 INFO Epoch 3 | Step 5380/13112 | Loss 0.1606 | LR 1.1912e-06
2026-03-17 17:21:22 INFO Epoch 3 | Step 5400/13112 | Loss 0.1605 | LR 1.1941e-06
2026-03-17 17:21:36 INFO Epoch 3 | Step 5420/13112 | Loss 0.1605 | LR 1.1970e-06
2026-03-17 17:21:50 INFO Epoch 3 | Step 5440/13112 | Loss 0.1605 | LR 1.1999e-06
2026-03-17 17:22:03 INFO Epoch 3 | Step 5460/13112 | Loss 0.1604 | LR 1.2028e-06
2026-03-17 17:22:17 INFO Epoch 3 | Step 5480/13112 | Loss 0.1604 | LR 1.2058e-06
2026-03-17 17:22:31 INFO Epoch 3 | Step 5500/13112 | Loss 0.1604 | LR 1.2087e-06
2026-03-17 17:22:45 INFO Epoch 3 | Step 5520/13112 | Loss 0.1603 | LR 1.2117e-06
2026-03-17 17:22:58 INFO Epoch 3 | Step 5540/13112 | Loss 0.1603 | LR 1.2146e-06
2026-03-17 17:23:12 INFO Epoch 3 | Step 5560/13112 | Loss 0.1602 | LR 1.2176e-06
2026-03-17 17:23:26 INFO Epoch 3 | Step 5580/13112 | Loss 0.1602 | LR 1.2206e-06
2026-03-17 17:23:39 INFO Epoch 3 | Step 5600/13112 | Loss 0.1602 | LR 1.2236e-06
2026-03-17 17:23:53 INFO Epoch 3 | Step 5620/13112 | Loss 0.1601 | LR 1.2266e-06
2026-03-17 17:24:07 INFO Epoch 3 | Step 5640/13112 | Loss 0.1601 | LR 1.2296e-06
2026-03-17 17:24:20 INFO Epoch 3 | Step 5660/13112 | Loss 0.1601 | LR 1.2326e-06
2026-03-17 17:24:34 INFO Epoch 3 | Step 5680/13112 | Loss 0.1600 | LR 1.2357e-06
2026-03-17 17:24:48 INFO Epoch 3 | Step 5700/13112 | Loss 0.1600 | LR 1.2387e-06
2026-03-17 17:25:01 INFO Epoch 3 | Step 5720/13112 | Loss 0.1600 | LR 1.2418e-06
2026-03-17 17:25:15 INFO Epoch 3 | Step 5740/13112 | Loss 0.1600 | LR 1.2449e-06
2026-03-17 17:25:29 INFO Epoch 3 | Step 5760/13112 | Loss 0.1600 | LR 1.2480e-06
2026-03-17 17:25:43 INFO Epoch 3 | Step 5780/13112 | Loss 0.1599 | LR 1.2510e-06
2026-03-17 17:25:56 INFO Epoch 3 | Step 5800/13112 | Loss 0.1599 | LR 1.2541e-06
2026-03-17 17:26:10 INFO Epoch 3 | Step 5820/13112 | Loss 0.1598 | LR 1.2573e-06
2026-03-17 17:26:24 INFO Epoch 3 | Step 5840/13112 | Loss 0.1598 | LR 1.2604e-06
2026-03-17 17:26:38 INFO Epoch 3 | Step 5860/13112 | Loss 0.1598 | LR 1.2635e-06
2026-03-17 17:26:51 INFO Epoch 3 | Step 5880/13112 | Loss 0.1597 | LR 1.2667e-06
2026-03-17 17:27:05 INFO Epoch 3 | Step 5900/13112 | Loss 0.1597 | LR 1.2698e-06
2026-03-17 17:27:19 INFO Epoch 3 | Step 5920/13112 | Loss 0.1596 | LR 1.2730e-06
2026-03-17 17:27:32 INFO Epoch 3 | Step 5940/13112 | Loss 0.1596 | LR 1.2761e-06
2026-03-17 17:27:46 INFO Epoch 3 | Step 5960/13112 | Loss 0.1596 | LR 1.2793e-06
2026-03-17 17:28:00 INFO Epoch 3 | Step 5980/13112 | Loss 0.1596 | LR 1.2825e-06
2026-03-17 17:28:13 INFO Epoch 3 | Step 6000/13112 | Loss 0.1596 | LR 1.2857e-06
2026-03-17 17:28:27 INFO Epoch 3 | Step 6020/13112 | Loss 0.1595 | LR 1.2889e-06
2026-03-17 17:28:41 INFO Epoch 3 | Step 6040/13112 | Loss 0.1595 | LR 1.2922e-06
2026-03-17 17:28:54 INFO Epoch 3 | Step 6060/13112 | Loss 0.1595 | LR 1.2954e-06
2026-03-17 17:29:08 INFO Epoch 3 | Step 6080/13112 | Loss 0.1595 | LR 1.2987e-06
2026-03-17 17:29:22 INFO Epoch 3 | Step 6100/13112 | Loss 0.1595 | LR 1.3019e-06
2026-03-17 17:29:35 INFO Epoch 3 | Step 6120/13112 | Loss 0.1595 | LR 1.3052e-06
2026-03-17 17:29:49 INFO Epoch 3 | Step 6140/13112 | Loss 0.1595 | LR 1.3085e-06
2026-03-17 17:30:03 INFO Epoch 3 | Step 6160/13112 | Loss 0.1594 | LR 1.3117e-06
2026-03-17 17:30:17 INFO Epoch 3 | Step 6180/13112 | Loss 0.1594 | LR 1.3150e-06
2026-03-17 17:30:30 INFO Epoch 3 | Step 6200/13112 | Loss 0.1594 | LR 1.3184e-06
2026-03-17 17:30:44 INFO Epoch 3 | Step 6220/13112 | Loss 0.1594 | LR 1.3217e-06
2026-03-17 17:30:58 INFO Epoch 3 | Step 6240/13112 | Loss 0.1593 | LR 1.3250e-06
2026-03-17 17:31:12 INFO Epoch 3 | Step 6260/13112 | Loss 0.1593 | LR 1.3283e-06
2026-03-17 17:31:25 INFO Epoch 3 | Step 6280/13112 | Loss 0.1593 | LR 1.3317e-06
2026-03-17 17:31:39 INFO Epoch 3 | Step 6300/13112 | Loss 0.1592 | LR 1.3351e-06
2026-03-17 17:31:53 INFO Epoch 3 | Step 6320/13112 | Loss 0.1593 | LR 1.3384e-06
2026-03-17 17:32:07 INFO Epoch 3 | Step 6340/13112 | Loss 0.1592 | LR 1.3418e-06
2026-03-17 17:32:20 INFO Epoch 3 | Step 6360/13112 | Loss 0.1592 | LR 1.3452e-06
2026-03-17 17:32:34 INFO Epoch 3 | Step 6380/13112 | Loss 0.1592 | LR 1.3486e-06
2026-03-17 17:32:48 INFO Epoch 3 | Step 6400/13112 | Loss 0.1591 | LR 1.3520e-06
2026-03-17 17:33:01 INFO Epoch 3 | Step 6420/13112 | Loss 0.1591 | LR 1.3554e-06
2026-03-17 17:33:15 INFO Epoch 3 | Step 6440/13112 | Loss 0.1591 | LR 1.3589e-06
2026-03-17 17:33:29 INFO Epoch 3 | Step 6460/13112 | Loss 0.1590 | LR 1.3623e-06
2026-03-17 17:33:42 INFO Epoch 3 | Step 6480/13112 | Loss 0.1590 | LR 1.3658e-06
2026-03-17 17:33:56 INFO Epoch 3 | Step 6500/13112 | Loss 0.1590 | LR 1.3692e-06
2026-03-17 17:34:10 INFO Epoch 3 | Step 6520/13112 | Loss 0.1589 | LR 1.3727e-06
2026-03-17 17:34:23 INFO Epoch 3 | Step 6540/13112 | Loss 0.1589 | LR 1.3762e-06
2026-03-17 17:34:37 INFO Epoch 3 | Step 6560/13112 | Loss 0.1589 | LR 1.3797e-06
2026-03-17 17:34:51 INFO Epoch 3 | Step 6580/13112 | Loss 0.1588 | LR 1.3832e-06
2026-03-17 17:35:04 INFO Epoch 3 | Step 6600/13112 | Loss 0.1588 | LR 1.3867e-06
2026-03-17 17:35:18 INFO Epoch 3 | Step 6620/13112 | Loss 0.1587 | LR 1.3902e-06
2026-03-17 17:35:32 INFO Epoch 3 | Step 6640/13112 | Loss 0.1587 | LR 1.3937e-06
2026-03-17 17:35:45 INFO Epoch 3 | Step 6660/13112 | Loss 0.1587 | LR 1.3973e-06
2026-03-17 17:35:59 INFO Epoch 3 | Step 6680/13112 | Loss 0.1587 | LR 1.4008e-06
2026-03-17 17:36:13 INFO Epoch 3 | Step 6700/13112 | Loss 0.1586 | LR 1.4044e-06
2026-03-17 17:36:26 INFO Epoch 3 | Step 6720/13112 | Loss 0.1586 | LR 1.4080e-06
2026-03-17 17:36:40 INFO Epoch 3 | Step 6740/13112 | Loss 0.1586 | LR 1.4116e-06
2026-03-17 17:36:54 INFO Epoch 3 | Step 6760/13112 | Loss 0.1586 | LR 1.4152e-06
2026-03-17 17:37:07 INFO Epoch 3 | Step 6780/13112 | Loss 0.1585 | LR 1.4188e-06
2026-03-17 17:37:21 INFO Epoch 3 | Step 6800/13112 | Loss 0.1585 | LR 1.4224e-06
2026-03-17 17:37:35 INFO Epoch 3 | Step 6820/13112 | Loss 0.1584 | LR 1.4260e-06
2026-03-17 17:37:49 INFO Epoch 3 | Step 6840/13112 | Loss 0.1584 | LR 1.4297e-06
2026-03-17 17:38:02 INFO Epoch 3 | Step 6860/13112 | Loss 0.1584 | LR 1.4333e-06
2026-03-17 17:38:16 INFO Epoch 3 | Step 6880/13112 | Loss 0.1584 | LR 1.4370e-06
2026-03-17 17:38:29 INFO Epoch 3 | Step 6900/13112 | Loss 0.1584 | LR 1.4406e-06
2026-03-17 17:38:43 INFO Epoch 3 | Step 6920/13112 | Loss 0.1583 | LR 1.4443e-06
2026-03-17 17:38:57 INFO Epoch 3 | Step 6940/13112 | Loss 0.1583 | LR 1.4480e-06
2026-03-17 17:39:10 INFO Epoch 3 | Step 6960/13112 | Loss 0.1583 | LR 1.4517e-06
2026-03-17 17:39:24 INFO Epoch 3 | Step 6980/13112 | Loss 0.1583 | LR 1.4554e-06
2026-03-17 17:39:38 INFO Epoch 3 | Step 7000/13112 | Loss 0.1583 | LR 1.4591e-06
2026-03-17 17:39:52 INFO Epoch 3 | Step 7020/13112 | Loss 0.1582 | LR 1.4628e-06
2026-03-17 17:40:05 INFO Epoch 3 | Step 7040/13112 | Loss 0.1582 | LR 1.4666e-06
2026-03-17 17:40:19 INFO Epoch 3 | Step 7060/13112 | Loss 0.1581 | LR 1.4703e-06
2026-03-17 17:40:33 INFO Epoch 3 | Step 7080/13112 | Loss 0.1581 | LR 1.4741e-06
2026-03-17 17:40:46 INFO Epoch 3 | Step 7100/13112 | Loss 0.1580 | LR 1.4778e-06
2026-03-17 17:41:00 INFO Epoch 3 | Step 7120/13112 | Loss 0.1580 | LR 1.4816e-06
2026-03-17 17:41:14 INFO Epoch 3 | Step 7140/13112 | Loss 0.1580 | LR 1.4854e-06
2026-03-17 17:41:28 INFO Epoch 3 | Step 7160/13112 | Loss 0.1579 | LR 1.4892e-06
2026-03-17 17:41:41 INFO Epoch 3 | Step 7180/13112 | Loss 0.1579 | LR 1.4930e-06
2026-03-17 17:41:55 INFO Epoch 3 | Step 7200/13112 | Loss 0.1578 | LR 1.4968e-06
2026-03-17 17:42:09 INFO Epoch 3 | Step 7220/13112 | Loss 0.1578 | LR 1.5007e-06
2026-03-17 17:42:23 INFO Epoch 3 | Step 7240/13112 | Loss 0.1578 | LR 1.5045e-06
2026-03-17 17:42:36 INFO Epoch 3 | Step 7260/13112 | Loss 0.1577 | LR 1.5084e-06
2026-03-17 17:42:50 INFO Epoch 3 | Step 7280/13112 | Loss 0.1577 | LR 1.5122e-06
2026-03-17 17:43:04 INFO Epoch 3 | Step 7300/13112 | Loss 0.1577 | LR 1.5161e-06
2026-03-17 17:43:17 INFO Epoch 3 | Step 7320/13112 | Loss 0.1576 | LR 1.5200e-06
2026-03-17 17:43:31 INFO Epoch 3 | Step 7340/13112 | Loss 0.1576 | LR 1.5239e-06
2026-03-17 17:43:45 INFO Epoch 3 | Step 7360/13112 | Loss 0.1575 | LR 1.5278e-06
2026-03-17 17:43:58 INFO Epoch 3 | Step 7380/13112 | Loss 0.1575 | LR 1.5317e-06
2026-03-17 17:44:12 INFO Epoch 3 | Step 7400/13112 | Loss 0.1575 | LR 1.5356e-06
2026-03-17 17:44:26 INFO Epoch 3 | Step 7420/13112 | Loss 0.1574 | LR 1.5395e-06
2026-03-17 17:44:39 INFO Epoch 3 | Step 7440/13112 | Loss 0.1574 | LR 1.5435e-06
2026-03-17 17:44:53 INFO Epoch 3 | Step 7460/13112 | Loss 0.1574 | LR 1.5474e-06
2026-03-17 17:45:07 INFO Epoch 3 | Step 7480/13112 | Loss 0.1574 | LR 1.5514e-06
2026-03-17 17:45:21 INFO Epoch 3 | Step 7500/13112 | Loss 0.1573 | LR 1.5553e-06
2026-03-17 17:45:34 INFO Epoch 3 | Step 7520/13112 | Loss 0.1573 | LR 1.5593e-06
2026-03-17 17:45:48 INFO Epoch 3 | Step 7540/13112 | Loss 0.1573 | LR 1.5633e-06
2026-03-17 17:46:02 INFO Epoch 3 | Step 7560/13112 | Loss 0.1572 | LR 1.5673e-06
2026-03-17 17:46:15 INFO Epoch 3 | Step 7580/13112 | Loss 0.1572 | LR 1.5713e-06
2026-03-17 17:46:29 INFO Epoch 3 | Step 7600/13112 | Loss 0.1572 | LR 1.5753e-06
2026-03-17 17:46:43 INFO Epoch 3 | Step 7620/13112 | Loss 0.1572 | LR 1.5794e-06
2026-03-17 17:46:56 INFO Epoch 3 | Step 7640/13112 | Loss 0.1571 | LR 1.5834e-06
2026-03-17 17:47:10 INFO Epoch 3 | Step 7660/13112 | Loss 0.1571 | LR 1.5874e-06
2026-03-17 17:47:24 INFO Epoch 3 | Step 7680/13112 | Loss 0.1571 | LR 1.5915e-06
2026-03-17 17:47:38 INFO Epoch 3 | Step 7700/13112 | Loss 0.1571 | LR 1.5956e-06
2026-03-17 17:47:51 INFO Epoch 3 | Step 7720/13112 | Loss 0.1570 | LR 1.5997e-06
2026-03-17 17:48:05 INFO Epoch 3 | Step 7740/13112 | Loss 0.1570 | LR 1.6037e-06
2026-03-17 17:48:19 INFO Epoch 3 | Step 7760/13112 | Loss 0.1570 | LR 1.6078e-06
2026-03-17 17:48:33 INFO Epoch 3 | Step 7780/13112 | Loss 0.1569 | LR 1.6120e-06
2026-03-17 17:48:47 INFO Epoch 3 | Step 7800/13112 | Loss 0.1569 | LR 1.6161e-06
2026-03-17 17:49:00 INFO Epoch 3 | Step 7820/13112 | Loss 0.1569 | LR 1.6202e-06
2026-03-17 17:49:14 INFO Epoch 3 | Step 7840/13112 | Loss 0.1568 | LR 1.6243e-06
2026-03-17 17:49:28 INFO Epoch 3 | Step 7860/13112 | Loss 0.1568 | LR 1.6285e-06
2026-03-17 17:49:41 INFO Epoch 3 | Step 7880/13112 | Loss 0.1568 | LR 1.6327e-06
2026-03-17 17:49:55 INFO Epoch 3 | Step 7900/13112 | Loss 0.1567 | LR 1.6368e-06
2026-03-17 17:50:09 INFO Epoch 3 | Step 7920/13112 | Loss 0.1567 | LR 1.6410e-06
2026-03-17 17:50:22 INFO Epoch 3 | Step 7940/13112 | Loss 0.1567 | LR 1.6452e-06
2026-03-17 17:50:36 INFO Epoch 3 | Step 7960/13112 | Loss 0.1566 | LR 1.6494e-06
2026-03-17 17:50:50 INFO Epoch 3 | Step 7980/13112 | Loss 0.1566 | LR 1.6536e-06
2026-03-17 17:51:04 INFO Epoch 3 | Step 8000/13112 | Loss 0.1566 | LR 1.6578e-06
2026-03-17 17:51:17 INFO Epoch 3 | Step 8020/13112 | Loss 0.1565 | LR 1.6620e-06
2026-03-17 17:51:31 INFO Epoch 3 | Step 8040/13112 | Loss 0.1565 | LR 1.6663e-06
2026-03-17 17:51:45 INFO Epoch 3 | Step 8060/13112 | Loss 0.1565 | LR 1.6705e-06
2026-03-17 17:51:58 INFO Epoch 3 | Step 8080/13112 | Loss 0.1564 | LR 1.6748e-06
2026-03-17 17:52:12 INFO Epoch 3 | Step 8100/13112 | Loss 0.1564 | LR 1.6791e-06
2026-03-17 17:52:26 INFO Epoch 3 | Step 8120/13112 | Loss 0.1564 | LR 1.6833e-06
2026-03-17 17:52:39 INFO Epoch 3 | Step 8140/13112 | Loss 0.1563 | LR 1.6876e-06
2026-03-17 17:52:53 INFO Epoch 3 | Step 8160/13112 | Loss 0.1563 | LR 1.6919e-06
2026-03-17 17:53:07 INFO Epoch 3 | Step 8180/13112 | Loss 0.1563 | LR 1.6962e-06
2026-03-17 17:53:21 INFO Epoch 3 | Step 8200/13112 | Loss 0.1562 | LR 1.7006e-06
2026-03-17 17:53:34 INFO Epoch 3 | Step 8220/13112 | Loss 0.1562 | LR 1.7049e-06
2026-03-17 17:53:48 INFO Epoch 3 | Step 8240/13112 | Loss 0.1562 | LR 1.7092e-06
2026-03-17 17:54:02 INFO Epoch 3 | Step 8260/13112 | Loss 0.1562 | LR 1.7136e-06
2026-03-17 17:54:15 INFO Epoch 3 | Step 8280/13112 | Loss 0.1561 | LR 1.7179e-06
2026-03-17 17:54:29 INFO Epoch 3 | Step 8300/13112 | Loss 0.1561 | LR 1.7223e-06
2026-03-17 17:54:43 INFO Epoch 3 | Step 8320/13112 | Loss 0.1560 | LR 1.7267e-06
2026-03-17 17:54:57 INFO Epoch 3 | Step 8340/13112 | Loss 0.1560 | LR 1.7311e-06
2026-03-17 17:55:10 INFO Epoch 3 | Step 8360/13112 | Loss 0.1559 | LR 1.7355e-06
2026-03-17 17:55:24 INFO Epoch 3 | Step 8380/13112 | Loss 0.1559 | LR 1.7399e-06
2026-03-17 17:55:38 INFO Epoch 3 | Step 8400/13112 | Loss 0.1558 | LR 1.7443e-06
2026-03-17 17:55:51 INFO Epoch 3 | Step 8420/13112 | Loss 0.1558 | LR 1.7487e-06
2026-03-17 17:56:05 INFO Epoch 3 | Step 8440/13112 | Loss 0.1557 | LR 1.7531e-06
2026-03-17 17:56:19 INFO Epoch 3 | Step 8460/13112 | Loss 0.1557 | LR 1.7576e-06
2026-03-17 17:56:32 INFO Epoch 3 | Step 8480/13112 | Loss 0.1557 | LR 1.7620e-06
2026-03-17 17:56:46 INFO Epoch 3 | Step 8500/13112 | Loss 0.1557 | LR 1.7665e-06
2026-03-17 17:57:00 INFO Epoch 3 | Step 8520/13112 | Loss 0.1556 | LR 1.7710e-06
2026-03-17 17:57:13 INFO Epoch 3 | Step 8540/13112 | Loss 0.1556 | LR 1.7755e-06
2026-03-17 17:57:27 INFO Epoch 3 | Step 8560/13112 | Loss 0.1556 | LR 1.7800e-06
2026-03-17 17:57:41 INFO Epoch 3 | Step 8580/13112 | Loss 0.1555 | LR 1.7845e-06
2026-03-17 17:57:54 INFO Epoch 3 | Step 8600/13112 | Loss 0.1555 | LR 1.7890e-06
2026-03-17 17:58:08 INFO Epoch 3 | Step 8620/13112 | Loss 0.1555 | LR 1.7935e-06
2026-03-17 17:58:22 INFO Epoch 3 | Step 8640/13112 | Loss 0.1554 | LR 1.7980e-06
2026-03-17 17:58:36 INFO Epoch 3 | Step 8660/13112 | Loss 0.1554 | LR 1.8026e-06
2026-03-17 17:58:49 INFO Epoch 3 | Step 8680/13112 | Loss 0.1553 | LR 1.8071e-06
2026-03-17 17:59:03 INFO Epoch 3 | Step 8700/13112 | Loss 0.1553 | LR 1.8117e-06
2026-03-17 17:59:17 INFO Epoch 3 | Step 8720/13112 | Loss 0.1553 | LR 1.8163e-06
2026-03-17 17:59:30 INFO Epoch 3 | Step 8740/13112 | Loss 0.1552 | LR 1.8209e-06
2026-03-17 17:59:44 INFO Epoch 3 | Step 8760/13112 | Loss 0.1552 | LR 1.8254e-06
2026-03-17 17:59:58 INFO Epoch 3 | Step 8780/13112 | Loss 0.1551 | LR 1.8300e-06
2026-03-17 18:00:11 INFO Epoch 3 | Step 8800/13112 | Loss 0.1551 | LR 1.8347e-06
2026-03-17 18:00:25 INFO Epoch 3 | Step 8820/13112 | Loss 0.1550 | LR 1.8393e-06
2026-03-17 18:00:39 INFO Epoch 3 | Step 8840/13112 | Loss 0.1550 | LR 1.8439e-06
2026-03-17 18:00:53 INFO Epoch 3 | Step 8860/13112 | Loss 0.1549 | LR 1.8486e-06
2026-03-17 18:01:06 INFO Epoch 3 | Step 8880/13112 | Loss 0.1549 | LR 1.8532e-06
2026-03-17 18:01:20 INFO Epoch 3 | Step 8900/13112 | Loss 0.1548 | LR 1.8579e-06
2026-03-17 18:01:34 INFO Epoch 3 | Step 8920/13112 | Loss 0.1548 | LR 1.8625e-06
2026-03-17 18:01:47 INFO Epoch 3 | Step 8940/13112 | Loss 0.1547 | LR 1.8672e-06
2026-03-17 18:02:01 INFO Epoch 3 | Step 8960/13112 | Loss 0.1547 | LR 1.8719e-06
2026-03-17 18:02:15 INFO Epoch 3 | Step 8980/13112 | Loss 0.1546 | LR 1.8766e-06
2026-03-17 18:02:29 INFO Epoch 3 | Step 9000/13112 | Loss 0.1546 | LR 1.8813e-06
2026-03-17 18:02:42 INFO Epoch 3 | Step 9020/13112 | Loss 0.1546 | LR 1.8860e-06
2026-03-17 18:02:56 INFO Epoch 3 | Step 9040/13112 | Loss 0.1546 | LR 1.8908e-06
2026-03-17 18:03:10 INFO Epoch 3 | Step 9060/13112 | Loss 0.1546 | LR 1.8955e-06
2026-03-17 18:03:24 INFO Epoch 3 | Step 9080/13112 | Loss 0.1545 | LR 1.9002e-06
2026-03-17 18:03:37 INFO Epoch 3 | Step 9100/13112 | Loss 0.1545 | LR 1.9050e-06
2026-03-17 18:03:51 INFO Epoch 3 | Step 9120/13112 | Loss 0.1544 | LR 1.9098e-06
2026-03-17 18:04:05 INFO Epoch 3 | Step 9140/13112 | Loss 0.1544 | LR 1.9145e-06
2026-03-17 18:04:19 INFO Epoch 3 | Step 9160/13112 | Loss 0.1544 | LR 1.9193e-06
2026-03-17 18:04:32 INFO Epoch 3 | Step 9180/13112 | Loss 0.1543 | LR 1.9241e-06
2026-03-17 18:04:46 INFO Epoch 3 | Step 9200/13112 | Loss 0.1543 | LR 1.9289e-06
2026-03-17 18:05:00 INFO Epoch 3 | Step 9220/13112 | Loss 0.1542 | LR 1.9337e-06
2026-03-17 18:05:14 INFO Epoch 3 | Step 9240/13112 | Loss 0.1542 | LR 1.9386e-06
2026-03-17 18:05:27 INFO Epoch 3 | Step 9260/13112 | Loss 0.1541 | LR 1.9434e-06
2026-03-17 18:05:41 INFO Epoch 3 | Step 9280/13112 | Loss 0.1541 | LR 1.9482e-06
2026-03-17 18:05:55 INFO Epoch 3 | Step 9300/13112 | Loss 0.1540 | LR 1.9531e-06
2026-03-17 18:06:09 INFO Epoch 3 | Step 9320/13112 | Loss 0.1540 | LR 1.9580e-06
2026-03-17 18:06:22 INFO Epoch 3 | Step 9340/13112 | Loss 0.1540 | LR 1.9628e-06
2026-03-17 18:06:36 INFO Epoch 3 | Step 9360/13112 | Loss 0.1539 | LR 1.9677e-06
2026-03-17 18:06:50 INFO Epoch 3 | Step 9380/13112 | Loss 0.1539 | LR 1.9726e-06
2026-03-17 18:07:03 INFO Epoch 3 | Step 9400/13112 | Loss 0.1538 | LR 1.9775e-06
2026-03-17 18:07:17 INFO Epoch 3 | Step 9420/13112 | Loss 0.1538 | LR 1.9824e-06
2026-03-17 18:07:31 INFO Epoch 3 | Step 9440/13112 | Loss 0.1537 | LR 1.9873e-06
2026-03-17 18:07:44 INFO Epoch 3 | Step 9460/13112 | Loss 0.1537 | LR 1.9923e-06
2026-03-17 18:07:58 INFO Epoch 3 | Step 9480/13112 | Loss 0.1537 | LR 1.9972e-06
2026-03-17 18:08:12 INFO Epoch 3 | Step 9500/13112 | Loss 0.1537 | LR 2.0022e-06
2026-03-17 18:08:25 INFO Epoch 3 | Step 9520/13112 | Loss 0.1536 | LR 2.0071e-06
2026-03-17 18:08:39 INFO Epoch 3 | Step 9540/13112 | Loss 0.1536 | LR 2.0121e-06
2026-03-17 18:08:53 INFO Epoch 3 | Step 9560/13112 | Loss 0.1535 | LR 2.0171e-06
2026-03-17 18:09:06 INFO Epoch 3 | Step 9580/13112 | Loss 0.1535 | LR 2.0220e-06
2026-03-17 18:09:20 INFO Epoch 3 | Step 9600/13112 | Loss 0.1534 | LR 2.0270e-06
2026-03-17 18:09:34 INFO Epoch 3 | Step 9620/13112 | Loss 0.1534 | LR 2.0320e-06
2026-03-17 18:09:48 INFO Epoch 3 | Step 9640/13112 | Loss 0.1533 | LR 2.0371e-06
2026-03-17 18:10:01 INFO Epoch 3 | Step 9660/13112 | Loss 0.1533 | LR 2.0421e-06
2026-03-17 18:10:15 INFO Epoch 3 | Step 9680/13112 | Loss 0.1532 | LR 2.0471e-06
2026-03-17 18:10:29 INFO Epoch 3 | Step 9700/13112 | Loss 0.1532 | LR 2.0522e-06
2026-03-17 18:10:43 INFO Epoch 3 | Step 9720/13112 | Loss 0.1532 | LR 2.0572e-06
2026-03-17 18:10:56 INFO Epoch 3 | Step 9740/13112 | Loss 0.1531 | LR 2.0623e-06
2026-03-17 18:11:10 INFO Epoch 3 | Step 9760/13112 | Loss 0.1531 | LR 2.0674e-06
2026-03-17 18:11:24 INFO Epoch 3 | Step 9780/13112 | Loss 0.1530 | LR 2.0724e-06
2026-03-17 18:11:37 INFO Epoch 3 | Step 9800/13112 | Loss 0.1530 | LR 2.0775e-06
2026-03-17 18:11:51 INFO Epoch 3 | Step 9820/13112 | Loss 0.1529 | LR 2.0826e-06
2026-03-17 18:12:05 INFO Epoch 3 | Step 9840/13112 | Loss 0.1529 | LR 2.0877e-06
2026-03-17 18:12:18 INFO Epoch 3 | Step 9860/13112 | Loss 0.1528 | LR 2.0929e-06
2026-03-17 18:12:32 INFO Epoch 3 | Step 9880/13112 | Loss 0.1528 | LR 2.0980e-06
2026-03-17 18:12:46 INFO Epoch 3 | Step 9900/13112 | Loss 0.1528 | LR 2.1031e-06
2026-03-17 18:12:59 INFO Epoch 3 | Step 9920/13112 | Loss 0.1527 | LR 2.1083e-06
2026-03-17 18:13:13 INFO Epoch 3 | Step 9940/13112 | Loss 0.1527 | LR 2.1134e-06
2026-03-17 18:13:27 INFO Epoch 3 | Step 9960/13112 | Loss 0.1526 | LR 2.1186e-06
2026-03-17 18:13:40 INFO Epoch 3 | Step 9980/13112 | Loss 0.1526 | LR 2.1238e-06
2026-03-17 18:13:54 INFO Epoch 3 | Step 10000/13112 | Loss 0.1525 | LR 2.1289e-06
2026-03-17 18:14:08 INFO Epoch 3 | Step 10020/13112 | Loss 0.1525 | LR 2.1341e-06
2026-03-17 18:14:21 INFO Epoch 3 | Step 10040/13112 | Loss 0.1525 | LR 2.1393e-06
2026-03-17 18:14:35 INFO Epoch 3 | Step 10060/13112 | Loss 0.1524 | LR 2.1446e-06
2026-03-17 18:14:49 INFO Epoch 3 | Step 10080/13112 | Loss 0.1524 | LR 2.1498e-06
2026-03-17 18:15:02 INFO Epoch 3 | Step 10100/13112 | Loss 0.1523 | LR 2.1550e-06
2026-03-17 18:15:16 INFO Epoch 3 | Step 10120/13112 | Loss 0.1523 | LR 2.1603e-06
2026-03-17 18:15:30 INFO Epoch 3 | Step 10140/13112 | Loss 0.1522 | LR 2.1655e-06
2026-03-17 18:15:44 INFO Epoch 3 | Step 10160/13112 | Loss 0.1522 | LR 2.1708e-06
2026-03-17 18:15:57 INFO Epoch 3 | Step 10180/13112 | Loss 0.1522 | LR 2.1760e-06
2026-03-17 18:16:11 INFO Epoch 3 | Step 10200/13112 | Loss 0.1521 | LR 2.1813e-06
2026-03-17 18:16:25 INFO Epoch 3 | Step 10220/13112 | Loss 0.1521 | LR 2.1866e-06
2026-03-17 18:16:38 INFO Epoch 3 | Step 10240/13112 | Loss 0.1520 | LR 2.1919e-06
2026-03-17 18:16:52 INFO Epoch 3 | Step 10260/13112 | Loss 0.1520 | LR 2.1972e-06
2026-03-17 18:17:06 INFO Epoch 3 | Step 10280/13112 | Loss 0.1519 | LR 2.2025e-06
2026-03-17 18:17:19 INFO Epoch 3 | Step 10300/13112 | Loss 0.1519 | LR 2.2078e-06
2026-03-17 18:17:33 INFO Epoch 3 | Step 10320/13112 | Loss 0.1518 | LR 2.2132e-06
2026-03-17 18:17:47 INFO Epoch 3 | Step 10340/13112 | Loss 0.1518 | LR 2.2185e-06
2026-03-17 18:18:01 INFO Epoch 3 | Step 10360/13112 | Loss 0.1517 | LR 2.2239e-06
2026-03-17 18:18:14 INFO Epoch 3 | Step 10380/13112 | Loss 0.1517 | LR 2.2292e-06
2026-03-17 18:18:28 INFO Epoch 3 | Step 10400/13112 | Loss 0.1516 | LR 2.2346e-06
2026-03-17 18:18:42 INFO Epoch 3 | Step 10420/13112 | Loss 0.1516 | LR 2.2400e-06
2026-03-17 18:18:55 INFO Epoch 3 | Step 10440/13112 | Loss 0.1515 | LR 2.2454e-06
2026-03-17 18:19:09 INFO Epoch 3 | Step 10460/13112 | Loss 0.1515 | LR 2.2508e-06
2026-03-17 18:19:23 INFO Epoch 3 | Step 10480/13112 | Loss 0.1514 | LR 2.2562e-06
2026-03-17 18:19:37 INFO Epoch 3 | Step 10500/13112 | Loss 0.1514 | LR 2.2616e-06
2026-03-17 18:19:50 INFO Epoch 3 | Step 10520/13112 | Loss 0.1513 | LR 2.2670e-06
2026-03-17 18:20:04 INFO Epoch 3 | Step 10540/13112 | Loss 0.1513 | LR 2.2725e-06
2026-03-17 18:20:18 INFO Epoch 3 | Step 10560/13112 | Loss 0.1512 | LR 2.2779e-06
2026-03-17 18:20:31 INFO Epoch 3 | Step 10580/13112 | Loss 0.1512 | LR 2.2834e-06
2026-03-17 18:20:45 INFO Epoch 3 | Step 10600/13112 | Loss 0.1512 | LR 2.2888e-06
2026-03-17 18:20:59 INFO Epoch 3 | Step 10620/13112 | Loss 0.1511 | LR 2.2943e-06
2026-03-17 18:21:13 INFO Epoch 3 | Step 10640/13112 | Loss 0.1511 | LR 2.2998e-06
2026-03-17 18:21:26 INFO Epoch 3 | Step 10660/13112 | Loss 0.1511 | LR 2.3053e-06
2026-03-17 18:21:40 INFO Epoch 3 | Step 10680/13112 | Loss 0.1510 | LR 2.3108e-06
2026-03-17 18:21:53 INFO Epoch 3 | Step 10700/13112 | Loss 0.1509 | LR 2.3163e-06
2026-03-17 18:22:07 INFO Epoch 3 | Step 10720/13112 | Loss 0.1509 | LR 2.3218e-06
2026-03-17 18:22:21 INFO Epoch 3 | Step 10740/13112 | Loss 0.1508 | LR 2.3273e-06
2026-03-17 18:22:35 INFO Epoch 3 | Step 10760/13112 | Loss 0.1508 | LR 2.3329e-06
2026-03-17 18:22:49 INFO Epoch 3 | Step 10780/13112 | Loss 0.1507 | LR 2.3384e-06
2026-03-17 18:23:02 INFO Epoch 3 | Step 10800/13112 | Loss 0.1507 | LR 2.3440e-06
2026-03-17 18:23:16 INFO Epoch 3 | Step 10820/13112 | Loss 0.1506 | LR 2.3495e-06
2026-03-17 18:23:30 INFO Epoch 3 | Step 10840/13112 | Loss 0.1506 | LR 2.3551e-06
2026-03-17 18:23:43 INFO Epoch 3 | Step 10860/13112 | Loss 0.1505 | LR 2.3607e-06
2026-03-17 18:23:57 INFO Epoch 3 | Step 10880/13112 | Loss 0.1504 | LR 2.3663e-06
2026-03-17 18:24:11 INFO Epoch 3 | Step 10900/13112 | Loss 0.1504 | LR 2.3719e-06
2026-03-17 18:24:24 INFO Epoch 3 | Step 10920/13112 | Loss 0.1503 | LR 2.3775e-06
2026-03-17 18:24:38 INFO Epoch 3 | Step 10940/13112 | Loss 0.1503 | LR 2.3831e-06
2026-03-17 18:24:51 INFO Epoch 3 | Step 10960/13112 | Loss 0.1502 | LR 2.3887e-06
2026-03-17 18:25:05 INFO Epoch 3 | Step 10980/13112 | Loss 0.1502 | LR 2.3944e-06
2026-03-17 18:25:18 INFO Epoch 3 | Step 11000/13112 | Loss 0.1501 | LR 2.4000e-06
2026-03-17 18:25:32 INFO Epoch 3 | Step 11020/13112 | Loss 0.1501 | LR 2.4057e-06
2026-03-17 18:25:46 INFO Epoch 3 | Step 11040/13112 | Loss 0.1500 | LR 2.4113e-06
2026-03-17 18:25:59 INFO Epoch 3 | Step 11060/13112 | Loss 0.1500 | LR 2.4170e-06
2026-03-17 18:26:12 INFO Epoch 3 | Step 11080/13112 | Loss 0.1499 | LR 2.4227e-06
2026-03-17 18:26:26 INFO Epoch 3 | Step 11100/13112 | Loss 0.1499 | LR 2.4284e-06
2026-03-17 18:26:39 INFO Epoch 3 | Step 11120/13112 | Loss 0.1499 | LR 2.4341e-06
2026-03-17 18:26:52 INFO Epoch 3 | Step 11140/13112 | Loss 0.1498 | LR 2.4398e-06
2026-03-17 18:27:05 INFO Epoch 3 | Step 11160/13112 | Loss 0.1498 | LR 2.4455e-06
2026-03-17 18:27:19 INFO Epoch 3 | Step 11180/13112 | Loss 0.1497 | LR 2.4513e-06
2026-03-17 18:27:34 INFO Epoch 3 | Step 11200/13112 | Loss 0.1497 | LR 2.4570e-06
2026-03-17 18:27:48 INFO Epoch 3 | Step 11220/13112 | Loss 0.1497 | LR 2.4627e-06
2026-03-17 18:28:03 INFO Epoch 3 | Step 11240/13112 | Loss 0.1496 | LR 2.4685e-06
2026-03-17 18:28:17 INFO Epoch 3 | Step 11260/13112 | Loss 0.1495 | LR 2.4743e-06
2026-03-17 18:28:31 INFO Epoch 3 | Step 11280/13112 | Loss 0.1495 | LR 2.4800e-06
2026-03-17 18:28:45 INFO Epoch 3 | Step 11300/13112 | Loss 0.1494 | LR 2.4858e-06
2026-03-17 18:28:59 INFO Epoch 3 | Step 11320/13112 | Loss 0.1494 | LR 2.4916e-06
2026-03-17 18:29:13 INFO Epoch 3 | Step 11340/13112 | Loss 0.1493 | LR 2.4974e-06
2026-03-17 18:29:27 INFO Epoch 3 | Step 11360/13112 | Loss 0.1493 | LR 2.5032e-06
2026-03-17 18:29:41 INFO Epoch 3 | Step 11380/13112 | Loss 0.1492 | LR 2.5090e-06
2026-03-17 18:29:55 INFO Epoch 3 | Step 11400/13112 | Loss 0.1492 | LR 2.5149e-06
2026-03-17 18:30:09 INFO Epoch 3 | Step 11420/13112 | Loss 0.1492 | LR 2.5207e-06
2026-03-17 18:30:23 INFO Epoch 3 | Step 11440/13112 | Loss 0.1491 | LR 2.5265e-06
2026-03-17 18:30:37 INFO Epoch 3 | Step 11460/13112 | Loss 0.1491 | LR 2.5324e-06
2026-03-17 18:30:51 INFO Epoch 3 | Step 11480/13112 | Loss 0.1490 | LR 2.5383e-06
2026-03-17 18:31:05 INFO Epoch 3 | Step 11500/13112 | Loss 0.1490 | LR 2.5441e-06
2026-03-17 18:31:19 INFO Epoch 3 | Step 11520/13112 | Loss 0.1489 | LR 2.5500e-06
2026-03-17 18:31:32 INFO Epoch 3 | Step 11540/13112 | Loss 0.1489 | LR 2.5559e-06
2026-03-17 18:31:46 INFO Epoch 3 | Step 11560/13112 | Loss 0.1488 | LR 2.5618e-06
2026-03-17 18:32:00 INFO Epoch 3 | Step 11580/13112 | Loss 0.1487 | LR 2.5677e-06
2026-03-17 18:32:14 INFO Epoch 3 | Step 11600/13112 | Loss 0.1487 | LR 2.5736e-06
2026-03-17 18:32:28 INFO Epoch 3 | Step 11620/13112 | Loss 0.1486 | LR 2.5795e-06
2026-03-17 18:32:42 INFO Epoch 3 | Step 11640/13112 | Loss 0.1486 | LR 2.5855e-06
2026-03-17 18:32:56 INFO Epoch 3 | Step 11660/13112 | Loss 0.1485 | LR 2.5914e-06
2026-03-17 18:33:10 INFO Epoch 3 | Step 11680/13112 | Loss 0.1484 | LR 2.5974e-06
2026-03-17 18:33:24 INFO Epoch 3 | Step 11700/13112 | Loss 0.1484 | LR 2.6033e-06
2026-03-17 18:33:37 INFO Epoch 3 | Step 11720/13112 | Loss 0.1483 | LR 2.6093e-06
2026-03-17 18:33:51 INFO Epoch 3 | Step 11740/13112 | Loss 0.1483 | LR 2.6153e-06
2026-03-17 18:34:05 INFO Epoch 3 | Step 11760/13112 | Loss 0.1482 | LR 2.6213e-06
2026-03-17 18:34:19 INFO Epoch 3 | Step 11780/13112 | Loss 0.1481 | LR 2.6273e-06
2026-03-17 18:34:33 INFO Epoch 3 | Step 11800/13112 | Loss 0.1481 | LR 2.6333e-06
2026-03-17 18:34:47 INFO Epoch 3 | Step 11820/13112 | Loss 0.1480 | LR 2.6393e-06
2026-03-17 18:35:01 INFO Epoch 3 | Step 11840/13112 | Loss 0.1480 | LR 2.6453e-06
2026-03-17 18:35:15 INFO Epoch 3 | Step 11860/13112 | Loss 0.1479 | LR 2.6513e-06
2026-03-17 18:35:29 INFO Epoch 3 | Step 11880/13112 | Loss 0.1479 | LR 2.6574e-06
2026-03-17 18:35:43 INFO Epoch 3 | Step 11900/13112 | Loss 0.1478 | LR 2.6634e-06
2026-03-17 18:35:57 INFO Epoch 3 | Step 11920/13112 | Loss 0.1478 | LR 2.6695e-06
2026-03-17 18:36:10 INFO Epoch 3 | Step 11940/13112 | Loss 0.1477 | LR 2.6755e-06
2026-03-17 18:36:24 INFO Epoch 3 | Step 11960/13112 | Loss 0.1477 | LR 2.6816e-06
2026-03-17 18:36:38 INFO Epoch 3 | Step 11980/13112 | Loss 0.1476 | LR 2.6877e-06
2026-03-17 18:36:52 INFO Epoch 3 | Step 12000/13112 | Loss 0.1476 | LR 2.6938e-06
2026-03-17 18:37:06 INFO Epoch 3 | Step 12020/13112 | Loss 0.1475 | LR 2.6999e-06
2026-03-17 18:37:20 INFO Epoch 3 | Step 12040/13112 | Loss 0.1474 | LR 2.7060e-06
2026-03-17 18:37:34 INFO Epoch 3 | Step 12060/13112 | Loss 0.1474 | LR 2.7121e-06
2026-03-17 18:37:48 INFO Epoch 3 | Step 12080/13112 | Loss 0.1474 | LR 2.7182e-06
2026-03-17 18:38:02 INFO Epoch 3 | Step 12100/13112 | Loss 0.1473 | LR 2.7244e-06
2026-03-17 18:38:15 INFO Epoch 3 | Step 12120/13112 | Loss 0.1473 | LR 2.7305e-06
2026-03-17 18:38:29 INFO Epoch 3 | Step 12140/13112 | Loss 0.1472 | LR 2.7367e-06
2026-03-17 18:38:43 INFO Epoch 3 | Step 12160/13112 | Loss 0.1472 | LR 2.7428e-06
2026-03-17 18:38:57 INFO Epoch 3 | Step 12180/13112 | Loss 0.1471 | LR 2.7490e-06
2026-03-17 18:39:11 INFO Epoch 3 | Step 12200/13112 | Loss 0.1470 | LR 2.7552e-06
2026-03-17 18:39:25 INFO Epoch 3 | Step 12220/13112 | Loss 0.1470 | LR 2.7614e-06
2026-03-17 18:39:38 INFO Epoch 3 | Step 12240/13112 | Loss 0.1469 | LR 2.7676e-06
2026-03-17 18:39:52 INFO Epoch 3 | Step 12260/13112 | Loss 0.1469 | LR 2.7738e-06
2026-03-17 18:40:06 INFO Epoch 3 | Step 12280/13112 | Loss 0.1468 | LR 2.7800e-06
2026-03-17 18:40:20 INFO Epoch 3 | Step 12300/13112 | Loss 0.1467 | LR 2.7862e-06
2026-03-17 18:40:34 INFO Epoch 3 | Step 12320/13112 | Loss 0.1467 | LR 2.7924e-06
2026-03-17 18:40:48 INFO Epoch 3 | Step 12340/13112 | Loss 0.1466 | LR 2.7987e-06
2026-03-17 18:41:02 INFO Epoch 3 | Step 12360/13112 | Loss 0.1466 | LR 2.8049e-06
2026-03-17 18:41:16 INFO Epoch 3 | Step 12380/13112 | Loss 0.1465 | LR 2.8112e-06
2026-03-17 18:41:29 INFO Epoch 3 | Step 12400/13112 | Loss 0.1465 | LR 2.8174e-06
2026-03-17 18:41:43 INFO Epoch 3 | Step 12420/13112 | Loss 0.1464 | LR 2.8237e-06
2026-03-17 18:41:57 INFO Epoch 3 | Step 12440/13112 | Loss 0.1464 | LR 2.8300e-06
2026-03-17 18:42:11 INFO Epoch 3 | Step 12460/13112 | Loss 0.1463 | LR 2.8363e-06
2026-03-17 18:42:25 INFO Epoch 3 | Step 12480/13112 | Loss 0.1462 | LR 2.8426e-06
2026-03-17 18:42:39 INFO Epoch 3 | Step 12500/13112 | Loss 0.1462 | LR 2.8489e-06
2026-03-17 18:42:53 INFO Epoch 3 | Step 12520/13112 | Loss 0.1461 | LR 2.8552e-06
2026-03-17 18:43:07 INFO Epoch 3 | Step 12540/13112 | Loss 0.1461 | LR 2.8615e-06
2026-03-17 18:43:21 INFO Epoch 3 | Step 12560/13112 | Loss 0.1460 | LR 2.8679e-06
2026-03-17 18:43:35 INFO Epoch 3 | Step 12580/13112 | Loss 0.1459 | LR 2.8742e-06
2026-03-17 18:43:49 INFO Epoch 3 | Step 12600/13112 | Loss 0.1459 | LR 2.8806e-06
2026-03-17 18:44:03 INFO Epoch 3 | Step 12620/13112 | Loss 0.1458 | LR 2.8869e-06
2026-03-17 18:44:17 INFO Epoch 3 | Step 12640/13112 | Loss 0.1457 | LR 2.8933e-06
2026-03-17 18:44:30 INFO Epoch 3 | Step 12660/13112 | Loss 0.1457 | LR 2.8997e-06
2026-03-17 18:44:44 INFO Epoch 3 | Step 12680/13112 | Loss 0.1456 | LR 2.9061e-06
2026-03-17 18:44:58 INFO Epoch 3 | Step 12700/13112 | Loss 0.1455 | LR 2.9125e-06
2026-03-17 18:45:12 INFO Epoch 3 | Step 12720/13112 | Loss 0.1454 | LR 2.9189e-06
2026-03-17 18:45:26 INFO Epoch 3 | Step 12740/13112 | Loss 0.1454 | LR 2.9253e-06
2026-03-17 18:45:40 INFO Epoch 3 | Step 12760/13112 | Loss 0.1453 | LR 2.9317e-06
2026-03-17 18:45:54 INFO Epoch 3 | Step 12780/13112 | Loss 0.1453 | LR 2.9381e-06
2026-03-17 18:46:08 INFO Epoch 3 | Step 12800/13112 | Loss 0.1452 | LR 2.9446e-06
2026-03-17 18:46:22 INFO Epoch 3 | Step 12820/13112 | Loss 0.1451 | LR 2.9510e-06
2026-03-17 18:46:36 INFO Epoch 3 | Step 12840/13112 | Loss 0.1451 | LR 2.9575e-06
2026-03-17 18:46:50 INFO Epoch 3 | Step 12860/13112 | Loss 0.1450 | LR 2.9639e-06
2026-03-17 18:47:04 INFO Epoch 3 | Step 12880/13112 | Loss 0.1449 | LR 2.9704e-06
2026-03-17 18:47:17 INFO Epoch 3 | Step 12900/13112 | Loss 0.1449 | LR 2.9769e-06
2026-03-17 18:47:31 INFO Epoch 3 | Step 12920/13112 | Loss 0.1448 | LR 2.9833e-06
2026-03-17 18:47:45 INFO Epoch 3 | Step 12940/13112 | Loss 0.1448 | LR 2.9898e-06
2026-03-17 18:47:59 INFO Epoch 3 | Step 12960/13112 | Loss 0.1448 | LR 2.9963e-06
2026-03-17 18:48:13 INFO Epoch 3 | Step 12980/13112 | Loss 0.1447 | LR 3.0029e-06
2026-03-17 18:48:27 INFO Epoch 3 | Step 13000/13112 | Loss 0.1447 | LR 3.0094e-06
2026-03-17 18:48:41 INFO Epoch 3 | Step 13020/13112 | Loss 0.1446 | LR 3.0159e-06
2026-03-17 18:48:55 INFO Epoch 3 | Step 13040/13112 | Loss 0.1446 | LR 3.0224e-06
2026-03-17 18:49:09 INFO Epoch 3 | Step 13060/13112 | Loss 0.1445 | LR 3.0290e-06
2026-03-17 18:49:23 INFO Epoch 3 | Step 13080/13112 | Loss 0.1444 | LR 3.0355e-06
2026-03-17 18:49:37 INFO Epoch 3 | Step 13100/13112 | Loss 0.1444 | LR 3.0421e-06
2026-03-17 18:49:45 INFO Epoch 3 | Step 13112/13112 | Loss 0.1443 | LR 3.0460e-06
2026-03-17 18:55:19 INFO CSV Written | Epoch: 3
2026-03-17 18:55:20 INFO Best Saved | Epoch: 3 | Monitor: val_auprc | Value: 0.0677
2026-03-17 18:55:20 INFO Epoch Done | Epoch: 3 | Time: 9352.8828 | Train Loss: 0.1443 | Val Accuracy: 0.9397 | Val AUPRC: 0.0677 | Val Auroc: 0.6623 | Val F1: 0.0932 | Val Loss: 0.2062
2026-03-17 18:55:20 INFO Epoch Start | Epoch: 4
2026-03-17 18:55:39 INFO Epoch 4 | Step 1/1443 | Loss 0.3208 | LR 3.0464e-06
2026-03-17 18:57:04 INFO Epoch 4 | Step 20/1443 | Loss 0.5117 | LR 3.0526e-06
2026-03-17 18:58:34 INFO Epoch 4 | Step 40/1443 | Loss 0.5142 | LR 3.0592e-06
2026-03-17 19:00:04 INFO Epoch 4 | Step 60/1443 | Loss 0.5052 | LR 3.0658e-06
2026-03-17 19:01:35 INFO Epoch 4 | Step 80/1443 | Loss 0.4980 | LR 3.0724e-06
2026-03-17 19:03:05 INFO Epoch 4 | Step 100/1443 | Loss 0.4966 | LR 3.0790e-06
2026-03-17 19:04:36 INFO Epoch 4 | Step 120/1443 | Loss 0.4948 | LR 3.0856e-06
2026-03-17 19:06:07 INFO Epoch 4 | Step 140/1443 | Loss 0.4904 | LR 3.0922e-06
2026-03-17 19:07:36 INFO Epoch 4 | Step 160/1443 | Loss 0.4864 | LR 3.0989e-06
2026-03-17 19:09:05 INFO Epoch 4 | Step 180/1443 | Loss 0.4799 | LR 3.1055e-06
2026-03-17 19:10:30 INFO Epoch 4 | Step 200/1443 | Loss 0.4785 | LR 3.1122e-06
2026-03-17 19:11:56 INFO Epoch 4 | Step 220/1443 | Loss 0.4744 | LR 3.1188e-06
2026-03-17 19:13:22 INFO Epoch 4 | Step 240/1443 | Loss 0.4685 | LR 3.1255e-06
2026-03-17 19:14:48 INFO Epoch 4 | Step 260/1443 | Loss 0.4654 | LR 3.1322e-06
2026-03-17 19:16:14 INFO Epoch 4 | Step 280/1443 | Loss 0.4610 | LR 3.1389e-06
2026-03-17 19:17:41 INFO Epoch 4 | Step 300/1443 | Loss 0.4593 | LR 3.1455e-06
2026-03-17 19:19:07 INFO Epoch 4 | Step 320/1443 | Loss 0.4555 | LR 3.1522e-06
2026-03-17 19:20:33 INFO Epoch 4 | Step 340/1443 | Loss 0.4536 | LR 3.1590e-06
2026-03-17 19:21:59 INFO Epoch 4 | Step 360/1443 | Loss 0.4499 | LR 3.1657e-06
2026-03-17 19:23:24 INFO Epoch 4 | Step 380/1443 | Loss 0.4479 | LR 3.1724e-06
2026-03-17 19:24:50 INFO Epoch 4 | Step 400/1443 | Loss 0.4459 | LR 3.1791e-06
2026-03-17 19:26:16 INFO Epoch 4 | Step 420/1443 | Loss 0.4434 | LR 3.1859e-06
2026-03-17 19:27:41 INFO Epoch 4 | Step 440/1443 | Loss 0.4419 | LR 3.1926e-06
2026-03-17 19:29:07 INFO Epoch 4 | Step 460/1443 | Loss 0.4405 | LR 3.1994e-06
2026-03-17 19:30:33 INFO Epoch 4 | Step 480/1443 | Loss 0.4376 | LR 3.2061e-06
2026-03-17 19:31:59 INFO Epoch 4 | Step 500/1443 | Loss 0.4347 | LR 3.2129e-06
2026-03-17 19:33:24 INFO Epoch 4 | Step 520/1443 | Loss 0.4336 | LR 3.2197e-06
2026-03-17 19:34:50 INFO Epoch 4 | Step 540/1443 | Loss 0.4307 | LR 3.2265e-06
2026-03-17 19:36:16 INFO Epoch 4 | Step 560/1443 | Loss 0.4284 | LR 3.2333e-06
2026-03-17 19:37:42 INFO Epoch 4 | Step 580/1443 | Loss 0.4259 | LR 3.2401e-06
2026-03-17 19:39:07 INFO Epoch 4 | Step 600/1443 | Loss 0.4238 | LR 3.2469e-06
2026-03-17 19:40:32 INFO Epoch 4 | Step 620/1443 | Loss 0.4219 | LR 3.2537e-06
2026-03-17 19:41:58 INFO Epoch 4 | Step 640/1443 | Loss 0.4198 | LR 3.2606e-06
2026-03-17 19:43:23 INFO Epoch 4 | Step 660/1443 | Loss 0.4183 | LR 3.2674e-06
2026-03-17 19:44:48 INFO Epoch 4 | Step 680/1443 | Loss 0.4169 | LR 3.2742e-06
2026-03-17 19:46:13 INFO Epoch 4 | Step 700/1443 | Loss 0.4158 | LR 3.2811e-06
2026-03-17 19:47:38 INFO Epoch 4 | Step 720/1443 | Loss 0.4151 | LR 3.2880e-06
2026-03-17 19:49:04 INFO Epoch 4 | Step 740/1443 | Loss 0.4142 | LR 3.2948e-06
2026-03-17 19:50:29 INFO Epoch 4 | Step 760/1443 | Loss 0.4126 | LR 3.3017e-06
2026-03-17 19:51:54 INFO Epoch 4 | Step 780/1443 | Loss 0.4116 | LR 3.3086e-06
2026-03-17 19:53:20 INFO Epoch 4 | Step 800/1443 | Loss 0.4113 | LR 3.3155e-06
2026-03-17 19:54:45 INFO Epoch 4 | Step 820/1443 | Loss 0.4103 | LR 3.3224e-06
2026-03-17 19:56:11 INFO Epoch 4 | Step 840/1443 | Loss 0.4085 | LR 3.3293e-06
2026-03-17 19:57:37 INFO Epoch 4 | Step 860/1443 | Loss 0.4067 | LR 3.3362e-06
2026-03-17 19:59:02 INFO Epoch 4 | Step 880/1443 | Loss 0.4054 | LR 3.3431e-06
2026-03-17 20:00:28 INFO Epoch 4 | Step 900/1443 | Loss 0.4047 | LR 3.3501e-06
2026-03-17 20:01:53 INFO Epoch 4 | Step 920/1443 | Loss 0.4042 | LR 3.3570e-06
2026-03-17 20:03:19 INFO Epoch 4 | Step 940/1443 | Loss 0.4033 | LR 3.3640e-06
2026-03-17 20:04:44 INFO Epoch 4 | Step 960/1443 | Loss 0.4029 | LR 3.3709e-06
2026-03-17 20:06:09 INFO Epoch 4 | Step 980/1443 | Loss 0.4023 | LR 3.3779e-06
2026-03-17 20:07:34 INFO Epoch 4 | Step 1000/1443 | Loss 0.4013 | LR 3.3849e-06
2026-03-17 20:08:59 INFO Epoch 4 | Step 1020/1443 | Loss 0.4000 | LR 3.3919e-06
2026-03-17 20:10:25 INFO Epoch 4 | Step 1040/1443 | Loss 0.3992 | LR 3.3989e-06
2026-03-17 20:11:51 INFO Epoch 4 | Step 1060/1443 | Loss 0.3994 | LR 3.4058e-06
2026-03-17 20:13:16 INFO Epoch 4 | Step 1080/1443 | Loss 0.3987 | LR 3.4129e-06
2026-03-17 20:14:42 INFO Epoch 4 | Step 1100/1443 | Loss 0.3978 | LR 3.4199e-06
2026-03-17 20:16:08 INFO Epoch 4 | Step 1120/1443 | Loss 0.3967 | LR 3.4269e-06
2026-03-17 20:17:34 INFO Epoch 4 | Step 1140/1443 | Loss 0.3953 | LR 3.4339e-06
2026-03-17 20:19:00 INFO Epoch 4 | Step 1160/1443 | Loss 0.3940 | LR 3.4410e-06
2026-03-17 20:20:26 INFO Epoch 4 | Step 1180/1443 | Loss 0.3929 | LR 3.4480e-06
2026-03-17 20:21:51 INFO Epoch 4 | Step 1200/1443 | Loss 0.3916 | LR 3.4551e-06
2026-03-17 20:23:17 INFO Epoch 4 | Step 1220/1443 | Loss 0.3907 | LR 3.4621e-06
2026-03-17 20:24:43 INFO Epoch 4 | Step 1240/1443 | Loss 0.3896 | LR 3.4692e-06
2026-03-17 20:26:09 INFO Epoch 4 | Step 1260/1443 | Loss 0.3886 | LR 3.4763e-06
2026-03-17 20:27:35 INFO Epoch 4 | Step 1280/1443 | Loss 0.3877 | LR 3.4834e-06
2026-03-17 20:29:01 INFO Epoch 4 | Step 1300/1443 | Loss 0.3875 | LR 3.4904e-06
2026-03-17 20:30:27 INFO Epoch 4 | Step 1320/1443 | Loss 0.3868 | LR 3.4976e-06
2026-03-17 20:31:53 INFO Epoch 4 | Step 1340/1443 | Loss 0.3863 | LR 3.5047e-06
2026-03-17 20:33:18 INFO Epoch 4 | Step 1360/1443 | Loss 0.3855 | LR 3.5118e-06
2026-03-17 20:34:44 INFO Epoch 4 | Step 1380/1443 | Loss 0.3851 | LR 3.5189e-06
2026-03-17 20:36:10 INFO Epoch 4 | Step 1400/1443 | Loss 0.3847 | LR 3.5260e-06
2026-03-17 20:37:36 INFO Epoch 4 | Step 1420/1443 | Loss 0.3840 | LR 3.5332e-06
2026-03-17 20:39:02 INFO Epoch 4 | Step 1440/1443 | Loss 0.3833 | LR 3.5403e-06
2026-03-17 20:39:15 INFO Epoch 4 | Step 1443/1443 | Loss 0.3831 | LR 3.5414e-06
2026-03-17 20:44:33 INFO CSV Written | Epoch: 4
2026-03-17 20:44:33 INFO Epoch Done | Epoch: 4 | Time: 6553.4338 | Train Loss: 0.3831 | Val Accuracy: 0.8612 | Val AUPRC: 0.0646 | Val Auroc: 0.6629 | Val F1: 0.1294 | Val Loss: 0.3923
2026-03-17 20:44:33 INFO Epoch Start | Epoch: 5
2026-03-17 20:44:47 INFO Epoch 5 | Step 1/1443 | Loss 0.4587 | LR 3.5418e-06
2026-03-17 20:46:07 INFO Epoch 5 | Step 20/1443 | Loss 0.3650 | LR 3.5486e-06
2026-03-17 20:47:31 INFO Epoch 5 | Step 40/1443 | Loss 0.3430 | LR 3.5557e-06
2026-03-17 20:48:55 INFO Epoch 5 | Step 60/1443 | Loss 0.3401 | LR 3.5629e-06
2026-03-17 20:50:19 INFO Epoch 5 | Step 80/1443 | Loss 0.3190 | LR 3.5701e-06
2026-03-17 20:51:44 INFO Epoch 5 | Step 100/1443 | Loss 0.3152 | LR 3.5773e-06
2026-03-17 20:53:07 INFO Epoch 5 | Step 120/1443 | Loss 0.3174 | LR 3.5845e-06
2026-03-17 20:54:31 INFO Epoch 5 | Step 140/1443 | Loss 0.3164 | LR 3.5917e-06
2026-03-17 20:55:55 INFO Epoch 5 | Step 160/1443 | Loss 0.3140 | LR 3.5989e-06
2026-03-17 20:57:19 INFO Epoch 5 | Step 180/1443 | Loss 0.3143 | LR 3.6061e-06
2026-03-17 20:58:43 INFO Epoch 5 | Step 200/1443 | Loss 0.3177 | LR 3.6133e-06
2026-03-17 21:00:07 INFO Epoch 5 | Step 220/1443 | Loss 0.3167 | LR 3.6205e-06
2026-03-17 21:01:30 INFO Epoch 5 | Step 240/1443 | Loss 0.3165 | LR 3.6278e-06
2026-03-17 21:02:54 INFO Epoch 5 | Step 260/1443 | Loss 0.3169 | LR 3.6350e-06
2026-03-17 21:04:18 INFO Epoch 5 | Step 280/1443 | Loss 0.3160 | LR 3.6423e-06
2026-03-17 21:05:42 INFO Epoch 5 | Step 300/1443 | Loss 0.3152 | LR 3.6496e-06
2026-03-17 21:07:05 INFO Epoch 5 | Step 320/1443 | Loss 0.3156 | LR 3.6568e-06
2026-03-17 21:08:29 INFO Epoch 5 | Step 340/1443 | Loss 0.3182 | LR 3.6641e-06
2026-03-17 21:09:53 INFO Epoch 5 | Step 360/1443 | Loss 0.3182 | LR 3.6714e-06
2026-03-17 21:11:16 INFO Epoch 5 | Step 380/1443 | Loss 0.3175 | LR 3.6787e-06
2026-03-17 21:12:40 INFO Epoch 5 | Step 400/1443 | Loss 0.3182 | LR 3.6860e-06
2026-03-17 21:14:04 INFO Epoch 5 | Step 420/1443 | Loss 0.3173 | LR 3.6933e-06
2026-03-17 21:15:27 INFO Epoch 5 | Step 440/1443 | Loss 0.3152 | LR 3.7006e-06
2026-03-17 21:16:51 INFO Epoch 5 | Step 460/1443 | Loss 0.3155 | LR 3.7080e-06
2026-03-17 21:18:15 INFO Epoch 5 | Step 480/1443 | Loss 0.3156 | LR 3.7153e-06
2026-03-17 21:19:38 INFO Epoch 5 | Step 500/1443 | Loss 0.3160 | LR 3.7226e-06
2026-03-17 21:21:02 INFO Epoch 5 | Step 520/1443 | Loss 0.3176 | LR 3.7300e-06
2026-03-17 21:22:26 INFO Epoch 5 | Step 540/1443 | Loss 0.3175 | LR 3.7373e-06
2026-03-17 21:23:50 INFO Epoch 5 | Step 560/1443 | Loss 0.3187 | LR 3.7447e-06
2026-03-17 21:25:13 INFO Epoch 5 | Step 580/1443 | Loss 0.3196 | LR 3.7521e-06
2026-03-17 21:26:37 INFO Epoch 5 | Step 600/1443 | Loss 0.3187 | LR 3.7594e-06
2026-03-17 21:28:00 INFO Epoch 5 | Step 620/1443 | Loss 0.3190 | LR 3.7668e-06
2026-03-17 21:29:23 INFO Epoch 5 | Step 640/1443 | Loss 0.3185 | LR 3.7742e-06
2026-03-17 21:30:47 INFO Epoch 5 | Step 660/1443 | Loss 0.3171 | LR 3.7816e-06
2026-03-17 21:32:10 INFO Epoch 5 | Step 680/1443 | Loss 0.3164 | LR 3.7890e-06
2026-03-17 21:33:34 INFO Epoch 5 | Step 700/1443 | Loss 0.3151 | LR 3.7965e-06
2026-03-17 21:34:57 INFO Epoch 5 | Step 720/1443 | Loss 0.3143 | LR 3.8039e-06
2026-03-17 21:36:20 INFO Epoch 5 | Step 740/1443 | Loss 0.3132 | LR 3.8113e-06
2026-03-17 21:37:43 INFO Epoch 5 | Step 760/1443 | Loss 0.3116 | LR 3.8187e-06
2026-03-17 21:39:06 INFO Epoch 5 | Step 780/1443 | Loss 0.3114 | LR 3.8262e-06
2026-03-17 21:40:29 INFO Epoch 5 | Step 800/1443 | Loss 0.3103 | LR 3.8336e-06
2026-03-17 21:41:52 INFO Epoch 5 | Step 820/1443 | Loss 0.3104 | LR 3.8411e-06
2026-03-17 21:43:15 INFO Epoch 5 | Step 840/1443 | Loss 0.3101 | LR 3.8486e-06
2026-03-17 21:44:38 INFO Epoch 5 | Step 860/1443 | Loss 0.3105 | LR 3.8561e-06
2026-03-17 21:46:01 INFO Epoch 5 | Step 880/1443 | Loss 0.3106 | LR 3.8635e-06
2026-03-17 21:47:24 INFO Epoch 5 | Step 900/1443 | Loss 0.3102 | LR 3.8710e-06
2026-03-17 21:48:48 INFO Epoch 5 | Step 920/1443 | Loss 0.3098 | LR 3.8785e-06
2026-03-17 21:50:11 INFO Epoch 5 | Step 940/1443 | Loss 0.3098 | LR 3.8860e-06
2026-03-17 21:51:34 INFO Epoch 5 | Step 960/1443 | Loss 0.3097 | LR 3.8935e-06
2026-03-17 21:52:57 INFO Epoch 5 | Step 980/1443 | Loss 0.3088 | LR 3.9011e-06
2026-03-17 21:54:21 INFO Epoch 5 | Step 1000/1443 | Loss 0.3090 | LR 3.9086e-06
2026-03-17 21:55:44 INFO Epoch 5 | Step 1020/1443 | Loss 0.3088 | LR 3.9161e-06
2026-03-17 21:57:07 INFO Epoch 5 | Step 1040/1443 | Loss 0.3089 | LR 3.9237e-06
2026-03-17 21:58:31 INFO Epoch 5 | Step 1060/1443 | Loss 0.3083 | LR 3.9312e-06
2026-03-17 21:59:55 INFO Epoch 5 | Step 1080/1443 | Loss 0.3082 | LR 3.9388e-06
2026-03-17 22:01:18 INFO Epoch 5 | Step 1100/1443 | Loss 0.3079 | LR 3.9463e-06
2026-03-17 22:02:42 INFO Epoch 5 | Step 1120/1443 | Loss 0.3080 | LR 3.9539e-06
2026-03-17 22:04:06 INFO Epoch 5 | Step 1140/1443 | Loss 0.3074 | LR 3.9615e-06
2026-03-17 22:05:29 INFO Epoch 5 | Step 1160/1443 | Loss 0.3073 | LR 3.9691e-06
2026-03-17 22:06:53 INFO Epoch 5 | Step 1180/1443 | Loss 0.3077 | LR 3.9767e-06
2026-03-17 22:08:17 INFO Epoch 5 | Step 1200/1443 | Loss 0.3067 | LR 3.9843e-06
2026-03-17 22:09:40 INFO Epoch 5 | Step 1220/1443 | Loss 0.3064 | LR 3.9919e-06
2026-03-17 22:11:04 INFO Epoch 5 | Step 1240/1443 | Loss 0.3058 | LR 3.9995e-06
2026-03-17 22:12:28 INFO Epoch 5 | Step 1260/1443 | Loss 0.3054 | LR 4.0071e-06
2026-03-17 22:13:52 INFO Epoch 5 | Step 1280/1443 | Loss 0.3050 | LR 4.0148e-06
2026-03-17 22:15:16 INFO Epoch 5 | Step 1300/1443 | Loss 0.3044 | LR 4.0224e-06
2026-03-17 22:16:39 INFO Epoch 5 | Step 1320/1443 | Loss 0.3039 | LR 4.0300e-06
2026-03-17 22:18:03 INFO Epoch 5 | Step 1340/1443 | Loss 0.3034 | LR 4.0377e-06
2026-03-17 22:19:27 INFO Epoch 5 | Step 1360/1443 | Loss 0.3028 | LR 4.0453e-06
2026-03-17 22:20:50 INFO Epoch 5 | Step 1380/1443 | Loss 0.3028 | LR 4.0530e-06
2026-03-17 22:22:14 INFO Epoch 5 | Step 1400/1443 | Loss 0.3023 | LR 4.0607e-06
2026-03-17 22:23:38 INFO Epoch 5 | Step 1420/1443 | Loss 0.3018 | LR 4.0684e-06
2026-03-17 22:25:01 INFO Epoch 5 | Step 1440/1443 | Loss 0.3013 | LR 4.0761e-06
2026-03-17 22:25:13 INFO Epoch 5 | Step 1443/1443 | Loss 0.3011 | LR 4.0772e-06
2026-03-17 22:30:31 INFO CSV Written | Epoch: 5
2026-03-17 22:30:31 INFO Epoch Done | Epoch: 5 | Time: 6357.9865 | Train Loss: 0.3011 | Val Accuracy: 0.8352 | Val AUPRC: 0.0644 | Val Auroc: 0.6662 | Val F1: 0.1268 | Val Loss: 0.4601
2026-03-17 22:30:31 INFO Epoch Start | Epoch: 6
2026-03-17 22:30:43 INFO Epoch 6 | Step 1/1443 | Loss 0.1989 | LR 4.0776e-06
2026-03-17 22:32:04 INFO Epoch 6 | Step 20/1443 | Loss 0.2904 | LR 4.0849e-06
2026-03-17 22:33:29 INFO Epoch 6 | Step 40/1443 | Loss 0.2829 | LR 4.0926e-06
2026-03-17 22:34:54 INFO Epoch 6 | Step 60/1443 | Loss 0.2721 | LR 4.1003e-06
2026-03-17 22:36:19 INFO Epoch 6 | Step 80/1443 | Loss 0.2760 | LR 4.1080e-06
2026-03-17 22:37:44 INFO Epoch 6 | Step 100/1443 | Loss 0.2759 | LR 4.1158e-06
2026-03-17 22:39:09 INFO Epoch 6 | Step 120/1443 | Loss 0.2741 | LR 4.1235e-06
2026-03-17 22:40:34 INFO Epoch 6 | Step 140/1443 | Loss 0.2756 | LR 4.1312e-06
2026-03-17 22:41:59 INFO Epoch 6 | Step 160/1443 | Loss 0.2722 | LR 4.1390e-06
2026-03-17 22:43:23 INFO Epoch 6 | Step 180/1443 | Loss 0.2717 | LR 4.1467e-06
2026-03-17 22:44:48 INFO Epoch 6 | Step 200/1443 | Loss 0.2727 | LR 4.1545e-06
2026-03-17 22:46:12 INFO Epoch 6 | Step 220/1443 | Loss 0.2724 | LR 4.1623e-06
2026-03-17 22:47:37 INFO Epoch 6 | Step 240/1443 | Loss 0.2726 | LR 4.1700e-06
2026-03-17 22:49:02 INFO Epoch 6 | Step 260/1443 | Loss 0.2723 | LR 4.1778e-06
2026-03-17 22:50:27 INFO Epoch 6 | Step 280/1443 | Loss 0.2712 | LR 4.1856e-06
2026-03-17 22:51:51 INFO Epoch 6 | Step 300/1443 | Loss 0.2720 | LR 4.1934e-06
2026-03-17 22:53:16 INFO Epoch 6 | Step 320/1443 | Loss 0.2722 | LR 4.2012e-06
2026-03-17 22:54:40 INFO Epoch 6 | Step 340/1443 | Loss 0.2714 | LR 4.2090e-06
2026-03-17 22:56:05 INFO Epoch 6 | Step 360/1443 | Loss 0.2710 | LR 4.2168e-06
2026-03-17 22:57:29 INFO Epoch 6 | Step 380/1443 | Loss 0.2696 | LR 4.2247e-06
2026-03-17 22:58:54 INFO Epoch 6 | Step 400/1443 | Loss 0.2686 | LR 4.2325e-06
2026-03-17 23:00:18 INFO Epoch 6 | Step 420/1443 | Loss 0.2679 | LR 4.2403e-06
2026-03-17 23:01:43 INFO Epoch 6 | Step 440/1443 | Loss 0.2682 | LR 4.2482e-06
2026-03-17 23:03:07 INFO Epoch 6 | Step 460/1443 | Loss 0.2673 | LR 4.2560e-06
2026-03-17 23:04:32 INFO Epoch 6 | Step 480/1443 | Loss 0.2665 | LR 4.2639e-06
2026-03-17 23:05:57 INFO Epoch 6 | Step 500/1443 | Loss 0.2672 | LR 4.2717e-06
2026-03-17 23:07:21 INFO Epoch 6 | Step 520/1443 | Loss 0.2674 | LR 4.2796e-06
2026-03-17 23:08:46 INFO Epoch 6 | Step 540/1443 | Loss 0.2670 | LR 4.2875e-06
2026-03-17 23:10:11 INFO Epoch 6 | Step 560/1443 | Loss 0.2671 | LR 4.2954e-06
2026-03-17 23:11:36 INFO Epoch 6 | Step 580/1443 | Loss 0.2672 | LR 4.3033e-06
2026-03-17 23:13:00 INFO Epoch 6 | Step 600/1443 | Loss 0.2661 | LR 4.3112e-06
2026-03-17 23:14:24 INFO Epoch 6 | Step 620/1443 | Loss 0.2668 | LR 4.3191e-06
2026-03-17 23:15:48 INFO Epoch 6 | Step 640/1443 | Loss 0.2670 | LR 4.3270e-06
2026-03-17 23:17:12 INFO Epoch 6 | Step 660/1443 | Loss 0.2663 | LR 4.3349e-06
2026-03-17 23:18:37 INFO Epoch 6 | Step 680/1443 | Loss 0.2656 | LR 4.3428e-06
2026-03-17 23:20:01 INFO Epoch 6 | Step 700/1443 | Loss 0.2660 | LR 4.3508e-06
2026-03-17 23:21:25 INFO Epoch 6 | Step 720/1443 | Loss 0.2651 | LR 4.3587e-06
2026-03-17 23:22:49 INFO Epoch 6 | Step 740/1443 | Loss 0.2643 | LR 4.3667e-06
2026-03-17 23:24:14 INFO Epoch 6 | Step 760/1443 | Loss 0.2634 | LR 4.3746e-06
2026-03-17 23:25:38 INFO Epoch 6 | Step 780/1443 | Loss 0.2639 | LR 4.3826e-06
2026-03-17 23:27:03 INFO Epoch 6 | Step 800/1443 | Loss 0.2635 | LR 4.3906e-06
2026-03-17 23:28:28 INFO Epoch 6 | Step 820/1443 | Loss 0.2632 | LR 4.3985e-06
2026-03-17 23:29:52 INFO Epoch 6 | Step 840/1443 | Loss 0.2629 | LR 4.4065e-06
2026-03-17 23:31:17 INFO Epoch 6 | Step 860/1443 | Loss 0.2621 | LR 4.4145e-06
2026-03-17 23:32:41 INFO Epoch 6 | Step 880/1443 | Loss 0.2628 | LR 4.4225e-06
2026-03-17 23:34:06 INFO Epoch 6 | Step 900/1443 | Loss 0.2625 | LR 4.4305e-06
2026-03-17 23:35:31 INFO Epoch 6 | Step 920/1443 | Loss 0.2624 | LR 4.4385e-06
2026-03-17 23:36:55 INFO Epoch 6 | Step 940/1443 | Loss 0.2623 | LR 4.4465e-06
2026-03-17 23:38:20 INFO Epoch 6 | Step 960/1443 | Loss 0.2619 | LR 4.4545e-06
2026-03-17 23:39:45 INFO Epoch 6 | Step 980/1443 | Loss 0.2620 | LR 4.4626e-06
2026-03-17 23:41:09 INFO Epoch 6 | Step 1000/1443 | Loss 0.2621 | LR 4.4706e-06
2026-03-17 23:42:34 INFO Epoch 6 | Step 1020/1443 | Loss 0.2616 | LR 4.4787e-06
2026-03-17 23:43:58 INFO Epoch 6 | Step 1040/1443 | Loss 0.2621 | LR 4.4867e-06
2026-03-17 23:45:23 INFO Epoch 6 | Step 1060/1443 | Loss 0.2619 | LR 4.4948e-06
2026-03-17 23:46:47 INFO Epoch 6 | Step 1080/1443 | Loss 0.2621 | LR 4.5028e-06
2026-03-17 23:48:12 INFO Epoch 6 | Step 1100/1443 | Loss 0.2621 | LR 4.5109e-06
2026-03-17 23:49:36 INFO Epoch 6 | Step 1120/1443 | Loss 0.2618 | LR 4.5190e-06
2026-03-17 23:51:01 INFO Epoch 6 | Step 1140/1443 | Loss 0.2612 | LR 4.5271e-06
2026-03-17 23:52:25 INFO Epoch 6 | Step 1160/1443 | Loss 0.2602 | LR 4.5351e-06
2026-03-17 23:53:49 INFO Epoch 6 | Step 1180/1443 | Loss 0.2596 | LR 4.5432e-06
2026-03-17 23:55:13 INFO Epoch 6 | Step 1200/1443 | Loss 0.2591 | LR 4.5513e-06
2026-03-17 23:56:37 INFO Epoch 6 | Step 1220/1443 | Loss 0.2588 | LR 4.5595e-06
2026-03-17 23:58:02 INFO Epoch 6 | Step 1240/1443 | Loss 0.2587 | LR 4.5676e-06
2026-03-17 23:59:26 INFO Epoch 6 | Step 1260/1443 | Loss 0.2588 | LR 4.5757e-06
2026-03-18 00:00:51 INFO Epoch 6 | Step 1280/1443 | Loss 0.2589 | LR 4.5838e-06
2026-03-18 00:02:15 INFO Epoch 6 | Step 1300/1443 | Loss 0.2585 | LR 4.5920e-06
2026-03-18 00:03:40 INFO Epoch 6 | Step 1320/1443 | Loss 0.2585 | LR 4.6001e-06
2026-03-18 00:05:04 INFO Epoch 6 | Step 1340/1443 | Loss 0.2584 | LR 4.6083e-06
2026-03-18 00:06:28 INFO Epoch 6 | Step 1360/1443 | Loss 0.2574 | LR 4.6164e-06
2026-03-18 00:07:53 INFO Epoch 6 | Step 1380/1443 | Loss 0.2573 | LR 4.6246e-06
2026-03-18 00:09:18 INFO Epoch 6 | Step 1400/1443 | Loss 0.2573 | LR 4.6327e-06
2026-03-18 00:10:42 INFO Epoch 6 | Step 1420/1443 | Loss 0.2568 | LR 4.6409e-06
2026-03-18 00:12:07 INFO Epoch 6 | Step 1440/1443 | Loss 0.2567 | LR 4.6491e-06
2026-03-18 00:12:19 INFO Epoch 6 | Step 1443/1443 | Loss 0.2568 | LR 4.6503e-06
2026-03-18 00:17:36 INFO CSV Written | Epoch: 6
2026-03-18 00:17:36 INFO Epoch Done | Epoch: 6 | Time: 6425.2326 | Train Loss: 0.2568 | Val Accuracy: 0.8082 | Val AUPRC: 0.0633 | Val Auroc: 0.6608 | Val F1: 0.1197 | Val Loss: 0.5328
2026-03-18 00:17:36 INFO Epoch Start | Epoch: 7
2026-03-18 00:17:48 INFO Epoch 7 | Step 1/1443 | Loss 0.2149 | LR 4.6507e-06
2026-03-18 00:19:08 INFO Epoch 7 | Step 20/1443 | Loss 0.2205 | LR 4.6585e-06
2026-03-18 00:20:33 INFO Epoch 7 | Step 40/1443 | Loss 0.2182 | LR 4.6667e-06
2026-03-18 00:21:57 INFO Epoch 7 | Step 60/1443 | Loss 0.2247 | LR 4.6749e-06
2026-03-18 00:23:22 INFO Epoch 7 | Step 80/1443 | Loss 0.2218 | LR 4.6831e-06
2026-03-18 00:24:46 INFO Epoch 7 | Step 100/1443 | Loss 0.2222 | LR 4.6913e-06
2026-03-18 00:26:11 INFO Epoch 7 | Step 120/1443 | Loss 0.2222 | LR 4.6996e-06
2026-03-18 00:27:35 INFO Epoch 7 | Step 140/1443 | Loss 0.2255 | LR 4.7078e-06
2026-03-18 00:28:59 INFO Epoch 7 | Step 160/1443 | Loss 0.2253 | LR 4.7160e-06
2026-03-18 00:30:22 INFO Epoch 7 | Step 180/1443 | Loss 0.2256 | LR 4.7243e-06
2026-03-18 00:31:46 INFO Epoch 7 | Step 200/1443 | Loss 0.2294 | LR 4.7325e-06
2026-03-18 00:33:11 INFO Epoch 7 | Step 220/1443 | Loss 0.2306 | LR 4.7408e-06
2026-03-18 00:34:34 INFO Epoch 7 | Step 240/1443 | Loss 0.2307 | LR 4.7490e-06
2026-03-18 00:35:58 INFO Epoch 7 | Step 260/1443 | Loss 0.2311 | LR 4.7573e-06
2026-03-18 00:37:22 INFO Epoch 7 | Step 280/1443 | Loss 0.2315 | LR 4.7656e-06
2026-03-18 00:38:46 INFO Epoch 7 | Step 300/1443 | Loss 0.2297 | LR 4.7739e-06
2026-03-18 00:40:10 INFO Epoch 7 | Step 320/1443 | Loss 0.2317 | LR 4.7821e-06
2026-03-18 00:41:34 INFO Epoch 7 | Step 340/1443 | Loss 0.2314 | LR 4.7904e-06
2026-03-18 00:42:58 INFO Epoch 7 | Step 360/1443 | Loss 0.2300 | LR 4.7987e-06
2026-03-18 00:44:22 INFO Epoch 7 | Step 380/1443 | Loss 0.2315 | LR 4.8070e-06
2026-03-18 00:45:45 INFO Epoch 7 | Step 400/1443 | Loss 0.2313 | LR 4.8154e-06
2026-03-18 00:47:09 INFO Epoch 7 | Step 420/1443 | Loss 0.2305 | LR 4.8237e-06
2026-03-18 00:48:32 INFO Epoch 7 | Step 440/1443 | Loss 0.2293 | LR 4.8320e-06
2026-03-18 00:49:56 INFO Epoch 7 | Step 460/1443 | Loss 0.2300 | LR 4.8403e-06
2026-03-18 00:51:20 INFO Epoch 7 | Step 480/1443 | Loss 0.2291 | LR 4.8487e-06
2026-03-18 00:52:43 INFO Epoch 7 | Step 500/1443 | Loss 0.2288 | LR 4.8570e-06
2026-03-18 00:54:07 INFO Epoch 7 | Step 520/1443 | Loss 0.2281 | LR 4.8654e-06
2026-03-18 00:55:31 INFO Epoch 7 | Step 540/1443 | Loss 0.2283 | LR 4.8737e-06
2026-03-18 00:56:55 INFO Epoch 7 | Step 560/1443 | Loss 0.2292 | LR 4.8821e-06
2026-03-18 00:58:19 INFO Epoch 7 | Step 580/1443 | Loss 0.2287 | LR 4.8904e-06
2026-03-18 00:59:43 INFO Epoch 7 | Step 600/1443 | Loss 0.2305 | LR 4.8988e-06
2026-03-18 01:01:06 INFO Epoch 7 | Step 620/1443 | Loss 0.2303 | LR 4.9072e-06
2026-03-18 01:02:30 INFO Epoch 7 | Step 640/1443 | Loss 0.2298 | LR 4.9156e-06
2026-03-18 01:03:54 INFO Epoch 7 | Step 660/1443 | Loss 0.2290 | LR 4.9240e-06
2026-03-18 01:05:17 INFO Epoch 7 | Step 680/1443 | Loss 0.2287 | LR 4.9324e-06
2026-03-18 01:06:41 INFO Epoch 7 | Step 700/1443 | Loss 0.2302 | LR 4.9408e-06
2026-03-18 01:08:04 INFO Epoch 7 | Step 720/1443 | Loss 0.2295 | LR 4.9492e-06
2026-03-18 01:09:28 INFO Epoch 7 | Step 740/1443 | Loss 0.2293 | LR 4.9576e-06
2026-03-18 01:10:51 INFO Epoch 7 | Step 760/1443 | Loss 0.2293 | LR 4.9660e-06
2026-03-18 01:12:15 INFO Epoch 7 | Step 780/1443 | Loss 0.2294 | LR 4.9745e-06
2026-03-18 01:13:38 INFO Epoch 7 | Step 800/1443 | Loss 0.2284 | LR 4.9829e-06
2026-03-18 01:15:02 INFO Epoch 7 | Step 820/1443 | Loss 0.2283 | LR 4.9914e-06
2026-03-18 01:16:25 INFO Epoch 7 | Step 840/1443 | Loss 0.2280 | LR 4.9998e-06
2026-03-18 01:17:48 INFO Epoch 7 | Step 860/1443 | Loss 0.2276 | LR 5.0083e-06
2026-03-18 01:19:12 INFO Epoch 7 | Step 880/1443 | Loss 0.2272 | LR 5.0167e-06
2026-03-18 01:20:35 INFO Epoch 7 | Step 900/1443 | Loss 0.2276 | LR 5.0252e-06
2026-03-18 01:21:59 INFO Epoch 7 | Step 920/1443 | Loss 0.2269 | LR 5.0337e-06
2026-03-18 01:23:22 INFO Epoch 7 | Step 940/1443 | Loss 0.2269 | LR 5.0421e-06
2026-03-18 01:24:46 INFO Epoch 7 | Step 960/1443 | Loss 0.2256 | LR 5.0506e-06
2026-03-18 01:26:10 INFO Epoch 7 | Step 980/1443 | Loss 0.2257 | LR 5.0591e-06
2026-03-18 01:27:33 INFO Epoch 7 | Step 1000/1443 | Loss 0.2258 | LR 5.0676e-06
2026-03-18 01:28:57 INFO Epoch 7 | Step 1020/1443 | Loss 0.2256 | LR 5.0761e-06
2026-03-18 01:30:20 INFO Epoch 7 | Step 1040/1443 | Loss 0.2254 | LR 5.0846e-06
2026-03-18 01:31:44 INFO Epoch 7 | Step 1060/1443 | Loss 0.2248 | LR 5.0931e-06
2026-03-18 01:33:08 INFO Epoch 7 | Step 1080/1443 | Loss 0.2246 | LR 5.1017e-06
2026-03-18 01:34:32 INFO Epoch 7 | Step 1100/1443 | Loss 0.2244 | LR 5.1102e-06
2026-03-18 01:35:56 INFO Epoch 7 | Step 1120/1443 | Loss 0.2242 | LR 5.1187e-06
2026-03-18 01:37:21 INFO Epoch 7 | Step 1140/1443 | Loss 0.2244 | LR 5.1273e-06
2026-03-18 01:38:45 INFO Epoch 7 | Step 1160/1443 | Loss 0.2246 | LR 5.1358e-06
2026-03-18 01:40:09 INFO Epoch 7 | Step 1180/1443 | Loss 0.2242 | LR 5.1444e-06
2026-03-18 01:41:34 INFO Epoch 7 | Step 1200/1443 | Loss 0.2238 | LR 5.1529e-06
2026-03-18 01:42:58 INFO Epoch 7 | Step 1220/1443 | Loss 0.2231 | LR 5.1615e-06
2026-03-18 01:44:23 INFO Epoch 7 | Step 1240/1443 | Loss 0.2233 | LR 5.1701e-06
2026-03-18 01:45:47 INFO Epoch 7 | Step 1260/1443 | Loss 0.2236 | LR 5.1786e-06
2026-03-18 01:47:12 INFO Epoch 7 | Step 1280/1443 | Loss 0.2226 | LR 5.1872e-06
2026-03-18 01:48:36 INFO Epoch 7 | Step 1300/1443 | Loss 0.2228 | LR 5.1958e-06
2026-03-18 01:50:00 INFO Epoch 7 | Step 1320/1443 | Loss 0.2227 | LR 5.2044e-06
2026-03-18 01:51:24 INFO Epoch 7 | Step 1340/1443 | Loss 0.2229 | LR 5.2130e-06
2026-03-18 01:52:48 INFO Epoch 7 | Step 1360/1443 | Loss 0.2221 | LR 5.2216e-06
2026-03-18 01:54:12 INFO Epoch 7 | Step 1380/1443 | Loss 0.2219 | LR 5.2302e-06
2026-03-18 01:55:35 INFO Epoch 7 | Step 1400/1443 | Loss 0.2217 | LR 5.2388e-06
2026-03-18 01:56:59 INFO Epoch 7 | Step 1420/1443 | Loss 0.2212 | LR 5.2475e-06
2026-03-18 01:58:23 INFO Epoch 7 | Step 1440/1443 | Loss 0.2215 | LR 5.2561e-06
2026-03-18 01:58:35 INFO Epoch 7 | Step 1443/1443 | Loss 0.2215 | LR 5.2574e-06
2026-03-18 02:03:51 INFO CSV Written | Epoch: 7
2026-03-18 02:03:51 INFO Epoch Done | Epoch: 7 | Time: 6374.7858 | Train Loss: 0.2215 | Val Accuracy: 0.8027 | Val AUPRC: 0.0626 | Val Auroc: 0.6570 | Val F1: 0.1226 | Val Loss: 0.5787
2026-03-18 02:03:51 INFO Early Stop | Epoch: 7
2026-03-18 02:03:51 INFO Stage Done | Run Id: 20260317_125902
2026-03-18 02:03:54 INFO End Training | Checkpoint: models/v3/finetune/20260317_125902/best_model.pth
