2026-03-02 19:21:21 INFO Startup | Rank: 0 | Run Id: 20260302_192121 | Seed: 47 | Stages: pretrain,finetune,evaluate | World Size: 4
2026-03-02 19:21:21 INFO Device | Resolved Device: cuda:0
2026-03-02 19:23:10 INFO DDP Ready | Wrapped: True
2026-03-05 09:52:39 INFO Checkpoint Loaded | Path: models/v4/pretrain/20260302_192121/best_model.pth
2026-03-05 09:52:52 INFO Data Ready | Test: 188697 | Train: 2675542 | Valid: 140819
2026-03-05 09:52:52 INFO Begin Training
2026-03-05 09:52:52 INFO Stage Start | Run Id: 20260302_192121
2026-03-05 09:52:52 INFO Train Config | Epochs: 30 | Monitor: auprc | Patience: 5
2026-03-05 09:52:52 INFO Epoch Start | Epoch: 1
2026-03-05 09:52:54 INFO Epoch 1 | Step 1/15377 | Loss 2.7150 | LR 8.0000e-07
2026-03-05 09:53:05 INFO Epoch 1 | Step 20/15377 | Loss 2.4644 | LR 8.0001e-07
2026-03-05 09:53:16 INFO Epoch 1 | Step 40/15377 | Loss 2.4670 | LR 8.0004e-07
2026-03-05 09:53:28 INFO Epoch 1 | Step 60/15377 | Loss 2.4408 | LR 8.0008e-07
2026-03-05 09:53:39 INFO Epoch 1 | Step 80/15377 | Loss 2.4622 | LR 8.0014e-07
2026-03-05 09:53:51 INFO Epoch 1 | Step 100/15377 | Loss 2.4573 | LR 8.0022e-07
2026-03-05 09:54:03 INFO Epoch 1 | Step 120/15377 | Loss 2.4531 | LR 8.0032e-07
2026-03-05 09:54:14 INFO Epoch 1 | Step 140/15377 | Loss 2.4470 | LR 8.0044e-07
2026-03-05 09:54:26 INFO Epoch 1 | Step 160/15377 | Loss 2.4429 | LR 8.0057e-07
2026-03-05 09:54:38 INFO Epoch 1 | Step 180/15377 | Loss 2.4377 | LR 8.0072e-07
2026-03-05 09:54:49 INFO Epoch 1 | Step 200/15377 | Loss 2.4287 | LR 8.0089e-07
2026-03-05 09:55:01 INFO Epoch 1 | Step 220/15377 | Loss 2.4259 | LR 8.0108e-07
2026-03-05 09:55:12 INFO Epoch 1 | Step 240/15377 | Loss 2.4189 | LR 8.0128e-07
2026-03-05 09:55:24 INFO Epoch 1 | Step 260/15377 | Loss 2.4157 | LR 8.0150e-07
2026-03-05 09:55:35 INFO Epoch 1 | Step 280/15377 | Loss 2.4102 | LR 8.0175e-07
2026-03-05 09:55:47 INFO Epoch 1 | Step 300/15377 | Loss 2.4064 | LR 8.0200e-07
2026-03-05 09:55:58 INFO Epoch 1 | Step 320/15377 | Loss 2.3956 | LR 8.0228e-07
2026-03-05 09:56:09 INFO Epoch 1 | Step 340/15377 | Loss 2.3885 | LR 8.0257e-07
2026-03-05 09:56:21 INFO Epoch 1 | Step 360/15377 | Loss 2.3829 | LR 8.0289e-07
2026-03-05 09:56:32 INFO Epoch 1 | Step 380/15377 | Loss 2.3776 | LR 8.0321e-07
2026-03-05 09:56:44 INFO Epoch 1 | Step 400/15377 | Loss 2.3724 | LR 8.0356e-07
2026-03-05 09:56:55 INFO Epoch 1 | Step 420/15377 | Loss 2.3654 | LR 8.0393e-07
2026-03-05 09:57:07 INFO Epoch 1 | Step 440/15377 | Loss 2.3557 | LR 8.0431e-07
2026-03-05 09:57:18 INFO Epoch 1 | Step 460/15377 | Loss 2.3523 | LR 8.0471e-07
2026-03-05 09:57:30 INFO Epoch 1 | Step 480/15377 | Loss 2.3499 | LR 8.0513e-07
2026-03-05 09:57:41 INFO Epoch 1 | Step 500/15377 | Loss 2.3435 | LR 8.0557e-07
2026-03-05 09:57:53 INFO Epoch 1 | Step 520/15377 | Loss 2.3373 | LR 8.0602e-07
2026-03-05 09:58:04 INFO Epoch 1 | Step 540/15377 | Loss 2.3330 | LR 8.0649e-07
2026-03-05 09:58:16 INFO Epoch 1 | Step 560/15377 | Loss 2.3246 | LR 8.0698e-07
2026-03-05 09:58:27 INFO Epoch 1 | Step 580/15377 | Loss 2.3199 | LR 8.0749e-07
2026-03-05 09:58:39 INFO Epoch 1 | Step 600/15377 | Loss 2.3171 | LR 8.0801e-07
2026-03-05 09:58:50 INFO Epoch 1 | Step 620/15377 | Loss 2.3111 | LR 8.0856e-07
2026-03-05 09:59:02 INFO Epoch 1 | Step 640/15377 | Loss 2.3046 | LR 8.0912e-07
2026-03-05 09:59:13 INFO Epoch 1 | Step 660/15377 | Loss 2.2990 | LR 8.0970e-07
2026-03-05 09:59:25 INFO Epoch 1 | Step 680/15377 | Loss 2.2974 | LR 8.1029e-07
2026-03-05 09:59:36 INFO Epoch 1 | Step 700/15377 | Loss 2.2904 | LR 8.1091e-07
2026-03-05 09:59:48 INFO Epoch 1 | Step 720/15377 | Loss 2.2827 | LR 8.1154e-07
2026-03-05 09:59:59 INFO Epoch 1 | Step 740/15377 | Loss 2.2769 | LR 8.1219e-07
2026-03-05 10:00:11 INFO Epoch 1 | Step 760/15377 | Loss 2.2708 | LR 8.1286e-07
2026-03-05 10:00:22 INFO Epoch 1 | Step 780/15377 | Loss 2.2643 | LR 8.1354e-07
2026-03-05 10:00:34 INFO Epoch 1 | Step 800/15377 | Loss 2.2586 | LR 8.1424e-07
2026-03-05 10:00:45 INFO Epoch 1 | Step 820/15377 | Loss 2.2533 | LR 8.1497e-07
2026-03-05 10:00:57 INFO Epoch 1 | Step 840/15377 | Loss 2.2489 | LR 8.1570e-07
2026-03-05 10:01:08 INFO Epoch 1 | Step 860/15377 | Loss 2.2422 | LR 8.1646e-07
2026-03-05 10:01:20 INFO Epoch 1 | Step 880/15377 | Loss 2.2367 | LR 8.1723e-07
2026-03-05 10:01:31 INFO Epoch 1 | Step 900/15377 | Loss 2.2320 | LR 8.1803e-07
2026-03-05 10:01:43 INFO Epoch 1 | Step 920/15377 | Loss 2.2250 | LR 8.1884e-07
2026-03-05 10:01:54 INFO Epoch 1 | Step 940/15377 | Loss 2.2198 | LR 8.1966e-07
2026-03-05 10:02:06 INFO Epoch 1 | Step 960/15377 | Loss 2.2135 | LR 8.2051e-07
2026-03-05 10:02:17 INFO Epoch 1 | Step 980/15377 | Loss 2.2076 | LR 8.2137e-07
2026-03-05 10:02:29 INFO Epoch 1 | Step 1000/15377 | Loss 2.2022 | LR 8.2225e-07
2026-03-05 10:02:41 INFO Epoch 1 | Step 1020/15377 | Loss 2.1958 | LR 8.2315e-07
2026-03-05 10:02:52 INFO Epoch 1 | Step 1040/15377 | Loss 2.1907 | LR 8.2407e-07
2026-03-05 10:03:03 INFO Epoch 1 | Step 1060/15377 | Loss 2.1836 | LR 8.2500e-07
2026-03-05 10:03:15 INFO Epoch 1 | Step 1080/15377 | Loss 2.1780 | LR 8.2596e-07
2026-03-05 10:03:26 INFO Epoch 1 | Step 1100/15377 | Loss 2.1716 | LR 8.2693e-07
2026-03-05 10:03:38 INFO Epoch 1 | Step 1120/15377 | Loss 2.1650 | LR 8.2791e-07
2026-03-05 10:03:49 INFO Epoch 1 | Step 1140/15377 | Loss 2.1590 | LR 8.2892e-07
2026-03-05 10:04:01 INFO Epoch 1 | Step 1160/15377 | Loss 2.1519 | LR 8.2994e-07
2026-03-05 10:04:12 INFO Epoch 1 | Step 1180/15377 | Loss 2.1450 | LR 8.3098e-07
2026-03-05 10:04:23 INFO Epoch 1 | Step 1200/15377 | Loss 2.1390 | LR 8.3204e-07
2026-03-05 10:04:35 INFO Epoch 1 | Step 1220/15377 | Loss 2.1322 | LR 8.3312e-07
2026-03-05 10:04:46 INFO Epoch 1 | Step 1240/15377 | Loss 2.1249 | LR 8.3421e-07
2026-03-05 10:04:58 INFO Epoch 1 | Step 1260/15377 | Loss 2.1184 | LR 8.3532e-07
2026-03-05 10:05:09 INFO Epoch 1 | Step 1280/15377 | Loss 2.1115 | LR 8.3645e-07
2026-03-05 10:05:21 INFO Epoch 1 | Step 1300/15377 | Loss 2.1053 | LR 8.3760e-07
2026-03-05 10:05:32 INFO Epoch 1 | Step 1320/15377 | Loss 2.0982 | LR 8.3876e-07
2026-03-05 10:05:44 INFO Epoch 1 | Step 1340/15377 | Loss 2.0909 | LR 8.3995e-07
2026-03-05 10:05:55 INFO Epoch 1 | Step 1360/15377 | Loss 2.0834 | LR 8.4115e-07
2026-03-05 10:06:07 INFO Epoch 1 | Step 1380/15377 | Loss 2.0765 | LR 8.4237e-07
2026-03-05 10:06:18 INFO Epoch 1 | Step 1400/15377 | Loss 2.0691 | LR 8.4360e-07
2026-03-05 10:06:30 INFO Epoch 1 | Step 1420/15377 | Loss 2.0624 | LR 8.4486e-07
2026-03-05 10:06:41 INFO Epoch 1 | Step 1440/15377 | Loss 2.0549 | LR 8.4613e-07
2026-03-05 10:06:53 INFO Epoch 1 | Step 1460/15377 | Loss 2.0482 | LR 8.4742e-07
2026-03-05 10:07:04 INFO Epoch 1 | Step 1480/15377 | Loss 2.0418 | LR 8.4872e-07
2026-03-05 10:07:16 INFO Epoch 1 | Step 1500/15377 | Loss 2.0349 | LR 8.5005e-07
2026-03-05 10:07:27 INFO Epoch 1 | Step 1520/15377 | Loss 2.0285 | LR 8.5139e-07
2026-03-05 10:07:39 INFO Epoch 1 | Step 1540/15377 | Loss 2.0217 | LR 8.5275e-07
2026-03-05 10:07:50 INFO Epoch 1 | Step 1560/15377 | Loss 2.0148 | LR 8.5413e-07
2026-03-05 10:08:02 INFO Epoch 1 | Step 1580/15377 | Loss 2.0077 | LR 8.5552e-07
2026-03-05 10:08:13 INFO Epoch 1 | Step 1600/15377 | Loss 2.0008 | LR 8.5694e-07
2026-03-05 10:08:24 INFO Epoch 1 | Step 1620/15377 | Loss 1.9939 | LR 8.5837e-07
2026-03-05 10:08:36 INFO Epoch 1 | Step 1640/15377 | Loss 1.9870 | LR 8.5982e-07
2026-03-05 10:08:47 INFO Epoch 1 | Step 1660/15377 | Loss 1.9796 | LR 8.6128e-07
2026-03-05 10:08:59 INFO Epoch 1 | Step 1680/15377 | Loss 1.9725 | LR 8.6277e-07
2026-03-05 10:09:10 INFO Epoch 1 | Step 1700/15377 | Loss 1.9648 | LR 8.6427e-07
2026-03-05 10:09:22 INFO Epoch 1 | Step 1720/15377 | Loss 1.9579 | LR 8.6579e-07
2026-03-05 10:09:33 INFO Epoch 1 | Step 1740/15377 | Loss 1.9517 | LR 8.6732e-07
2026-03-05 10:09:45 INFO Epoch 1 | Step 1760/15377 | Loss 1.9449 | LR 8.6888e-07
2026-03-05 10:09:56 INFO Epoch 1 | Step 1780/15377 | Loss 1.9378 | LR 8.7045e-07
2026-03-05 10:10:08 INFO Epoch 1 | Step 1800/15377 | Loss 1.9309 | LR 8.7204e-07
2026-03-05 10:10:19 INFO Epoch 1 | Step 1820/15377 | Loss 1.9240 | LR 8.7365e-07
2026-03-05 10:10:31 INFO Epoch 1 | Step 1840/15377 | Loss 1.9169 | LR 8.7527e-07
2026-03-05 10:10:42 INFO Epoch 1 | Step 1860/15377 | Loss 1.9095 | LR 8.7692e-07
2026-03-05 10:10:53 INFO Epoch 1 | Step 1880/15377 | Loss 1.9027 | LR 8.7858e-07
2026-03-05 10:11:05 INFO Epoch 1 | Step 1900/15377 | Loss 1.8963 | LR 8.8026e-07
2026-03-05 10:11:16 INFO Epoch 1 | Step 1920/15377 | Loss 1.8899 | LR 8.8195e-07
2026-03-05 10:11:28 INFO Epoch 1 | Step 1940/15377 | Loss 1.8828 | LR 8.8367e-07
2026-03-05 10:11:39 INFO Epoch 1 | Step 1960/15377 | Loss 1.8758 | LR 8.8540e-07
2026-03-05 10:11:51 INFO Epoch 1 | Step 1980/15377 | Loss 1.8689 | LR 8.8715e-07
2026-03-05 10:12:02 INFO Epoch 1 | Step 2000/15377 | Loss 1.8622 | LR 8.8891e-07
2026-03-05 10:12:14 INFO Epoch 1 | Step 2020/15377 | Loss 1.8554 | LR 8.9070e-07
2026-03-05 10:12:26 INFO Epoch 1 | Step 2040/15377 | Loss 1.8487 | LR 8.9250e-07
2026-03-05 10:12:37 INFO Epoch 1 | Step 2060/15377 | Loss 1.8418 | LR 8.9432e-07
2026-03-05 10:12:49 INFO Epoch 1 | Step 2080/15377 | Loss 1.8349 | LR 8.9616e-07
2026-03-05 10:13:00 INFO Epoch 1 | Step 2100/15377 | Loss 1.8284 | LR 8.9801e-07
2026-03-05 10:13:12 INFO Epoch 1 | Step 2120/15377 | Loss 1.8212 | LR 8.9988e-07
2026-03-05 10:13:23 INFO Epoch 1 | Step 2140/15377 | Loss 1.8143 | LR 9.0177e-07
2026-03-05 10:13:35 INFO Epoch 1 | Step 2160/15377 | Loss 1.8077 | LR 9.0368e-07
2026-03-05 10:13:46 INFO Epoch 1 | Step 2180/15377 | Loss 1.8010 | LR 9.0561e-07
2026-03-05 10:13:58 INFO Epoch 1 | Step 2200/15377 | Loss 1.7943 | LR 9.0755e-07
2026-03-05 10:14:09 INFO Epoch 1 | Step 2220/15377 | Loss 1.7880 | LR 9.0951e-07
2026-03-05 10:14:21 INFO Epoch 1 | Step 2240/15377 | Loss 1.7814 | LR 9.1149e-07
2026-03-05 10:14:32 INFO Epoch 1 | Step 2260/15377 | Loss 1.7748 | LR 9.1348e-07
2026-03-05 10:14:44 INFO Epoch 1 | Step 2280/15377 | Loss 1.7686 | LR 9.1550e-07
2026-03-05 10:14:55 INFO Epoch 1 | Step 2300/15377 | Loss 1.7621 | LR 9.1753e-07
2026-03-05 10:15:07 INFO Epoch 1 | Step 2320/15377 | Loss 1.7555 | LR 9.1958e-07
2026-03-05 10:15:18 INFO Epoch 1 | Step 2340/15377 | Loss 1.7494 | LR 9.2164e-07
2026-03-05 10:15:29 INFO Epoch 1 | Step 2360/15377 | Loss 1.7431 | LR 9.2373e-07
2026-03-05 10:15:41 INFO Epoch 1 | Step 2380/15377 | Loss 1.7367 | LR 9.2583e-07
2026-03-05 10:15:52 INFO Epoch 1 | Step 2400/15377 | Loss 1.7303 | LR 9.2795e-07
2026-03-05 10:16:04 INFO Epoch 1 | Step 2420/15377 | Loss 1.7240 | LR 9.3008e-07
2026-03-05 10:16:15 INFO Epoch 1 | Step 2440/15377 | Loss 1.7180 | LR 9.3224e-07
2026-03-05 10:16:27 INFO Epoch 1 | Step 2460/15377 | Loss 1.7118 | LR 9.3441e-07
2026-03-05 10:16:38 INFO Epoch 1 | Step 2480/15377 | Loss 1.7056 | LR 9.3660e-07
2026-03-05 10:16:50 INFO Epoch 1 | Step 2500/15377 | Loss 1.6997 | LR 9.3880e-07
2026-03-05 10:17:01 INFO Epoch 1 | Step 2520/15377 | Loss 1.6935 | LR 9.4103e-07
2026-03-05 10:17:13 INFO Epoch 1 | Step 2540/15377 | Loss 1.6874 | LR 9.4327e-07
2026-03-05 10:17:24 INFO Epoch 1 | Step 2560/15377 | Loss 1.6813 | LR 9.4553e-07
2026-03-05 10:17:36 INFO Epoch 1 | Step 2580/15377 | Loss 1.6753 | LR 9.4781e-07
2026-03-05 10:17:47 INFO Epoch 1 | Step 2600/15377 | Loss 1.6696 | LR 9.5010e-07
2026-03-05 10:17:59 INFO Epoch 1 | Step 2620/15377 | Loss 1.6637 | LR 9.5241e-07
2026-03-05 10:18:10 INFO Epoch 1 | Step 2640/15377 | Loss 1.6580 | LR 9.5474e-07
2026-03-05 10:18:22 INFO Epoch 1 | Step 2660/15377 | Loss 1.6521 | LR 9.5709e-07
2026-03-05 10:18:33 INFO Epoch 1 | Step 2680/15377 | Loss 1.6467 | LR 9.5945e-07
2026-03-05 10:18:45 INFO Epoch 1 | Step 2700/15377 | Loss 1.6411 | LR 9.6184e-07
2026-03-05 10:18:56 INFO Epoch 1 | Step 2720/15377 | Loss 1.6357 | LR 9.6424e-07
2026-03-05 10:19:07 INFO Epoch 1 | Step 2740/15377 | Loss 1.6301 | LR 9.6665e-07
2026-03-05 10:19:19 INFO Epoch 1 | Step 2760/15377 | Loss 1.6246 | LR 9.6909e-07
2026-03-05 10:19:30 INFO Epoch 1 | Step 2780/15377 | Loss 1.6194 | LR 9.7154e-07
2026-03-05 10:19:42 INFO Epoch 1 | Step 2800/15377 | Loss 1.6140 | LR 9.7401e-07
2026-03-05 10:19:53 INFO Epoch 1 | Step 2820/15377 | Loss 1.6084 | LR 9.7650e-07
2026-03-05 10:20:05 INFO Epoch 1 | Step 2840/15377 | Loss 1.6032 | LR 9.7900e-07
2026-03-05 10:20:16 INFO Epoch 1 | Step 2860/15377 | Loss 1.5980 | LR 9.8152e-07
2026-03-05 10:20:27 INFO Epoch 1 | Step 2880/15377 | Loss 1.5931 | LR 9.8406e-07
2026-03-05 10:20:39 INFO Epoch 1 | Step 2900/15377 | Loss 1.5880 | LR 9.8662e-07
2026-03-05 10:20:50 INFO Epoch 1 | Step 2920/15377 | Loss 1.5829 | LR 9.8919e-07
2026-03-05 10:21:01 INFO Epoch 1 | Step 2940/15377 | Loss 1.5780 | LR 9.9179e-07
2026-03-05 10:21:13 INFO Epoch 1 | Step 2960/15377 | Loss 1.5731 | LR 9.9440e-07
2026-03-05 10:21:24 INFO Epoch 1 | Step 2980/15377 | Loss 1.5683 | LR 9.9702e-07
2026-03-05 10:21:35 INFO Epoch 1 | Step 3000/15377 | Loss 1.5634 | LR 9.9967e-07
2026-03-05 10:21:47 INFO Epoch 1 | Step 3020/15377 | Loss 1.5585 | LR 1.0023e-06
2026-03-05 10:21:58 INFO Epoch 1 | Step 3040/15377 | Loss 1.5536 | LR 1.0050e-06
2026-03-05 10:22:09 INFO Epoch 1 | Step 3060/15377 | Loss 1.5489 | LR 1.0077e-06
2026-03-05 10:22:20 INFO Epoch 1 | Step 3080/15377 | Loss 1.5442 | LR 1.0104e-06
2026-03-05 10:22:32 INFO Epoch 1 | Step 3100/15377 | Loss 1.5395 | LR 1.0131e-06
2026-03-05 10:22:43 INFO Epoch 1 | Step 3120/15377 | Loss 1.5348 | LR 1.0159e-06
2026-03-05 10:22:54 INFO Epoch 1 | Step 3140/15377 | Loss 1.5300 | LR 1.0187e-06
2026-03-05 10:23:06 INFO Epoch 1 | Step 3160/15377 | Loss 1.5254 | LR 1.0214e-06
2026-03-05 10:23:17 INFO Epoch 1 | Step 3180/15377 | Loss 1.5207 | LR 1.0242e-06
2026-03-05 10:23:28 INFO Epoch 1 | Step 3200/15377 | Loss 1.5167 | LR 1.0271e-06
2026-03-05 10:23:40 INFO Epoch 1 | Step 3220/15377 | Loss 1.5122 | LR 1.0299e-06
2026-03-05 10:23:51 INFO Epoch 1 | Step 3240/15377 | Loss 1.5078 | LR 1.0328e-06
2026-03-05 10:24:02 INFO Epoch 1 | Step 3260/15377 | Loss 1.5035 | LR 1.0356e-06
2026-03-05 10:24:14 INFO Epoch 1 | Step 3280/15377 | Loss 1.4992 | LR 1.0385e-06
2026-03-05 10:24:25 INFO Epoch 1 | Step 3300/15377 | Loss 1.4949 | LR 1.0414e-06
2026-03-05 10:24:37 INFO Epoch 1 | Step 3320/15377 | Loss 1.4905 | LR 1.0443e-06
2026-03-05 10:24:48 INFO Epoch 1 | Step 3340/15377 | Loss 1.4865 | LR 1.0473e-06
2026-03-05 10:25:00 INFO Epoch 1 | Step 3360/15377 | Loss 1.4823 | LR 1.0502e-06
2026-03-05 10:25:11 INFO Epoch 1 | Step 3380/15377 | Loss 1.4782 | LR 1.0532e-06
2026-03-05 10:25:22 INFO Epoch 1 | Step 3400/15377 | Loss 1.4742 | LR 1.0562e-06
2026-03-05 10:25:33 INFO Epoch 1 | Step 3420/15377 | Loss 1.4704 | LR 1.0592e-06
2026-03-05 10:25:45 INFO Epoch 1 | Step 3440/15377 | Loss 1.4666 | LR 1.0622e-06
2026-03-05 10:25:56 INFO Epoch 1 | Step 3460/15377 | Loss 1.4627 | LR 1.0653e-06
2026-03-05 10:26:07 INFO Epoch 1 | Step 3480/15377 | Loss 1.4588 | LR 1.0683e-06
2026-03-05 10:26:19 INFO Epoch 1 | Step 3500/15377 | Loss 1.4551 | LR 1.0714e-06
2026-03-05 10:26:30 INFO Epoch 1 | Step 3520/15377 | Loss 1.4510 | LR 1.0745e-06
2026-03-05 10:26:41 INFO Epoch 1 | Step 3540/15377 | Loss 1.4472 | LR 1.0776e-06
2026-03-05 10:26:53 INFO Epoch 1 | Step 3560/15377 | Loss 1.4436 | LR 1.0808e-06
2026-03-05 10:27:04 INFO Epoch 1 | Step 3580/15377 | Loss 1.4398 | LR 1.0839e-06
2026-03-05 10:27:15 INFO Epoch 1 | Step 3600/15377 | Loss 1.4363 | LR 1.0871e-06
2026-03-05 10:27:27 INFO Epoch 1 | Step 3620/15377 | Loss 1.4326 | LR 1.0903e-06
2026-03-05 10:27:38 INFO Epoch 1 | Step 3640/15377 | Loss 1.4288 | LR 1.0935e-06
2026-03-05 10:27:49 INFO Epoch 1 | Step 3660/15377 | Loss 1.4252 | LR 1.0967e-06
2026-03-05 10:28:01 INFO Epoch 1 | Step 3680/15377 | Loss 1.4215 | LR 1.0999e-06
2026-03-05 10:28:12 INFO Epoch 1 | Step 3700/15377 | Loss 1.4180 | LR 1.1032e-06
2026-03-05 10:28:24 INFO Epoch 1 | Step 3720/15377 | Loss 1.4143 | LR 1.1064e-06
2026-03-05 10:28:35 INFO Epoch 1 | Step 3740/15377 | Loss 1.4107 | LR 1.1097e-06
2026-03-05 10:28:46 INFO Epoch 1 | Step 3760/15377 | Loss 1.4073 | LR 1.1130e-06
2026-03-05 10:28:58 INFO Epoch 1 | Step 3780/15377 | Loss 1.4038 | LR 1.1163e-06
2026-03-05 10:29:09 INFO Epoch 1 | Step 3800/15377 | Loss 1.4004 | LR 1.1197e-06
2026-03-05 10:29:20 INFO Epoch 1 | Step 3820/15377 | Loss 1.3972 | LR 1.1230e-06
2026-03-05 10:29:32 INFO Epoch 1 | Step 3840/15377 | Loss 1.3938 | LR 1.1264e-06
2026-03-05 10:29:43 INFO Epoch 1 | Step 3860/15377 | Loss 1.3905 | LR 1.1298e-06
2026-03-05 10:29:54 INFO Epoch 1 | Step 3880/15377 | Loss 1.3874 | LR 1.1332e-06
2026-03-05 10:30:06 INFO Epoch 1 | Step 3900/15377 | Loss 1.3841 | LR 1.1366e-06
2026-03-05 10:30:17 INFO Epoch 1 | Step 3920/15377 | Loss 1.3810 | LR 1.1401e-06
2026-03-05 10:30:28 INFO Epoch 1 | Step 3940/15377 | Loss 1.3777 | LR 1.1435e-06
2026-03-05 10:30:40 INFO Epoch 1 | Step 3960/15377 | Loss 1.3744 | LR 1.1470e-06
2026-03-05 10:30:51 INFO Epoch 1 | Step 3980/15377 | Loss 1.3714 | LR 1.1505e-06
2026-03-05 10:31:02 INFO Epoch 1 | Step 4000/15377 | Loss 1.3685 | LR 1.1540e-06
2026-03-05 10:31:14 INFO Epoch 1 | Step 4020/15377 | Loss 1.3656 | LR 1.1575e-06
2026-03-05 10:31:25 INFO Epoch 1 | Step 4040/15377 | Loss 1.3628 | LR 1.1611e-06
2026-03-05 10:31:36 INFO Epoch 1 | Step 4060/15377 | Loss 1.3597 | LR 1.1646e-06
2026-03-05 10:31:47 INFO Epoch 1 | Step 4080/15377 | Loss 1.3567 | LR 1.1682e-06
2026-03-05 10:31:59 INFO Epoch 1 | Step 4100/15377 | Loss 1.3537 | LR 1.1718e-06
2026-03-05 10:32:10 INFO Epoch 1 | Step 4120/15377 | Loss 1.3507 | LR 1.1754e-06
2026-03-05 10:32:21 INFO Epoch 1 | Step 4140/15377 | Loss 1.3478 | LR 1.1790e-06
2026-03-05 10:32:33 INFO Epoch 1 | Step 4160/15377 | Loss 1.3452 | LR 1.1827e-06
2026-03-05 10:32:44 INFO Epoch 1 | Step 4180/15377 | Loss 1.3424 | LR 1.1864e-06
2026-03-05 10:32:55 INFO Epoch 1 | Step 4200/15377 | Loss 1.3395 | LR 1.1900e-06
2026-03-05 10:33:07 INFO Epoch 1 | Step 4220/15377 | Loss 1.3366 | LR 1.1937e-06
2026-03-05 10:33:18 INFO Epoch 1 | Step 4240/15377 | Loss 1.3338 | LR 1.1975e-06
2026-03-05 10:33:30 INFO Epoch 1 | Step 4260/15377 | Loss 1.3310 | LR 1.2012e-06
2026-03-05 10:33:41 INFO Epoch 1 | Step 4280/15377 | Loss 1.3282 | LR 1.2049e-06
2026-03-05 10:33:52 INFO Epoch 1 | Step 4300/15377 | Loss 1.3256 | LR 1.2087e-06
2026-03-05 10:34:04 INFO Epoch 1 | Step 4320/15377 | Loss 1.3228 | LR 1.2125e-06
2026-03-05 10:34:15 INFO Epoch 1 | Step 4340/15377 | Loss 1.3200 | LR 1.2163e-06
2026-03-05 10:34:26 INFO Epoch 1 | Step 4360/15377 | Loss 1.3173 | LR 1.2201e-06
2026-03-05 10:34:38 INFO Epoch 1 | Step 4380/15377 | Loss 1.3145 | LR 1.2239e-06
2026-03-05 10:34:49 INFO Epoch 1 | Step 4400/15377 | Loss 1.3119 | LR 1.2278e-06
2026-03-05 10:35:00 INFO Epoch 1 | Step 4420/15377 | Loss 1.3093 | LR 1.2317e-06
2026-03-05 10:35:12 INFO Epoch 1 | Step 4440/15377 | Loss 1.3069 | LR 1.2355e-06
2026-03-05 10:35:23 INFO Epoch 1 | Step 4460/15377 | Loss 1.3043 | LR 1.2394e-06
2026-03-05 10:35:34 INFO Epoch 1 | Step 4480/15377 | Loss 1.3019 | LR 1.2434e-06
2026-03-05 10:35:46 INFO Epoch 1 | Step 4500/15377 | Loss 1.2993 | LR 1.2473e-06
2026-03-05 10:35:57 INFO Epoch 1 | Step 4520/15377 | Loss 1.2968 | LR 1.2513e-06
2026-03-05 10:36:08 INFO Epoch 1 | Step 4540/15377 | Loss 1.2944 | LR 1.2552e-06
2026-03-05 10:36:20 INFO Epoch 1 | Step 4560/15377 | Loss 1.2919 | LR 1.2592e-06
2026-03-05 10:36:31 INFO Epoch 1 | Step 4580/15377 | Loss 1.2895 | LR 1.2632e-06
2026-03-05 10:36:42 INFO Epoch 1 | Step 4600/15377 | Loss 1.2872 | LR 1.2672e-06
2026-03-05 10:36:54 INFO Epoch 1 | Step 4620/15377 | Loss 1.2847 | LR 1.2713e-06
2026-03-05 10:37:05 INFO Epoch 1 | Step 4640/15377 | Loss 1.2822 | LR 1.2753e-06
2026-03-05 10:37:16 INFO Epoch 1 | Step 4660/15377 | Loss 1.2798 | LR 1.2794e-06
2026-03-05 10:37:28 INFO Epoch 1 | Step 4680/15377 | Loss 1.2774 | LR 1.2835e-06
2026-03-05 10:37:39 INFO Epoch 1 | Step 4700/15377 | Loss 1.2751 | LR 1.2876e-06
2026-03-05 10:37:50 INFO Epoch 1 | Step 4720/15377 | Loss 1.2727 | LR 1.2917e-06
2026-03-05 10:38:01 INFO Epoch 1 | Step 4740/15377 | Loss 1.2704 | LR 1.2959e-06
2026-03-05 10:38:13 INFO Epoch 1 | Step 4760/15377 | Loss 1.2681 | LR 1.3000e-06
2026-03-05 10:38:24 INFO Epoch 1 | Step 4780/15377 | Loss 1.2660 | LR 1.3042e-06
2026-03-05 10:38:35 INFO Epoch 1 | Step 4800/15377 | Loss 1.2640 | LR 1.3084e-06
2026-03-05 10:38:47 INFO Epoch 1 | Step 4820/15377 | Loss 1.2616 | LR 1.3126e-06
2026-03-05 10:38:58 INFO Epoch 1 | Step 4840/15377 | Loss 1.2594 | LR 1.3168e-06
2026-03-05 10:39:10 INFO Epoch 1 | Step 4860/15377 | Loss 1.2573 | LR 1.3210e-06
2026-03-05 10:39:21 INFO Epoch 1 | Step 4880/15377 | Loss 1.2552 | LR 1.3253e-06
2026-03-05 10:39:32 INFO Epoch 1 | Step 4900/15377 | Loss 1.2530 | LR 1.3296e-06
2026-03-05 10:39:44 INFO Epoch 1 | Step 4920/15377 | Loss 1.2510 | LR 1.3339e-06
2026-03-05 10:39:55 INFO Epoch 1 | Step 4940/15377 | Loss 1.2490 | LR 1.3382e-06
2026-03-05 10:40:06 INFO Epoch 1 | Step 4960/15377 | Loss 1.2468 | LR 1.3425e-06
2026-03-05 10:40:18 INFO Epoch 1 | Step 4980/15377 | Loss 1.2447 | LR 1.3468e-06
2026-03-05 10:40:29 INFO Epoch 1 | Step 5000/15377 | Loss 1.2426 | LR 1.3512e-06
2026-03-05 10:40:40 INFO Epoch 1 | Step 5020/15377 | Loss 1.2405 | LR 1.3556e-06
2026-03-05 10:40:51 INFO Epoch 1 | Step 5040/15377 | Loss 1.2384 | LR 1.3600e-06
2026-03-05 10:41:03 INFO Epoch 1 | Step 5060/15377 | Loss 1.2363 | LR 1.3644e-06
2026-03-05 10:41:14 INFO Epoch 1 | Step 5080/15377 | Loss 1.2343 | LR 1.3688e-06
2026-03-05 10:41:25 INFO Epoch 1 | Step 5100/15377 | Loss 1.2324 | LR 1.3733e-06
2026-03-05 10:41:37 INFO Epoch 1 | Step 5120/15377 | Loss 1.2304 | LR 1.3777e-06
2026-03-05 10:41:48 INFO Epoch 1 | Step 5140/15377 | Loss 1.2284 | LR 1.3822e-06
2026-03-05 10:41:59 INFO Epoch 1 | Step 5160/15377 | Loss 1.2264 | LR 1.3867e-06
2026-03-05 10:42:11 INFO Epoch 1 | Step 5180/15377 | Loss 1.2244 | LR 1.3912e-06
2026-03-05 10:42:22 INFO Epoch 1 | Step 5200/15377 | Loss 1.2226 | LR 1.3957e-06
2026-03-05 10:42:33 INFO Epoch 1 | Step 5220/15377 | Loss 1.2208 | LR 1.4003e-06
2026-03-05 10:42:44 INFO Epoch 1 | Step 5240/15377 | Loss 1.2188 | LR 1.4048e-06
2026-03-05 10:42:56 INFO Epoch 1 | Step 5260/15377 | Loss 1.2170 | LR 1.4094e-06
2026-03-05 10:43:07 INFO Epoch 1 | Step 5280/15377 | Loss 1.2151 | LR 1.4140e-06
2026-03-05 10:43:18 INFO Epoch 1 | Step 5300/15377 | Loss 1.2131 | LR 1.4186e-06
2026-03-05 10:43:30 INFO Epoch 1 | Step 5320/15377 | Loss 1.2113 | LR 1.4232e-06
2026-03-05 10:43:41 INFO Epoch 1 | Step 5340/15377 | Loss 1.2095 | LR 1.4279e-06
2026-03-05 10:43:52 INFO Epoch 1 | Step 5360/15377 | Loss 1.2077 | LR 1.4325e-06
2026-03-05 10:44:04 INFO Epoch 1 | Step 5380/15377 | Loss 1.2059 | LR 1.4372e-06
2026-03-05 10:44:15 INFO Epoch 1 | Step 5400/15377 | Loss 1.2041 | LR 1.4419e-06
2026-03-05 10:44:26 INFO Epoch 1 | Step 5420/15377 | Loss 1.2023 | LR 1.4466e-06
2026-03-05 10:44:37 INFO Epoch 1 | Step 5440/15377 | Loss 1.2006 | LR 1.4513e-06
2026-03-05 10:44:49 INFO Epoch 1 | Step 5460/15377 | Loss 1.1988 | LR 1.4561e-06
2026-03-05 10:45:00 INFO Epoch 1 | Step 5480/15377 | Loss 1.1971 | LR 1.4608e-06
2026-03-05 10:45:11 INFO Epoch 1 | Step 5500/15377 | Loss 1.1954 | LR 1.4656e-06
2026-03-05 10:45:23 INFO Epoch 1 | Step 5520/15377 | Loss 1.1937 | LR 1.4704e-06
2026-03-05 10:45:34 INFO Epoch 1 | Step 5540/15377 | Loss 1.1919 | LR 1.4752e-06
2026-03-05 10:45:45 INFO Epoch 1 | Step 5560/15377 | Loss 1.1901 | LR 1.4800e-06
2026-03-05 10:45:57 INFO Epoch 1 | Step 5580/15377 | Loss 1.1884 | LR 1.4849e-06
2026-03-05 10:46:08 INFO Epoch 1 | Step 5600/15377 | Loss 1.1867 | LR 1.4897e-06
2026-03-05 10:46:20 INFO Epoch 1 | Step 5620/15377 | Loss 1.1850 | LR 1.4946e-06
2026-03-05 10:46:32 INFO Epoch 1 | Step 5640/15377 | Loss 1.1834 | LR 1.4995e-06
2026-03-05 10:46:43 INFO Epoch 1 | Step 5660/15377 | Loss 1.1816 | LR 1.5044e-06
2026-03-05 10:46:55 INFO Epoch 1 | Step 5680/15377 | Loss 1.1799 | LR 1.5093e-06
2026-03-05 10:47:06 INFO Epoch 1 | Step 5700/15377 | Loss 1.1782 | LR 1.5143e-06
2026-03-05 10:47:18 INFO Epoch 1 | Step 5720/15377 | Loss 1.1766 | LR 1.5192e-06
2026-03-05 10:47:29 INFO Epoch 1 | Step 5740/15377 | Loss 1.1750 | LR 1.5242e-06
2026-03-05 10:47:41 INFO Epoch 1 | Step 5760/15377 | Loss 1.1734 | LR 1.5292e-06
2026-03-05 10:47:52 INFO Epoch 1 | Step 5780/15377 | Loss 1.1719 | LR 1.5342e-06
2026-03-05 10:48:04 INFO Epoch 1 | Step 5800/15377 | Loss 1.1702 | LR 1.5392e-06
2026-03-05 10:48:15 INFO Epoch 1 | Step 5820/15377 | Loss 1.1687 | LR 1.5443e-06
2026-03-05 10:48:27 INFO Epoch 1 | Step 5840/15377 | Loss 1.1671 | LR 1.5493e-06
2026-03-05 10:48:38 INFO Epoch 1 | Step 5860/15377 | Loss 1.1655 | LR 1.5544e-06
2026-03-05 10:48:49 INFO Epoch 1 | Step 5880/15377 | Loss 1.1639 | LR 1.5595e-06
2026-03-05 10:49:01 INFO Epoch 1 | Step 5900/15377 | Loss 1.1624 | LR 1.5646e-06
2026-03-05 10:49:12 INFO Epoch 1 | Step 5920/15377 | Loss 1.1609 | LR 1.5697e-06
2026-03-05 10:49:24 INFO Epoch 1 | Step 5940/15377 | Loss 1.1593 | LR 1.5748e-06
2026-03-05 10:49:36 INFO Epoch 1 | Step 5960/15377 | Loss 1.1577 | LR 1.5800e-06
2026-03-05 10:49:47 INFO Epoch 1 | Step 5980/15377 | Loss 1.1562 | LR 1.5852e-06
2026-03-05 10:49:58 INFO Epoch 1 | Step 6000/15377 | Loss 1.1547 | LR 1.5904e-06
2026-03-05 10:50:10 INFO Epoch 1 | Step 6020/15377 | Loss 1.1532 | LR 1.5956e-06
2026-03-05 10:50:21 INFO Epoch 1 | Step 6040/15377 | Loss 1.1518 | LR 1.6008e-06
2026-03-05 10:50:33 INFO Epoch 1 | Step 6060/15377 | Loss 1.1503 | LR 1.6060e-06
2026-03-05 10:50:44 INFO Epoch 1 | Step 6080/15377 | Loss 1.1488 | LR 1.6113e-06
2026-03-05 10:50:56 INFO Epoch 1 | Step 6100/15377 | Loss 1.1474 | LR 1.6165e-06
2026-03-05 10:51:07 INFO Epoch 1 | Step 6120/15377 | Loss 1.1459 | LR 1.6218e-06
2026-03-05 10:51:19 INFO Epoch 1 | Step 6140/15377 | Loss 1.1445 | LR 1.6271e-06
2026-03-05 10:51:30 INFO Epoch 1 | Step 6160/15377 | Loss 1.1431 | LR 1.6324e-06
2026-03-05 10:51:42 INFO Epoch 1 | Step 6180/15377 | Loss 1.1416 | LR 1.6378e-06
2026-03-05 10:51:53 INFO Epoch 1 | Step 6200/15377 | Loss 1.1402 | LR 1.6431e-06
2026-03-05 10:52:05 INFO Epoch 1 | Step 6220/15377 | Loss 1.1387 | LR 1.6485e-06
2026-03-05 10:52:16 INFO Epoch 1 | Step 6240/15377 | Loss 1.1375 | LR 1.6539e-06
2026-03-05 10:52:27 INFO Epoch 1 | Step 6260/15377 | Loss 1.1360 | LR 1.6593e-06
2026-03-05 10:52:39 INFO Epoch 1 | Step 6280/15377 | Loss 1.1347 | LR 1.6647e-06
2026-03-05 10:52:50 INFO Epoch 1 | Step 6300/15377 | Loss 1.1333 | LR 1.6701e-06
2026-03-05 10:53:02 INFO Epoch 1 | Step 6320/15377 | Loss 1.1320 | LR 1.6756e-06
2026-03-05 10:53:13 INFO Epoch 1 | Step 6340/15377 | Loss 1.1306 | LR 1.6810e-06
2026-03-05 10:53:25 INFO Epoch 1 | Step 6360/15377 | Loss 1.1291 | LR 1.6865e-06
2026-03-05 10:53:36 INFO Epoch 1 | Step 6380/15377 | Loss 1.1278 | LR 1.6920e-06
2026-03-05 10:53:47 INFO Epoch 1 | Step 6400/15377 | Loss 1.1265 | LR 1.6975e-06
2026-03-05 10:53:59 INFO Epoch 1 | Step 6420/15377 | Loss 1.1252 | LR 1.7031e-06
2026-03-05 10:54:10 INFO Epoch 1 | Step 6440/15377 | Loss 1.1238 | LR 1.7086e-06
2026-03-05 10:54:22 INFO Epoch 1 | Step 6460/15377 | Loss 1.1224 | LR 1.7142e-06
2026-03-05 10:54:33 INFO Epoch 1 | Step 6480/15377 | Loss 1.1211 | LR 1.7197e-06
2026-03-05 10:54:45 INFO Epoch 1 | Step 6500/15377 | Loss 1.1199 | LR 1.7253e-06
2026-03-05 10:54:56 INFO Epoch 1 | Step 6520/15377 | Loss 1.1186 | LR 1.7309e-06
2026-03-05 10:55:07 INFO Epoch 1 | Step 6540/15377 | Loss 1.1174 | LR 1.7366e-06
2026-03-05 10:55:19 INFO Epoch 1 | Step 6560/15377 | Loss 1.1161 | LR 1.7422e-06
2026-03-05 10:55:30 INFO Epoch 1 | Step 6580/15377 | Loss 1.1149 | LR 1.7479e-06
2026-03-05 10:55:42 INFO Epoch 1 | Step 6600/15377 | Loss 1.1137 | LR 1.7535e-06
2026-03-05 10:55:53 INFO Epoch 1 | Step 6620/15377 | Loss 1.1124 | LR 1.7592e-06
2026-03-05 10:56:05 INFO Epoch 1 | Step 6640/15377 | Loss 1.1112 | LR 1.7649e-06
2026-03-05 10:56:16 INFO Epoch 1 | Step 6660/15377 | Loss 1.1100 | LR 1.7707e-06
2026-03-05 10:56:28 INFO Epoch 1 | Step 6680/15377 | Loss 1.1087 | LR 1.7764e-06
2026-03-05 10:56:39 INFO Epoch 1 | Step 6700/15377 | Loss 1.1075 | LR 1.7821e-06
2026-03-05 10:56:51 INFO Epoch 1 | Step 6720/15377 | Loss 1.1062 | LR 1.7879e-06
2026-03-05 10:57:02 INFO Epoch 1 | Step 6740/15377 | Loss 1.1051 | LR 1.7937e-06
2026-03-05 10:57:14 INFO Epoch 1 | Step 6760/15377 | Loss 1.1039 | LR 1.7995e-06
2026-03-05 10:57:25 INFO Epoch 1 | Step 6780/15377 | Loss 1.1027 | LR 1.8053e-06
2026-03-05 10:57:37 INFO Epoch 1 | Step 6800/15377 | Loss 1.1015 | LR 1.8112e-06
2026-03-05 10:57:48 INFO Epoch 1 | Step 6820/15377 | Loss 1.1003 | LR 1.8170e-06
2026-03-05 10:58:00 INFO Epoch 1 | Step 6840/15377 | Loss 1.0991 | LR 1.8229e-06
2026-03-05 10:58:11 INFO Epoch 1 | Step 6860/15377 | Loss 1.0981 | LR 1.8287e-06
2026-03-05 10:58:23 INFO Epoch 1 | Step 6880/15377 | Loss 1.0970 | LR 1.8346e-06
2026-03-05 10:58:34 INFO Epoch 1 | Step 6900/15377 | Loss 1.0959 | LR 1.8406e-06
2026-03-05 10:58:46 INFO Epoch 1 | Step 6920/15377 | Loss 1.0949 | LR 1.8465e-06
2026-03-05 10:58:57 INFO Epoch 1 | Step 6940/15377 | Loss 1.0938 | LR 1.8524e-06
2026-03-05 10:59:09 INFO Epoch 1 | Step 6960/15377 | Loss 1.0926 | LR 1.8584e-06
2026-03-05 10:59:20 INFO Epoch 1 | Step 6980/15377 | Loss 1.0914 | LR 1.8644e-06
2026-03-05 10:59:32 INFO Epoch 1 | Step 7000/15377 | Loss 1.0903 | LR 1.8704e-06
2026-03-05 10:59:43 INFO Epoch 1 | Step 7020/15377 | Loss 1.0892 | LR 1.8764e-06
2026-03-05 10:59:55 INFO Epoch 1 | Step 7040/15377 | Loss 1.0881 | LR 1.8824e-06
2026-03-05 11:00:06 INFO Epoch 1 | Step 7060/15377 | Loss 1.0869 | LR 1.8884e-06
2026-03-05 11:00:18 INFO Epoch 1 | Step 7080/15377 | Loss 1.0858 | LR 1.8945e-06
2026-03-05 11:00:29 INFO Epoch 1 | Step 7100/15377 | Loss 1.0847 | LR 1.9006e-06
2026-03-05 11:00:41 INFO Epoch 1 | Step 7120/15377 | Loss 1.0836 | LR 1.9066e-06
2026-03-05 11:00:53 INFO Epoch 1 | Step 7140/15377 | Loss 1.0825 | LR 1.9127e-06
2026-03-05 11:01:04 INFO Epoch 1 | Step 7160/15377 | Loss 1.0814 | LR 1.9189e-06
2026-03-05 11:01:16 INFO Epoch 1 | Step 7180/15377 | Loss 1.0803 | LR 1.9250e-06
2026-03-05 11:01:27 INFO Epoch 1 | Step 7200/15377 | Loss 1.0793 | LR 1.9311e-06
2026-03-05 11:01:39 INFO Epoch 1 | Step 7220/15377 | Loss 1.0781 | LR 1.9373e-06
2026-03-05 11:01:50 INFO Epoch 1 | Step 7240/15377 | Loss 1.0770 | LR 1.9435e-06
2026-03-05 11:02:02 INFO Epoch 1 | Step 7260/15377 | Loss 1.0760 | LR 1.9497e-06
2026-03-05 11:02:13 INFO Epoch 1 | Step 7280/15377 | Loss 1.0749 | LR 1.9559e-06
2026-03-05 11:02:25 INFO Epoch 1 | Step 7300/15377 | Loss 1.0739 | LR 1.9621e-06
2026-03-05 11:02:36 INFO Epoch 1 | Step 7320/15377 | Loss 1.0728 | LR 1.9684e-06
2026-03-05 11:02:47 INFO Epoch 1 | Step 7340/15377 | Loss 1.0718 | LR 1.9746e-06
2026-03-05 11:02:59 INFO Epoch 1 | Step 7360/15377 | Loss 1.0708 | LR 1.9809e-06
2026-03-05 11:03:11 INFO Epoch 1 | Step 7380/15377 | Loss 1.0697 | LR 1.9872e-06
2026-03-05 11:03:22 INFO Epoch 1 | Step 7400/15377 | Loss 1.0687 | LR 1.9935e-06
2026-03-05 11:03:33 INFO Epoch 1 | Step 7420/15377 | Loss 1.0677 | LR 1.9998e-06
2026-03-05 11:03:45 INFO Epoch 1 | Step 7440/15377 | Loss 1.0667 | LR 2.0062e-06
2026-03-05 11:03:56 INFO Epoch 1 | Step 7460/15377 | Loss 1.0658 | LR 2.0125e-06
2026-03-05 11:04:08 INFO Epoch 1 | Step 7480/15377 | Loss 1.0648 | LR 2.0189e-06
2026-03-05 11:04:19 INFO Epoch 1 | Step 7500/15377 | Loss 1.0638 | LR 2.0253e-06
2026-03-05 11:04:31 INFO Epoch 1 | Step 7520/15377 | Loss 1.0629 | LR 2.0317e-06
2026-03-05 11:04:42 INFO Epoch 1 | Step 7540/15377 | Loss 1.0619 | LR 2.0381e-06
2026-03-05 11:04:54 INFO Epoch 1 | Step 7560/15377 | Loss 1.0609 | LR 2.0445e-06
2026-03-05 11:05:05 INFO Epoch 1 | Step 7580/15377 | Loss 1.0600 | LR 2.0510e-06
2026-03-05 11:05:17 INFO Epoch 1 | Step 7600/15377 | Loss 1.0590 | LR 2.0574e-06
2026-03-05 11:05:28 INFO Epoch 1 | Step 7620/15377 | Loss 1.0580 | LR 2.0639e-06
2026-03-05 11:05:40 INFO Epoch 1 | Step 7640/15377 | Loss 1.0571 | LR 2.0704e-06
2026-03-05 11:05:51 INFO Epoch 1 | Step 7660/15377 | Loss 1.0561 | LR 2.0769e-06
2026-03-05 11:06:03 INFO Epoch 1 | Step 7680/15377 | Loss 1.0552 | LR 2.0834e-06
2026-03-05 11:06:14 INFO Epoch 1 | Step 7700/15377 | Loss 1.0543 | LR 2.0900e-06
2026-03-05 11:06:26 INFO Epoch 1 | Step 7720/15377 | Loss 1.0533 | LR 2.0965e-06
2026-03-05 11:06:37 INFO Epoch 1 | Step 7740/15377 | Loss 1.0524 | LR 2.1031e-06
2026-03-05 11:06:49 INFO Epoch 1 | Step 7760/15377 | Loss 1.0514 | LR 2.1097e-06
2026-03-05 11:07:00 INFO Epoch 1 | Step 7780/15377 | Loss 1.0505 | LR 2.1163e-06
2026-03-05 11:07:12 INFO Epoch 1 | Step 7800/15377 | Loss 1.0496 | LR 2.1229e-06
2026-03-05 11:07:23 INFO Epoch 1 | Step 7820/15377 | Loss 1.0487 | LR 2.1295e-06
2026-03-05 11:07:35 INFO Epoch 1 | Step 7840/15377 | Loss 1.0478 | LR 2.1362e-06
2026-03-05 11:07:47 INFO Epoch 1 | Step 7860/15377 | Loss 1.0469 | LR 2.1428e-06
2026-03-05 11:07:58 INFO Epoch 1 | Step 7880/15377 | Loss 1.0460 | LR 2.1495e-06
2026-03-05 11:08:10 INFO Epoch 1 | Step 7900/15377 | Loss 1.0452 | LR 2.1562e-06
2026-03-05 11:08:21 INFO Epoch 1 | Step 7920/15377 | Loss 1.0443 | LR 2.1629e-06
2026-03-05 11:08:33 INFO Epoch 1 | Step 7940/15377 | Loss 1.0434 | LR 2.1696e-06
2026-03-05 11:08:44 INFO Epoch 1 | Step 7960/15377 | Loss 1.0425 | LR 2.1764e-06
2026-03-05 11:08:56 INFO Epoch 1 | Step 7980/15377 | Loss 1.0416 | LR 2.1831e-06
2026-03-05 11:09:08 INFO Epoch 1 | Step 8000/15377 | Loss 1.0407 | LR 2.1899e-06
2026-03-05 11:09:19 INFO Epoch 1 | Step 8020/15377 | Loss 1.0399 | LR 2.1967e-06
2026-03-05 11:09:31 INFO Epoch 1 | Step 8040/15377 | Loss 1.0390 | LR 2.2035e-06
2026-03-05 11:09:42 INFO Epoch 1 | Step 8060/15377 | Loss 1.0381 | LR 2.2103e-06
2026-03-05 11:09:53 INFO Epoch 1 | Step 8080/15377 | Loss 1.0373 | LR 2.2171e-06
2026-03-05 11:10:05 INFO Epoch 1 | Step 8100/15377 | Loss 1.0365 | LR 2.2240e-06
2026-03-05 11:10:16 INFO Epoch 1 | Step 8120/15377 | Loss 1.0356 | LR 2.2308e-06
2026-03-05 11:10:28 INFO Epoch 1 | Step 8140/15377 | Loss 1.0347 | LR 2.2377e-06
2026-03-05 11:10:39 INFO Epoch 1 | Step 8160/15377 | Loss 1.0338 | LR 2.2446e-06
2026-03-05 11:10:51 INFO Epoch 1 | Step 8180/15377 | Loss 1.0329 | LR 2.2515e-06
2026-03-05 11:11:02 INFO Epoch 1 | Step 8200/15377 | Loss 1.0321 | LR 2.2584e-06
2026-03-05 11:11:14 INFO Epoch 1 | Step 8220/15377 | Loss 1.0313 | LR 2.2654e-06
2026-03-05 11:11:25 INFO Epoch 1 | Step 8240/15377 | Loss 1.0305 | LR 2.2723e-06
2026-03-05 11:11:37 INFO Epoch 1 | Step 8260/15377 | Loss 1.0297 | LR 2.2793e-06
2026-03-05 11:11:48 INFO Epoch 1 | Step 8280/15377 | Loss 1.0289 | LR 2.2863e-06
2026-03-05 11:12:00 INFO Epoch 1 | Step 8300/15377 | Loss 1.0281 | LR 2.2933e-06
2026-03-05 11:12:11 INFO Epoch 1 | Step 8320/15377 | Loss 1.0273 | LR 2.3003e-06
2026-03-05 11:12:23 INFO Epoch 1 | Step 8340/15377 | Loss 1.0264 | LR 2.3073e-06
2026-03-05 11:12:34 INFO Epoch 1 | Step 8360/15377 | Loss 1.0256 | LR 2.3143e-06
2026-03-05 11:12:46 INFO Epoch 1 | Step 8380/15377 | Loss 1.0248 | LR 2.3214e-06
2026-03-05 11:12:57 INFO Epoch 1 | Step 8400/15377 | Loss 1.0240 | LR 2.3285e-06
2026-03-05 11:13:08 INFO Epoch 1 | Step 8420/15377 | Loss 1.0232 | LR 2.3356e-06
2026-03-05 11:13:20 INFO Epoch 1 | Step 8440/15377 | Loss 1.0224 | LR 2.3427e-06
2026-03-05 11:13:31 INFO Epoch 1 | Step 8460/15377 | Loss 1.0216 | LR 2.3498e-06
2026-03-05 11:13:43 INFO Epoch 1 | Step 8480/15377 | Loss 1.0208 | LR 2.3569e-06
2026-03-05 11:13:54 INFO Epoch 1 | Step 8500/15377 | Loss 1.0200 | LR 2.3640e-06
2026-03-05 11:14:06 INFO Epoch 1 | Step 8520/15377 | Loss 1.0192 | LR 2.3712e-06
2026-03-05 11:14:17 INFO Epoch 1 | Step 8540/15377 | Loss 1.0183 | LR 2.3784e-06
2026-03-05 11:14:28 INFO Epoch 1 | Step 8560/15377 | Loss 1.0176 | LR 2.3856e-06
2026-03-05 11:14:40 INFO Epoch 1 | Step 8580/15377 | Loss 1.0168 | LR 2.3928e-06
2026-03-05 11:14:51 INFO Epoch 1 | Step 8600/15377 | Loss 1.0161 | LR 2.4000e-06
2026-03-05 11:15:03 INFO Epoch 1 | Step 8620/15377 | Loss 1.0153 | LR 2.4072e-06
2026-03-05 11:15:14 INFO Epoch 1 | Step 8640/15377 | Loss 1.0146 | LR 2.4145e-06
2026-03-05 11:15:26 INFO Epoch 1 | Step 8660/15377 | Loss 1.0138 | LR 2.4218e-06
2026-03-05 11:15:37 INFO Epoch 1 | Step 8680/15377 | Loss 1.0130 | LR 2.4290e-06
2026-03-05 11:15:49 INFO Epoch 1 | Step 8700/15377 | Loss 1.0123 | LR 2.4363e-06
2026-03-05 11:16:00 INFO Epoch 1 | Step 8720/15377 | Loss 1.0116 | LR 2.4436e-06
2026-03-05 11:16:12 INFO Epoch 1 | Step 8740/15377 | Loss 1.0109 | LR 2.4510e-06
2026-03-05 11:16:23 INFO Epoch 1 | Step 8760/15377 | Loss 1.0101 | LR 2.4583e-06
2026-03-05 11:16:35 INFO Epoch 1 | Step 8780/15377 | Loss 1.0094 | LR 2.4657e-06
2026-03-05 11:16:46 INFO Epoch 1 | Step 8800/15377 | Loss 1.0087 | LR 2.4730e-06
2026-03-05 11:16:58 INFO Epoch 1 | Step 8820/15377 | Loss 1.0079 | LR 2.4804e-06
2026-03-05 11:17:09 INFO Epoch 1 | Step 8840/15377 | Loss 1.0072 | LR 2.4878e-06
2026-03-05 11:17:20 INFO Epoch 1 | Step 8860/15377 | Loss 1.0065 | LR 2.4952e-06
2026-03-05 11:17:32 INFO Epoch 1 | Step 8880/15377 | Loss 1.0057 | LR 2.5026e-06
2026-03-05 11:17:43 INFO Epoch 1 | Step 8900/15377 | Loss 1.0050 | LR 2.5101e-06
2026-03-05 11:17:55 INFO Epoch 1 | Step 8920/15377 | Loss 1.0043 | LR 2.5175e-06
2026-03-05 11:18:06 INFO Epoch 1 | Step 8940/15377 | Loss 1.0035 | LR 2.5250e-06
2026-03-05 11:18:17 INFO Epoch 1 | Step 8960/15377 | Loss 1.0028 | LR 2.5325e-06
2026-03-05 11:18:29 INFO Epoch 1 | Step 8980/15377 | Loss 1.0021 | LR 2.5400e-06
2026-03-05 11:18:41 INFO Epoch 1 | Step 9000/15377 | Loss 1.0014 | LR 2.5475e-06
2026-03-05 11:18:52 INFO Epoch 1 | Step 9020/15377 | Loss 1.0007 | LR 2.5550e-06
2026-03-05 11:19:03 INFO Epoch 1 | Step 9040/15377 | Loss 1.0000 | LR 2.5626e-06
2026-03-05 11:19:15 INFO Epoch 1 | Step 9060/15377 | Loss 0.9993 | LR 2.5701e-06
2026-03-05 11:19:26 INFO Epoch 1 | Step 9080/15377 | Loss 0.9986 | LR 2.5777e-06
2026-03-05 11:19:38 INFO Epoch 1 | Step 9100/15377 | Loss 0.9978 | LR 2.5853e-06
2026-03-05 11:19:49 INFO Epoch 1 | Step 9120/15377 | Loss 0.9971 | LR 2.5929e-06
2026-03-05 11:20:00 INFO Epoch 1 | Step 9140/15377 | Loss 0.9965 | LR 2.6005e-06
2026-03-05 11:20:12 INFO Epoch 1 | Step 9160/15377 | Loss 0.9957 | LR 2.6082e-06
2026-03-05 11:20:23 INFO Epoch 1 | Step 9180/15377 | Loss 0.9951 | LR 2.6158e-06
2026-03-05 11:20:35 INFO Epoch 1 | Step 9200/15377 | Loss 0.9945 | LR 2.6235e-06
2026-03-05 11:20:46 INFO Epoch 1 | Step 9220/15377 | Loss 0.9939 | LR 2.6311e-06
2026-03-05 11:20:58 INFO Epoch 1 | Step 9240/15377 | Loss 0.9932 | LR 2.6388e-06
2026-03-05 11:21:09 INFO Epoch 1 | Step 9260/15377 | Loss 0.9926 | LR 2.6465e-06
2026-03-05 11:21:21 INFO Epoch 1 | Step 9280/15377 | Loss 0.9919 | LR 2.6542e-06
2026-03-05 11:21:33 INFO Epoch 1 | Step 9300/15377 | Loss 0.9912 | LR 2.6620e-06
2026-03-05 11:21:44 INFO Epoch 1 | Step 9320/15377 | Loss 0.9906 | LR 2.6697e-06
2026-03-05 11:21:55 INFO Epoch 1 | Step 9340/15377 | Loss 0.9899 | LR 2.6775e-06
2026-03-05 11:22:07 INFO Epoch 1 | Step 9360/15377 | Loss 0.9892 | LR 2.6853e-06
2026-03-05 11:22:18 INFO Epoch 1 | Step 9380/15377 | Loss 0.9886 | LR 2.6930e-06
2026-03-05 11:22:30 INFO Epoch 1 | Step 9400/15377 | Loss 0.9879 | LR 2.7008e-06
2026-03-05 11:22:41 INFO Epoch 1 | Step 9420/15377 | Loss 0.9873 | LR 2.7087e-06
2026-03-05 11:22:53 INFO Epoch 1 | Step 9440/15377 | Loss 0.9867 | LR 2.7165e-06
2026-03-05 11:23:04 INFO Epoch 1 | Step 9460/15377 | Loss 0.9860 | LR 2.7243e-06
2026-03-05 11:23:15 INFO Epoch 1 | Step 9480/15377 | Loss 0.9853 | LR 2.7322e-06
2026-03-05 11:23:27 INFO Epoch 1 | Step 9500/15377 | Loss 0.9847 | LR 2.7401e-06
2026-03-05 11:23:38 INFO Epoch 1 | Step 9520/15377 | Loss 0.9840 | LR 2.7480e-06
2026-03-05 11:23:50 INFO Epoch 1 | Step 9540/15377 | Loss 0.9833 | LR 2.7559e-06
2026-03-05 11:24:01 INFO Epoch 1 | Step 9560/15377 | Loss 0.9827 | LR 2.7638e-06
2026-03-05 11:24:13 INFO Epoch 1 | Step 9580/15377 | Loss 0.9820 | LR 2.7717e-06
2026-03-05 11:24:24 INFO Epoch 1 | Step 9600/15377 | Loss 0.9814 | LR 2.7797e-06
2026-03-05 11:24:36 INFO Epoch 1 | Step 9620/15377 | Loss 0.9808 | LR 2.7876e-06
2026-03-05 11:24:47 INFO Epoch 1 | Step 9640/15377 | Loss 0.9802 | LR 2.7956e-06
2026-03-05 11:24:58 INFO Epoch 1 | Step 9660/15377 | Loss 0.9796 | LR 2.8036e-06
2026-03-05 11:25:10 INFO Epoch 1 | Step 9680/15377 | Loss 0.9790 | LR 2.8116e-06
2026-03-05 11:25:21 INFO Epoch 1 | Step 9700/15377 | Loss 0.9783 | LR 2.8196e-06
2026-03-05 11:25:33 INFO Epoch 1 | Step 9720/15377 | Loss 0.9777 | LR 2.8276e-06
2026-03-05 11:25:44 INFO Epoch 1 | Step 9740/15377 | Loss 0.9771 | LR 2.8357e-06
2026-03-05 11:25:56 INFO Epoch 1 | Step 9760/15377 | Loss 0.9765 | LR 2.8437e-06
2026-03-05 11:26:08 INFO Epoch 1 | Step 9780/15377 | Loss 0.9759 | LR 2.8518e-06
2026-03-05 11:26:19 INFO Epoch 1 | Step 9800/15377 | Loss 0.9752 | LR 2.8599e-06
2026-03-05 11:26:31 INFO Epoch 1 | Step 9820/15377 | Loss 0.9746 | LR 2.8680e-06
2026-03-05 11:26:42 INFO Epoch 1 | Step 9840/15377 | Loss 0.9741 | LR 2.8761e-06
2026-03-05 11:26:54 INFO Epoch 1 | Step 9860/15377 | Loss 0.9735 | LR 2.8842e-06
2026-03-05 11:27:05 INFO Epoch 1 | Step 9880/15377 | Loss 0.9729 | LR 2.8924e-06
2026-03-05 11:27:17 INFO Epoch 1 | Step 9900/15377 | Loss 0.9723 | LR 2.9005e-06
2026-03-05 11:27:28 INFO Epoch 1 | Step 9920/15377 | Loss 0.9717 | LR 2.9087e-06
2026-03-05 11:27:39 INFO Epoch 1 | Step 9940/15377 | Loss 0.9712 | LR 2.9169e-06
2026-03-05 11:27:51 INFO Epoch 1 | Step 9960/15377 | Loss 0.9706 | LR 2.9251e-06
2026-03-05 11:28:02 INFO Epoch 1 | Step 9980/15377 | Loss 0.9700 | LR 2.9333e-06
2026-03-05 11:28:14 INFO Epoch 1 | Step 10000/15377 | Loss 0.9694 | LR 2.9415e-06
2026-03-05 11:28:25 INFO Epoch 1 | Step 10020/15377 | Loss 0.9689 | LR 2.9498e-06
2026-03-05 11:28:37 INFO Epoch 1 | Step 10040/15377 | Loss 0.9683 | LR 2.9580e-06
2026-03-05 11:28:48 INFO Epoch 1 | Step 10060/15377 | Loss 0.9677 | LR 2.9663e-06
2026-03-05 11:28:59 INFO Epoch 1 | Step 10080/15377 | Loss 0.9672 | LR 2.9746e-06
2026-03-05 11:29:11 INFO Epoch 1 | Step 10100/15377 | Loss 0.9666 | LR 2.9829e-06
2026-03-05 11:29:22 INFO Epoch 1 | Step 10120/15377 | Loss 0.9660 | LR 2.9912e-06
2026-03-05 11:29:34 INFO Epoch 1 | Step 10140/15377 | Loss 0.9654 | LR 2.9995e-06
2026-03-05 11:29:45 INFO Epoch 1 | Step 10160/15377 | Loss 0.9649 | LR 3.0078e-06
2026-03-05 11:29:56 INFO Epoch 1 | Step 10180/15377 | Loss 0.9643 | LR 3.0162e-06
2026-03-05 11:30:08 INFO Epoch 1 | Step 10200/15377 | Loss 0.9638 | LR 3.0245e-06
2026-03-05 11:30:19 INFO Epoch 1 | Step 10220/15377 | Loss 0.9632 | LR 3.0329e-06
2026-03-05 11:30:31 INFO Epoch 1 | Step 10240/15377 | Loss 0.9627 | LR 3.0413e-06
2026-03-05 11:30:42 INFO Epoch 1 | Step 10260/15377 | Loss 0.9621 | LR 3.0497e-06
2026-03-05 11:30:54 INFO Epoch 1 | Step 10280/15377 | Loss 0.9616 | LR 3.0581e-06
2026-03-05 11:31:05 INFO Epoch 1 | Step 10300/15377 | Loss 0.9610 | LR 3.0666e-06
2026-03-05 11:31:17 INFO Epoch 1 | Step 10320/15377 | Loss 0.9604 | LR 3.0750e-06
2026-03-05 11:31:28 INFO Epoch 1 | Step 10340/15377 | Loss 0.9599 | LR 3.0835e-06
2026-03-05 11:31:40 INFO Epoch 1 | Step 10360/15377 | Loss 0.9593 | LR 3.0919e-06
2026-03-05 11:31:52 INFO Epoch 1 | Step 10380/15377 | Loss 0.9588 | LR 3.1004e-06
2026-03-05 11:32:03 INFO Epoch 1 | Step 10400/15377 | Loss 0.9583 | LR 3.1089e-06
2026-03-05 11:32:15 INFO Epoch 1 | Step 10420/15377 | Loss 0.9577 | LR 3.1174e-06
2026-03-05 11:32:26 INFO Epoch 1 | Step 10440/15377 | Loss 0.9572 | LR 3.1260e-06
2026-03-05 11:32:37 INFO Epoch 1 | Step 10460/15377 | Loss 0.9566 | LR 3.1345e-06
2026-03-05 11:32:49 INFO Epoch 1 | Step 10480/15377 | Loss 0.9562 | LR 3.1431e-06
2026-03-05 11:33:00 INFO Epoch 1 | Step 10500/15377 | Loss 0.9557 | LR 3.1516e-06
2026-03-05 11:33:12 INFO Epoch 1 | Step 10520/15377 | Loss 0.9552 | LR 3.1602e-06
2026-03-05 11:33:23 INFO Epoch 1 | Step 10540/15377 | Loss 0.9546 | LR 3.1688e-06
2026-03-05 11:33:35 INFO Epoch 1 | Step 10560/15377 | Loss 0.9541 | LR 3.1774e-06
2026-03-05 11:33:46 INFO Epoch 1 | Step 10580/15377 | Loss 0.9536 | LR 3.1860e-06
2026-03-05 11:33:58 INFO Epoch 1 | Step 10600/15377 | Loss 0.9531 | LR 3.1947e-06
2026-03-05 11:34:09 INFO Epoch 1 | Step 10620/15377 | Loss 0.9525 | LR 3.2033e-06
2026-03-05 11:34:21 INFO Epoch 1 | Step 10640/15377 | Loss 0.9520 | LR 3.2120e-06
2026-03-05 11:34:33 INFO Epoch 1 | Step 10660/15377 | Loss 0.9515 | LR 3.2206e-06
2026-03-05 11:34:44 INFO Epoch 1 | Step 10680/15377 | Loss 0.9509 | LR 3.2293e-06
2026-03-05 11:34:55 INFO Epoch 1 | Step 10700/15377 | Loss 0.9505 | LR 3.2380e-06
2026-03-05 11:35:07 INFO Epoch 1 | Step 10720/15377 | Loss 0.9499 | LR 3.2467e-06
2026-03-05 11:35:18 INFO Epoch 1 | Step 10740/15377 | Loss 0.9494 | LR 3.2555e-06
2026-03-05 11:35:30 INFO Epoch 1 | Step 10760/15377 | Loss 0.9489 | LR 3.2642e-06
2026-03-05 11:35:41 INFO Epoch 1 | Step 10780/15377 | Loss 0.9484 | LR 3.2730e-06
2026-03-05 11:35:53 INFO Epoch 1 | Step 10800/15377 | Loss 0.9479 | LR 3.2817e-06
2026-03-05 11:36:04 INFO Epoch 1 | Step 10820/15377 | Loss 0.9474 | LR 3.2905e-06
2026-03-05 11:36:16 INFO Epoch 1 | Step 10840/15377 | Loss 0.9469 | LR 3.2993e-06
2026-03-05 11:36:27 INFO Epoch 1 | Step 10860/15377 | Loss 0.9464 | LR 3.3081e-06
2026-03-05 11:36:39 INFO Epoch 1 | Step 10880/15377 | Loss 0.9458 | LR 3.3169e-06
2026-03-05 11:36:50 INFO Epoch 1 | Step 10900/15377 | Loss 0.9453 | LR 3.3258e-06
2026-03-05 11:37:02 INFO Epoch 1 | Step 10920/15377 | Loss 0.9448 | LR 3.3346e-06
2026-03-05 11:37:13 INFO Epoch 1 | Step 10940/15377 | Loss 0.9443 | LR 3.3435e-06
2026-03-05 11:37:24 INFO Epoch 1 | Step 10960/15377 | Loss 0.9438 | LR 3.3523e-06
2026-03-05 11:37:36 INFO Epoch 1 | Step 10980/15377 | Loss 0.9433 | LR 3.3612e-06
2026-03-05 11:37:47 INFO Epoch 1 | Step 11000/15377 | Loss 0.9429 | LR 3.3701e-06
2026-03-05 11:37:59 INFO Epoch 1 | Step 11020/15377 | Loss 0.9424 | LR 3.3790e-06
2026-03-05 11:38:11 INFO Epoch 1 | Step 11040/15377 | Loss 0.9419 | LR 3.3880e-06
2026-03-05 11:38:22 INFO Epoch 1 | Step 11060/15377 | Loss 0.9414 | LR 3.3969e-06
2026-03-05 11:38:33 INFO Epoch 1 | Step 11080/15377 | Loss 0.9409 | LR 3.4058e-06
2026-03-05 11:38:45 INFO Epoch 1 | Step 11100/15377 | Loss 0.9404 | LR 3.4148e-06
2026-03-05 11:38:56 INFO Epoch 1 | Step 11120/15377 | Loss 0.9400 | LR 3.4238e-06
2026-03-05 11:39:07 INFO Epoch 1 | Step 11140/15377 | Loss 0.9395 | LR 3.4328e-06
2026-03-05 11:39:19 INFO Epoch 1 | Step 11160/15377 | Loss 0.9391 | LR 3.4418e-06
2026-03-05 11:39:30 INFO Epoch 1 | Step 11180/15377 | Loss 0.9386 | LR 3.4508e-06
2026-03-05 11:39:42 INFO Epoch 1 | Step 11200/15377 | Loss 0.9382 | LR 3.4598e-06
2026-03-05 11:39:53 INFO Epoch 1 | Step 11220/15377 | Loss 0.9377 | LR 3.4689e-06
2026-03-05 11:40:04 INFO Epoch 1 | Step 11240/15377 | Loss 0.9373 | LR 3.4779e-06
2026-03-05 11:40:16 INFO Epoch 1 | Step 11260/15377 | Loss 0.9368 | LR 3.4870e-06
2026-03-05 11:40:27 INFO Epoch 1 | Step 11280/15377 | Loss 0.9363 | LR 3.4961e-06
2026-03-05 11:40:39 INFO Epoch 1 | Step 11300/15377 | Loss 0.9359 | LR 3.5051e-06
2026-03-05 11:40:50 INFO Epoch 1 | Step 11320/15377 | Loss 0.9354 | LR 3.5143e-06
2026-03-05 11:41:01 INFO Epoch 1 | Step 11340/15377 | Loss 0.9350 | LR 3.5234e-06
2026-03-05 11:41:13 INFO Epoch 1 | Step 11360/15377 | Loss 0.9345 | LR 3.5325e-06
2026-03-05 11:41:24 INFO Epoch 1 | Step 11380/15377 | Loss 0.9341 | LR 3.5416e-06
2026-03-05 11:41:36 INFO Epoch 1 | Step 11400/15377 | Loss 0.9336 | LR 3.5508e-06
2026-03-05 11:41:47 INFO Epoch 1 | Step 11420/15377 | Loss 0.9332 | LR 3.5600e-06
2026-03-05 11:41:59 INFO Epoch 1 | Step 11440/15377 | Loss 0.9328 | LR 3.5691e-06
2026-03-05 11:42:10 INFO Epoch 1 | Step 11460/15377 | Loss 0.9323 | LR 3.5783e-06
2026-03-05 11:42:21 INFO Epoch 1 | Step 11480/15377 | Loss 0.9319 | LR 3.5875e-06
2026-03-05 11:42:33 INFO Epoch 1 | Step 11500/15377 | Loss 0.9314 | LR 3.5968e-06
2026-03-05 11:42:44 INFO Epoch 1 | Step 11520/15377 | Loss 0.9310 | LR 3.6060e-06
2026-03-05 11:42:55 INFO Epoch 1 | Step 11540/15377 | Loss 0.9305 | LR 3.6152e-06
2026-03-05 11:43:07 INFO Epoch 1 | Step 11560/15377 | Loss 0.9301 | LR 3.6245e-06
2026-03-05 11:43:18 INFO Epoch 1 | Step 11580/15377 | Loss 0.9297 | LR 3.6338e-06
2026-03-05 11:43:30 INFO Epoch 1 | Step 11600/15377 | Loss 0.9292 | LR 3.6431e-06
2026-03-05 11:43:41 INFO Epoch 1 | Step 11620/15377 | Loss 0.9288 | LR 3.6523e-06
2026-03-05 11:43:53 INFO Epoch 1 | Step 11640/15377 | Loss 0.9284 | LR 3.6617e-06
2026-03-05 11:44:04 INFO Epoch 1 | Step 11660/15377 | Loss 0.9280 | LR 3.6710e-06
2026-03-05 11:44:15 INFO Epoch 1 | Step 11680/15377 | Loss 0.9276 | LR 3.6803e-06
2026-03-05 11:44:27 INFO Epoch 1 | Step 11700/15377 | Loss 0.9271 | LR 3.6896e-06
2026-03-05 11:44:38 INFO Epoch 1 | Step 11720/15377 | Loss 0.9268 | LR 3.6990e-06
2026-03-05 11:44:49 INFO Epoch 1 | Step 11740/15377 | Loss 0.9264 | LR 3.7084e-06
2026-03-05 11:45:01 INFO Epoch 1 | Step 11760/15377 | Loss 0.9260 | LR 3.7178e-06
2026-03-05 11:45:12 INFO Epoch 1 | Step 11780/15377 | Loss 0.9255 | LR 3.7272e-06
2026-03-05 11:45:23 INFO Epoch 1 | Step 11800/15377 | Loss 0.9251 | LR 3.7366e-06
2026-03-05 11:45:35 INFO Epoch 1 | Step 11820/15377 | Loss 0.9247 | LR 3.7460e-06
2026-03-05 11:45:46 INFO Epoch 1 | Step 11840/15377 | Loss 0.9243 | LR 3.7554e-06
2026-03-05 11:45:57 INFO Epoch 1 | Step 11860/15377 | Loss 0.9239 | LR 3.7649e-06
2026-03-05 11:46:09 INFO Epoch 1 | Step 11880/15377 | Loss 0.9235 | LR 3.7743e-06
2026-03-05 11:46:20 INFO Epoch 1 | Step 11900/15377 | Loss 0.9231 | LR 3.7838e-06
2026-03-05 11:46:32 INFO Epoch 1 | Step 11920/15377 | Loss 0.9227 | LR 3.7933e-06
2026-03-05 11:46:43 INFO Epoch 1 | Step 11940/15377 | Loss 0.9222 | LR 3.8028e-06
2026-03-05 11:46:54 INFO Epoch 1 | Step 11960/15377 | Loss 0.9218 | LR 3.8123e-06
2026-03-05 11:47:06 INFO Epoch 1 | Step 11980/15377 | Loss 0.9214 | LR 3.8218e-06
2026-03-05 11:47:17 INFO Epoch 1 | Step 12000/15377 | Loss 0.9210 | LR 3.8313e-06
2026-03-05 11:47:28 INFO Epoch 1 | Step 12020/15377 | Loss 0.9206 | LR 3.8408e-06
2026-03-05 11:47:40 INFO Epoch 1 | Step 12040/15377 | Loss 0.9202 | LR 3.8504e-06
2026-03-05 11:47:51 INFO Epoch 1 | Step 12060/15377 | Loss 0.9198 | LR 3.8600e-06
2026-03-05 11:48:02 INFO Epoch 1 | Step 12080/15377 | Loss 0.9194 | LR 3.8695e-06
2026-03-05 11:48:14 INFO Epoch 1 | Step 12100/15377 | Loss 0.9190 | LR 3.8791e-06
2026-03-05 11:48:25 INFO Epoch 1 | Step 12120/15377 | Loss 0.9186 | LR 3.8887e-06
2026-03-05 11:48:37 INFO Epoch 1 | Step 12140/15377 | Loss 0.9182 | LR 3.8984e-06
2026-03-05 11:48:48 INFO Epoch 1 | Step 12160/15377 | Loss 0.9178 | LR 3.9080e-06
2026-03-05 11:48:59 INFO Epoch 1 | Step 12180/15377 | Loss 0.9174 | LR 3.9176e-06
2026-03-05 11:49:11 INFO Epoch 1 | Step 12200/15377 | Loss 0.9170 | LR 3.9273e-06
2026-03-05 11:49:22 INFO Epoch 1 | Step 12220/15377 | Loss 0.9166 | LR 3.9369e-06
2026-03-05 11:49:34 INFO Epoch 1 | Step 12240/15377 | Loss 0.9162 | LR 3.9466e-06
2026-03-05 11:49:45 INFO Epoch 1 | Step 12260/15377 | Loss 0.9158 | LR 3.9563e-06
2026-03-05 11:49:56 INFO Epoch 1 | Step 12280/15377 | Loss 0.9154 | LR 3.9660e-06
2026-03-05 11:50:07 INFO Epoch 1 | Step 12300/15377 | Loss 0.9150 | LR 3.9757e-06
2026-03-05 11:50:19 INFO Epoch 1 | Step 12320/15377 | Loss 0.9146 | LR 3.9854e-06
2026-03-05 11:50:30 INFO Epoch 1 | Step 12340/15377 | Loss 0.9142 | LR 3.9952e-06
2026-03-05 11:50:41 INFO Epoch 1 | Step 12360/15377 | Loss 0.9138 | LR 4.0049e-06
2026-03-05 11:50:53 INFO Epoch 1 | Step 12380/15377 | Loss 0.9134 | LR 4.0147e-06
2026-03-05 11:51:04 INFO Epoch 1 | Step 12400/15377 | Loss 0.9131 | LR 4.0244e-06
2026-03-05 11:51:16 INFO Epoch 1 | Step 12420/15377 | Loss 0.9127 | LR 4.0342e-06
2026-03-05 11:51:27 INFO Epoch 1 | Step 12440/15377 | Loss 0.9123 | LR 4.0440e-06
2026-03-05 11:51:38 INFO Epoch 1 | Step 12460/15377 | Loss 0.9120 | LR 4.0538e-06
2026-03-05 11:51:50 INFO Epoch 1 | Step 12480/15377 | Loss 0.9116 | LR 4.0636e-06
2026-03-05 11:52:01 INFO Epoch 1 | Step 12500/15377 | Loss 0.9112 | LR 4.0735e-06
2026-03-05 11:52:12 INFO Epoch 1 | Step 12520/15377 | Loss 0.9109 | LR 4.0833e-06
2026-03-05 11:52:24 INFO Epoch 1 | Step 12540/15377 | Loss 0.9105 | LR 4.0931e-06
2026-03-05 11:52:35 INFO Epoch 1 | Step 12560/15377 | Loss 0.9101 | LR 4.1030e-06
2026-03-05 11:52:46 INFO Epoch 1 | Step 12580/15377 | Loss 0.9097 | LR 4.1129e-06
2026-03-05 11:52:58 INFO Epoch 1 | Step 12600/15377 | Loss 0.9094 | LR 4.1228e-06
2026-03-05 11:53:09 INFO Epoch 1 | Step 12620/15377 | Loss 0.9090 | LR 4.1327e-06
2026-03-05 11:53:20 INFO Epoch 1 | Step 12640/15377 | Loss 0.9086 | LR 4.1426e-06
2026-03-05 11:53:32 INFO Epoch 1 | Step 12660/15377 | Loss 0.9082 | LR 4.1525e-06
2026-03-05 11:53:44 INFO Epoch 1 | Step 12680/15377 | Loss 0.9079 | LR 4.1624e-06
2026-03-05 11:53:55 INFO Epoch 1 | Step 12700/15377 | Loss 0.9075 | LR 4.1724e-06
2026-03-05 11:54:06 INFO Epoch 1 | Step 12720/15377 | Loss 0.9072 | LR 4.1823e-06
2026-03-05 11:54:18 INFO Epoch 1 | Step 12740/15377 | Loss 0.9068 | LR 4.1923e-06
2026-03-05 11:54:29 INFO Epoch 1 | Step 12760/15377 | Loss 0.9065 | LR 4.2023e-06
2026-03-05 11:54:41 INFO Epoch 1 | Step 12780/15377 | Loss 0.9061 | LR 4.2123e-06
2026-03-05 11:54:52 INFO Epoch 1 | Step 12800/15377 | Loss 0.9058 | LR 4.2223e-06
2026-03-05 11:55:03 INFO Epoch 1 | Step 12820/15377 | Loss 0.9054 | LR 4.2323e-06
2026-03-05 11:55:15 INFO Epoch 1 | Step 12840/15377 | Loss 0.9050 | LR 4.2423e-06
2026-03-05 11:55:26 INFO Epoch 1 | Step 12860/15377 | Loss 0.9047 | LR 4.2524e-06
2026-03-05 11:55:38 INFO Epoch 1 | Step 12880/15377 | Loss 0.9043 | LR 4.2624e-06
2026-03-05 11:55:49 INFO Epoch 1 | Step 12900/15377 | Loss 0.9040 | LR 4.2725e-06
2026-03-05 11:56:00 INFO Epoch 1 | Step 12920/15377 | Loss 0.9036 | LR 4.2825e-06
2026-03-05 11:56:12 INFO Epoch 1 | Step 12940/15377 | Loss 0.9032 | LR 4.2926e-06
2026-03-05 11:56:23 INFO Epoch 1 | Step 12960/15377 | Loss 0.9029 | LR 4.3027e-06
2026-03-05 11:56:34 INFO Epoch 1 | Step 12980/15377 | Loss 0.9025 | LR 4.3128e-06
2026-03-05 11:56:45 INFO Epoch 1 | Step 13000/15377 | Loss 0.9022 | LR 4.3229e-06
2026-03-05 11:56:57 INFO Epoch 1 | Step 13020/15377 | Loss 0.9018 | LR 4.3331e-06
2026-03-05 11:57:08 INFO Epoch 1 | Step 13040/15377 | Loss 0.9014 | LR 4.3432e-06
2026-03-05 11:57:19 INFO Epoch 1 | Step 13060/15377 | Loss 0.9011 | LR 4.3534e-06
2026-03-05 11:57:31 INFO Epoch 1 | Step 13080/15377 | Loss 0.9008 | LR 4.3635e-06
2026-03-05 11:57:42 INFO Epoch 1 | Step 13100/15377 | Loss 0.9004 | LR 4.3737e-06
2026-03-05 11:57:53 INFO Epoch 1 | Step 13120/15377 | Loss 0.9000 | LR 4.3839e-06
2026-03-05 11:58:05 INFO Epoch 1 | Step 13140/15377 | Loss 0.8997 | LR 4.3941e-06
2026-03-05 11:58:16 INFO Epoch 1 | Step 13160/15377 | Loss 0.8994 | LR 4.4043e-06
2026-03-05 11:58:27 INFO Epoch 1 | Step 13180/15377 | Loss 0.8990 | LR 4.4145e-06
2026-03-05 11:58:39 INFO Epoch 1 | Step 13200/15377 | Loss 0.8987 | LR 4.4247e-06
2026-03-05 11:58:50 INFO Epoch 1 | Step 13220/15377 | Loss 0.8983 | LR 4.4350e-06
2026-03-05 11:59:01 INFO Epoch 1 | Step 13240/15377 | Loss 0.8980 | LR 4.4452e-06
2026-03-05 11:59:13 INFO Epoch 1 | Step 13260/15377 | Loss 0.8976 | LR 4.4555e-06
2026-03-05 11:59:24 INFO Epoch 1 | Step 13280/15377 | Loss 0.8973 | LR 4.4658e-06
2026-03-05 11:59:35 INFO Epoch 1 | Step 13300/15377 | Loss 0.8969 | LR 4.4760e-06
2026-03-05 11:59:47 INFO Epoch 1 | Step 13320/15377 | Loss 0.8965 | LR 4.4863e-06
2026-03-05 11:59:58 INFO Epoch 1 | Step 13340/15377 | Loss 0.8962 | LR 4.4966e-06
2026-03-05 12:00:09 INFO Epoch 1 | Step 13360/15377 | Loss 0.8959 | LR 4.5070e-06
2026-03-05 12:00:21 INFO Epoch 1 | Step 13380/15377 | Loss 0.8955 | LR 4.5173e-06
2026-03-05 12:00:32 INFO Epoch 1 | Step 13400/15377 | Loss 0.8952 | LR 4.5276e-06
2026-03-05 12:00:44 INFO Epoch 1 | Step 13420/15377 | Loss 0.8948 | LR 4.5380e-06
2026-03-05 12:00:55 INFO Epoch 1 | Step 13440/15377 | Loss 0.8945 | LR 4.5483e-06
2026-03-05 12:01:06 INFO Epoch 1 | Step 13460/15377 | Loss 0.8942 | LR 4.5587e-06
2026-03-05 12:01:18 INFO Epoch 1 | Step 13480/15377 | Loss 0.8938 | LR 4.5691e-06
2026-03-05 12:01:29 INFO Epoch 1 | Step 13500/15377 | Loss 0.8935 | LR 4.5795e-06
2026-03-05 12:01:40 INFO Epoch 1 | Step 13520/15377 | Loss 0.8931 | LR 4.5899e-06
2026-03-05 12:01:52 INFO Epoch 1 | Step 13540/15377 | Loss 0.8928 | LR 4.6003e-06
2026-03-05 12:02:03 INFO Epoch 1 | Step 13560/15377 | Loss 0.8925 | LR 4.6107e-06
2026-03-05 12:02:14 INFO Epoch 1 | Step 13580/15377 | Loss 0.8921 | LR 4.6212e-06
2026-03-05 12:02:26 INFO Epoch 1 | Step 13600/15377 | Loss 0.8918 | LR 4.6316e-06
2026-03-05 12:02:37 INFO Epoch 1 | Step 13620/15377 | Loss 0.8915 | LR 4.6421e-06
2026-03-05 12:02:49 INFO Epoch 1 | Step 13640/15377 | Loss 0.8911 | LR 4.6525e-06
2026-03-05 12:03:00 INFO Epoch 1 | Step 13660/15377 | Loss 0.8908 | LR 4.6630e-06
2026-03-05 12:03:11 INFO Epoch 1 | Step 13680/15377 | Loss 0.8905 | LR 4.6735e-06
2026-03-05 12:03:23 INFO Epoch 1 | Step 13700/15377 | Loss 0.8902 | LR 4.6840e-06
2026-03-05 12:03:34 INFO Epoch 1 | Step 13720/15377 | Loss 0.8899 | LR 4.6945e-06
2026-03-05 12:03:46 INFO Epoch 1 | Step 13740/15377 | Loss 0.8896 | LR 4.7050e-06
2026-03-05 12:03:57 INFO Epoch 1 | Step 13760/15377 | Loss 0.8892 | LR 4.7156e-06
2026-03-05 12:04:08 INFO Epoch 1 | Step 13780/15377 | Loss 0.8889 | LR 4.7261e-06
2026-03-05 12:04:20 INFO Epoch 1 | Step 13800/15377 | Loss 0.8886 | LR 4.7367e-06
2026-03-05 12:04:31 INFO Epoch 1 | Step 13820/15377 | Loss 0.8883 | LR 4.7472e-06
2026-03-05 12:04:42 INFO Epoch 1 | Step 13840/15377 | Loss 0.8880 | LR 4.7578e-06
2026-03-05 12:04:54 INFO Epoch 1 | Step 13860/15377 | Loss 0.8877 | LR 4.7684e-06
2026-03-05 12:05:05 INFO Epoch 1 | Step 13880/15377 | Loss 0.8874 | LR 4.7790e-06
2026-03-05 12:05:17 INFO Epoch 1 | Step 13900/15377 | Loss 0.8871 | LR 4.7896e-06
2026-03-05 12:05:28 INFO Epoch 1 | Step 13920/15377 | Loss 0.8868 | LR 4.8002e-06
2026-03-05 12:05:40 INFO Epoch 1 | Step 13940/15377 | Loss 0.8864 | LR 4.8108e-06
2026-03-05 12:05:51 INFO Epoch 1 | Step 13960/15377 | Loss 0.8861 | LR 4.8215e-06
2026-03-05 12:06:02 INFO Epoch 1 | Step 13980/15377 | Loss 0.8858 | LR 4.8321e-06
2026-03-05 12:06:14 INFO Epoch 1 | Step 14000/15377 | Loss 0.8854 | LR 4.8428e-06
2026-03-05 12:06:25 INFO Epoch 1 | Step 14020/15377 | Loss 0.8852 | LR 4.8534e-06
2026-03-05 12:06:37 INFO Epoch 1 | Step 14040/15377 | Loss 0.8849 | LR 4.8641e-06
2026-03-05 12:06:48 INFO Epoch 1 | Step 14060/15377 | Loss 0.8846 | LR 4.8748e-06
2026-03-05 12:06:59 INFO Epoch 1 | Step 14080/15377 | Loss 0.8843 | LR 4.8855e-06
2026-03-05 12:07:11 INFO Epoch 1 | Step 14100/15377 | Loss 0.8840 | LR 4.8962e-06
2026-03-05 12:07:22 INFO Epoch 1 | Step 14120/15377 | Loss 0.8837 | LR 4.9069e-06
2026-03-05 12:07:34 INFO Epoch 1 | Step 14140/15377 | Loss 0.8834 | LR 4.9176e-06
2026-03-05 12:07:45 INFO Epoch 1 | Step 14160/15377 | Loss 0.8831 | LR 4.9284e-06
2026-03-05 12:07:56 INFO Epoch 1 | Step 14180/15377 | Loss 0.8827 | LR 4.9391e-06
2026-03-05 12:08:08 INFO Epoch 1 | Step 14200/15377 | Loss 0.8824 | LR 4.9499e-06
2026-03-05 12:08:19 INFO Epoch 1 | Step 14220/15377 | Loss 0.8821 | LR 4.9607e-06
2026-03-05 12:08:30 INFO Epoch 1 | Step 14240/15377 | Loss 0.8818 | LR 4.9714e-06
2026-03-05 12:08:41 INFO Epoch 1 | Step 14260/15377 | Loss 0.8815 | LR 4.9822e-06
2026-03-05 12:08:53 INFO Epoch 1 | Step 14280/15377 | Loss 0.8812 | LR 4.9930e-06
2026-03-05 12:09:04 INFO Epoch 1 | Step 14300/15377 | Loss 0.8809 | LR 5.0038e-06
2026-03-05 12:09:15 INFO Epoch 1 | Step 14320/15377 | Loss 0.8806 | LR 5.0147e-06
2026-03-05 12:09:26 INFO Epoch 1 | Step 14340/15377 | Loss 0.8804 | LR 5.0255e-06
2026-03-05 12:09:38 INFO Epoch 1 | Step 14360/15377 | Loss 0.8801 | LR 5.0363e-06
2026-03-05 12:09:49 INFO Epoch 1 | Step 14380/15377 | Loss 0.8798 | LR 5.0472e-06
2026-03-05 12:10:00 INFO Epoch 1 | Step 14400/15377 | Loss 0.8795 | LR 5.0580e-06
2026-03-05 12:10:11 INFO Epoch 1 | Step 14420/15377 | Loss 0.8792 | LR 5.0689e-06
2026-03-05 12:10:23 INFO Epoch 1 | Step 14440/15377 | Loss 0.8789 | LR 5.0798e-06
2026-03-05 12:10:34 INFO Epoch 1 | Step 14460/15377 | Loss 0.8786 | LR 5.0907e-06
2026-03-05 12:10:45 INFO Epoch 1 | Step 14480/15377 | Loss 0.8784 | LR 5.1016e-06
2026-03-05 12:10:56 INFO Epoch 1 | Step 14500/15377 | Loss 0.8781 | LR 5.1125e-06
2026-03-05 12:11:08 INFO Epoch 1 | Step 14520/15377 | Loss 0.8778 | LR 5.1234e-06
2026-03-05 12:11:19 INFO Epoch 1 | Step 14540/15377 | Loss 0.8775 | LR 5.1343e-06
2026-03-05 12:11:31 INFO Epoch 1 | Step 14560/15377 | Loss 0.8772 | LR 5.1453e-06
2026-03-05 12:11:42 INFO Epoch 1 | Step 14580/15377 | Loss 0.8769 | LR 5.1562e-06
2026-03-05 12:11:53 INFO Epoch 1 | Step 14600/15377 | Loss 0.8766 | LR 5.1672e-06
2026-03-05 12:12:04 INFO Epoch 1 | Step 14620/15377 | Loss 0.8764 | LR 5.1781e-06
2026-03-05 12:12:16 INFO Epoch 1 | Step 14640/15377 | Loss 0.8761 | LR 5.1891e-06
2026-03-05 12:12:27 INFO Epoch 1 | Step 14660/15377 | Loss 0.8758 | LR 5.2001e-06
2026-03-05 12:12:38 INFO Epoch 1 | Step 14680/15377 | Loss 0.8755 | LR 5.2111e-06
2026-03-05 12:12:50 INFO Epoch 1 | Step 14700/15377 | Loss 0.8752 | LR 5.2221e-06
2026-03-05 12:13:01 INFO Epoch 1 | Step 14720/15377 | Loss 0.8749 | LR 5.2331e-06
2026-03-05 12:13:12 INFO Epoch 1 | Step 14740/15377 | Loss 0.8747 | LR 5.2441e-06
2026-03-05 12:13:24 INFO Epoch 1 | Step 14760/15377 | Loss 0.8744 | LR 5.2552e-06
2026-03-05 12:13:35 INFO Epoch 1 | Step 14780/15377 | Loss 0.8741 | LR 5.2662e-06
2026-03-05 12:13:46 INFO Epoch 1 | Step 14800/15377 | Loss 0.8739 | LR 5.2773e-06
2026-03-05 12:13:58 INFO Epoch 1 | Step 14820/15377 | Loss 0.8736 | LR 5.2883e-06
2026-03-05 12:14:09 INFO Epoch 1 | Step 14840/15377 | Loss 0.8733 | LR 5.2994e-06
2026-03-05 12:14:20 INFO Epoch 1 | Step 14860/15377 | Loss 0.8730 | LR 5.3105e-06
2026-03-05 12:14:31 INFO Epoch 1 | Step 14880/15377 | Loss 0.8727 | LR 5.3216e-06
2026-03-05 12:14:43 INFO Epoch 1 | Step 14900/15377 | Loss 0.8725 | LR 5.3327e-06
2026-03-05 12:14:54 INFO Epoch 1 | Step 14920/15377 | Loss 0.8722 | LR 5.3438e-06
2026-03-05 12:15:05 INFO Epoch 1 | Step 14940/15377 | Loss 0.8719 | LR 5.3549e-06
2026-03-05 12:15:17 INFO Epoch 1 | Step 14960/15377 | Loss 0.8717 | LR 5.3660e-06
2026-03-05 12:15:28 INFO Epoch 1 | Step 14980/15377 | Loss 0.8714 | LR 5.3772e-06
2026-03-05 12:15:39 INFO Epoch 1 | Step 15000/15377 | Loss 0.8711 | LR 5.3883e-06
2026-03-05 12:15:50 INFO Epoch 1 | Step 15020/15377 | Loss 0.8709 | LR 5.3995e-06
2026-03-05 12:16:02 INFO Epoch 1 | Step 15040/15377 | Loss 0.8706 | LR 5.4107e-06
2026-03-05 12:16:13 INFO Epoch 1 | Step 15060/15377 | Loss 0.8703 | LR 5.4218e-06
2026-03-05 12:16:24 INFO Epoch 1 | Step 15080/15377 | Loss 0.8701 | LR 5.4330e-06
2026-03-05 12:16:36 INFO Epoch 1 | Step 15100/15377 | Loss 0.8698 | LR 5.4442e-06
2026-03-05 12:16:47 INFO Epoch 1 | Step 15120/15377 | Loss 0.8695 | LR 5.4554e-06
2026-03-05 12:16:58 INFO Epoch 1 | Step 15140/15377 | Loss 0.8692 | LR 5.4666e-06
2026-03-05 12:17:10 INFO Epoch 1 | Step 15160/15377 | Loss 0.8690 | LR 5.4779e-06
2026-03-05 12:17:21 INFO Epoch 1 | Step 15180/15377 | Loss 0.8687 | LR 5.4891e-06
2026-03-05 12:17:33 INFO Epoch 1 | Step 15200/15377 | Loss 0.8685 | LR 5.5003e-06
2026-03-05 12:17:44 INFO Epoch 1 | Step 15220/15377 | Loss 0.8682 | LR 5.5116e-06
2026-03-05 12:17:55 INFO Epoch 1 | Step 15240/15377 | Loss 0.8679 | LR 5.5228e-06
2026-03-05 12:18:06 INFO Epoch 1 | Step 15260/15377 | Loss 0.8677 | LR 5.5341e-06
2026-03-05 12:18:18 INFO Epoch 1 | Step 15280/15377 | Loss 0.8674 | LR 5.5454e-06
2026-03-05 12:18:29 INFO Epoch 1 | Step 15300/15377 | Loss 0.8672 | LR 5.5567e-06
2026-03-05 12:18:41 INFO Epoch 1 | Step 15320/15377 | Loss 0.8669 | LR 5.5680e-06
2026-03-05 12:18:52 INFO Epoch 1 | Step 15340/15377 | Loss 0.8666 | LR 5.5793e-06
2026-03-05 12:19:03 INFO Epoch 1 | Step 15360/15377 | Loss 0.8664 | LR 5.5906e-06
2026-03-05 12:19:13 INFO Epoch 1 | Step 15377/15377 | Loss 0.8662 | LR 5.6002e-06
2026-03-05 12:52:00 INFO CSV Written | Epoch: 1
2026-03-05 12:52:01 INFO Best Saved | Epoch: 1 | Monitor: val_auprc | Value: 0.1050
2026-03-05 12:52:01 INFO Epoch Done | Epoch: 1 | Time: 10748.7966 | Train Loss: 0.8662 | Val Accuracy: 0.9208 | Val AUPRC: 0.1050 | Val Auroc: 0.8917 | Val F1: 0.1653 | Val Loss: 0.6647
2026-03-05 12:52:01 INFO Epoch Start | Epoch: 2
2026-03-05 12:52:03 INFO Epoch 2 | Step 1/15377 | Loss 0.6201 | LR 5.6008e-06
2026-03-05 12:52:13 INFO Epoch 2 | Step 20/15377 | Loss 0.6762 | LR 5.6115e-06
2026-03-05 12:52:25 INFO Epoch 2 | Step 40/15377 | Loss 0.6702 | LR 5.6229e-06
2026-03-05 12:52:36 INFO Epoch 2 | Step 60/15377 | Loss 0.6692 | LR 5.6342e-06
2026-03-05 12:52:48 INFO Epoch 2 | Step 80/15377 | Loss 0.6668 | LR 5.6456e-06
2026-03-05 12:52:59 INFO Epoch 2 | Step 100/15377 | Loss 0.6700 | LR 5.6569e-06
2026-03-05 12:53:11 INFO Epoch 2 | Step 120/15377 | Loss 0.6714 | LR 5.6683e-06
2026-03-05 12:53:22 INFO Epoch 2 | Step 140/15377 | Loss 0.6728 | LR 5.6797e-06
2026-03-05 12:53:34 INFO Epoch 2 | Step 160/15377 | Loss 0.6717 | LR 5.6911e-06
2026-03-05 12:53:45 INFO Epoch 2 | Step 180/15377 | Loss 0.6709 | LR 5.7025e-06
2026-03-05 12:53:57 INFO Epoch 2 | Step 200/15377 | Loss 0.6697 | LR 5.7139e-06
2026-03-05 12:54:08 INFO Epoch 2 | Step 220/15377 | Loss 0.6710 | LR 5.7253e-06
2026-03-05 12:54:19 INFO Epoch 2 | Step 240/15377 | Loss 0.6701 | LR 5.7367e-06
2026-03-05 12:54:31 INFO Epoch 2 | Step 260/15377 | Loss 0.6697 | LR 5.7481e-06
2026-03-05 12:54:42 INFO Epoch 2 | Step 280/15377 | Loss 0.6694 | LR 5.7596e-06
2026-03-05 12:54:54 INFO Epoch 2 | Step 300/15377 | Loss 0.6694 | LR 5.7710e-06
2026-03-05 12:55:05 INFO Epoch 2 | Step 320/15377 | Loss 0.6690 | LR 5.7825e-06
2026-03-05 12:55:17 INFO Epoch 2 | Step 340/15377 | Loss 0.6695 | LR 5.7940e-06
2026-03-05 12:55:28 INFO Epoch 2 | Step 360/15377 | Loss 0.6697 | LR 5.8054e-06
2026-03-05 12:55:40 INFO Epoch 2 | Step 380/15377 | Loss 0.6695 | LR 5.8169e-06
2026-03-05 12:55:51 INFO Epoch 2 | Step 400/15377 | Loss 0.6695 | LR 5.8284e-06
2026-03-05 12:56:03 INFO Epoch 2 | Step 420/15377 | Loss 0.6691 | LR 5.8399e-06
2026-03-05 12:56:14 INFO Epoch 2 | Step 440/15377 | Loss 0.6687 | LR 5.8514e-06
2026-03-05 12:56:26 INFO Epoch 2 | Step 460/15377 | Loss 0.6689 | LR 5.8630e-06
2026-03-05 12:56:37 INFO Epoch 2 | Step 480/15377 | Loss 0.6689 | LR 5.8745e-06
2026-03-05 12:56:49 INFO Epoch 2 | Step 500/15377 | Loss 0.6699 | LR 5.8860e-06
2026-03-05 12:57:00 INFO Epoch 2 | Step 520/15377 | Loss 0.6698 | LR 5.8976e-06
2026-03-05 12:57:12 INFO Epoch 2 | Step 540/15377 | Loss 0.6692 | LR 5.9091e-06
2026-03-05 12:57:23 INFO Epoch 2 | Step 560/15377 | Loss 0.6689 | LR 5.9207e-06
2026-03-05 12:57:34 INFO Epoch 2 | Step 580/15377 | Loss 0.6684 | LR 5.9322e-06
2026-03-05 12:57:46 INFO Epoch 2 | Step 600/15377 | Loss 0.6684 | LR 5.9438e-06
2026-03-05 12:57:57 INFO Epoch 2 | Step 620/15377 | Loss 0.6690 | LR 5.9554e-06
2026-03-05 12:58:09 INFO Epoch 2 | Step 640/15377 | Loss 0.6692 | LR 5.9670e-06
2026-03-05 12:58:21 INFO Epoch 2 | Step 660/15377 | Loss 0.6688 | LR 5.9786e-06
2026-03-05 12:58:32 INFO Epoch 2 | Step 680/15377 | Loss 0.6682 | LR 5.9902e-06
2026-03-05 12:58:43 INFO Epoch 2 | Step 700/15377 | Loss 0.6688 | LR 6.0018e-06
2026-03-05 12:58:55 INFO Epoch 2 | Step 720/15377 | Loss 0.6688 | LR 6.0135e-06
2026-03-05 12:59:06 INFO Epoch 2 | Step 740/15377 | Loss 0.6690 | LR 6.0251e-06
2026-03-05 12:59:18 INFO Epoch 2 | Step 760/15377 | Loss 0.6693 | LR 6.0367e-06
2026-03-05 12:59:29 INFO Epoch 2 | Step 780/15377 | Loss 0.6689 | LR 6.0484e-06
2026-03-05 12:59:41 INFO Epoch 2 | Step 800/15377 | Loss 0.6696 | LR 6.0601e-06
2026-03-05 12:59:52 INFO Epoch 2 | Step 820/15377 | Loss 0.6690 | LR 6.0717e-06
2026-03-05 13:00:04 INFO Epoch 2 | Step 840/15377 | Loss 0.6689 | LR 6.0834e-06
2026-03-05 13:00:15 INFO Epoch 2 | Step 860/15377 | Loss 0.6689 | LR 6.0951e-06
2026-03-05 13:00:27 INFO Epoch 2 | Step 880/15377 | Loss 0.6687 | LR 6.1068e-06
2026-03-05 13:00:38 INFO Epoch 2 | Step 900/15377 | Loss 0.6686 | LR 6.1185e-06
2026-03-05 13:00:49 INFO Epoch 2 | Step 920/15377 | Loss 0.6687 | LR 6.1302e-06
2026-03-05 13:01:01 INFO Epoch 2 | Step 940/15377 | Loss 0.6688 | LR 6.1419e-06
2026-03-05 13:01:12 INFO Epoch 2 | Step 960/15377 | Loss 0.6686 | LR 6.1536e-06
2026-03-05 13:01:24 INFO Epoch 2 | Step 980/15377 | Loss 0.6686 | LR 6.1653e-06
2026-03-05 13:01:35 INFO Epoch 2 | Step 1000/15377 | Loss 0.6689 | LR 6.1771e-06
2026-03-05 13:01:46 INFO Epoch 2 | Step 1020/15377 | Loss 0.6690 | LR 6.1888e-06
2026-03-05 13:01:58 INFO Epoch 2 | Step 1040/15377 | Loss 0.6688 | LR 6.2006e-06
2026-03-05 13:02:09 INFO Epoch 2 | Step 1060/15377 | Loss 0.6688 | LR 6.2123e-06
2026-03-05 13:02:21 INFO Epoch 2 | Step 1080/15377 | Loss 0.6688 | LR 6.2241e-06
2026-03-05 13:02:33 INFO Epoch 2 | Step 1100/15377 | Loss 0.6689 | LR 6.2359e-06
2026-03-05 13:02:44 INFO Epoch 2 | Step 1120/15377 | Loss 0.6692 | LR 6.2477e-06
2026-03-05 13:02:56 INFO Epoch 2 | Step 1140/15377 | Loss 0.6698 | LR 6.2595e-06
2026-03-05 13:03:07 INFO Epoch 2 | Step 1160/15377 | Loss 0.6696 | LR 6.2713e-06
2026-03-05 13:03:18 INFO Epoch 2 | Step 1180/15377 | Loss 0.6698 | LR 6.2831e-06
2026-03-05 13:03:30 INFO Epoch 2 | Step 1200/15377 | Loss 0.6696 | LR 6.2949e-06
2026-03-05 13:03:42 INFO Epoch 2 | Step 1220/15377 | Loss 0.6693 | LR 6.3067e-06
2026-03-05 13:03:53 INFO Epoch 2 | Step 1240/15377 | Loss 0.6691 | LR 6.3186e-06
2026-03-05 13:04:05 INFO Epoch 2 | Step 1260/15377 | Loss 0.6690 | LR 6.3304e-06
2026-03-05 13:04:16 INFO Epoch 2 | Step 1280/15377 | Loss 0.6689 | LR 6.3422e-06
2026-03-05 13:04:28 INFO Epoch 2 | Step 1300/15377 | Loss 0.6689 | LR 6.3541e-06
2026-03-05 13:04:39 INFO Epoch 2 | Step 1320/15377 | Loss 0.6687 | LR 6.3660e-06
2026-03-05 13:04:51 INFO Epoch 2 | Step 1340/15377 | Loss 0.6686 | LR 6.3778e-06
2026-03-05 13:05:02 INFO Epoch 2 | Step 1360/15377 | Loss 0.6688 | LR 6.3897e-06
2026-03-05 13:05:14 INFO Epoch 2 | Step 1380/15377 | Loss 0.6687 | LR 6.4016e-06
2026-03-05 13:05:25 INFO Epoch 2 | Step 1400/15377 | Loss 0.6686 | LR 6.4135e-06
2026-03-05 13:05:36 INFO Epoch 2 | Step 1420/15377 | Loss 0.6688 | LR 6.4254e-06
2026-03-05 13:05:48 INFO Epoch 2 | Step 1440/15377 | Loss 0.6688 | LR 6.4373e-06
2026-03-05 13:05:59 INFO Epoch 2 | Step 1460/15377 | Loss 0.6687 | LR 6.4492e-06
2026-03-05 13:06:11 INFO Epoch 2 | Step 1480/15377 | Loss 0.6685 | LR 6.4611e-06
2026-03-05 13:06:22 INFO Epoch 2 | Step 1500/15377 | Loss 0.6683 | LR 6.4730e-06
2026-03-05 13:06:34 INFO Epoch 2 | Step 1520/15377 | Loss 0.6684 | LR 6.4850e-06
2026-03-05 13:06:45 INFO Epoch 2 | Step 1540/15377 | Loss 0.6685 | LR 6.4969e-06
2026-03-05 13:06:57 INFO Epoch 2 | Step 1560/15377 | Loss 0.6684 | LR 6.5089e-06
2026-03-05 13:07:08 INFO Epoch 2 | Step 1580/15377 | Loss 0.6682 | LR 6.5208e-06
2026-03-05 13:07:20 INFO Epoch 2 | Step 1600/15377 | Loss 0.6683 | LR 6.5328e-06
2026-03-05 13:07:31 INFO Epoch 2 | Step 1620/15377 | Loss 0.6683 | LR 6.5448e-06
2026-03-05 13:07:43 INFO Epoch 2 | Step 1640/15377 | Loss 0.6685 | LR 6.5567e-06
2026-03-05 13:07:54 INFO Epoch 2 | Step 1660/15377 | Loss 0.6684 | LR 6.5687e-06
2026-03-05 13:08:06 INFO Epoch 2 | Step 1680/15377 | Loss 0.6682 | LR 6.5807e-06
2026-03-05 13:08:17 INFO Epoch 2 | Step 1700/15377 | Loss 0.6681 | LR 6.5927e-06
2026-03-05 13:08:29 INFO Epoch 2 | Step 1720/15377 | Loss 0.6682 | LR 6.6047e-06
2026-03-05 13:08:40 INFO Epoch 2 | Step 1740/15377 | Loss 0.6681 | LR 6.6167e-06
2026-03-05 13:08:52 INFO Epoch 2 | Step 1760/15377 | Loss 0.6680 | LR 6.6288e-06
2026-03-05 13:09:03 INFO Epoch 2 | Step 1780/15377 | Loss 0.6678 | LR 6.6408e-06
2026-03-05 13:09:15 INFO Epoch 2 | Step 1800/15377 | Loss 0.6678 | LR 6.6528e-06
2026-03-05 13:09:26 INFO Epoch 2 | Step 1820/15377 | Loss 0.6676 | LR 6.6649e-06
2026-03-05 13:09:38 INFO Epoch 2 | Step 1840/15377 | Loss 0.6678 | LR 6.6769e-06
2026-03-05 13:09:49 INFO Epoch 2 | Step 1860/15377 | Loss 0.6678 | LR 6.6890e-06
2026-03-05 13:10:01 INFO Epoch 2 | Step 1880/15377 | Loss 0.6678 | LR 6.7010e-06
2026-03-05 13:10:12 INFO Epoch 2 | Step 1900/15377 | Loss 0.6677 | LR 6.7131e-06
2026-03-05 13:10:24 INFO Epoch 2 | Step 1920/15377 | Loss 0.6676 | LR 6.7252e-06
2026-03-05 13:10:35 INFO Epoch 2 | Step 1940/15377 | Loss 0.6676 | LR 6.7373e-06
2026-03-05 13:10:46 INFO Epoch 2 | Step 1960/15377 | Loss 0.6675 | LR 6.7494e-06
2026-03-05 13:10:58 INFO Epoch 2 | Step 1980/15377 | Loss 0.6674 | LR 6.7615e-06
2026-03-05 13:11:09 INFO Epoch 2 | Step 2000/15377 | Loss 0.6674 | LR 6.7736e-06
2026-03-05 13:11:21 INFO Epoch 2 | Step 2020/15377 | Loss 0.6673 | LR 6.7857e-06
2026-03-05 13:11:33 INFO Epoch 2 | Step 2040/15377 | Loss 0.6675 | LR 6.7978e-06
2026-03-05 13:11:44 INFO Epoch 2 | Step 2060/15377 | Loss 0.6675 | LR 6.8099e-06
2026-03-05 13:11:56 INFO Epoch 2 | Step 2080/15377 | Loss 0.6674 | LR 6.8220e-06
2026-03-05 13:12:07 INFO Epoch 2 | Step 2100/15377 | Loss 0.6674 | LR 6.8342e-06
2026-03-05 13:12:18 INFO Epoch 2 | Step 2120/15377 | Loss 0.6675 | LR 6.8463e-06
2026-03-05 13:12:30 INFO Epoch 2 | Step 2140/15377 | Loss 0.6675 | LR 6.8585e-06
2026-03-05 13:12:42 INFO Epoch 2 | Step 2160/15377 | Loss 0.6677 | LR 6.8706e-06
2026-03-05 13:12:53 INFO Epoch 2 | Step 2180/15377 | Loss 0.6678 | LR 6.8828e-06
2026-03-05 13:13:04 INFO Epoch 2 | Step 2200/15377 | Loss 0.6678 | LR 6.8950e-06
2026-03-05 13:13:16 INFO Epoch 2 | Step 2220/15377 | Loss 0.6676 | LR 6.9071e-06
2026-03-05 13:13:27 INFO Epoch 2 | Step 2240/15377 | Loss 0.6676 | LR 6.9193e-06
2026-03-05 13:13:39 INFO Epoch 2 | Step 2260/15377 | Loss 0.6674 | LR 6.9315e-06
2026-03-05 13:13:51 INFO Epoch 2 | Step 2280/15377 | Loss 0.6674 | LR 6.9437e-06
2026-03-05 13:14:02 INFO Epoch 2 | Step 2300/15377 | Loss 0.6675 | LR 6.9559e-06
2026-03-05 13:14:13 INFO Epoch 2 | Step 2320/15377 | Loss 0.6676 | LR 6.9681e-06
2026-03-05 13:14:25 INFO Epoch 2 | Step 2340/15377 | Loss 0.6673 | LR 6.9803e-06
2026-03-05 13:14:36 INFO Epoch 2 | Step 2360/15377 | Loss 0.6672 | LR 6.9925e-06
2026-03-05 13:14:48 INFO Epoch 2 | Step 2380/15377 | Loss 0.6673 | LR 7.0048e-06
2026-03-05 13:15:00 INFO Epoch 2 | Step 2400/15377 | Loss 0.6673 | LR 7.0170e-06
2026-03-05 13:15:11 INFO Epoch 2 | Step 2420/15377 | Loss 0.6672 | LR 7.0293e-06
2026-03-05 13:15:23 INFO Epoch 2 | Step 2440/15377 | Loss 0.6671 | LR 7.0415e-06
2026-03-05 13:15:34 INFO Epoch 2 | Step 2460/15377 | Loss 0.6671 | LR 7.0537e-06
2026-03-05 13:15:45 INFO Epoch 2 | Step 2480/15377 | Loss 0.6671 | LR 7.0660e-06
2026-03-05 13:15:57 INFO Epoch 2 | Step 2500/15377 | Loss 0.6672 | LR 7.0783e-06
2026-03-05 13:16:09 INFO Epoch 2 | Step 2520/15377 | Loss 0.6671 | LR 7.0905e-06
2026-03-05 13:16:20 INFO Epoch 2 | Step 2540/15377 | Loss 0.6671 | LR 7.1028e-06
2026-03-05 13:16:32 INFO Epoch 2 | Step 2560/15377 | Loss 0.6672 | LR 7.1151e-06
2026-03-05 13:16:43 INFO Epoch 2 | Step 2580/15377 | Loss 0.6671 | LR 7.1274e-06
2026-03-05 13:16:54 INFO Epoch 2 | Step 2600/15377 | Loss 0.6671 | LR 7.1397e-06
2026-03-05 13:17:06 INFO Epoch 2 | Step 2620/15377 | Loss 0.6669 | LR 7.1520e-06
2026-03-05 13:17:17 INFO Epoch 2 | Step 2640/15377 | Loss 0.6669 | LR 7.1643e-06
2026-03-05 13:17:29 INFO Epoch 2 | Step 2660/15377 | Loss 0.6668 | LR 7.1766e-06
2026-03-05 13:17:40 INFO Epoch 2 | Step 2680/15377 | Loss 0.6669 | LR 7.1889e-06
2026-03-05 13:17:52 INFO Epoch 2 | Step 2700/15377 | Loss 0.6668 | LR 7.2013e-06
2026-03-05 13:18:03 INFO Epoch 2 | Step 2720/15377 | Loss 0.6668 | LR 7.2136e-06
2026-03-05 13:18:15 INFO Epoch 2 | Step 2740/15377 | Loss 0.6668 | LR 7.2259e-06
2026-03-05 13:18:26 INFO Epoch 2 | Step 2760/15377 | Loss 0.6668 | LR 7.2383e-06
2026-03-05 13:18:38 INFO Epoch 2 | Step 2780/15377 | Loss 0.6668 | LR 7.2506e-06
2026-03-05 13:18:49 INFO Epoch 2 | Step 2800/15377 | Loss 0.6669 | LR 7.2630e-06
2026-03-05 13:19:01 INFO Epoch 2 | Step 2820/15377 | Loss 0.6668 | LR 7.2753e-06
2026-03-05 13:19:12 INFO Epoch 2 | Step 2840/15377 | Loss 0.6668 | LR 7.2877e-06
2026-03-05 13:19:23 INFO Epoch 2 | Step 2860/15377 | Loss 0.6669 | LR 7.3001e-06
2026-03-05 13:19:34 INFO Epoch 2 | Step 2880/15377 | Loss 0.6667 | LR 7.3125e-06
2026-03-05 13:19:46 INFO Epoch 2 | Step 2900/15377 | Loss 0.6667 | LR 7.3248e-06
2026-03-05 13:19:57 INFO Epoch 2 | Step 2920/15377 | Loss 0.6667 | LR 7.3372e-06
2026-03-05 13:20:08 INFO Epoch 2 | Step 2940/15377 | Loss 0.6666 | LR 7.3496e-06
2026-03-05 13:20:20 INFO Epoch 2 | Step 2960/15377 | Loss 0.6666 | LR 7.3620e-06
2026-03-05 13:20:31 INFO Epoch 2 | Step 2980/15377 | Loss 0.6667 | LR 7.3744e-06
2026-03-05 13:20:42 INFO Epoch 2 | Step 3000/15377 | Loss 0.6667 | LR 7.3868e-06
2026-03-05 13:20:54 INFO Epoch 2 | Step 3020/15377 | Loss 0.6667 | LR 7.3993e-06
2026-03-05 13:21:05 INFO Epoch 2 | Step 3040/15377 | Loss 0.6667 | LR 7.4117e-06
2026-03-05 13:21:16 INFO Epoch 2 | Step 3060/15377 | Loss 0.6666 | LR 7.4241e-06
2026-03-05 13:21:28 INFO Epoch 2 | Step 3080/15377 | Loss 0.6665 | LR 7.4365e-06
2026-03-05 13:21:39 INFO Epoch 2 | Step 3100/15377 | Loss 0.6666 | LR 7.4490e-06
2026-03-05 13:21:50 INFO Epoch 2 | Step 3120/15377 | Loss 0.6665 | LR 7.4614e-06
2026-03-05 13:22:02 INFO Epoch 2 | Step 3140/15377 | Loss 0.6665 | LR 7.4739e-06
2026-03-05 13:22:13 INFO Epoch 2 | Step 3160/15377 | Loss 0.6665 | LR 7.4863e-06
2026-03-05 13:22:24 INFO Epoch 2 | Step 3180/15377 | Loss 0.6666 | LR 7.4988e-06
2026-03-05 13:22:36 INFO Epoch 2 | Step 3200/15377 | Loss 0.6666 | LR 7.5113e-06
2026-03-05 13:22:47 INFO Epoch 2 | Step 3220/15377 | Loss 0.6666 | LR 7.5237e-06
2026-03-05 13:22:58 INFO Epoch 2 | Step 3240/15377 | Loss 0.6667 | LR 7.5362e-06
2026-03-05 13:23:09 INFO Epoch 2 | Step 3260/15377 | Loss 0.6666 | LR 7.5487e-06
2026-03-05 13:23:21 INFO Epoch 2 | Step 3280/15377 | Loss 0.6667 | LR 7.5612e-06
2026-03-05 13:23:32 INFO Epoch 2 | Step 3300/15377 | Loss 0.6667 | LR 7.5737e-06
2026-03-05 13:23:43 INFO Epoch 2 | Step 3320/15377 | Loss 0.6667 | LR 7.5862e-06
2026-03-05 13:23:54 INFO Epoch 2 | Step 3340/15377 | Loss 0.6668 | LR 7.5987e-06
2026-03-05 13:24:06 INFO Epoch 2 | Step 3360/15377 | Loss 0.6667 | LR 7.6112e-06
2026-03-05 13:24:17 INFO Epoch 2 | Step 3380/15377 | Loss 0.6666 | LR 7.6237e-06
2026-03-05 13:24:29 INFO Epoch 2 | Step 3400/15377 | Loss 0.6666 | LR 7.6362e-06
2026-03-05 13:24:40 INFO Epoch 2 | Step 3420/15377 | Loss 0.6665 | LR 7.6488e-06
2026-03-05 13:24:51 INFO Epoch 2 | Step 3440/15377 | Loss 0.6665 | LR 7.6613e-06
2026-03-05 13:25:03 INFO Epoch 2 | Step 3460/15377 | Loss 0.6667 | LR 7.6738e-06
2026-03-05 13:25:14 INFO Epoch 2 | Step 3480/15377 | Loss 0.6667 | LR 7.6864e-06
2026-03-05 13:25:26 INFO Epoch 2 | Step 3500/15377 | Loss 0.6666 | LR 7.6989e-06
2026-03-05 13:25:37 INFO Epoch 2 | Step 3520/15377 | Loss 0.6665 | LR 7.7115e-06
2026-03-05 13:25:49 INFO Epoch 2 | Step 3540/15377 | Loss 0.6666 | LR 7.7240e-06
2026-03-05 13:26:00 INFO Epoch 2 | Step 3560/15377 | Loss 0.6667 | LR 7.7366e-06
2026-03-05 13:26:11 INFO Epoch 2 | Step 3580/15377 | Loss 0.6668 | LR 7.7491e-06
2026-03-05 13:26:23 INFO Epoch 2 | Step 3600/15377 | Loss 0.6668 | LR 7.7617e-06
2026-03-05 13:26:34 INFO Epoch 2 | Step 3620/15377 | Loss 0.6669 | LR 7.7743e-06
2026-03-05 13:26:45 INFO Epoch 2 | Step 3640/15377 | Loss 0.6669 | LR 7.7869e-06
2026-03-05 13:26:57 INFO Epoch 2 | Step 3660/15377 | Loss 0.6668 | LR 7.7994e-06
2026-03-05 13:27:08 INFO Epoch 2 | Step 3680/15377 | Loss 0.6668 | LR 7.8120e-06
2026-03-05 13:27:19 INFO Epoch 2 | Step 3700/15377 | Loss 0.6669 | LR 7.8246e-06
2026-03-05 13:27:31 INFO Epoch 2 | Step 3720/15377 | Loss 0.6669 | LR 7.8372e-06
2026-03-05 13:27:42 INFO Epoch 2 | Step 3740/15377 | Loss 0.6669 | LR 7.8498e-06
2026-03-05 13:27:53 INFO Epoch 2 | Step 3760/15377 | Loss 0.6668 | LR 7.8624e-06
2026-03-05 13:28:05 INFO Epoch 2 | Step 3780/15377 | Loss 0.6668 | LR 7.8750e-06
2026-03-05 13:28:16 INFO Epoch 2 | Step 3800/15377 | Loss 0.6668 | LR 7.8877e-06
2026-03-05 13:28:27 INFO Epoch 2 | Step 3820/15377 | Loss 0.6667 | LR 7.9003e-06
2026-03-05 13:28:39 INFO Epoch 2 | Step 3840/15377 | Loss 0.6667 | LR 7.9129e-06
2026-03-05 13:28:50 INFO Epoch 2 | Step 3860/15377 | Loss 0.6666 | LR 7.9255e-06
2026-03-05 13:29:01 INFO Epoch 2 | Step 3880/15377 | Loss 0.6665 | LR 7.9382e-06
2026-03-05 13:29:13 INFO Epoch 2 | Step 3900/15377 | Loss 0.6665 | LR 7.9508e-06
2026-03-05 13:29:24 INFO Epoch 2 | Step 3920/15377 | Loss 0.6664 | LR 7.9635e-06
2026-03-05 13:29:36 INFO Epoch 2 | Step 3940/15377 | Loss 0.6665 | LR 7.9761e-06
2026-03-05 13:29:47 INFO Epoch 2 | Step 3960/15377 | Loss 0.6665 | LR 7.9888e-06
2026-03-05 13:29:58 INFO Epoch 2 | Step 3980/15377 | Loss 0.6664 | LR 8.0014e-06
2026-03-05 13:30:10 INFO Epoch 2 | Step 4000/15377 | Loss 0.6664 | LR 8.0141e-06
2026-03-05 13:30:21 INFO Epoch 2 | Step 4020/15377 | Loss 0.6665 | LR 8.0268e-06
2026-03-05 13:30:32 INFO Epoch 2 | Step 4040/15377 | Loss 0.6664 | LR 8.0394e-06
2026-03-05 13:30:44 INFO Epoch 2 | Step 4060/15377 | Loss 0.6664 | LR 8.0521e-06
2026-03-05 13:30:55 INFO Epoch 2 | Step 4080/15377 | Loss 0.6663 | LR 8.0648e-06
2026-03-05 13:31:07 INFO Epoch 2 | Step 4100/15377 | Loss 0.6663 | LR 8.0775e-06
2026-03-05 13:31:18 INFO Epoch 2 | Step 4120/15377 | Loss 0.6662 | LR 8.0902e-06
2026-03-05 13:31:30 INFO Epoch 2 | Step 4140/15377 | Loss 0.6661 | LR 8.1029e-06
2026-03-05 13:31:41 INFO Epoch 2 | Step 4160/15377 | Loss 0.6662 | LR 8.1156e-06
2026-03-05 13:31:52 INFO Epoch 2 | Step 4180/15377 | Loss 0.6662 | LR 8.1283e-06
2026-03-05 13:32:04 INFO Epoch 2 | Step 4200/15377 | Loss 0.6662 | LR 8.1410e-06
2026-03-05 13:32:15 INFO Epoch 2 | Step 4220/15377 | Loss 0.6662 | LR 8.1537e-06
2026-03-05 13:32:26 INFO Epoch 2 | Step 4240/15377 | Loss 0.6661 | LR 8.1664e-06
2026-03-05 13:32:37 INFO Epoch 2 | Step 4260/15377 | Loss 0.6662 | LR 8.1791e-06
2026-03-05 13:32:49 INFO Epoch 2 | Step 4280/15377 | Loss 0.6661 | LR 8.1918e-06
2026-03-05 13:33:00 INFO Epoch 2 | Step 4300/15377 | Loss 0.6660 | LR 8.2046e-06
2026-03-05 13:33:11 INFO Epoch 2 | Step 4320/15377 | Loss 0.6660 | LR 8.2173e-06
2026-03-05 13:33:23 INFO Epoch 2 | Step 4340/15377 | Loss 0.6660 | LR 8.2300e-06
2026-03-05 13:33:34 INFO Epoch 2 | Step 4360/15377 | Loss 0.6660 | LR 8.2428e-06
2026-03-05 13:33:45 INFO Epoch 2 | Step 4380/15377 | Loss 0.6660 | LR 8.2555e-06
2026-03-05 13:33:57 INFO Epoch 2 | Step 4400/15377 | Loss 0.6660 | LR 8.2683e-06
2026-03-05 13:34:08 INFO Epoch 2 | Step 4420/15377 | Loss 0.6661 | LR 8.2810e-06
2026-03-05 13:34:19 INFO Epoch 2 | Step 4440/15377 | Loss 0.6661 | LR 8.2938e-06
2026-03-05 13:34:31 INFO Epoch 2 | Step 4460/15377 | Loss 0.6661 | LR 8.3065e-06
2026-03-05 13:34:42 INFO Epoch 2 | Step 4480/15377 | Loss 0.6660 | LR 8.3193e-06
2026-03-05 13:34:53 INFO Epoch 2 | Step 4500/15377 | Loss 0.6661 | LR 8.3321e-06
2026-03-05 13:35:05 INFO Epoch 2 | Step 4520/15377 | Loss 0.6661 | LR 8.3448e-06
2026-03-05 13:35:16 INFO Epoch 2 | Step 4540/15377 | Loss 0.6660 | LR 8.3576e-06
2026-03-05 13:35:28 INFO Epoch 2 | Step 4560/15377 | Loss 0.6660 | LR 8.3704e-06
2026-03-05 13:35:39 INFO Epoch 2 | Step 4580/15377 | Loss 0.6661 | LR 8.3832e-06
2026-03-05 13:35:50 INFO Epoch 2 | Step 4600/15377 | Loss 0.6662 | LR 8.3959e-06
2026-03-05 13:36:01 INFO Epoch 2 | Step 4620/15377 | Loss 0.6662 | LR 8.4087e-06
2026-03-05 13:36:13 INFO Epoch 2 | Step 4640/15377 | Loss 0.6662 | LR 8.4215e-06
2026-03-05 13:36:24 INFO Epoch 2 | Step 4660/15377 | Loss 0.6662 | LR 8.4343e-06
2026-03-05 13:36:36 INFO Epoch 2 | Step 4680/15377 | Loss 0.6662 | LR 8.4471e-06
2026-03-05 13:36:47 INFO Epoch 2 | Step 4700/15377 | Loss 0.6662 | LR 8.4599e-06
2026-03-05 13:36:58 INFO Epoch 2 | Step 4720/15377 | Loss 0.6662 | LR 8.4727e-06
2026-03-05 13:37:10 INFO Epoch 2 | Step 4740/15377 | Loss 0.6661 | LR 8.4856e-06
2026-03-05 13:37:21 INFO Epoch 2 | Step 4760/15377 | Loss 0.6661 | LR 8.4984e-06
2026-03-05 13:37:33 INFO Epoch 2 | Step 4780/15377 | Loss 0.6661 | LR 8.5112e-06
2026-03-05 13:37:44 INFO Epoch 2 | Step 4800/15377 | Loss 0.6661 | LR 8.5240e-06
2026-03-05 13:37:55 INFO Epoch 2 | Step 4820/15377 | Loss 0.6661 | LR 8.5368e-06
2026-03-05 13:38:07 INFO Epoch 2 | Step 4840/15377 | Loss 0.6662 | LR 8.5497e-06
2026-03-05 13:38:18 INFO Epoch 2 | Step 4860/15377 | Loss 0.6661 | LR 8.5625e-06
2026-03-05 13:38:29 INFO Epoch 2 | Step 4880/15377 | Loss 0.6661 | LR 8.5753e-06
2026-03-05 13:38:40 INFO Epoch 2 | Step 4900/15377 | Loss 0.6660 | LR 8.5882e-06
2026-03-05 13:38:52 INFO Epoch 2 | Step 4920/15377 | Loss 0.6660 | LR 8.6010e-06
2026-03-05 13:39:03 INFO Epoch 2 | Step 4940/15377 | Loss 0.6660 | LR 8.6139e-06
2026-03-05 13:39:14 INFO Epoch 2 | Step 4960/15377 | Loss 0.6659 | LR 8.6267e-06
2026-03-05 13:39:26 INFO Epoch 2 | Step 4980/15377 | Loss 0.6659 | LR 8.6396e-06
2026-03-05 13:39:37 INFO Epoch 2 | Step 5000/15377 | Loss 0.6659 | LR 8.6524e-06
2026-03-05 13:39:48 INFO Epoch 2 | Step 5020/15377 | Loss 0.6659 | LR 8.6653e-06
2026-03-05 13:40:00 INFO Epoch 2 | Step 5040/15377 | Loss 0.6659 | LR 8.6781e-06
2026-03-05 13:40:11 INFO Epoch 2 | Step 5060/15377 | Loss 0.6659 | LR 8.6910e-06
2026-03-05 13:40:22 INFO Epoch 2 | Step 5080/15377 | Loss 0.6658 | LR 8.7039e-06
2026-03-05 13:40:34 INFO Epoch 2 | Step 5100/15377 | Loss 0.6658 | LR 8.7167e-06
2026-03-05 13:40:45 INFO Epoch 2 | Step 5120/15377 | Loss 0.6658 | LR 8.7296e-06
2026-03-05 13:40:56 INFO Epoch 2 | Step 5140/15377 | Loss 0.6658 | LR 8.7425e-06
2026-03-05 13:41:08 INFO Epoch 2 | Step 5160/15377 | Loss 0.6657 | LR 8.7554e-06
2026-03-05 13:41:19 INFO Epoch 2 | Step 5180/15377 | Loss 0.6657 | LR 8.7683e-06
2026-03-05 13:41:30 INFO Epoch 2 | Step 5200/15377 | Loss 0.6657 | LR 8.7811e-06
2026-03-05 13:41:42 INFO Epoch 2 | Step 5220/15377 | Loss 0.6657 | LR 8.7940e-06
2026-03-05 13:41:53 INFO Epoch 2 | Step 5240/15377 | Loss 0.6657 | LR 8.8069e-06
2026-03-05 13:42:05 INFO Epoch 2 | Step 5260/15377 | Loss 0.6657 | LR 8.8198e-06
2026-03-05 13:42:16 INFO Epoch 2 | Step 5280/15377 | Loss 0.6656 | LR 8.8327e-06
2026-03-05 13:42:27 INFO Epoch 2 | Step 5300/15377 | Loss 0.6657 | LR 8.8456e-06
2026-03-05 13:42:39 INFO Epoch 2 | Step 5320/15377 | Loss 0.6657 | LR 8.8585e-06
2026-03-05 13:42:50 INFO Epoch 2 | Step 5340/15377 | Loss 0.6657 | LR 8.8714e-06
2026-03-05 13:43:01 INFO Epoch 2 | Step 5360/15377 | Loss 0.6656 | LR 8.8843e-06
2026-03-05 13:43:13 INFO Epoch 2 | Step 5380/15377 | Loss 0.6656 | LR 8.8973e-06
2026-03-05 13:43:24 INFO Epoch 2 | Step 5400/15377 | Loss 0.6656 | LR 8.9102e-06
2026-03-05 13:43:35 INFO Epoch 2 | Step 5420/15377 | Loss 0.6656 | LR 8.9231e-06
2026-03-05 13:43:47 INFO Epoch 2 | Step 5440/15377 | Loss 0.6656 | LR 8.9360e-06
2026-03-05 13:43:58 INFO Epoch 2 | Step 5460/15377 | Loss 0.6655 | LR 8.9489e-06
2026-03-05 13:44:09 INFO Epoch 2 | Step 5480/15377 | Loss 0.6655 | LR 8.9619e-06
2026-03-05 13:44:21 INFO Epoch 2 | Step 5500/15377 | Loss 0.6654 | LR 8.9748e-06
2026-03-05 13:44:32 INFO Epoch 2 | Step 5520/15377 | Loss 0.6655 | LR 8.9877e-06
2026-03-05 13:44:43 INFO Epoch 2 | Step 5540/15377 | Loss 0.6655 | LR 9.0007e-06
2026-03-05 13:44:55 INFO Epoch 2 | Step 5560/15377 | Loss 0.6655 | LR 9.0136e-06
2026-03-05 13:45:06 INFO Epoch 2 | Step 5580/15377 | Loss 0.6655 | LR 9.0265e-06
2026-03-05 13:45:17 INFO Epoch 2 | Step 5600/15377 | Loss 0.6655 | LR 9.0395e-06
2026-03-05 13:45:29 INFO Epoch 2 | Step 5620/15377 | Loss 0.6655 | LR 9.0524e-06
2026-03-05 13:45:40 INFO Epoch 2 | Step 5640/15377 | Loss 0.6655 | LR 9.0654e-06
2026-03-05 13:45:51 INFO Epoch 2 | Step 5660/15377 | Loss 0.6655 | LR 9.0783e-06
2026-03-05 13:46:03 INFO Epoch 2 | Step 5680/15377 | Loss 0.6654 | LR 9.0913e-06
2026-03-05 13:46:14 INFO Epoch 2 | Step 5700/15377 | Loss 0.6655 | LR 9.1042e-06
2026-03-05 13:46:26 INFO Epoch 2 | Step 5720/15377 | Loss 0.6654 | LR 9.1172e-06
2026-03-05 13:46:37 INFO Epoch 2 | Step 5740/15377 | Loss 0.6654 | LR 9.1302e-06
2026-03-05 13:46:49 INFO Epoch 2 | Step 5760/15377 | Loss 0.6654 | LR 9.1431e-06
2026-03-05 13:47:00 INFO Epoch 2 | Step 5780/15377 | Loss 0.6653 | LR 9.1561e-06
2026-03-05 13:47:11 INFO Epoch 2 | Step 5800/15377 | Loss 0.6654 | LR 9.1690e-06
2026-03-05 13:47:23 INFO Epoch 2 | Step 5820/15377 | Loss 0.6654 | LR 9.1820e-06
2026-03-05 13:47:34 INFO Epoch 2 | Step 5840/15377 | Loss 0.6654 | LR 9.1950e-06
2026-03-05 13:47:46 INFO Epoch 2 | Step 5860/15377 | Loss 0.6654 | LR 9.2080e-06
2026-03-05 13:47:57 INFO Epoch 2 | Step 5880/15377 | Loss 0.6654 | LR 9.2209e-06
2026-03-05 13:48:09 INFO Epoch 2 | Step 5900/15377 | Loss 0.6654 | LR 9.2339e-06
2026-03-05 13:48:20 INFO Epoch 2 | Step 5920/15377 | Loss 0.6654 | LR 9.2469e-06
2026-03-05 13:48:32 INFO Epoch 2 | Step 5940/15377 | Loss 0.6654 | LR 9.2599e-06
2026-03-05 13:48:43 INFO Epoch 2 | Step 5960/15377 | Loss 0.6654 | LR 9.2729e-06
2026-03-05 13:48:54 INFO Epoch 2 | Step 5980/15377 | Loss 0.6654 | LR 9.2858e-06
2026-03-05 13:49:06 INFO Epoch 2 | Step 6000/15377 | Loss 0.6654 | LR 9.2988e-06
2026-03-05 13:49:17 INFO Epoch 2 | Step 6020/15377 | Loss 0.6654 | LR 9.3118e-06
2026-03-05 13:49:29 INFO Epoch 2 | Step 6040/15377 | Loss 0.6655 | LR 9.3248e-06
2026-03-05 13:49:40 INFO Epoch 2 | Step 6060/15377 | Loss 0.6654 | LR 9.3378e-06
2026-03-05 13:49:51 INFO Epoch 2 | Step 6080/15377 | Loss 0.6654 | LR 9.3508e-06
2026-03-05 13:50:03 INFO Epoch 2 | Step 6100/15377 | Loss 0.6654 | LR 9.3638e-06
2026-03-05 13:50:15 INFO Epoch 2 | Step 6120/15377 | Loss 0.6654 | LR 9.3768e-06
2026-03-05 13:50:26 INFO Epoch 2 | Step 6140/15377 | Loss 0.6655 | LR 9.3898e-06
2026-03-05 13:50:38 INFO Epoch 2 | Step 6160/15377 | Loss 0.6655 | LR 9.4028e-06
2026-03-05 13:50:49 INFO Epoch 2 | Step 6180/15377 | Loss 0.6655 | LR 9.4158e-06
2026-03-05 13:51:01 INFO Epoch 2 | Step 6200/15377 | Loss 0.6655 | LR 9.4288e-06
2026-03-05 13:51:12 INFO Epoch 2 | Step 6220/15377 | Loss 0.6655 | LR 9.4418e-06
2026-03-05 13:51:24 INFO Epoch 2 | Step 6240/15377 | Loss 0.6655 | LR 9.4548e-06
2026-03-05 13:51:35 INFO Epoch 2 | Step 6260/15377 | Loss 0.6655 | LR 9.4679e-06
2026-03-05 13:51:46 INFO Epoch 2 | Step 6280/15377 | Loss 0.6655 | LR 9.4809e-06
2026-03-05 13:51:58 INFO Epoch 2 | Step 6300/15377 | Loss 0.6655 | LR 9.4939e-06
2026-03-05 13:52:09 INFO Epoch 2 | Step 6320/15377 | Loss 0.6655 | LR 9.5069e-06
2026-03-05 13:52:21 INFO Epoch 2 | Step 6340/15377 | Loss 0.6654 | LR 9.5199e-06
2026-03-05 13:52:32 INFO Epoch 2 | Step 6360/15377 | Loss 0.6654 | LR 9.5330e-06
2026-03-05 13:52:43 INFO Epoch 2 | Step 6380/15377 | Loss 0.6654 | LR 9.5460e-06
2026-03-05 13:52:55 INFO Epoch 2 | Step 6400/15377 | Loss 0.6655 | LR 9.5590e-06
2026-03-05 13:53:06 INFO Epoch 2 | Step 6420/15377 | Loss 0.6655 | LR 9.5720e-06
2026-03-05 13:53:18 INFO Epoch 2 | Step 6440/15377 | Loss 0.6655 | LR 9.5851e-06
2026-03-05 13:53:30 INFO Epoch 2 | Step 6460/15377 | Loss 0.6655 | LR 9.5981e-06
2026-03-05 13:53:41 INFO Epoch 2 | Step 6480/15377 | Loss 0.6655 | LR 9.6111e-06
2026-03-05 13:53:53 INFO Epoch 2 | Step 6500/15377 | Loss 0.6655 | LR 9.6241e-06
2026-03-05 13:54:04 INFO Epoch 2 | Step 6520/15377 | Loss 0.6655 | LR 9.6372e-06
2026-03-05 13:54:16 INFO Epoch 2 | Step 6540/15377 | Loss 0.6655 | LR 9.6502e-06
2026-03-05 13:54:27 INFO Epoch 2 | Step 6560/15377 | Loss 0.6654 | LR 9.6633e-06
2026-03-05 13:54:39 INFO Epoch 2 | Step 6580/15377 | Loss 0.6654 | LR 9.6763e-06
2026-03-05 13:54:50 INFO Epoch 2 | Step 6600/15377 | Loss 0.6654 | LR 9.6893e-06
2026-03-05 13:55:02 INFO Epoch 2 | Step 6620/15377 | Loss 0.6654 | LR 9.7024e-06
2026-03-05 13:55:13 INFO Epoch 2 | Step 6640/15377 | Loss 0.6655 | LR 9.7154e-06
2026-03-05 13:55:24 INFO Epoch 2 | Step 6660/15377 | Loss 0.6655 | LR 9.7285e-06
2026-03-05 13:55:36 INFO Epoch 2 | Step 6680/15377 | Loss 0.6655 | LR 9.7415e-06
2026-03-05 13:55:47 INFO Epoch 2 | Step 6700/15377 | Loss 0.6654 | LR 9.7545e-06
2026-03-05 13:55:59 INFO Epoch 2 | Step 6720/15377 | Loss 0.6654 | LR 9.7676e-06
2026-03-05 13:56:11 INFO Epoch 2 | Step 6740/15377 | Loss 0.6654 | LR 9.7806e-06
2026-03-05 13:56:22 INFO Epoch 2 | Step 6760/15377 | Loss 0.6654 | LR 9.7937e-06
2026-03-05 13:56:34 INFO Epoch 2 | Step 6780/15377 | Loss 0.6654 | LR 9.8067e-06
2026-03-05 13:56:45 INFO Epoch 2 | Step 6800/15377 | Loss 0.6654 | LR 9.8198e-06
2026-03-05 13:56:56 INFO Epoch 2 | Step 6820/15377 | Loss 0.6653 | LR 9.8328e-06
2026-03-05 13:57:08 INFO Epoch 2 | Step 6840/15377 | Loss 0.6653 | LR 9.8459e-06
2026-03-05 13:57:19 INFO Epoch 2 | Step 6860/15377 | Loss 0.6653 | LR 9.8589e-06
2026-03-05 13:57:31 INFO Epoch 2 | Step 6880/15377 | Loss 0.6652 | LR 9.8720e-06
2026-03-05 13:57:42 INFO Epoch 2 | Step 6900/15377 | Loss 0.6652 | LR 9.8851e-06
2026-03-05 13:57:53 INFO Epoch 2 | Step 6920/15377 | Loss 0.6651 | LR 9.8981e-06
2026-03-05 13:58:05 INFO Epoch 2 | Step 6940/15377 | Loss 0.6651 | LR 9.9112e-06
2026-03-05 13:58:16 INFO Epoch 2 | Step 6960/15377 | Loss 0.6651 | LR 9.9242e-06
2026-03-05 13:58:28 INFO Epoch 2 | Step 6980/15377 | Loss 0.6650 | LR 9.9373e-06
2026-03-05 13:58:39 INFO Epoch 2 | Step 7000/15377 | Loss 0.6650 | LR 9.9504e-06
2026-03-05 13:58:50 INFO Epoch 2 | Step 7020/15377 | Loss 0.6650 | LR 9.9634e-06
2026-03-05 13:59:02 INFO Epoch 2 | Step 7040/15377 | Loss 0.6650 | LR 9.9765e-06
2026-03-05 13:59:13 INFO Epoch 2 | Step 7060/15377 | Loss 0.6650 | LR 9.9895e-06
2026-03-05 13:59:25 INFO Epoch 2 | Step 7080/15377 | Loss 0.6650 | LR 1.0003e-05
2026-03-05 13:59:36 INFO Epoch 2 | Step 7100/15377 | Loss 0.6650 | LR 1.0016e-05
2026-03-05 13:59:47 INFO Epoch 2 | Step 7120/15377 | Loss 0.6650 | LR 1.0029e-05
2026-03-05 13:59:59 INFO Epoch 2 | Step 7140/15377 | Loss 0.6650 | LR 1.0042e-05
2026-03-05 14:00:10 INFO Epoch 2 | Step 7160/15377 | Loss 0.6650 | LR 1.0055e-05
2026-03-05 14:00:22 INFO Epoch 2 | Step 7180/15377 | Loss 0.6649 | LR 1.0068e-05
2026-03-05 14:00:33 INFO Epoch 2 | Step 7200/15377 | Loss 0.6650 | LR 1.0081e-05
2026-03-05 14:00:45 INFO Epoch 2 | Step 7220/15377 | Loss 0.6650 | LR 1.0094e-05
2026-03-05 14:00:56 INFO Epoch 2 | Step 7240/15377 | Loss 0.6650 | LR 1.0107e-05
2026-03-05 14:01:08 INFO Epoch 2 | Step 7260/15377 | Loss 0.6649 | LR 1.0120e-05
2026-03-05 14:01:19 INFO Epoch 2 | Step 7280/15377 | Loss 0.6649 | LR 1.0133e-05
2026-03-05 14:01:31 INFO Epoch 2 | Step 7300/15377 | Loss 0.6650 | LR 1.0146e-05
2026-03-05 14:01:42 INFO Epoch 2 | Step 7320/15377 | Loss 0.6649 | LR 1.0159e-05
2026-03-05 14:01:54 INFO Epoch 2 | Step 7340/15377 | Loss 0.6650 | LR 1.0173e-05
2026-03-05 14:02:05 INFO Epoch 2 | Step 7360/15377 | Loss 0.6650 | LR 1.0186e-05
2026-03-05 14:02:17 INFO Epoch 2 | Step 7380/15377 | Loss 0.6650 | LR 1.0199e-05
2026-03-05 14:02:28 INFO Epoch 2 | Step 7400/15377 | Loss 0.6650 | LR 1.0212e-05
2026-03-05 14:02:39 INFO Epoch 2 | Step 7420/15377 | Loss 0.6651 | LR 1.0225e-05
2026-03-05 14:02:51 INFO Epoch 2 | Step 7440/15377 | Loss 0.6651 | LR 1.0238e-05
2026-03-05 14:03:02 INFO Epoch 2 | Step 7460/15377 | Loss 0.6650 | LR 1.0251e-05
2026-03-05 14:03:14 INFO Epoch 2 | Step 7480/15377 | Loss 0.6650 | LR 1.0264e-05
2026-03-05 14:03:25 INFO Epoch 2 | Step 7500/15377 | Loss 0.6651 | LR 1.0277e-05
2026-03-05 14:03:37 INFO Epoch 2 | Step 7520/15377 | Loss 0.6651 | LR 1.0290e-05
2026-03-05 14:03:48 INFO Epoch 2 | Step 7540/15377 | Loss 0.6651 | LR 1.0303e-05
2026-03-05 14:04:00 INFO Epoch 2 | Step 7560/15377 | Loss 0.6651 | LR 1.0316e-05
2026-03-05 14:04:11 INFO Epoch 2 | Step 7580/15377 | Loss 0.6651 | LR 1.0329e-05
2026-03-05 14:04:23 INFO Epoch 2 | Step 7600/15377 | Loss 0.6651 | LR 1.0342e-05
2026-03-05 14:04:34 INFO Epoch 2 | Step 7620/15377 | Loss 0.6651 | LR 1.0356e-05
2026-03-05 14:04:45 INFO Epoch 2 | Step 7640/15377 | Loss 0.6651 | LR 1.0369e-05
2026-03-05 14:04:57 INFO Epoch 2 | Step 7660/15377 | Loss 0.6651 | LR 1.0382e-05
2026-03-05 14:05:08 INFO Epoch 2 | Step 7680/15377 | Loss 0.6650 | LR 1.0395e-05
2026-03-05 14:05:20 INFO Epoch 2 | Step 7700/15377 | Loss 0.6651 | LR 1.0408e-05
2026-03-05 14:05:31 INFO Epoch 2 | Step 7720/15377 | Loss 0.6650 | LR 1.0421e-05
2026-03-05 14:05:43 INFO Epoch 2 | Step 7740/15377 | Loss 0.6650 | LR 1.0434e-05
2026-03-05 14:05:54 INFO Epoch 2 | Step 7760/15377 | Loss 0.6650 | LR 1.0447e-05
2026-03-05 14:06:06 INFO Epoch 2 | Step 7780/15377 | Loss 0.6649 | LR 1.0460e-05
2026-03-05 14:06:17 INFO Epoch 2 | Step 7800/15377 | Loss 0.6649 | LR 1.0473e-05
2026-03-05 14:06:29 INFO Epoch 2 | Step 7820/15377 | Loss 0.6649 | LR 1.0486e-05
2026-03-05 14:06:41 INFO Epoch 2 | Step 7840/15377 | Loss 0.6649 | LR 1.0499e-05
2026-03-05 14:06:52 INFO Epoch 2 | Step 7860/15377 | Loss 0.6649 | LR 1.0512e-05
2026-03-05 14:07:04 INFO Epoch 2 | Step 7880/15377 | Loss 0.6649 | LR 1.0526e-05
2026-03-05 14:07:15 INFO Epoch 2 | Step 7900/15377 | Loss 0.6648 | LR 1.0539e-05
2026-03-05 14:07:26 INFO Epoch 2 | Step 7920/15377 | Loss 0.6649 | LR 1.0552e-05
2026-03-05 14:07:38 INFO Epoch 2 | Step 7940/15377 | Loss 0.6649 | LR 1.0565e-05
2026-03-05 14:07:49 INFO Epoch 2 | Step 7960/15377 | Loss 0.6649 | LR 1.0578e-05
2026-03-05 14:08:00 INFO Epoch 2 | Step 7980/15377 | Loss 0.6648 | LR 1.0591e-05
2026-03-05 14:08:12 INFO Epoch 2 | Step 8000/15377 | Loss 0.6648 | LR 1.0604e-05
2026-03-05 14:08:23 INFO Epoch 2 | Step 8020/15377 | Loss 0.6648 | LR 1.0617e-05
2026-03-05 14:08:35 INFO Epoch 2 | Step 8040/15377 | Loss 0.6648 | LR 1.0630e-05
2026-03-05 14:08:46 INFO Epoch 2 | Step 8060/15377 | Loss 0.6647 | LR 1.0643e-05
2026-03-05 14:08:58 INFO Epoch 2 | Step 8080/15377 | Loss 0.6647 | LR 1.0656e-05
2026-03-05 14:09:09 INFO Epoch 2 | Step 8100/15377 | Loss 0.6647 | LR 1.0669e-05
2026-03-05 14:09:21 INFO Epoch 2 | Step 8120/15377 | Loss 0.6647 | LR 1.0682e-05
2026-03-05 14:09:32 INFO Epoch 2 | Step 8140/15377 | Loss 0.6647 | LR 1.0695e-05
2026-03-05 14:09:44 INFO Epoch 2 | Step 8160/15377 | Loss 0.6647 | LR 1.0709e-05
2026-03-05 14:09:55 INFO Epoch 2 | Step 8180/15377 | Loss 0.6646 | LR 1.0722e-05
2026-03-05 14:10:07 INFO Epoch 2 | Step 8200/15377 | Loss 0.6646 | LR 1.0735e-05
2026-03-05 14:10:18 INFO Epoch 2 | Step 8220/15377 | Loss 0.6646 | LR 1.0748e-05
2026-03-05 14:10:30 INFO Epoch 2 | Step 8240/15377 | Loss 0.6646 | LR 1.0761e-05
2026-03-05 14:10:41 INFO Epoch 2 | Step 8260/15377 | Loss 0.6646 | LR 1.0774e-05
2026-03-05 14:10:53 INFO Epoch 2 | Step 8280/15377 | Loss 0.6646 | LR 1.0787e-05
2026-03-05 14:11:04 INFO Epoch 2 | Step 8300/15377 | Loss 0.6646 | LR 1.0800e-05
2026-03-05 14:11:16 INFO Epoch 2 | Step 8320/15377 | Loss 0.6646 | LR 1.0813e-05
2026-03-05 14:11:28 INFO Epoch 2 | Step 8340/15377 | Loss 0.6646 | LR 1.0826e-05
2026-03-05 14:11:39 INFO Epoch 2 | Step 8360/15377 | Loss 0.6645 | LR 1.0839e-05
2026-03-05 14:11:51 INFO Epoch 2 | Step 8380/15377 | Loss 0.6646 | LR 1.0852e-05
2026-03-05 14:12:02 INFO Epoch 2 | Step 8400/15377 | Loss 0.6646 | LR 1.0865e-05
2026-03-05 14:12:14 INFO Epoch 2 | Step 8420/15377 | Loss 0.6646 | LR 1.0878e-05
2026-03-05 14:12:25 INFO Epoch 2 | Step 8440/15377 | Loss 0.6645 | LR 1.0891e-05
2026-03-05 14:12:37 INFO Epoch 2 | Step 8460/15377 | Loss 0.6645 | LR 1.0904e-05
2026-03-05 14:12:48 INFO Epoch 2 | Step 8480/15377 | Loss 0.6645 | LR 1.0918e-05
2026-03-05 14:13:00 INFO Epoch 2 | Step 8500/15377 | Loss 0.6645 | LR 1.0931e-05
2026-03-05 14:13:12 INFO Epoch 2 | Step 8520/15377 | Loss 0.6645 | LR 1.0944e-05
2026-03-05 14:13:23 INFO Epoch 2 | Step 8540/15377 | Loss 0.6645 | LR 1.0957e-05
2026-03-05 14:13:35 INFO Epoch 2 | Step 8560/15377 | Loss 0.6645 | LR 1.0970e-05
2026-03-05 14:13:46 INFO Epoch 2 | Step 8580/15377 | Loss 0.6644 | LR 1.0983e-05
2026-03-05 14:13:58 INFO Epoch 2 | Step 8600/15377 | Loss 0.6644 | LR 1.0996e-05
2026-03-05 14:14:09 INFO Epoch 2 | Step 8620/15377 | Loss 0.6644 | LR 1.1009e-05
2026-03-05 14:14:20 INFO Epoch 2 | Step 8640/15377 | Loss 0.6644 | LR 1.1022e-05
2026-03-05 14:14:32 INFO Epoch 2 | Step 8660/15377 | Loss 0.6643 | LR 1.1035e-05
2026-03-05 14:14:43 INFO Epoch 2 | Step 8680/15377 | Loss 0.6643 | LR 1.1048e-05
2026-03-05 14:14:55 INFO Epoch 2 | Step 8700/15377 | Loss 0.6643 | LR 1.1061e-05
2026-03-05 14:15:06 INFO Epoch 2 | Step 8720/15377 | Loss 0.6643 | LR 1.1074e-05
2026-03-05 14:15:18 INFO Epoch 2 | Step 8740/15377 | Loss 0.6643 | LR 1.1087e-05
2026-03-05 14:15:29 INFO Epoch 2 | Step 8760/15377 | Loss 0.6642 | LR 1.1100e-05
2026-03-05 14:15:40 INFO Epoch 2 | Step 8780/15377 | Loss 0.6642 | LR 1.1113e-05
2026-03-05 14:15:52 INFO Epoch 2 | Step 8800/15377 | Loss 0.6642 | LR 1.1126e-05
2026-03-05 14:16:03 INFO Epoch 2 | Step 8820/15377 | Loss 0.6642 | LR 1.1139e-05
2026-03-05 14:16:15 INFO Epoch 2 | Step 8840/15377 | Loss 0.6642 | LR 1.1152e-05
2026-03-05 14:16:26 INFO Epoch 2 | Step 8860/15377 | Loss 0.6641 | LR 1.1165e-05
2026-03-05 14:16:37 INFO Epoch 2 | Step 8880/15377 | Loss 0.6641 | LR 1.1178e-05
2026-03-05 14:16:49 INFO Epoch 2 | Step 8900/15377 | Loss 0.6641 | LR 1.1191e-05
2026-03-05 14:17:01 INFO Epoch 2 | Step 8920/15377 | Loss 0.6641 | LR 1.1205e-05
2026-03-05 14:17:12 INFO Epoch 2 | Step 8940/15377 | Loss 0.6641 | LR 1.1218e-05
2026-03-05 14:17:24 INFO Epoch 2 | Step 8960/15377 | Loss 0.6641 | LR 1.1231e-05
2026-03-05 14:17:35 INFO Epoch 2 | Step 8980/15377 | Loss 0.6641 | LR 1.1244e-05
2026-03-05 14:17:46 INFO Epoch 2 | Step 9000/15377 | Loss 0.6641 | LR 1.1257e-05
2026-03-05 14:17:58 INFO Epoch 2 | Step 9020/15377 | Loss 0.6641 | LR 1.1270e-05
2026-03-05 14:18:09 INFO Epoch 2 | Step 9040/15377 | Loss 0.6641 | LR 1.1283e-05
2026-03-05 14:18:21 INFO Epoch 2 | Step 9060/15377 | Loss 0.6641 | LR 1.1296e-05
2026-03-05 14:18:32 INFO Epoch 2 | Step 9080/15377 | Loss 0.6641 | LR 1.1309e-05
2026-03-05 14:18:44 INFO Epoch 2 | Step 9100/15377 | Loss 0.6641 | LR 1.1322e-05
2026-03-05 14:18:55 INFO Epoch 2 | Step 9120/15377 | Loss 0.6641 | LR 1.1335e-05
2026-03-05 14:19:07 INFO Epoch 2 | Step 9140/15377 | Loss 0.6641 | LR 1.1348e-05
2026-03-05 14:19:18 INFO Epoch 2 | Step 9160/15377 | Loss 0.6641 | LR 1.1361e-05
2026-03-05 14:19:30 INFO Epoch 2 | Step 9180/15377 | Loss 0.6641 | LR 1.1374e-05
2026-03-05 14:19:41 INFO Epoch 2 | Step 9200/15377 | Loss 0.6640 | LR 1.1387e-05
2026-03-05 14:19:52 INFO Epoch 2 | Step 9220/15377 | Loss 0.6640 | LR 1.1400e-05
2026-03-05 14:20:04 INFO Epoch 2 | Step 9240/15377 | Loss 0.6640 | LR 1.1413e-05
2026-03-05 14:20:15 INFO Epoch 2 | Step 9260/15377 | Loss 0.6640 | LR 1.1426e-05
2026-03-05 14:20:26 INFO Epoch 2 | Step 9280/15377 | Loss 0.6640 | LR 1.1439e-05
2026-03-05 14:20:38 INFO Epoch 2 | Step 9300/15377 | Loss 0.6640 | LR 1.1452e-05
2026-03-05 14:20:49 INFO Epoch 2 | Step 9320/15377 | Loss 0.6640 | LR 1.1465e-05
2026-03-05 14:21:01 INFO Epoch 2 | Step 9340/15377 | Loss 0.6640 | LR 1.1478e-05
2026-03-05 14:21:12 INFO Epoch 2 | Step 9360/15377 | Loss 0.6640 | LR 1.1491e-05
2026-03-05 14:21:24 INFO Epoch 2 | Step 9380/15377 | Loss 0.6640 | LR 1.1504e-05
2026-03-05 14:21:35 INFO Epoch 2 | Step 9400/15377 | Loss 0.6640 | LR 1.1517e-05
2026-03-05 14:21:47 INFO Epoch 2 | Step 9420/15377 | Loss 0.6639 | LR 1.1530e-05
2026-03-05 14:21:58 INFO Epoch 2 | Step 9440/15377 | Loss 0.6639 | LR 1.1543e-05
2026-03-05 14:22:09 INFO Epoch 2 | Step 9460/15377 | Loss 0.6639 | LR 1.1556e-05
2026-03-05 14:22:21 INFO Epoch 2 | Step 9480/15377 | Loss 0.6640 | LR 1.1569e-05
2026-03-05 14:22:32 INFO Epoch 2 | Step 9500/15377 | Loss 0.6639 | LR 1.1582e-05
2026-03-05 14:22:44 INFO Epoch 2 | Step 9520/15377 | Loss 0.6639 | LR 1.1595e-05
2026-03-05 14:22:56 INFO Epoch 2 | Step 9540/15377 | Loss 0.6639 | LR 1.1608e-05
2026-03-05 14:23:07 INFO Epoch 2 | Step 9560/15377 | Loss 0.6639 | LR 1.1621e-05
2026-03-05 14:23:18 INFO Epoch 2 | Step 9580/15377 | Loss 0.6639 | LR 1.1634e-05
2026-03-05 14:23:30 INFO Epoch 2 | Step 9600/15377 | Loss 0.6639 | LR 1.1647e-05
2026-03-05 14:23:41 INFO Epoch 2 | Step 9620/15377 | Loss 0.6638 | LR 1.1659e-05
2026-03-05 14:23:53 INFO Epoch 2 | Step 9640/15377 | Loss 0.6638 | LR 1.1672e-05
2026-03-05 14:24:04 INFO Epoch 2 | Step 9660/15377 | Loss 0.6638 | LR 1.1685e-05
2026-03-05 14:24:15 INFO Epoch 2 | Step 9680/15377 | Loss 0.6638 | LR 1.1698e-05
2026-03-05 14:24:27 INFO Epoch 2 | Step 9700/15377 | Loss 0.6638 | LR 1.1711e-05
2026-03-05 14:24:38 INFO Epoch 2 | Step 9720/15377 | Loss 0.6638 | LR 1.1724e-05
2026-03-05 14:24:50 INFO Epoch 2 | Step 9740/15377 | Loss 0.6638 | LR 1.1737e-05
2026-03-05 14:25:01 INFO Epoch 2 | Step 9760/15377 | Loss 0.6638 | LR 1.1750e-05
2026-03-05 14:25:13 INFO Epoch 2 | Step 9780/15377 | Loss 0.6638 | LR 1.1763e-05
2026-03-05 14:25:24 INFO Epoch 2 | Step 9800/15377 | Loss 0.6637 | LR 1.1776e-05
2026-03-05 14:25:36 INFO Epoch 2 | Step 9820/15377 | Loss 0.6637 | LR 1.1789e-05
2026-03-05 14:25:47 INFO Epoch 2 | Step 9840/15377 | Loss 0.6637 | LR 1.1802e-05
2026-03-05 14:25:59 INFO Epoch 2 | Step 9860/15377 | Loss 0.6637 | LR 1.1815e-05
2026-03-05 14:26:10 INFO Epoch 2 | Step 9880/15377 | Loss 0.6637 | LR 1.1828e-05
2026-03-05 14:26:22 INFO Epoch 2 | Step 9900/15377 | Loss 0.6637 | LR 1.1841e-05
2026-03-05 14:26:33 INFO Epoch 2 | Step 9920/15377 | Loss 0.6636 | LR 1.1854e-05
2026-03-05 14:26:45 INFO Epoch 2 | Step 9940/15377 | Loss 0.6636 | LR 1.1867e-05
2026-03-05 14:26:56 INFO Epoch 2 | Step 9960/15377 | Loss 0.6636 | LR 1.1879e-05
2026-03-05 14:27:07 INFO Epoch 2 | Step 9980/15377 | Loss 0.6636 | LR 1.1892e-05
2026-03-05 14:27:19 INFO Epoch 2 | Step 10000/15377 | Loss 0.6636 | LR 1.1905e-05
2026-03-05 14:27:31 INFO Epoch 2 | Step 10020/15377 | Loss 0.6636 | LR 1.1918e-05
2026-03-05 14:27:42 INFO Epoch 2 | Step 10040/15377 | Loss 0.6636 | LR 1.1931e-05
2026-03-05 14:27:54 INFO Epoch 2 | Step 10060/15377 | Loss 0.6635 | LR 1.1944e-05
2026-03-05 14:28:05 INFO Epoch 2 | Step 10080/15377 | Loss 0.6635 | LR 1.1957e-05
2026-03-05 14:28:16 INFO Epoch 2 | Step 10100/15377 | Loss 0.6636 | LR 1.1970e-05
2026-03-05 14:28:27 INFO Epoch 2 | Step 10120/15377 | Loss 0.6636 | LR 1.1983e-05
2026-03-05 14:28:39 INFO Epoch 2 | Step 10140/15377 | Loss 0.6636 | LR 1.1996e-05
2026-03-05 14:28:50 INFO Epoch 2 | Step 10160/15377 | Loss 0.6635 | LR 1.2009e-05
2026-03-05 14:29:01 INFO Epoch 2 | Step 10180/15377 | Loss 0.6635 | LR 1.2021e-05
2026-03-05 14:29:13 INFO Epoch 2 | Step 10200/15377 | Loss 0.6636 | LR 1.2034e-05
2026-03-05 14:29:24 INFO Epoch 2 | Step 10220/15377 | Loss 0.6635 | LR 1.2047e-05
2026-03-05 14:29:36 INFO Epoch 2 | Step 10240/15377 | Loss 0.6635 | LR 1.2060e-05
2026-03-05 14:29:47 INFO Epoch 2 | Step 10260/15377 | Loss 0.6635 | LR 1.2073e-05
2026-03-05 14:29:59 INFO Epoch 2 | Step 10280/15377 | Loss 0.6636 | LR 1.2086e-05
2026-03-05 14:30:10 INFO Epoch 2 | Step 10300/15377 | Loss 0.6635 | LR 1.2099e-05
2026-03-05 14:30:21 INFO Epoch 2 | Step 10320/15377 | Loss 0.6635 | LR 1.2112e-05
2026-03-05 14:30:33 INFO Epoch 2 | Step 10340/15377 | Loss 0.6635 | LR 1.2124e-05
2026-03-05 14:30:44 INFO Epoch 2 | Step 10360/15377 | Loss 0.6635 | LR 1.2137e-05
2026-03-05 14:30:56 INFO Epoch 2 | Step 10380/15377 | Loss 0.6634 | LR 1.2150e-05
2026-03-05 14:31:07 INFO Epoch 2 | Step 10400/15377 | Loss 0.6634 | LR 1.2163e-05
2026-03-05 14:31:18 INFO Epoch 2 | Step 10420/15377 | Loss 0.6634 | LR 1.2176e-05
2026-03-05 14:31:30 INFO Epoch 2 | Step 10440/15377 | Loss 0.6634 | LR 1.2189e-05
2026-03-05 14:31:41 INFO Epoch 2 | Step 10460/15377 | Loss 0.6634 | LR 1.2202e-05
2026-03-05 14:31:53 INFO Epoch 2 | Step 10480/15377 | Loss 0.6634 | LR 1.2214e-05
2026-03-05 14:32:04 INFO Epoch 2 | Step 10500/15377 | Loss 0.6634 | LR 1.2227e-05
2026-03-05 14:32:16 INFO Epoch 2 | Step 10520/15377 | Loss 0.6634 | LR 1.2240e-05
2026-03-05 14:32:27 INFO Epoch 2 | Step 10540/15377 | Loss 0.6633 | LR 1.2253e-05
2026-03-05 14:32:39 INFO Epoch 2 | Step 10560/15377 | Loss 0.6633 | LR 1.2266e-05
2026-03-05 14:32:50 INFO Epoch 2 | Step 10580/15377 | Loss 0.6633 | LR 1.2279e-05
2026-03-05 14:33:01 INFO Epoch 2 | Step 10600/15377 | Loss 0.6633 | LR 1.2291e-05
2026-03-05 14:33:13 INFO Epoch 2 | Step 10620/15377 | Loss 0.6633 | LR 1.2304e-05
2026-03-05 14:33:24 INFO Epoch 2 | Step 10640/15377 | Loss 0.6633 | LR 1.2317e-05
2026-03-05 14:33:35 INFO Epoch 2 | Step 10660/15377 | Loss 0.6633 | LR 1.2330e-05
2026-03-05 14:33:47 INFO Epoch 2 | Step 10680/15377 | Loss 0.6632 | LR 1.2343e-05
2026-03-05 14:33:58 INFO Epoch 2 | Step 10700/15377 | Loss 0.6632 | LR 1.2355e-05
2026-03-05 14:34:10 INFO Epoch 2 | Step 10720/15377 | Loss 0.6632 | LR 1.2368e-05
2026-03-05 14:34:21 INFO Epoch 2 | Step 10740/15377 | Loss 0.6632 | LR 1.2381e-05
2026-03-05 14:34:32 INFO Epoch 2 | Step 10760/15377 | Loss 0.6632 | LR 1.2394e-05
2026-03-05 14:34:44 INFO Epoch 2 | Step 10780/15377 | Loss 0.6632 | LR 1.2407e-05
2026-03-05 14:34:56 INFO Epoch 2 | Step 10800/15377 | Loss 0.6632 | LR 1.2419e-05
2026-03-05 14:35:07 INFO Epoch 2 | Step 10820/15377 | Loss 0.6632 | LR 1.2432e-05
2026-03-05 14:35:18 INFO Epoch 2 | Step 10840/15377 | Loss 0.6632 | LR 1.2445e-05
2026-03-05 14:35:30 INFO Epoch 2 | Step 10860/15377 | Loss 0.6631 | LR 1.2458e-05
2026-03-05 14:35:41 INFO Epoch 2 | Step 10880/15377 | Loss 0.6631 | LR 1.2470e-05
2026-03-05 14:35:53 INFO Epoch 2 | Step 10900/15377 | Loss 0.6631 | LR 1.2483e-05
2026-03-05 14:36:04 INFO Epoch 2 | Step 10920/15377 | Loss 0.6632 | LR 1.2496e-05
2026-03-05 14:36:15 INFO Epoch 2 | Step 10940/15377 | Loss 0.6631 | LR 1.2509e-05
2026-03-05 14:36:27 INFO Epoch 2 | Step 10960/15377 | Loss 0.6631 | LR 1.2522e-05
2026-03-05 14:36:38 INFO Epoch 2 | Step 10980/15377 | Loss 0.6631 | LR 1.2534e-05
2026-03-05 14:36:50 INFO Epoch 2 | Step 11000/15377 | Loss 0.6631 | LR 1.2547e-05
2026-03-05 14:37:01 INFO Epoch 2 | Step 11020/15377 | Loss 0.6631 | LR 1.2560e-05
2026-03-05 14:37:13 INFO Epoch 2 | Step 11040/15377 | Loss 0.6631 | LR 1.2573e-05
2026-03-05 14:37:24 INFO Epoch 2 | Step 11060/15377 | Loss 0.6631 | LR 1.2585e-05
2026-03-05 14:37:35 INFO Epoch 2 | Step 11080/15377 | Loss 0.6631 | LR 1.2598e-05
2026-03-05 14:37:47 INFO Epoch 2 | Step 11100/15377 | Loss 0.6631 | LR 1.2611e-05
2026-03-05 14:37:58 INFO Epoch 2 | Step 11120/15377 | Loss 0.6631 | LR 1.2623e-05
2026-03-05 14:38:09 INFO Epoch 2 | Step 11140/15377 | Loss 0.6631 | LR 1.2636e-05
2026-03-05 14:38:21 INFO Epoch 2 | Step 11160/15377 | Loss 0.6631 | LR 1.2649e-05
2026-03-05 14:38:32 INFO Epoch 2 | Step 11180/15377 | Loss 0.6631 | LR 1.2662e-05
2026-03-05 14:38:43 INFO Epoch 2 | Step 11200/15377 | Loss 0.6631 | LR 1.2674e-05
2026-03-05 14:38:55 INFO Epoch 2 | Step 11220/15377 | Loss 0.6631 | LR 1.2687e-05
2026-03-05 14:39:06 INFO Epoch 2 | Step 11240/15377 | Loss 0.6631 | LR 1.2700e-05
2026-03-05 14:39:17 INFO Epoch 2 | Step 11260/15377 | Loss 0.6630 | LR 1.2712e-05
2026-03-05 14:39:29 INFO Epoch 2 | Step 11280/15377 | Loss 0.6630 | LR 1.2725e-05
2026-03-05 14:39:40 INFO Epoch 2 | Step 11300/15377 | Loss 0.6630 | LR 1.2738e-05
2026-03-05 14:39:51 INFO Epoch 2 | Step 11320/15377 | Loss 0.6630 | LR 1.2750e-05
2026-03-05 14:40:03 INFO Epoch 2 | Step 11340/15377 | Loss 0.6630 | LR 1.2763e-05
2026-03-05 14:40:14 INFO Epoch 2 | Step 11360/15377 | Loss 0.6630 | LR 1.2776e-05
2026-03-05 14:40:25 INFO Epoch 2 | Step 11380/15377 | Loss 0.6630 | LR 1.2788e-05
2026-03-05 14:40:37 INFO Epoch 2 | Step 11400/15377 | Loss 0.6630 | LR 1.2801e-05
2026-03-05 14:40:48 INFO Epoch 2 | Step 11420/15377 | Loss 0.6630 | LR 1.2814e-05
2026-03-05 14:41:00 INFO Epoch 2 | Step 11440/15377 | Loss 0.6630 | LR 1.2826e-05
2026-03-05 14:41:11 INFO Epoch 2 | Step 11460/15377 | Loss 0.6630 | LR 1.2839e-05
2026-03-05 14:41:23 INFO Epoch 2 | Step 11480/15377 | Loss 0.6630 | LR 1.2852e-05
2026-03-05 14:41:34 INFO Epoch 2 | Step 11500/15377 | Loss 0.6630 | LR 1.2864e-05
2026-03-05 14:41:45 INFO Epoch 2 | Step 11520/15377 | Loss 0.6630 | LR 1.2877e-05
2026-03-05 14:41:56 INFO Epoch 2 | Step 11540/15377 | Loss 0.6630 | LR 1.2890e-05
2026-03-05 14:42:08 INFO Epoch 2 | Step 11560/15377 | Loss 0.6630 | LR 1.2902e-05
2026-03-05 14:42:19 INFO Epoch 2 | Step 11580/15377 | Loss 0.6629 | LR 1.2915e-05
2026-03-05 14:42:31 INFO Epoch 2 | Step 11600/15377 | Loss 0.6629 | LR 1.2927e-05
2026-03-05 14:42:42 INFO Epoch 2 | Step 11620/15377 | Loss 0.6629 | LR 1.2940e-05
2026-03-05 14:42:53 INFO Epoch 2 | Step 11640/15377 | Loss 0.6629 | LR 1.2953e-05
2026-03-05 14:43:05 INFO Epoch 2 | Step 11660/15377 | Loss 0.6629 | LR 1.2965e-05
2026-03-05 14:43:16 INFO Epoch 2 | Step 11680/15377 | Loss 0.6629 | LR 1.2978e-05
2026-03-05 14:43:28 INFO Epoch 2 | Step 11700/15377 | Loss 0.6629 | LR 1.2990e-05
2026-03-05 14:43:39 INFO Epoch 2 | Step 11720/15377 | Loss 0.6628 | LR 1.3003e-05
2026-03-05 14:43:50 INFO Epoch 2 | Step 11740/15377 | Loss 0.6629 | LR 1.3016e-05
2026-03-05 14:44:02 INFO Epoch 2 | Step 11760/15377 | Loss 0.6629 | LR 1.3028e-05
2026-03-05 14:44:13 INFO Epoch 2 | Step 11780/15377 | Loss 0.6629 | LR 1.3041e-05
2026-03-05 14:44:24 INFO Epoch 2 | Step 11800/15377 | Loss 0.6629 | LR 1.3053e-05
2026-03-05 14:44:36 INFO Epoch 2 | Step 11820/15377 | Loss 0.6629 | LR 1.3066e-05
2026-03-05 14:44:47 INFO Epoch 2 | Step 11840/15377 | Loss 0.6629 | LR 1.3079e-05
2026-03-05 14:44:58 INFO Epoch 2 | Step 11860/15377 | Loss 0.6629 | LR 1.3091e-05
2026-03-05 14:45:10 INFO Epoch 2 | Step 11880/15377 | Loss 0.6629 | LR 1.3104e-05
2026-03-05 14:45:22 INFO Epoch 2 | Step 11900/15377 | Loss 0.6628 | LR 1.3116e-05
2026-03-05 14:45:33 INFO Epoch 2 | Step 11920/15377 | Loss 0.6628 | LR 1.3129e-05
2026-03-05 14:45:44 INFO Epoch 2 | Step 11940/15377 | Loss 0.6628 | LR 1.3141e-05
2026-03-05 14:45:56 INFO Epoch 2 | Step 11960/15377 | Loss 0.6628 | LR 1.3154e-05
2026-03-05 14:46:07 INFO Epoch 2 | Step 11980/15377 | Loss 0.6628 | LR 1.3166e-05
2026-03-05 14:46:19 INFO Epoch 2 | Step 12000/15377 | Loss 0.6628 | LR 1.3179e-05
2026-03-05 14:46:30 INFO Epoch 2 | Step 12020/15377 | Loss 0.6628 | LR 1.3191e-05
2026-03-05 14:46:42 INFO Epoch 2 | Step 12040/15377 | Loss 0.6628 | LR 1.3204e-05
2026-03-05 14:46:53 INFO Epoch 2 | Step 12060/15377 | Loss 0.6628 | LR 1.3216e-05
2026-03-05 14:47:05 INFO Epoch 2 | Step 12080/15377 | Loss 0.6628 | LR 1.3229e-05
2026-03-05 14:47:16 INFO Epoch 2 | Step 12100/15377 | Loss 0.6628 | LR 1.3241e-05
2026-03-05 14:47:27 INFO Epoch 2 | Step 12120/15377 | Loss 0.6628 | LR 1.3254e-05
2026-03-05 14:47:39 INFO Epoch 2 | Step 12140/15377 | Loss 0.6628 | LR 1.3266e-05
2026-03-05 14:47:50 INFO Epoch 2 | Step 12160/15377 | Loss 0.6628 | LR 1.3279e-05
2026-03-05 14:48:02 INFO Epoch 2 | Step 12180/15377 | Loss 0.6628 | LR 1.3291e-05
2026-03-05 14:48:13 INFO Epoch 2 | Step 12200/15377 | Loss 0.6628 | LR 1.3304e-05
2026-03-05 14:48:24 INFO Epoch 2 | Step 12220/15377 | Loss 0.6628 | LR 1.3316e-05
2026-03-05 14:48:35 INFO Epoch 2 | Step 12240/15377 | Loss 0.6628 | LR 1.3329e-05
2026-03-05 14:48:47 INFO Epoch 2 | Step 12260/15377 | Loss 0.6628 | LR 1.3341e-05
2026-03-05 14:48:58 INFO Epoch 2 | Step 12280/15377 | Loss 0.6627 | LR 1.3354e-05
2026-03-05 14:49:10 INFO Epoch 2 | Step 12300/15377 | Loss 0.6627 | LR 1.3366e-05
2026-03-05 14:49:21 INFO Epoch 2 | Step 12320/15377 | Loss 0.6627 | LR 1.3378e-05
2026-03-05 14:49:33 INFO Epoch 2 | Step 12340/15377 | Loss 0.6627 | LR 1.3391e-05
2026-03-05 14:49:44 INFO Epoch 2 | Step 12360/15377 | Loss 0.6627 | LR 1.3403e-05
2026-03-05 14:49:55 INFO Epoch 2 | Step 12380/15377 | Loss 0.6626 | LR 1.3416e-05
2026-03-05 14:50:07 INFO Epoch 2 | Step 12400/15377 | Loss 0.6626 | LR 1.3428e-05
2026-03-05 14:50:18 INFO Epoch 2 | Step 12420/15377 | Loss 0.6626 | LR 1.3440e-05
2026-03-05 14:50:30 INFO Epoch 2 | Step 12440/15377 | Loss 0.6626 | LR 1.3453e-05
2026-03-05 14:50:41 INFO Epoch 2 | Step 12460/15377 | Loss 0.6626 | LR 1.3465e-05
2026-03-05 14:50:53 INFO Epoch 2 | Step 12480/15377 | Loss 0.6626 | LR 1.3478e-05
2026-03-05 14:51:04 INFO Epoch 2 | Step 12500/15377 | Loss 0.6626 | LR 1.3490e-05
2026-03-05 14:51:16 INFO Epoch 2 | Step 12520/15377 | Loss 0.6626 | LR 1.3502e-05
2026-03-05 14:51:27 INFO Epoch 2 | Step 12540/15377 | Loss 0.6626 | LR 1.3515e-05
2026-03-05 14:51:38 INFO Epoch 2 | Step 12560/15377 | Loss 0.6626 | LR 1.3527e-05
2026-03-05 14:51:50 INFO Epoch 2 | Step 12580/15377 | Loss 0.6626 | LR 1.3539e-05
2026-03-05 14:52:01 INFO Epoch 2 | Step 12600/15377 | Loss 0.6626 | LR 1.3552e-05
2026-03-05 14:52:12 INFO Epoch 2 | Step 12620/15377 | Loss 0.6626 | LR 1.3564e-05
2026-03-05 14:52:24 INFO Epoch 2 | Step 12640/15377 | Loss 0.6626 | LR 1.3577e-05
2026-03-05 14:52:35 INFO Epoch 2 | Step 12660/15377 | Loss 0.6626 | LR 1.3589e-05
2026-03-05 14:52:46 INFO Epoch 2 | Step 12680/15377 | Loss 0.6626 | LR 1.3601e-05
2026-03-05 14:52:58 INFO Epoch 2 | Step 12700/15377 | Loss 0.6626 | LR 1.3614e-05
2026-03-05 14:53:09 INFO Epoch 2 | Step 12720/15377 | Loss 0.6626 | LR 1.3626e-05
2026-03-05 14:53:21 INFO Epoch 2 | Step 12740/15377 | Loss 0.6626 | LR 1.3638e-05
2026-03-05 14:53:32 INFO Epoch 2 | Step 12760/15377 | Loss 0.6626 | LR 1.3650e-05
2026-03-05 14:53:44 INFO Epoch 2 | Step 12780/15377 | Loss 0.6626 | LR 1.3663e-05
2026-03-05 14:53:55 INFO Epoch 2 | Step 12800/15377 | Loss 0.6625 | LR 1.3675e-05
2026-03-05 14:54:07 INFO Epoch 2 | Step 12820/15377 | Loss 0.6625 | LR 1.3687e-05
2026-03-05 14:54:18 INFO Epoch 2 | Step 12840/15377 | Loss 0.6625 | LR 1.3700e-05
2026-03-05 14:54:29 INFO Epoch 2 | Step 12860/15377 | Loss 0.6625 | LR 1.3712e-05
2026-03-05 14:54:41 INFO Epoch 2 | Step 12880/15377 | Loss 0.6625 | LR 1.3724e-05
2026-03-05 14:54:52 INFO Epoch 2 | Step 12900/15377 | Loss 0.6625 | LR 1.3736e-05
2026-03-05 14:55:03 INFO Epoch 2 | Step 12920/15377 | Loss 0.6625 | LR 1.3749e-05
2026-03-05 14:55:15 INFO Epoch 2 | Step 12940/15377 | Loss 0.6625 | LR 1.3761e-05
2026-03-05 14:55:27 INFO Epoch 2 | Step 12960/15377 | Loss 0.6625 | LR 1.3773e-05
2026-03-05 14:55:38 INFO Epoch 2 | Step 12980/15377 | Loss 0.6625 | LR 1.3785e-05
2026-03-05 14:55:50 INFO Epoch 2 | Step 13000/15377 | Loss 0.6625 | LR 1.3798e-05
2026-03-05 14:56:01 INFO Epoch 2 | Step 13020/15377 | Loss 0.6625 | LR 1.3810e-05
2026-03-05 14:56:12 INFO Epoch 2 | Step 13040/15377 | Loss 0.6625 | LR 1.3822e-05
2026-03-05 14:56:24 INFO Epoch 2 | Step 13060/15377 | Loss 0.6625 | LR 1.3834e-05
2026-03-05 14:56:35 INFO Epoch 2 | Step 13080/15377 | Loss 0.6624 | LR 1.3847e-05
2026-03-05 14:56:46 INFO Epoch 2 | Step 13100/15377 | Loss 0.6624 | LR 1.3859e-05
2026-03-05 14:56:58 INFO Epoch 2 | Step 13120/15377 | Loss 0.6624 | LR 1.3871e-05
2026-03-05 14:57:09 INFO Epoch 2 | Step 13140/15377 | Loss 0.6624 | LR 1.3883e-05
2026-03-05 14:57:21 INFO Epoch 2 | Step 13160/15377 | Loss 0.6624 | LR 1.3895e-05
2026-03-05 14:57:32 INFO Epoch 2 | Step 13180/15377 | Loss 0.6623 | LR 1.3907e-05
2026-03-05 14:57:44 INFO Epoch 2 | Step 13200/15377 | Loss 0.6623 | LR 1.3920e-05
2026-03-05 14:57:55 INFO Epoch 2 | Step 13220/15377 | Loss 0.6623 | LR 1.3932e-05
2026-03-05 14:58:06 INFO Epoch 2 | Step 13240/15377 | Loss 0.6623 | LR 1.3944e-05
2026-03-05 14:58:18 INFO Epoch 2 | Step 13260/15377 | Loss 0.6623 | LR 1.3956e-05
2026-03-05 14:58:29 INFO Epoch 2 | Step 13280/15377 | Loss 0.6623 | LR 1.3968e-05
2026-03-05 14:58:41 INFO Epoch 2 | Step 13300/15377 | Loss 0.6623 | LR 1.3980e-05
2026-03-05 14:58:52 INFO Epoch 2 | Step 13320/15377 | Loss 0.6623 | LR 1.3993e-05
2026-03-05 14:59:04 INFO Epoch 2 | Step 13340/15377 | Loss 0.6623 | LR 1.4005e-05
2026-03-05 14:59:15 INFO Epoch 2 | Step 13360/15377 | Loss 0.6622 | LR 1.4017e-05
2026-03-05 14:59:26 INFO Epoch 2 | Step 13380/15377 | Loss 0.6622 | LR 1.4029e-05
2026-03-05 14:59:38 INFO Epoch 2 | Step 13400/15377 | Loss 0.6622 | LR 1.4041e-05
2026-03-05 14:59:49 INFO Epoch 2 | Step 13420/15377 | Loss 0.6622 | LR 1.4053e-05
2026-03-05 15:00:01 INFO Epoch 2 | Step 13440/15377 | Loss 0.6622 | LR 1.4065e-05
2026-03-05 15:00:12 INFO Epoch 2 | Step 13460/15377 | Loss 0.6622 | LR 1.4077e-05
2026-03-05 15:00:24 INFO Epoch 2 | Step 13480/15377 | Loss 0.6621 | LR 1.4089e-05
2026-03-05 15:00:35 INFO Epoch 2 | Step 13500/15377 | Loss 0.6622 | LR 1.4101e-05
2026-03-05 15:00:46 INFO Epoch 2 | Step 13520/15377 | Loss 0.6622 | LR 1.4113e-05
2026-03-05 15:00:58 INFO Epoch 2 | Step 13540/15377 | Loss 0.6621 | LR 1.4125e-05
2026-03-05 15:01:09 INFO Epoch 2 | Step 13560/15377 | Loss 0.6621 | LR 1.4138e-05
2026-03-05 15:01:20 INFO Epoch 2 | Step 13580/15377 | Loss 0.6621 | LR 1.4150e-05
2026-03-05 15:01:32 INFO Epoch 2 | Step 13600/15377 | Loss 0.6622 | LR 1.4162e-05
2026-03-05 15:01:43 INFO Epoch 2 | Step 13620/15377 | Loss 0.6622 | LR 1.4174e-05
2026-03-05 15:01:55 INFO Epoch 2 | Step 13640/15377 | Loss 0.6621 | LR 1.4186e-05
2026-03-05 15:02:06 INFO Epoch 2 | Step 13660/15377 | Loss 0.6621 | LR 1.4198e-05
2026-03-05 15:02:17 INFO Epoch 2 | Step 13680/15377 | Loss 0.6621 | LR 1.4210e-05
2026-03-05 15:02:29 INFO Epoch 2 | Step 13700/15377 | Loss 0.6621 | LR 1.4222e-05
2026-03-05 15:02:40 INFO Epoch 2 | Step 13720/15377 | Loss 0.6621 | LR 1.4234e-05
2026-03-05 15:02:52 INFO Epoch 2 | Step 13740/15377 | Loss 0.6621 | LR 1.4246e-05
2026-03-05 15:03:03 INFO Epoch 2 | Step 13760/15377 | Loss 0.6621 | LR 1.4258e-05
2026-03-05 15:03:14 INFO Epoch 2 | Step 13780/15377 | Loss 0.6621 | LR 1.4270e-05
2026-03-05 15:03:26 INFO Epoch 2 | Step 13800/15377 | Loss 0.6621 | LR 1.4282e-05
2026-03-05 15:03:38 INFO Epoch 2 | Step 13820/15377 | Loss 0.6621 | LR 1.4294e-05
2026-03-05 15:03:49 INFO Epoch 2 | Step 13840/15377 | Loss 0.6621 | LR 1.4305e-05
2026-03-05 15:04:01 INFO Epoch 2 | Step 13860/15377 | Loss 0.6621 | LR 1.4317e-05
2026-03-05 15:04:12 INFO Epoch 2 | Step 13880/15377 | Loss 0.6621 | LR 1.4329e-05
2026-03-05 15:04:24 INFO Epoch 2 | Step 13900/15377 | Loss 0.6620 | LR 1.4341e-05
2026-03-05 15:04:35 INFO Epoch 2 | Step 13920/15377 | Loss 0.6620 | LR 1.4353e-05
2026-03-05 15:04:47 INFO Epoch 2 | Step 13940/15377 | Loss 0.6620 | LR 1.4365e-05
2026-03-05 15:04:58 INFO Epoch 2 | Step 13960/15377 | Loss 0.6620 | LR 1.4377e-05
2026-03-05 15:05:10 INFO Epoch 2 | Step 13980/15377 | Loss 0.6620 | LR 1.4389e-05
2026-03-05 15:05:21 INFO Epoch 2 | Step 14000/15377 | Loss 0.6620 | LR 1.4401e-05
2026-03-05 15:05:33 INFO Epoch 2 | Step 14020/15377 | Loss 0.6619 | LR 1.4413e-05
2026-03-05 15:05:44 INFO Epoch 2 | Step 14040/15377 | Loss 0.6620 | LR 1.4425e-05
2026-03-05 15:05:56 INFO Epoch 2 | Step 14060/15377 | Loss 0.6620 | LR 1.4436e-05
2026-03-05 15:06:07 INFO Epoch 2 | Step 14080/15377 | Loss 0.6620 | LR 1.4448e-05
2026-03-05 15:06:19 INFO Epoch 2 | Step 14100/15377 | Loss 0.6620 | LR 1.4460e-05
2026-03-05 15:06:30 INFO Epoch 2 | Step 14120/15377 | Loss 0.6620 | LR 1.4472e-05
2026-03-05 15:06:42 INFO Epoch 2 | Step 14140/15377 | Loss 0.6620 | LR 1.4484e-05
2026-03-05 15:06:54 INFO Epoch 2 | Step 14160/15377 | Loss 0.6620 | LR 1.4496e-05
2026-03-05 15:07:05 INFO Epoch 2 | Step 14180/15377 | Loss 0.6620 | LR 1.4507e-05
2026-03-05 15:07:17 INFO Epoch 2 | Step 14200/15377 | Loss 0.6620 | LR 1.4519e-05
2026-03-05 15:07:28 INFO Epoch 2 | Step 14220/15377 | Loss 0.6620 | LR 1.4531e-05
2026-03-05 15:07:40 INFO Epoch 2 | Step 14240/15377 | Loss 0.6620 | LR 1.4543e-05
2026-03-05 15:07:51 INFO Epoch 2 | Step 14260/15377 | Loss 0.6619 | LR 1.4555e-05
2026-03-05 15:08:03 INFO Epoch 2 | Step 14280/15377 | Loss 0.6619 | LR 1.4566e-05
2026-03-05 15:08:14 INFO Epoch 2 | Step 14300/15377 | Loss 0.6619 | LR 1.4578e-05
2026-03-05 15:08:26 INFO Epoch 2 | Step 14320/15377 | Loss 0.6619 | LR 1.4590e-05
2026-03-05 15:08:37 INFO Epoch 2 | Step 14340/15377 | Loss 0.6619 | LR 1.4602e-05
2026-03-05 15:08:49 INFO Epoch 2 | Step 14360/15377 | Loss 0.6619 | LR 1.4614e-05
2026-03-05 15:09:00 INFO Epoch 2 | Step 14380/15377 | Loss 0.6619 | LR 1.4625e-05
2026-03-05 15:09:12 INFO Epoch 2 | Step 14400/15377 | Loss 0.6619 | LR 1.4637e-05
2026-03-05 15:09:23 INFO Epoch 2 | Step 14420/15377 | Loss 0.6619 | LR 1.4649e-05
2026-03-05 15:09:35 INFO Epoch 2 | Step 14440/15377 | Loss 0.6619 | LR 1.4660e-05
2026-03-05 15:09:47 INFO Epoch 2 | Step 14460/15377 | Loss 0.6618 | LR 1.4672e-05
2026-03-05 15:09:58 INFO Epoch 2 | Step 14480/15377 | Loss 0.6618 | LR 1.4684e-05
2026-03-05 15:10:10 INFO Epoch 2 | Step 14500/15377 | Loss 0.6618 | LR 1.4696e-05
2026-03-05 15:10:21 INFO Epoch 2 | Step 14520/15377 | Loss 0.6618 | LR 1.4707e-05
2026-03-05 15:10:33 INFO Epoch 2 | Step 14540/15377 | Loss 0.6618 | LR 1.4719e-05
2026-03-05 15:10:44 INFO Epoch 2 | Step 14560/15377 | Loss 0.6618 | LR 1.4731e-05
2026-03-05 15:10:56 INFO Epoch 2 | Step 14580/15377 | Loss 0.6617 | LR 1.4742e-05
2026-03-05 15:11:08 INFO Epoch 2 | Step 14600/15377 | Loss 0.6618 | LR 1.4754e-05
2026-03-05 15:11:19 INFO Epoch 2 | Step 14620/15377 | Loss 0.6617 | LR 1.4766e-05
2026-03-05 15:11:31 INFO Epoch 2 | Step 14640/15377 | Loss 0.6617 | LR 1.4777e-05
2026-03-05 15:11:42 INFO Epoch 2 | Step 14660/15377 | Loss 0.6617 | LR 1.4789e-05
2026-03-05 15:11:54 INFO Epoch 2 | Step 14680/15377 | Loss 0.6617 | LR 1.4800e-05
2026-03-05 15:12:05 INFO Epoch 2 | Step 14700/15377 | Loss 0.6617 | LR 1.4812e-05
2026-03-05 15:12:17 INFO Epoch 2 | Step 14720/15377 | Loss 0.6617 | LR 1.4824e-05
2026-03-05 15:12:28 INFO Epoch 2 | Step 14740/15377 | Loss 0.6617 | LR 1.4835e-05
2026-03-05 15:12:40 INFO Epoch 2 | Step 14760/15377 | Loss 0.6617 | LR 1.4847e-05
2026-03-05 15:12:51 INFO Epoch 2 | Step 14780/15377 | Loss 0.6617 | LR 1.4858e-05
2026-03-05 15:13:03 INFO Epoch 2 | Step 14800/15377 | Loss 0.6617 | LR 1.4870e-05
2026-03-05 15:13:14 INFO Epoch 2 | Step 14820/15377 | Loss 0.6617 | LR 1.4882e-05
2026-03-05 15:13:26 INFO Epoch 2 | Step 14840/15377 | Loss 0.6617 | LR 1.4893e-05
2026-03-05 15:13:37 INFO Epoch 2 | Step 14860/15377 | Loss 0.6617 | LR 1.4905e-05
2026-03-05 15:13:49 INFO Epoch 2 | Step 14880/15377 | Loss 0.6617 | LR 1.4916e-05
2026-03-05 15:14:00 INFO Epoch 2 | Step 14900/15377 | Loss 0.6617 | LR 1.4928e-05
2026-03-05 15:14:12 INFO Epoch 2 | Step 14920/15377 | Loss 0.6617 | LR 1.4939e-05
2026-03-05 15:14:24 INFO Epoch 2 | Step 14940/15377 | Loss 0.6617 | LR 1.4951e-05
2026-03-05 15:14:35 INFO Epoch 2 | Step 14960/15377 | Loss 0.6617 | LR 1.4962e-05
2026-03-05 15:14:47 INFO Epoch 2 | Step 14980/15377 | Loss 0.6617 | LR 1.4974e-05
2026-03-05 15:14:58 INFO Epoch 2 | Step 15000/15377 | Loss 0.6617 | LR 1.4985e-05
2026-03-05 15:15:10 INFO Epoch 2 | Step 15020/15377 | Loss 0.6617 | LR 1.4997e-05
2026-03-05 15:15:21 INFO Epoch 2 | Step 15040/15377 | Loss 0.6617 | LR 1.5008e-05
2026-03-05 15:15:33 INFO Epoch 2 | Step 15060/15377 | Loss 0.6617 | LR 1.5020e-05
2026-03-05 15:15:44 INFO Epoch 2 | Step 15080/15377 | Loss 0.6616 | LR 1.5031e-05
2026-03-05 15:15:56 INFO Epoch 2 | Step 15100/15377 | Loss 0.6616 | LR 1.5043e-05
2026-03-05 15:16:07 INFO Epoch 2 | Step 15120/15377 | Loss 0.6616 | LR 1.5054e-05
2026-03-05 15:16:19 INFO Epoch 2 | Step 15140/15377 | Loss 0.6616 | LR 1.5066e-05
2026-03-05 15:16:30 INFO Epoch 2 | Step 15160/15377 | Loss 0.6616 | LR 1.5077e-05
2026-03-05 15:16:42 INFO Epoch 2 | Step 15180/15377 | Loss 0.6615 | LR 1.5088e-05
2026-03-05 15:16:53 INFO Epoch 2 | Step 15200/15377 | Loss 0.6615 | LR 1.5100e-05
2026-03-05 15:17:05 INFO Epoch 2 | Step 15220/15377 | Loss 0.6615 | LR 1.5111e-05
2026-03-05 15:17:16 INFO Epoch 2 | Step 15240/15377 | Loss 0.6615 | LR 1.5123e-05
