2026-02-27 16:15:54 INFO Startup | Rank: 0 | Run Id: 20260216_170130 | Seed: 47 | Stages: finetune,evaluate | World Size: 4
2026-02-27 16:15:54 INFO Device | Resolved Device: cuda:0
2026-02-27 16:17:52 INFO Model Init | Model: v5 | Params: 2297601
2026-02-27 16:17:55 INFO DDP Ready | Wrapped: True
2026-02-27 16:17:55 INFO Checkpoint Loaded | Path: models/v5/pretrain/20260216_170130/best_model.pth
2026-02-27 16:18:09 INFO Data Ready | Test: 188697 | Train: 2675542 | Valid: 140819
2026-02-27 16:18:09 INFO Begin Training
2026-02-27 16:18:09 INFO Stage Start | Run Id: 20260216_170130
2026-02-27 16:18:09 INFO Train Config | Epochs: 30 | Monitor: auprc | Patience: 5
2026-02-27 16:18:09 INFO Epoch Start | Epoch: 1
2026-02-27 16:18:12 INFO Epoch 1 | Step 1/15377 | Loss 1.9545 | LR 4.0000e-07
2026-02-27 16:18:27 INFO Epoch 1 | Step 20/15377 | Loss 1.8196 | LR 4.0000e-07
2026-02-27 16:18:42 INFO Epoch 1 | Step 40/15377 | Loss 1.8566 | LR 4.0000e-07
2026-02-27 16:18:58 INFO Epoch 1 | Step 60/15377 | Loss 1.8917 | LR 4.0001e-07
2026-02-27 16:19:13 INFO Epoch 1 | Step 80/15377 | Loss 1.8999 | LR 4.0002e-07
2026-02-27 16:19:29 INFO Epoch 1 | Step 100/15377 | Loss 1.9090 | LR 4.0003e-07
2026-02-27 16:19:45 INFO Epoch 1 | Step 120/15377 | Loss 1.9277 | LR 4.0004e-07
2026-02-27 16:20:00 INFO Epoch 1 | Step 140/15377 | Loss 1.9127 | LR 4.0005e-07
2026-02-27 16:20:16 INFO Epoch 1 | Step 160/15377 | Loss 1.9184 | LR 4.0007e-07
2026-02-27 16:20:31 INFO Epoch 1 | Step 180/15377 | Loss 1.9142 | LR 4.0009e-07
2026-02-27 16:20:47 INFO Epoch 1 | Step 200/15377 | Loss 1.9129 | LR 4.0011e-07
2026-02-27 16:21:03 INFO Epoch 1 | Step 220/15377 | Loss 1.9229 | LR 4.0013e-07
2026-02-27 16:21:18 INFO Epoch 1 | Step 240/15377 | Loss 1.9221 | LR 4.0016e-07
2026-02-27 16:21:34 INFO Epoch 1 | Step 260/15377 | Loss 1.9181 | LR 4.0019e-07
2026-02-27 16:21:49 INFO Epoch 1 | Step 280/15377 | Loss 1.9106 | LR 4.0022e-07
2026-02-27 16:22:05 INFO Epoch 1 | Step 300/15377 | Loss 1.9119 | LR 4.0025e-07
2026-02-27 16:22:21 INFO Epoch 1 | Step 320/15377 | Loss 1.9110 | LR 4.0028e-07
2026-02-27 16:22:36 INFO Epoch 1 | Step 340/15377 | Loss 1.9081 | LR 4.0032e-07
2026-02-27 16:22:52 INFO Epoch 1 | Step 360/15377 | Loss 1.9061 | LR 4.0036e-07
2026-02-27 16:23:08 INFO Epoch 1 | Step 380/15377 | Loss 1.9032 | LR 4.0040e-07
2026-02-27 16:23:23 INFO Epoch 1 | Step 400/15377 | Loss 1.9010 | LR 4.0045e-07
2026-02-27 16:23:39 INFO Epoch 1 | Step 420/15377 | Loss 1.8961 | LR 4.0049e-07
2026-02-27 16:23:54 INFO Epoch 1 | Step 440/15377 | Loss 1.8967 | LR 4.0054e-07
2026-02-27 16:24:10 INFO Epoch 1 | Step 460/15377 | Loss 1.8945 | LR 4.0059e-07
2026-02-27 16:24:25 INFO Epoch 1 | Step 480/15377 | Loss 1.8931 | LR 4.0064e-07
2026-02-27 16:24:41 INFO Epoch 1 | Step 500/15377 | Loss 1.8937 | LR 4.0070e-07
2026-02-27 16:24:57 INFO Epoch 1 | Step 520/15377 | Loss 1.8945 | LR 4.0075e-07
2026-02-27 16:25:13 INFO Epoch 1 | Step 540/15377 | Loss 1.8965 | LR 4.0081e-07
2026-02-27 16:25:28 INFO Epoch 1 | Step 560/15377 | Loss 1.8915 | LR 4.0087e-07
2026-02-27 16:25:44 INFO Epoch 1 | Step 580/15377 | Loss 1.8920 | LR 4.0094e-07
2026-02-27 16:25:59 INFO Epoch 1 | Step 600/15377 | Loss 1.8922 | LR 4.0100e-07
2026-02-27 16:26:15 INFO Epoch 1 | Step 620/15377 | Loss 1.8904 | LR 4.0107e-07
2026-02-27 16:26:31 INFO Epoch 1 | Step 640/15377 | Loss 1.8930 | LR 4.0114e-07
2026-02-27 16:26:46 INFO Epoch 1 | Step 660/15377 | Loss 1.8911 | LR 4.0121e-07
2026-02-27 16:27:02 INFO Epoch 1 | Step 680/15377 | Loss 1.8979 | LR 4.0129e-07
2026-02-27 16:27:18 INFO Epoch 1 | Step 700/15377 | Loss 1.8993 | LR 4.0136e-07
2026-02-27 16:27:34 INFO Epoch 1 | Step 720/15377 | Loss 1.8993 | LR 4.0144e-07
2026-02-27 16:27:50 INFO Epoch 1 | Step 740/15377 | Loss 1.8993 | LR 4.0152e-07
2026-02-27 16:28:06 INFO Epoch 1 | Step 760/15377 | Loss 1.9001 | LR 4.0161e-07
2026-02-27 16:28:22 INFO Epoch 1 | Step 780/15377 | Loss 1.8979 | LR 4.0169e-07
2026-02-27 16:28:38 INFO Epoch 1 | Step 800/15377 | Loss 1.8991 | LR 4.0178e-07
2026-02-27 16:28:54 INFO Epoch 1 | Step 820/15377 | Loss 1.8972 | LR 4.0187e-07
2026-02-27 16:29:10 INFO Epoch 1 | Step 840/15377 | Loss 1.8969 | LR 4.0196e-07
2026-02-27 16:29:26 INFO Epoch 1 | Step 860/15377 | Loss 1.8956 | LR 4.0206e-07
2026-02-27 16:29:42 INFO Epoch 1 | Step 880/15377 | Loss 1.8964 | LR 4.0215e-07
2026-02-27 16:29:58 INFO Epoch 1 | Step 900/15377 | Loss 1.8966 | LR 4.0225e-07
2026-02-27 16:30:14 INFO Epoch 1 | Step 920/15377 | Loss 1.8951 | LR 4.0236e-07
2026-02-27 16:30:30 INFO Epoch 1 | Step 940/15377 | Loss 1.8951 | LR 4.0246e-07
2026-02-27 16:30:46 INFO Epoch 1 | Step 960/15377 | Loss 1.8929 | LR 4.0256e-07
2026-02-27 16:31:02 INFO Epoch 1 | Step 980/15377 | Loss 1.8897 | LR 4.0267e-07
2026-02-27 16:31:18 INFO Epoch 1 | Step 1000/15377 | Loss 1.8911 | LR 4.0278e-07
2026-02-27 16:31:34 INFO Epoch 1 | Step 1020/15377 | Loss 1.8913 | LR 4.0289e-07
2026-02-27 16:31:50 INFO Epoch 1 | Step 1040/15377 | Loss 1.8931 | LR 4.0301e-07
2026-02-27 16:32:06 INFO Epoch 1 | Step 1060/15377 | Loss 1.8907 | LR 4.0313e-07
2026-02-27 16:32:22 INFO Epoch 1 | Step 1080/15377 | Loss 1.8910 | LR 4.0325e-07
2026-02-27 16:32:38 INFO Epoch 1 | Step 1100/15377 | Loss 1.8933 | LR 4.0337e-07
2026-02-27 16:32:54 INFO Epoch 1 | Step 1120/15377 | Loss 1.8927 | LR 4.0349e-07
2026-02-27 16:33:10 INFO Epoch 1 | Step 1140/15377 | Loss 1.8930 | LR 4.0362e-07
2026-02-27 16:33:26 INFO Epoch 1 | Step 1160/15377 | Loss 1.8924 | LR 4.0374e-07
2026-02-27 16:33:41 INFO Epoch 1 | Step 1180/15377 | Loss 1.8913 | LR 4.0387e-07
2026-02-27 16:33:58 INFO Epoch 1 | Step 1200/15377 | Loss 1.8916 | LR 4.0401e-07
2026-02-27 16:34:13 INFO Epoch 1 | Step 1220/15377 | Loss 1.8905 | LR 4.0414e-07
2026-02-27 16:34:29 INFO Epoch 1 | Step 1240/15377 | Loss 1.8914 | LR 4.0428e-07
2026-02-27 16:34:45 INFO Epoch 1 | Step 1260/15377 | Loss 1.8897 | LR 4.0442e-07
2026-02-27 16:35:01 INFO Epoch 1 | Step 1280/15377 | Loss 1.8880 | LR 4.0456e-07
2026-02-27 16:35:17 INFO Epoch 1 | Step 1300/15377 | Loss 1.8878 | LR 4.0470e-07
2026-02-27 16:35:33 INFO Epoch 1 | Step 1320/15377 | Loss 1.8874 | LR 4.0485e-07
2026-02-27 16:35:49 INFO Epoch 1 | Step 1340/15377 | Loss 1.8866 | LR 4.0500e-07
2026-02-27 16:36:05 INFO Epoch 1 | Step 1360/15377 | Loss 1.8855 | LR 4.0515e-07
2026-02-27 16:36:21 INFO Epoch 1 | Step 1380/15377 | Loss 1.8854 | LR 4.0530e-07
2026-02-27 16:36:37 INFO Epoch 1 | Step 1400/15377 | Loss 1.8841 | LR 4.0545e-07
2026-02-27 16:36:53 INFO Epoch 1 | Step 1420/15377 | Loss 1.8815 | LR 4.0561e-07
2026-02-27 16:37:09 INFO Epoch 1 | Step 1440/15377 | Loss 1.8792 | LR 4.0577e-07
2026-02-27 16:37:25 INFO Epoch 1 | Step 1460/15377 | Loss 1.8809 | LR 4.0593e-07
2026-02-27 16:37:41 INFO Epoch 1 | Step 1480/15377 | Loss 1.8824 | LR 4.0609e-07
2026-02-27 16:37:57 INFO Epoch 1 | Step 1500/15377 | Loss 1.8810 | LR 4.0626e-07
2026-02-27 16:38:13 INFO Epoch 1 | Step 1520/15377 | Loss 1.8814 | LR 4.0643e-07
2026-02-27 16:38:28 INFO Epoch 1 | Step 1540/15377 | Loss 1.8818 | LR 4.0660e-07
2026-02-27 16:38:44 INFO Epoch 1 | Step 1560/15377 | Loss 1.8815 | LR 4.0677e-07
2026-02-27 16:39:00 INFO Epoch 1 | Step 1580/15377 | Loss 1.8812 | LR 4.0695e-07
2026-02-27 16:39:16 INFO Epoch 1 | Step 1600/15377 | Loss 1.8819 | LR 4.0712e-07
2026-02-27 16:39:32 INFO Epoch 1 | Step 1620/15377 | Loss 1.8808 | LR 4.0730e-07
2026-02-27 16:39:48 INFO Epoch 1 | Step 1640/15377 | Loss 1.8805 | LR 4.0748e-07
2026-02-27 16:40:04 INFO Epoch 1 | Step 1660/15377 | Loss 1.8800 | LR 4.0767e-07
2026-02-27 16:40:20 INFO Epoch 1 | Step 1680/15377 | Loss 1.8800 | LR 4.0785e-07
2026-02-27 16:40:36 INFO Epoch 1 | Step 1700/15377 | Loss 1.8792 | LR 4.0804e-07
2026-02-27 16:40:52 INFO Epoch 1 | Step 1720/15377 | Loss 1.8784 | LR 4.0823e-07
2026-02-27 16:41:08 INFO Epoch 1 | Step 1740/15377 | Loss 1.8786 | LR 4.0842e-07
2026-02-27 16:41:24 INFO Epoch 1 | Step 1760/15377 | Loss 1.8779 | LR 4.0862e-07
2026-02-27 16:41:40 INFO Epoch 1 | Step 1780/15377 | Loss 1.8779 | LR 4.0881e-07
2026-02-27 16:41:56 INFO Epoch 1 | Step 1800/15377 | Loss 1.8772 | LR 4.0901e-07
2026-02-27 16:42:12 INFO Epoch 1 | Step 1820/15377 | Loss 1.8759 | LR 4.0921e-07
2026-02-27 16:42:28 INFO Epoch 1 | Step 1840/15377 | Loss 1.8752 | LR 4.0942e-07
2026-02-27 16:42:44 INFO Epoch 1 | Step 1860/15377 | Loss 1.8727 | LR 4.0962e-07
2026-02-27 16:43:00 INFO Epoch 1 | Step 1880/15377 | Loss 1.8721 | LR 4.0983e-07
2026-02-27 16:43:16 INFO Epoch 1 | Step 1900/15377 | Loss 1.8722 | LR 4.1004e-07
2026-02-27 16:43:32 INFO Epoch 1 | Step 1920/15377 | Loss 1.8725 | LR 4.1025e-07
2026-02-27 16:43:48 INFO Epoch 1 | Step 1940/15377 | Loss 1.8732 | LR 4.1047e-07
2026-02-27 16:44:04 INFO Epoch 1 | Step 1960/15377 | Loss 1.8723 | LR 4.1069e-07
2026-02-27 16:44:20 INFO Epoch 1 | Step 1980/15377 | Loss 1.8726 | LR 4.1091e-07
2026-02-27 16:44:36 INFO Epoch 1 | Step 2000/15377 | Loss 1.8724 | LR 4.1113e-07
2026-02-27 16:44:52 INFO Epoch 1 | Step 2020/15377 | Loss 1.8716 | LR 4.1135e-07
2026-02-27 16:45:08 INFO Epoch 1 | Step 2040/15377 | Loss 1.8715 | LR 4.1158e-07
2026-02-27 16:45:24 INFO Epoch 1 | Step 2060/15377 | Loss 1.8701 | LR 4.1180e-07
2026-02-27 16:45:40 INFO Epoch 1 | Step 2080/15377 | Loss 1.8699 | LR 4.1203e-07
2026-02-27 16:45:56 INFO Epoch 1 | Step 2100/15377 | Loss 1.8703 | LR 4.1227e-07
2026-02-27 16:46:12 INFO Epoch 1 | Step 2120/15377 | Loss 1.8690 | LR 4.1250e-07
2026-02-27 16:46:28 INFO Epoch 1 | Step 2140/15377 | Loss 1.8679 | LR 4.1274e-07
2026-02-27 16:46:44 INFO Epoch 1 | Step 2160/15377 | Loss 1.8662 | LR 4.1298e-07
2026-02-27 16:47:00 INFO Epoch 1 | Step 2180/15377 | Loss 1.8646 | LR 4.1322e-07
2026-02-27 16:47:16 INFO Epoch 1 | Step 2200/15377 | Loss 1.8637 | LR 4.1346e-07
2026-02-27 16:47:32 INFO Epoch 1 | Step 2220/15377 | Loss 1.8646 | LR 4.1371e-07
2026-02-27 16:47:48 INFO Epoch 1 | Step 2240/15377 | Loss 1.8637 | LR 4.1396e-07
2026-02-27 16:48:03 INFO Epoch 1 | Step 2260/15377 | Loss 1.8640 | LR 4.1421e-07
2026-02-27 16:48:19 INFO Epoch 1 | Step 2280/15377 | Loss 1.8631 | LR 4.1446e-07
2026-02-27 16:48:35 INFO Epoch 1 | Step 2300/15377 | Loss 1.8629 | LR 4.1471e-07
2026-02-27 16:48:50 INFO Epoch 1 | Step 2320/15377 | Loss 1.8629 | LR 4.1497e-07
2026-02-27 16:49:06 INFO Epoch 1 | Step 2340/15377 | Loss 1.8625 | LR 4.1523e-07
2026-02-27 16:49:22 INFO Epoch 1 | Step 2360/15377 | Loss 1.8615 | LR 4.1549e-07
2026-02-27 16:49:38 INFO Epoch 1 | Step 2380/15377 | Loss 1.8607 | LR 4.1575e-07
2026-02-27 16:49:53 INFO Epoch 1 | Step 2400/15377 | Loss 1.8601 | LR 4.1602e-07
2026-02-27 16:50:09 INFO Epoch 1 | Step 2420/15377 | Loss 1.8595 | LR 4.1629e-07
2026-02-27 16:50:25 INFO Epoch 1 | Step 2440/15377 | Loss 1.8583 | LR 4.1656e-07
2026-02-27 16:50:40 INFO Epoch 1 | Step 2460/15377 | Loss 1.8574 | LR 4.1683e-07
2026-02-27 16:50:56 INFO Epoch 1 | Step 2480/15377 | Loss 1.8569 | LR 4.1710e-07
2026-02-27 16:51:12 INFO Epoch 1 | Step 2500/15377 | Loss 1.8567 | LR 4.1738e-07
2026-02-27 16:51:27 INFO Epoch 1 | Step 2520/15377 | Loss 1.8572 | LR 4.1766e-07
2026-02-27 16:51:43 INFO Epoch 1 | Step 2540/15377 | Loss 1.8565 | LR 4.1794e-07
2026-02-27 16:51:59 INFO Epoch 1 | Step 2560/15377 | Loss 1.8557 | LR 4.1823e-07
2026-02-27 16:52:14 INFO Epoch 1 | Step 2580/15377 | Loss 1.8551 | LR 4.1851e-07
2026-02-27 16:52:30 INFO Epoch 1 | Step 2600/15377 | Loss 1.8542 | LR 4.1880e-07
2026-02-27 16:52:46 INFO Epoch 1 | Step 2620/15377 | Loss 1.8536 | LR 4.1909e-07
2026-02-27 16:53:01 INFO Epoch 1 | Step 2640/15377 | Loss 1.8530 | LR 4.1938e-07
2026-02-27 16:53:17 INFO Epoch 1 | Step 2660/15377 | Loss 1.8521 | LR 4.1968e-07
2026-02-27 16:53:33 INFO Epoch 1 | Step 2680/15377 | Loss 1.8512 | LR 4.1997e-07
2026-02-27 16:53:48 INFO Epoch 1 | Step 2700/15377 | Loss 1.8500 | LR 4.2027e-07
2026-02-27 16:54:04 INFO Epoch 1 | Step 2720/15377 | Loss 1.8490 | LR 4.2057e-07
2026-02-27 16:54:20 INFO Epoch 1 | Step 2740/15377 | Loss 1.8485 | LR 4.2088e-07
2026-02-27 16:54:35 INFO Epoch 1 | Step 2760/15377 | Loss 1.8479 | LR 4.2118e-07
2026-02-27 16:54:51 INFO Epoch 1 | Step 2780/15377 | Loss 1.8472 | LR 4.2149e-07
2026-02-27 16:55:06 INFO Epoch 1 | Step 2800/15377 | Loss 1.8463 | LR 4.2180e-07
2026-02-27 16:55:22 INFO Epoch 1 | Step 2820/15377 | Loss 1.8451 | LR 4.2211e-07
2026-02-27 16:55:37 INFO Epoch 1 | Step 2840/15377 | Loss 1.8443 | LR 4.2243e-07
2026-02-27 16:55:52 INFO Epoch 1 | Step 2860/15377 | Loss 1.8434 | LR 4.2274e-07
2026-02-27 16:56:08 INFO Epoch 1 | Step 2880/15377 | Loss 1.8434 | LR 4.2306e-07
2026-02-27 16:56:23 INFO Epoch 1 | Step 2900/15377 | Loss 1.8420 | LR 4.2338e-07
2026-02-27 16:56:38 INFO Epoch 1 | Step 2920/15377 | Loss 1.8413 | LR 4.2371e-07
2026-02-27 16:56:53 INFO Epoch 1 | Step 2940/15377 | Loss 1.8416 | LR 4.2403e-07
2026-02-27 16:57:09 INFO Epoch 1 | Step 2960/15377 | Loss 1.8408 | LR 4.2436e-07
2026-02-27 16:57:24 INFO Epoch 1 | Step 2980/15377 | Loss 1.8402 | LR 4.2469e-07
2026-02-27 16:57:39 INFO Epoch 1 | Step 3000/15377 | Loss 1.8394 | LR 4.2502e-07
2026-02-27 16:57:55 INFO Epoch 1 | Step 3020/15377 | Loss 1.8387 | LR 4.2536e-07
2026-02-27 16:58:10 INFO Epoch 1 | Step 3040/15377 | Loss 1.8378 | LR 4.2569e-07
2026-02-27 16:58:25 INFO Epoch 1 | Step 3060/15377 | Loss 1.8375 | LR 4.2603e-07
2026-02-27 16:58:41 INFO Epoch 1 | Step 3080/15377 | Loss 1.8372 | LR 4.2637e-07
2026-02-27 16:58:56 INFO Epoch 1 | Step 3100/15377 | Loss 1.8370 | LR 4.2672e-07
2026-02-27 16:59:11 INFO Epoch 1 | Step 3120/15377 | Loss 1.8360 | LR 4.2706e-07
2026-02-27 16:59:27 INFO Epoch 1 | Step 3140/15377 | Loss 1.8352 | LR 4.2741e-07
2026-02-27 16:59:42 INFO Epoch 1 | Step 3160/15377 | Loss 1.8344 | LR 4.2776e-07
2026-02-27 16:59:57 INFO Epoch 1 | Step 3180/15377 | Loss 1.8337 | LR 4.2811e-07
2026-02-27 17:00:12 INFO Epoch 1 | Step 3200/15377 | Loss 1.8337 | LR 4.2847e-07
2026-02-27 17:00:28 INFO Epoch 1 | Step 3220/15377 | Loss 1.8332 | LR 4.2882e-07
2026-02-27 17:00:43 INFO Epoch 1 | Step 3240/15377 | Loss 1.8321 | LR 4.2918e-07
2026-02-27 17:00:58 INFO Epoch 1 | Step 3260/15377 | Loss 1.8315 | LR 4.2954e-07
2026-02-27 17:01:14 INFO Epoch 1 | Step 3280/15377 | Loss 1.8300 | LR 4.2991e-07
2026-02-27 17:01:29 INFO Epoch 1 | Step 3300/15377 | Loss 1.8296 | LR 4.3027e-07
2026-02-27 17:01:44 INFO Epoch 1 | Step 3320/15377 | Loss 1.8296 | LR 4.3064e-07
2026-02-27 17:01:59 INFO Epoch 1 | Step 3340/15377 | Loss 1.8291 | LR 4.3101e-07
2026-02-27 17:02:14 INFO Epoch 1 | Step 3360/15377 | Loss 1.8288 | LR 4.3138e-07
2026-02-27 17:02:30 INFO Epoch 1 | Step 3380/15377 | Loss 1.8281 | LR 4.3176e-07
2026-02-27 17:02:45 INFO Epoch 1 | Step 3400/15377 | Loss 1.8270 | LR 4.3213e-07
2026-02-27 17:03:00 INFO Epoch 1 | Step 3420/15377 | Loss 1.8262 | LR 4.3251e-07
2026-02-27 17:03:15 INFO Epoch 1 | Step 3440/15377 | Loss 1.8256 | LR 4.3289e-07
2026-02-27 17:03:31 INFO Epoch 1 | Step 3460/15377 | Loss 1.8256 | LR 4.3328e-07
2026-02-27 17:03:46 INFO Epoch 1 | Step 3480/15377 | Loss 1.8255 | LR 4.3366e-07
2026-02-27 17:04:01 INFO Epoch 1 | Step 3500/15377 | Loss 1.8250 | LR 4.3405e-07
2026-02-27 17:04:16 INFO Epoch 1 | Step 3520/15377 | Loss 1.8237 | LR 4.3444e-07
2026-02-27 17:04:32 INFO Epoch 1 | Step 3540/15377 | Loss 1.8232 | LR 4.3483e-07
2026-02-27 17:04:47 INFO Epoch 1 | Step 3560/15377 | Loss 1.8229 | LR 4.3522e-07
2026-02-27 17:05:02 INFO Epoch 1 | Step 3580/15377 | Loss 1.8222 | LR 4.3562e-07
2026-02-27 17:05:17 INFO Epoch 1 | Step 3600/15377 | Loss 1.8216 | LR 4.3602e-07
2026-02-27 17:05:33 INFO Epoch 1 | Step 3620/15377 | Loss 1.8211 | LR 4.3642e-07
2026-02-27 17:05:48 INFO Epoch 1 | Step 3640/15377 | Loss 1.8203 | LR 4.3682e-07
2026-02-27 17:06:03 INFO Epoch 1 | Step 3660/15377 | Loss 1.8193 | LR 4.3723e-07
2026-02-27 17:06:18 INFO Epoch 1 | Step 3680/15377 | Loss 1.8181 | LR 4.3764e-07
2026-02-27 17:06:34 INFO Epoch 1 | Step 3700/15377 | Loss 1.8170 | LR 4.3805e-07
2026-02-27 17:06:49 INFO Epoch 1 | Step 3720/15377 | Loss 1.8166 | LR 4.3846e-07
2026-02-27 17:07:04 INFO Epoch 1 | Step 3740/15377 | Loss 1.8156 | LR 4.3887e-07
2026-02-27 17:07:19 INFO Epoch 1 | Step 3760/15377 | Loss 1.8147 | LR 4.3929e-07
2026-02-27 17:07:35 INFO Epoch 1 | Step 3780/15377 | Loss 1.8135 | LR 4.3971e-07
2026-02-27 17:07:50 INFO Epoch 1 | Step 3800/15377 | Loss 1.8134 | LR 4.4013e-07
2026-02-27 17:08:05 INFO Epoch 1 | Step 3820/15377 | Loss 1.8125 | LR 4.4055e-07
2026-02-27 17:08:20 INFO Epoch 1 | Step 3840/15377 | Loss 1.8118 | LR 4.4097e-07
2026-02-27 17:08:36 INFO Epoch 1 | Step 3860/15377 | Loss 1.8111 | LR 4.4140e-07
2026-02-27 17:08:51 INFO Epoch 1 | Step 3880/15377 | Loss 1.8108 | LR 4.4183e-07
2026-02-27 17:09:06 INFO Epoch 1 | Step 3900/15377 | Loss 1.8107 | LR 4.4226e-07
2026-02-27 17:09:21 INFO Epoch 1 | Step 3920/15377 | Loss 1.8099 | LR 4.4270e-07
2026-02-27 17:09:37 INFO Epoch 1 | Step 3940/15377 | Loss 1.8089 | LR 4.4313e-07
2026-02-27 17:09:52 INFO Epoch 1 | Step 3960/15377 | Loss 1.8083 | LR 4.4357e-07
2026-02-27 17:10:07 INFO Epoch 1 | Step 3980/15377 | Loss 1.8075 | LR 4.4401e-07
2026-02-27 17:10:22 INFO Epoch 1 | Step 4000/15377 | Loss 1.8075 | LR 4.4446e-07
2026-02-27 17:10:38 INFO Epoch 1 | Step 4020/15377 | Loss 1.8069 | LR 4.4490e-07
2026-02-27 17:10:53 INFO Epoch 1 | Step 4040/15377 | Loss 1.8070 | LR 4.4535e-07
2026-02-27 17:11:08 INFO Epoch 1 | Step 4060/15377 | Loss 1.8061 | LR 4.4580e-07
2026-02-27 17:11:23 INFO Epoch 1 | Step 4080/15377 | Loss 1.8053 | LR 4.4625e-07
2026-02-27 17:11:39 INFO Epoch 1 | Step 4100/15377 | Loss 1.8045 | LR 4.4670e-07
2026-02-27 17:11:54 INFO Epoch 1 | Step 4120/15377 | Loss 1.8047 | LR 4.4716e-07
2026-02-27 17:12:09 INFO Epoch 1 | Step 4140/15377 | Loss 1.8039 | LR 4.4762e-07
2026-02-27 17:12:25 INFO Epoch 1 | Step 4160/15377 | Loss 1.8034 | LR 4.4808e-07
2026-02-27 17:12:40 INFO Epoch 1 | Step 4180/15377 | Loss 1.8029 | LR 4.4854e-07
2026-02-27 17:12:55 INFO Epoch 1 | Step 4200/15377 | Loss 1.8022 | LR 4.4900e-07
2026-02-27 17:13:10 INFO Epoch 1 | Step 4220/15377 | Loss 1.8015 | LR 4.4947e-07
2026-02-27 17:13:25 INFO Epoch 1 | Step 4240/15377 | Loss 1.8012 | LR 4.4994e-07
2026-02-27 17:13:40 INFO Epoch 1 | Step 4260/15377 | Loss 1.8010 | LR 4.5041e-07
2026-02-27 17:13:56 INFO Epoch 1 | Step 4280/15377 | Loss 1.8003 | LR 4.5089e-07
2026-02-27 17:14:11 INFO Epoch 1 | Step 4300/15377 | Loss 1.7998 | LR 4.5136e-07
2026-02-27 17:14:26 INFO Epoch 1 | Step 4320/15377 | Loss 1.7993 | LR 4.5184e-07
2026-02-27 17:14:41 INFO Epoch 1 | Step 4340/15377 | Loss 1.7988 | LR 4.5232e-07
2026-02-27 17:14:56 INFO Epoch 1 | Step 4360/15377 | Loss 1.7978 | LR 4.5280e-07
2026-02-27 17:15:11 INFO Epoch 1 | Step 4380/15377 | Loss 1.7972 | LR 4.5329e-07
2026-02-27 17:15:27 INFO Epoch 1 | Step 4400/15377 | Loss 1.7966 | LR 4.5377e-07
2026-02-27 17:15:42 INFO Epoch 1 | Step 4420/15377 | Loss 1.7960 | LR 4.5426e-07
2026-02-27 17:15:57 INFO Epoch 1 | Step 4440/15377 | Loss 1.7958 | LR 4.5475e-07
2026-02-27 17:16:12 INFO Epoch 1 | Step 4460/15377 | Loss 1.7956 | LR 4.5525e-07
2026-02-27 17:16:27 INFO Epoch 1 | Step 4480/15377 | Loss 1.7949 | LR 4.5574e-07
2026-02-27 17:16:43 INFO Epoch 1 | Step 4500/15377 | Loss 1.7940 | LR 4.5624e-07
2026-02-27 17:16:58 INFO Epoch 1 | Step 4520/15377 | Loss 1.7931 | LR 4.5674e-07
2026-02-27 17:17:13 INFO Epoch 1 | Step 4540/15377 | Loss 1.7929 | LR 4.5724e-07
2026-02-27 17:17:28 INFO Epoch 1 | Step 4560/15377 | Loss 1.7921 | LR 4.5775e-07
2026-02-27 17:17:43 INFO Epoch 1 | Step 4580/15377 | Loss 1.7918 | LR 4.5825e-07
2026-02-27 17:17:58 INFO Epoch 1 | Step 4600/15377 | Loss 1.7910 | LR 4.5876e-07
2026-02-27 17:18:14 INFO Epoch 1 | Step 4620/15377 | Loss 1.7905 | LR 4.5927e-07
2026-02-27 17:18:29 INFO Epoch 1 | Step 4640/15377 | Loss 1.7897 | LR 4.5979e-07
2026-02-27 17:18:44 INFO Epoch 1 | Step 4660/15377 | Loss 1.7892 | LR 4.6030e-07
2026-02-27 17:18:59 INFO Epoch 1 | Step 4680/15377 | Loss 1.7888 | LR 4.6082e-07
2026-02-27 17:19:14 INFO Epoch 1 | Step 4700/15377 | Loss 1.7882 | LR 4.6134e-07
2026-02-27 17:19:30 INFO Epoch 1 | Step 4720/15377 | Loss 1.7877 | LR 4.6186e-07
2026-02-27 17:19:45 INFO Epoch 1 | Step 4740/15377 | Loss 1.7868 | LR 4.6239e-07
2026-02-27 17:20:00 INFO Epoch 1 | Step 4760/15377 | Loss 1.7858 | LR 4.6291e-07
2026-02-27 17:20:15 INFO Epoch 1 | Step 4780/15377 | Loss 1.7848 | LR 4.6344e-07
2026-02-27 17:20:30 INFO Epoch 1 | Step 4800/15377 | Loss 1.7845 | LR 4.6397e-07
2026-02-27 17:20:46 INFO Epoch 1 | Step 4820/15377 | Loss 1.7839 | LR 4.6451e-07
2026-02-27 17:21:01 INFO Epoch 1 | Step 4840/15377 | Loss 1.7831 | LR 4.6504e-07
2026-02-27 17:21:16 INFO Epoch 1 | Step 4860/15377 | Loss 1.7826 | LR 4.6558e-07
2026-02-27 17:21:31 INFO Epoch 1 | Step 4880/15377 | Loss 1.7820 | LR 4.6612e-07
2026-02-27 17:21:46 INFO Epoch 1 | Step 4900/15377 | Loss 1.7811 | LR 4.6666e-07
2026-02-27 17:22:02 INFO Epoch 1 | Step 4920/15377 | Loss 1.7802 | LR 4.6720e-07
2026-02-27 17:22:17 INFO Epoch 1 | Step 4940/15377 | Loss 1.7798 | LR 4.6775e-07
2026-02-27 17:22:32 INFO Epoch 1 | Step 4960/15377 | Loss 1.7793 | LR 4.6830e-07
2026-02-27 17:22:47 INFO Epoch 1 | Step 4980/15377 | Loss 1.7789 | LR 4.6885e-07
2026-02-27 17:23:03 INFO Epoch 1 | Step 5000/15377 | Loss 1.7780 | LR 4.6940e-07
2026-02-27 17:23:18 INFO Epoch 1 | Step 5020/15377 | Loss 1.7774 | LR 4.6996e-07
2026-02-27 17:23:33 INFO Epoch 1 | Step 5040/15377 | Loss 1.7767 | LR 4.7051e-07
2026-02-27 17:23:48 INFO Epoch 1 | Step 5060/15377 | Loss 1.7761 | LR 4.7107e-07
2026-02-27 17:24:03 INFO Epoch 1 | Step 5080/15377 | Loss 1.7752 | LR 4.7163e-07
2026-02-27 17:24:18 INFO Epoch 1 | Step 5100/15377 | Loss 1.7750 | LR 4.7220e-07
2026-02-27 17:24:34 INFO Epoch 1 | Step 5120/15377 | Loss 1.7741 | LR 4.7276e-07
2026-02-27 17:24:49 INFO Epoch 1 | Step 5140/15377 | Loss 1.7736 | LR 4.7333e-07
2026-02-27 17:25:04 INFO Epoch 1 | Step 5160/15377 | Loss 1.7730 | LR 4.7390e-07
2026-02-27 17:25:19 INFO Epoch 1 | Step 5180/15377 | Loss 1.7723 | LR 4.7447e-07
2026-02-27 17:25:34 INFO Epoch 1 | Step 5200/15377 | Loss 1.7716 | LR 4.7505e-07
2026-02-27 17:25:49 INFO Epoch 1 | Step 5220/15377 | Loss 1.7709 | LR 4.7563e-07
2026-02-27 17:26:05 INFO Epoch 1 | Step 5240/15377 | Loss 1.7705 | LR 4.7621e-07
2026-02-27 17:26:20 INFO Epoch 1 | Step 5260/15377 | Loss 1.7697 | LR 4.7679e-07
2026-02-27 17:26:35 INFO Epoch 1 | Step 5280/15377 | Loss 1.7692 | LR 4.7737e-07
2026-02-27 17:26:50 INFO Epoch 1 | Step 5300/15377 | Loss 1.7685 | LR 4.7796e-07
2026-02-27 17:27:05 INFO Epoch 1 | Step 5320/15377 | Loss 1.7679 | LR 4.7854e-07
2026-02-27 17:27:20 INFO Epoch 1 | Step 5340/15377 | Loss 1.7673 | LR 4.7913e-07
2026-02-27 17:27:36 INFO Epoch 1 | Step 5360/15377 | Loss 1.7668 | LR 4.7973e-07
2026-02-27 17:27:51 INFO Epoch 1 | Step 5380/15377 | Loss 1.7663 | LR 4.8032e-07
2026-02-27 17:28:06 INFO Epoch 1 | Step 5400/15377 | Loss 1.7658 | LR 4.8092e-07
2026-02-27 17:28:21 INFO Epoch 1 | Step 5420/15377 | Loss 1.7651 | LR 4.8152e-07
2026-02-27 17:28:36 INFO Epoch 1 | Step 5440/15377 | Loss 1.7643 | LR 4.8212e-07
2026-02-27 17:28:51 INFO Epoch 1 | Step 5460/15377 | Loss 1.7640 | LR 4.8272e-07
2026-02-27 17:29:07 INFO Epoch 1 | Step 5480/15377 | Loss 1.7634 | LR 4.8332e-07
2026-02-27 17:29:22 INFO Epoch 1 | Step 5500/15377 | Loss 1.7632 | LR 4.8393e-07
2026-02-27 17:29:37 INFO Epoch 1 | Step 5520/15377 | Loss 1.7628 | LR 4.8454e-07
2026-02-27 17:29:52 INFO Epoch 1 | Step 5540/15377 | Loss 1.7624 | LR 4.8515e-07
2026-02-27 17:30:07 INFO Epoch 1 | Step 5560/15377 | Loss 1.7619 | LR 4.8577e-07
2026-02-27 17:30:22 INFO Epoch 1 | Step 5580/15377 | Loss 1.7616 | LR 4.8638e-07
2026-02-27 17:30:38 INFO Epoch 1 | Step 5600/15377 | Loss 1.7611 | LR 4.8700e-07
2026-02-27 17:30:53 INFO Epoch 1 | Step 5620/15377 | Loss 1.7601 | LR 4.8762e-07
2026-02-27 17:31:09 INFO Epoch 1 | Step 5640/15377 | Loss 1.7594 | LR 4.8825e-07
2026-02-27 17:31:25 INFO Epoch 1 | Step 5660/15377 | Loss 1.7585 | LR 4.8887e-07
2026-02-27 17:31:40 INFO Epoch 1 | Step 5680/15377 | Loss 1.7580 | LR 4.8950e-07
2026-02-27 17:31:56 INFO Epoch 1 | Step 5700/15377 | Loss 1.7577 | LR 4.9013e-07
2026-02-27 17:32:11 INFO Epoch 1 | Step 5720/15377 | Loss 1.7571 | LR 4.9076e-07
2026-02-27 17:32:26 INFO Epoch 1 | Step 5740/15377 | Loss 1.7566 | LR 4.9139e-07
2026-02-27 17:32:42 INFO Epoch 1 | Step 5760/15377 | Loss 1.7560 | LR 4.9203e-07
2026-02-27 17:32:58 INFO Epoch 1 | Step 5780/15377 | Loss 1.7558 | LR 4.9267e-07
2026-02-27 17:33:13 INFO Epoch 1 | Step 5800/15377 | Loss 1.7549 | LR 4.9331e-07
2026-02-27 17:33:29 INFO Epoch 1 | Step 5820/15377 | Loss 1.7546 | LR 4.9395e-07
2026-02-27 17:33:44 INFO Epoch 1 | Step 5840/15377 | Loss 1.7539 | LR 4.9460e-07
2026-02-27 17:34:00 INFO Epoch 1 | Step 5860/15377 | Loss 1.7536 | LR 4.9524e-07
2026-02-27 17:34:15 INFO Epoch 1 | Step 5880/15377 | Loss 1.7530 | LR 4.9589e-07
2026-02-27 17:34:31 INFO Epoch 1 | Step 5900/15377 | Loss 1.7527 | LR 4.9654e-07
2026-02-27 17:34:46 INFO Epoch 1 | Step 5920/15377 | Loss 1.7521 | LR 4.9720e-07
2026-02-27 17:35:02 INFO Epoch 1 | Step 5940/15377 | Loss 1.7516 | LR 4.9785e-07
2026-02-27 17:35:17 INFO Epoch 1 | Step 5960/15377 | Loss 1.7509 | LR 4.9851e-07
2026-02-27 17:35:33 INFO Epoch 1 | Step 5980/15377 | Loss 1.7499 | LR 4.9917e-07
2026-02-27 17:35:48 INFO Epoch 1 | Step 6000/15377 | Loss 1.7492 | LR 4.9983e-07
2026-02-27 17:36:04 INFO Epoch 1 | Step 6020/15377 | Loss 1.7486 | LR 5.0050e-07
2026-02-27 17:36:20 INFO Epoch 1 | Step 6040/15377 | Loss 1.7477 | LR 5.0116e-07
2026-02-27 17:36:35 INFO Epoch 1 | Step 6060/15377 | Loss 1.7471 | LR 5.0183e-07
2026-02-27 17:36:51 INFO Epoch 1 | Step 6080/15377 | Loss 1.7466 | LR 5.0250e-07
2026-02-27 17:37:06 INFO Epoch 1 | Step 6100/15377 | Loss 1.7460 | LR 5.0317e-07
2026-02-27 17:37:21 INFO Epoch 1 | Step 6120/15377 | Loss 1.7451 | LR 5.0385e-07
2026-02-27 17:37:37 INFO Epoch 1 | Step 6140/15377 | Loss 1.7444 | LR 5.0453e-07
2026-02-27 17:37:52 INFO Epoch 1 | Step 6160/15377 | Loss 1.7439 | LR 5.0521e-07
2026-02-27 17:38:08 INFO Epoch 1 | Step 6180/15377 | Loss 1.7432 | LR 5.0589e-07
2026-02-27 17:38:23 INFO Epoch 1 | Step 6200/15377 | Loss 1.7428 | LR 5.0657e-07
2026-02-27 17:38:39 INFO Epoch 1 | Step 6220/15377 | Loss 1.7421 | LR 5.0726e-07
2026-02-27 17:38:54 INFO Epoch 1 | Step 6240/15377 | Loss 1.7413 | LR 5.0795e-07
2026-02-27 17:39:10 INFO Epoch 1 | Step 6260/15377 | Loss 1.7405 | LR 5.0864e-07
2026-02-27 17:39:25 INFO Epoch 1 | Step 6280/15377 | Loss 1.7399 | LR 5.0933e-07
2026-02-27 17:39:41 INFO Epoch 1 | Step 6300/15377 | Loss 1.7393 | LR 5.1002e-07
2026-02-27 17:39:56 INFO Epoch 1 | Step 6320/15377 | Loss 1.7390 | LR 5.1072e-07
2026-02-27 17:40:12 INFO Epoch 1 | Step 6340/15377 | Loss 1.7382 | LR 5.1142e-07
2026-02-27 17:40:27 INFO Epoch 1 | Step 6360/15377 | Loss 1.7376 | LR 5.1212e-07
2026-02-27 17:40:43 INFO Epoch 1 | Step 6380/15377 | Loss 1.7372 | LR 5.1283e-07
2026-02-27 17:40:58 INFO Epoch 1 | Step 6400/15377 | Loss 1.7366 | LR 5.1353e-07
2026-02-27 17:41:14 INFO Epoch 1 | Step 6420/15377 | Loss 1.7357 | LR 5.1424e-07
2026-02-27 17:41:29 INFO Epoch 1 | Step 6440/15377 | Loss 1.7349 | LR 5.1495e-07
2026-02-27 17:41:45 INFO Epoch 1 | Step 6460/15377 | Loss 1.7343 | LR 5.1566e-07
2026-02-27 17:42:01 INFO Epoch 1 | Step 6480/15377 | Loss 1.7336 | LR 5.1638e-07
2026-02-27 17:42:16 INFO Epoch 1 | Step 6500/15377 | Loss 1.7331 | LR 5.1709e-07
2026-02-27 17:42:32 INFO Epoch 1 | Step 6520/15377 | Loss 1.7325 | LR 5.1781e-07
2026-02-27 17:42:47 INFO Epoch 1 | Step 6540/15377 | Loss 1.7317 | LR 5.1853e-07
2026-02-27 17:43:03 INFO Epoch 1 | Step 6560/15377 | Loss 1.7310 | LR 5.1925e-07
2026-02-27 17:43:18 INFO Epoch 1 | Step 6580/15377 | Loss 1.7305 | LR 5.1998e-07
2026-02-27 17:43:34 INFO Epoch 1 | Step 6600/15377 | Loss 1.7297 | LR 5.2071e-07
2026-02-27 17:43:49 INFO Epoch 1 | Step 6620/15377 | Loss 1.7289 | LR 5.2144e-07
2026-02-27 17:44:05 INFO Epoch 1 | Step 6640/15377 | Loss 1.7284 | LR 5.2217e-07
2026-02-27 17:44:20 INFO Epoch 1 | Step 6660/15377 | Loss 1.7275 | LR 5.2290e-07
2026-02-27 17:44:36 INFO Epoch 1 | Step 6680/15377 | Loss 1.7270 | LR 5.2364e-07
2026-02-27 17:44:51 INFO Epoch 1 | Step 6700/15377 | Loss 1.7262 | LR 5.2438e-07
2026-02-27 17:45:07 INFO Epoch 1 | Step 6720/15377 | Loss 1.7257 | LR 5.2512e-07
2026-02-27 17:45:22 INFO Epoch 1 | Step 6740/15377 | Loss 1.7252 | LR 5.2586e-07
2026-02-27 17:45:38 INFO Epoch 1 | Step 6760/15377 | Loss 1.7247 | LR 5.2660e-07
2026-02-27 17:45:53 INFO Epoch 1 | Step 6780/15377 | Loss 1.7239 | LR 5.2735e-07
2026-02-27 17:46:09 INFO Epoch 1 | Step 6800/15377 | Loss 1.7231 | LR 5.2810e-07
2026-02-27 17:46:24 INFO Epoch 1 | Step 6820/15377 | Loss 1.7224 | LR 5.2885e-07
2026-02-27 17:46:40 INFO Epoch 1 | Step 6840/15377 | Loss 1.7217 | LR 5.2961e-07
2026-02-27 17:46:55 INFO Epoch 1 | Step 6860/15377 | Loss 1.7212 | LR 5.3036e-07
2026-02-27 17:47:11 INFO Epoch 1 | Step 6880/15377 | Loss 1.7207 | LR 5.3112e-07
2026-02-27 17:47:26 INFO Epoch 1 | Step 6900/15377 | Loss 1.7200 | LR 5.3188e-07
2026-02-27 17:47:42 INFO Epoch 1 | Step 6920/15377 | Loss 1.7194 | LR 5.3264e-07
2026-02-27 17:47:57 INFO Epoch 1 | Step 6940/15377 | Loss 1.7187 | LR 5.3340e-07
2026-02-27 17:48:13 INFO Epoch 1 | Step 6960/15377 | Loss 1.7177 | LR 5.3417e-07
2026-02-27 17:48:28 INFO Epoch 1 | Step 6980/15377 | Loss 1.7172 | LR 5.3494e-07
2026-02-27 17:48:44 INFO Epoch 1 | Step 7000/15377 | Loss 1.7164 | LR 5.3571e-07
2026-02-27 17:48:59 INFO Epoch 1 | Step 7020/15377 | Loss 1.7158 | LR 5.3648e-07
2026-02-27 17:49:14 INFO Epoch 1 | Step 7040/15377 | Loss 1.7150 | LR 5.3726e-07
2026-02-27 17:49:30 INFO Epoch 1 | Step 7060/15377 | Loss 1.7143 | LR 5.3804e-07
2026-02-27 17:49:46 INFO Epoch 1 | Step 7080/15377 | Loss 1.7137 | LR 5.3882e-07
2026-02-27 17:50:01 INFO Epoch 1 | Step 7100/15377 | Loss 1.7132 | LR 5.3960e-07
2026-02-27 17:50:16 INFO Epoch 1 | Step 7120/15377 | Loss 1.7126 | LR 5.4038e-07
2026-02-27 17:50:32 INFO Epoch 1 | Step 7140/15377 | Loss 1.7118 | LR 5.4117e-07
2026-02-27 17:50:47 INFO Epoch 1 | Step 7160/15377 | Loss 1.7111 | LR 5.4195e-07
2026-02-27 17:51:03 INFO Epoch 1 | Step 7180/15377 | Loss 1.7106 | LR 5.4274e-07
2026-02-27 17:51:18 INFO Epoch 1 | Step 7200/15377 | Loss 1.7100 | LR 5.4354e-07
2026-02-27 17:51:34 INFO Epoch 1 | Step 7220/15377 | Loss 1.7092 | LR 5.4433e-07
2026-02-27 17:51:49 INFO Epoch 1 | Step 7240/15377 | Loss 1.7087 | LR 5.4513e-07
2026-02-27 17:52:05 INFO Epoch 1 | Step 7260/15377 | Loss 1.7078 | LR 5.4593e-07
2026-02-27 17:52:20 INFO Epoch 1 | Step 7280/15377 | Loss 1.7073 | LR 5.4673e-07
2026-02-27 17:52:36 INFO Epoch 1 | Step 7300/15377 | Loss 1.7068 | LR 5.4753e-07
2026-02-27 17:52:51 INFO Epoch 1 | Step 7320/15377 | Loss 1.7062 | LR 5.4834e-07
2026-02-27 17:53:07 INFO Epoch 1 | Step 7340/15377 | Loss 1.7056 | LR 5.4914e-07
2026-02-27 17:53:22 INFO Epoch 1 | Step 7360/15377 | Loss 1.7050 | LR 5.4995e-07
2026-02-27 17:53:37 INFO Epoch 1 | Step 7380/15377 | Loss 1.7042 | LR 5.5077e-07
2026-02-27 17:53:53 INFO Epoch 1 | Step 7400/15377 | Loss 1.7037 | LR 5.5158e-07
2026-02-27 17:54:08 INFO Epoch 1 | Step 7420/15377 | Loss 1.7030 | LR 5.5240e-07
2026-02-27 17:54:24 INFO Epoch 1 | Step 7440/15377 | Loss 1.7021 | LR 5.5321e-07
2026-02-27 17:54:39 INFO Epoch 1 | Step 7460/15377 | Loss 1.7017 | LR 5.5403e-07
2026-02-27 17:54:55 INFO Epoch 1 | Step 7480/15377 | Loss 1.7008 | LR 5.5486e-07
2026-02-27 17:55:10 INFO Epoch 1 | Step 7500/15377 | Loss 1.6999 | LR 5.5568e-07
2026-02-27 17:55:26 INFO Epoch 1 | Step 7520/15377 | Loss 1.6995 | LR 5.5651e-07
2026-02-27 17:55:41 INFO Epoch 1 | Step 7540/15377 | Loss 1.6987 | LR 5.5734e-07
2026-02-27 17:55:57 INFO Epoch 1 | Step 7560/15377 | Loss 1.6980 | LR 5.5817e-07
2026-02-27 17:56:12 INFO Epoch 1 | Step 7580/15377 | Loss 1.6974 | LR 5.5900e-07
2026-02-27 17:56:28 INFO Epoch 1 | Step 7600/15377 | Loss 1.6968 | LR 5.5984e-07
2026-02-27 17:56:43 INFO Epoch 1 | Step 7620/15377 | Loss 1.6962 | LR 5.6067e-07
2026-02-27 17:56:58 INFO Epoch 1 | Step 7640/15377 | Loss 1.6956 | LR 5.6151e-07
2026-02-27 17:57:14 INFO Epoch 1 | Step 7660/15377 | Loss 1.6951 | LR 5.6236e-07
2026-02-27 17:57:29 INFO Epoch 1 | Step 7680/15377 | Loss 1.6946 | LR 5.6320e-07
2026-02-27 17:57:45 INFO Epoch 1 | Step 7700/15377 | Loss 1.6938 | LR 5.6405e-07
2026-02-27 17:58:00 INFO Epoch 1 | Step 7720/15377 | Loss 1.6932 | LR 5.6489e-07
2026-02-27 17:58:16 INFO Epoch 1 | Step 7740/15377 | Loss 1.6926 | LR 5.6575e-07
2026-02-27 17:58:31 INFO Epoch 1 | Step 7760/15377 | Loss 1.6919 | LR 5.6660e-07
2026-02-27 17:58:47 INFO Epoch 1 | Step 7780/15377 | Loss 1.6914 | LR 5.6745e-07
2026-02-27 17:59:02 INFO Epoch 1 | Step 7800/15377 | Loss 1.6911 | LR 5.6831e-07
2026-02-27 17:59:17 INFO Epoch 1 | Step 7820/15377 | Loss 1.6907 | LR 5.6917e-07
2026-02-27 17:59:33 INFO Epoch 1 | Step 7840/15377 | Loss 1.6901 | LR 5.7003e-07
2026-02-27 17:59:48 INFO Epoch 1 | Step 7860/15377 | Loss 1.6894 | LR 5.7089e-07
2026-02-27 18:00:04 INFO Epoch 1 | Step 7880/15377 | Loss 1.6888 | LR 5.7176e-07
2026-02-27 18:00:19 INFO Epoch 1 | Step 7900/15377 | Loss 1.6883 | LR 5.7263e-07
2026-02-27 18:00:35 INFO Epoch 1 | Step 7920/15377 | Loss 1.6876 | LR 5.7350e-07
2026-02-27 18:00:50 INFO Epoch 1 | Step 7940/15377 | Loss 1.6870 | LR 5.7437e-07
2026-02-27 18:01:05 INFO Epoch 1 | Step 7960/15377 | Loss 1.6867 | LR 5.7524e-07
2026-02-27 18:01:21 INFO Epoch 1 | Step 7980/15377 | Loss 1.6862 | LR 5.7612e-07
2026-02-27 18:01:36 INFO Epoch 1 | Step 8000/15377 | Loss 1.6856 | LR 5.7700e-07
2026-02-27 18:01:52 INFO Epoch 1 | Step 8020/15377 | Loss 1.6848 | LR 5.7788e-07
2026-02-27 18:02:07 INFO Epoch 1 | Step 8040/15377 | Loss 1.6841 | LR 5.7876e-07
2026-02-27 18:02:23 INFO Epoch 1 | Step 8060/15377 | Loss 1.6835 | LR 5.7965e-07
2026-02-27 18:02:38 INFO Epoch 1 | Step 8080/15377 | Loss 1.6828 | LR 5.8053e-07
2026-02-27 18:02:54 INFO Epoch 1 | Step 8100/15377 | Loss 1.6821 | LR 5.8142e-07
2026-02-27 18:03:09 INFO Epoch 1 | Step 8120/15377 | Loss 1.6812 | LR 5.8231e-07
2026-02-27 18:03:24 INFO Epoch 1 | Step 8140/15377 | Loss 1.6804 | LR 5.8321e-07
2026-02-27 18:03:40 INFO Epoch 1 | Step 8160/15377 | Loss 1.6796 | LR 5.8410e-07
2026-02-27 18:03:55 INFO Epoch 1 | Step 8180/15377 | Loss 1.6789 | LR 5.8500e-07
2026-02-27 18:04:11 INFO Epoch 1 | Step 8200/15377 | Loss 1.6784 | LR 5.8590e-07
2026-02-27 18:04:26 INFO Epoch 1 | Step 8220/15377 | Loss 1.6777 | LR 5.8680e-07
2026-02-27 18:04:42 INFO Epoch 1 | Step 8240/15377 | Loss 1.6771 | LR 5.8771e-07
2026-02-27 18:04:57 INFO Epoch 1 | Step 8260/15377 | Loss 1.6764 | LR 5.8861e-07
2026-02-27 18:05:12 INFO Epoch 1 | Step 8280/15377 | Loss 1.6758 | LR 5.8952e-07
2026-02-27 18:05:28 INFO Epoch 1 | Step 8300/15377 | Loss 1.6752 | LR 5.9043e-07
2026-02-27 18:05:43 INFO Epoch 1 | Step 8320/15377 | Loss 1.6744 | LR 5.9134e-07
2026-02-27 18:05:59 INFO Epoch 1 | Step 8340/15377 | Loss 1.6734 | LR 5.9226e-07
2026-02-27 18:06:14 INFO Epoch 1 | Step 8360/15377 | Loss 1.6727 | LR 5.9318e-07
2026-02-27 18:06:30 INFO Epoch 1 | Step 8380/15377 | Loss 1.6720 | LR 5.9409e-07
2026-02-27 18:06:45 INFO Epoch 1 | Step 8400/15377 | Loss 1.6713 | LR 5.9502e-07
2026-02-27 18:07:00 INFO Epoch 1 | Step 8420/15377 | Loss 1.6708 | LR 5.9594e-07
2026-02-27 18:07:16 INFO Epoch 1 | Step 8440/15377 | Loss 1.6700 | LR 5.9686e-07
2026-02-27 18:07:31 INFO Epoch 1 | Step 8460/15377 | Loss 1.6694 | LR 5.9779e-07
2026-02-27 18:07:46 INFO Epoch 1 | Step 8480/15377 | Loss 1.6689 | LR 5.9872e-07
2026-02-27 18:08:01 INFO Epoch 1 | Step 8500/15377 | Loss 1.6682 | LR 5.9965e-07
2026-02-27 18:08:17 INFO Epoch 1 | Step 8520/15377 | Loss 1.6675 | LR 6.0059e-07
2026-02-27 18:08:32 INFO Epoch 1 | Step 8540/15377 | Loss 1.6667 | LR 6.0152e-07
2026-02-27 18:08:47 INFO Epoch 1 | Step 8560/15377 | Loss 1.6660 | LR 6.0246e-07
2026-02-27 18:09:03 INFO Epoch 1 | Step 8580/15377 | Loss 1.6652 | LR 6.0340e-07
2026-02-27 18:09:18 INFO Epoch 1 | Step 8600/15377 | Loss 1.6642 | LR 6.0435e-07
2026-02-27 18:09:33 INFO Epoch 1 | Step 8620/15377 | Loss 1.6636 | LR 6.0529e-07
2026-02-27 18:09:48 INFO Epoch 1 | Step 8640/15377 | Loss 1.6628 | LR 6.0624e-07
2026-02-27 18:10:04 INFO Epoch 1 | Step 8660/15377 | Loss 1.6622 | LR 6.0719e-07
2026-02-27 18:10:19 INFO Epoch 1 | Step 8680/15377 | Loss 1.6615 | LR 6.0814e-07
2026-02-27 18:10:34 INFO Epoch 1 | Step 8700/15377 | Loss 1.6606 | LR 6.0909e-07
2026-02-27 18:10:49 INFO Epoch 1 | Step 8720/15377 | Loss 1.6600 | LR 6.1005e-07
2026-02-27 18:11:05 INFO Epoch 1 | Step 8740/15377 | Loss 1.6595 | LR 6.1100e-07
2026-02-27 18:11:20 INFO Epoch 1 | Step 8760/15377 | Loss 1.6588 | LR 6.1196e-07
2026-02-27 18:11:35 INFO Epoch 1 | Step 8780/15377 | Loss 1.6581 | LR 6.1292e-07
2026-02-27 18:11:51 INFO Epoch 1 | Step 8800/15377 | Loss 1.6575 | LR 6.1389e-07
2026-02-27 18:12:06 INFO Epoch 1 | Step 8820/15377 | Loss 1.6566 | LR 6.1485e-07
2026-02-27 18:12:21 INFO Epoch 1 | Step 8840/15377 | Loss 1.6560 | LR 6.1582e-07
2026-02-27 18:12:36 INFO Epoch 1 | Step 8860/15377 | Loss 1.6553 | LR 6.1679e-07
2026-02-27 18:12:52 INFO Epoch 1 | Step 8880/15377 | Loss 1.6545 | LR 6.1777e-07
2026-02-27 18:13:07 INFO Epoch 1 | Step 8900/15377 | Loss 1.6537 | LR 6.1874e-07
2026-02-27 18:13:22 INFO Epoch 1 | Step 8920/15377 | Loss 1.6529 | LR 6.1972e-07
2026-02-27 18:13:38 INFO Epoch 1 | Step 8940/15377 | Loss 1.6523 | LR 6.2070e-07
2026-02-27 18:13:53 INFO Epoch 1 | Step 8960/15377 | Loss 1.6516 | LR 6.2168e-07
2026-02-27 18:14:08 INFO Epoch 1 | Step 8980/15377 | Loss 1.6509 | LR 6.2266e-07
2026-02-27 18:14:24 INFO Epoch 1 | Step 9000/15377 | Loss 1.6503 | LR 6.2364e-07
2026-02-27 18:14:39 INFO Epoch 1 | Step 9020/15377 | Loss 1.6495 | LR 6.2463e-07
2026-02-27 18:14:54 INFO Epoch 1 | Step 9040/15377 | Loss 1.6488 | LR 6.2562e-07
2026-02-27 18:15:10 INFO Epoch 1 | Step 9060/15377 | Loss 1.6484 | LR 6.2661e-07
2026-02-27 18:15:25 INFO Epoch 1 | Step 9080/15377 | Loss 1.6475 | LR 6.2761e-07
2026-02-27 18:15:40 INFO Epoch 1 | Step 9100/15377 | Loss 1.6466 | LR 6.2860e-07
2026-02-27 18:15:55 INFO Epoch 1 | Step 9120/15377 | Loss 1.6459 | LR 6.2960e-07
2026-02-27 18:16:10 INFO Epoch 1 | Step 9140/15377 | Loss 1.6452 | LR 6.3060e-07
2026-02-27 18:16:26 INFO Epoch 1 | Step 9160/15377 | Loss 1.6445 | LR 6.3160e-07
2026-02-27 18:16:41 INFO Epoch 1 | Step 9180/15377 | Loss 1.6437 | LR 6.3261e-07
2026-02-27 18:16:56 INFO Epoch 1 | Step 9200/15377 | Loss 1.6430 | LR 6.3361e-07
2026-02-27 18:17:12 INFO Epoch 1 | Step 9220/15377 | Loss 1.6423 | LR 6.3462e-07
2026-02-27 18:17:27 INFO Epoch 1 | Step 9240/15377 | Loss 1.6415 | LR 6.3563e-07
2026-02-27 18:17:42 INFO Epoch 1 | Step 9260/15377 | Loss 1.6409 | LR 6.3664e-07
2026-02-27 18:17:58 INFO Epoch 1 | Step 9280/15377 | Loss 1.6401 | LR 6.3766e-07
2026-02-27 18:18:13 INFO Epoch 1 | Step 9300/15377 | Loss 1.6392 | LR 6.3868e-07
2026-02-27 18:18:28 INFO Epoch 1 | Step 9320/15377 | Loss 1.6386 | LR 6.3969e-07
2026-02-27 18:18:43 INFO Epoch 1 | Step 9340/15377 | Loss 1.6379 | LR 6.4072e-07
2026-02-27 18:18:59 INFO Epoch 1 | Step 9360/15377 | Loss 1.6373 | LR 6.4174e-07
2026-02-27 18:19:14 INFO Epoch 1 | Step 9380/15377 | Loss 1.6365 | LR 6.4276e-07
2026-02-27 18:19:29 INFO Epoch 1 | Step 9400/15377 | Loss 1.6358 | LR 6.4379e-07
2026-02-27 18:19:44 INFO Epoch 1 | Step 9420/15377 | Loss 1.6350 | LR 6.4482e-07
2026-02-27 18:20:00 INFO Epoch 1 | Step 9440/15377 | Loss 1.6342 | LR 6.4585e-07
2026-02-27 18:20:15 INFO Epoch 1 | Step 9460/15377 | Loss 1.6335 | LR 6.4689e-07
2026-02-27 18:20:30 INFO Epoch 1 | Step 9480/15377 | Loss 1.6326 | LR 6.4792e-07
2026-02-27 18:20:45 INFO Epoch 1 | Step 9500/15377 | Loss 1.6320 | LR 6.4896e-07
2026-02-27 18:21:01 INFO Epoch 1 | Step 9520/15377 | Loss 1.6312 | LR 6.5000e-07
2026-02-27 18:21:16 INFO Epoch 1 | Step 9540/15377 | Loss 1.6305 | LR 6.5104e-07
2026-02-27 18:21:31 INFO Epoch 1 | Step 9560/15377 | Loss 1.6300 | LR 6.5209e-07
2026-02-27 18:21:47 INFO Epoch 1 | Step 9580/15377 | Loss 1.6292 | LR 6.5313e-07
2026-02-27 18:22:02 INFO Epoch 1 | Step 9600/15377 | Loss 1.6285 | LR 6.5418e-07
2026-02-27 18:22:17 INFO Epoch 1 | Step 9620/15377 | Loss 1.6278 | LR 6.5523e-07
2026-02-27 18:22:33 INFO Epoch 1 | Step 9640/15377 | Loss 1.6272 | LR 6.5629e-07
2026-02-27 18:22:48 INFO Epoch 1 | Step 9660/15377 | Loss 1.6266 | LR 6.5734e-07
2026-02-27 18:23:03 INFO Epoch 1 | Step 9680/15377 | Loss 1.6258 | LR 6.5840e-07
2026-02-27 18:23:18 INFO Epoch 1 | Step 9700/15377 | Loss 1.6254 | LR 6.5946e-07
2026-02-27 18:23:34 INFO Epoch 1 | Step 9720/15377 | Loss 1.6247 | LR 6.6052e-07
2026-02-27 18:23:49 INFO Epoch 1 | Step 9740/15377 | Loss 1.6238 | LR 6.6158e-07
2026-02-27 18:24:04 INFO Epoch 1 | Step 9760/15377 | Loss 1.6231 | LR 6.6265e-07
2026-02-27 18:24:20 INFO Epoch 1 | Step 9780/15377 | Loss 1.6225 | LR 6.6372e-07
2026-02-27 18:24:35 INFO Epoch 1 | Step 9800/15377 | Loss 1.6217 | LR 6.6478e-07
2026-02-27 18:24:50 INFO Epoch 1 | Step 9820/15377 | Loss 1.6209 | LR 6.6586e-07
2026-02-27 18:25:06 INFO Epoch 1 | Step 9840/15377 | Loss 1.6202 | LR 6.6693e-07
2026-02-27 18:25:21 INFO Epoch 1 | Step 9860/15377 | Loss 1.6192 | LR 6.6801e-07
2026-02-27 18:25:36 INFO Epoch 1 | Step 9880/15377 | Loss 1.6185 | LR 6.6908e-07
2026-02-27 18:25:51 INFO Epoch 1 | Step 9900/15377 | Loss 1.6178 | LR 6.7016e-07
2026-02-27 18:26:07 INFO Epoch 1 | Step 9920/15377 | Loss 1.6171 | LR 6.7125e-07
2026-02-27 18:26:22 INFO Epoch 1 | Step 9940/15377 | Loss 1.6162 | LR 6.7233e-07
2026-02-27 18:26:37 INFO Epoch 1 | Step 9960/15377 | Loss 1.6154 | LR 6.7342e-07
2026-02-27 18:26:53 INFO Epoch 1 | Step 9980/15377 | Loss 1.6145 | LR 6.7451e-07
2026-02-27 18:27:08 INFO Epoch 1 | Step 10000/15377 | Loss 1.6138 | LR 6.7560e-07
2026-02-27 18:27:23 INFO Epoch 1 | Step 10020/15377 | Loss 1.6132 | LR 6.7669e-07
2026-02-27 18:27:38 INFO Epoch 1 | Step 10040/15377 | Loss 1.6126 | LR 6.7778e-07
2026-02-27 18:27:54 INFO Epoch 1 | Step 10060/15377 | Loss 1.6117 | LR 6.7888e-07
2026-02-27 18:28:09 INFO Epoch 1 | Step 10080/15377 | Loss 1.6109 | LR 6.7998e-07
2026-02-27 18:28:24 INFO Epoch 1 | Step 10100/15377 | Loss 1.6101 | LR 6.8108e-07
2026-02-27 18:28:40 INFO Epoch 1 | Step 10120/15377 | Loss 1.6093 | LR 6.8218e-07
2026-02-27 18:28:55 INFO Epoch 1 | Step 10140/15377 | Loss 1.6084 | LR 6.8329e-07
2026-02-27 18:29:10 INFO Epoch 1 | Step 10160/15377 | Loss 1.6075 | LR 6.8440e-07
2026-02-27 18:29:26 INFO Epoch 1 | Step 10180/15377 | Loss 1.6069 | LR 6.8551e-07
2026-02-27 18:29:41 INFO Epoch 1 | Step 10200/15377 | Loss 1.6061 | LR 6.8662e-07
2026-02-27 18:29:56 INFO Epoch 1 | Step 10220/15377 | Loss 1.6054 | LR 6.8773e-07
2026-02-27 18:30:12 INFO Epoch 1 | Step 10240/15377 | Loss 1.6046 | LR 6.8885e-07
2026-02-27 18:30:27 INFO Epoch 1 | Step 10260/15377 | Loss 1.6038 | LR 6.8997e-07
2026-02-27 18:30:42 INFO Epoch 1 | Step 10280/15377 | Loss 1.6032 | LR 6.9109e-07
2026-02-27 18:30:57 INFO Epoch 1 | Step 10300/15377 | Loss 1.6025 | LR 6.9221e-07
2026-02-27 18:31:13 INFO Epoch 1 | Step 10320/15377 | Loss 1.6018 | LR 6.9333e-07
2026-02-27 18:31:28 INFO Epoch 1 | Step 10340/15377 | Loss 1.6009 | LR 6.9446e-07
2026-02-27 18:31:43 INFO Epoch 1 | Step 10360/15377 | Loss 1.6002 | LR 6.9559e-07
2026-02-27 18:31:59 INFO Epoch 1 | Step 10380/15377 | Loss 1.5994 | LR 6.9672e-07
2026-02-27 18:32:14 INFO Epoch 1 | Step 10400/15377 | Loss 1.5984 | LR 6.9785e-07
2026-02-27 18:32:29 INFO Epoch 1 | Step 10420/15377 | Loss 1.5978 | LR 6.9898e-07
2026-02-27 18:32:44 INFO Epoch 1 | Step 10440/15377 | Loss 1.5970 | LR 7.0012e-07
2026-02-27 18:33:00 INFO Epoch 1 | Step 10460/15377 | Loss 1.5962 | LR 7.0126e-07
2026-02-27 18:33:15 INFO Epoch 1 | Step 10480/15377 | Loss 1.5956 | LR 7.0240e-07
2026-02-27 18:33:30 INFO Epoch 1 | Step 10500/15377 | Loss 1.5948 | LR 7.0354e-07
2026-02-27 18:33:46 INFO Epoch 1 | Step 10520/15377 | Loss 1.5941 | LR 7.0469e-07
2026-02-27 18:34:01 INFO Epoch 1 | Step 10540/15377 | Loss 1.5933 | LR 7.0584e-07
2026-02-27 18:34:16 INFO Epoch 1 | Step 10560/15377 | Loss 1.5926 | LR 7.0699e-07
2026-02-27 18:34:31 INFO Epoch 1 | Step 10580/15377 | Loss 1.5919 | LR 7.0814e-07
2026-02-27 18:34:47 INFO Epoch 1 | Step 10600/15377 | Loss 1.5912 | LR 7.0929e-07
2026-02-27 18:35:02 INFO Epoch 1 | Step 10620/15377 | Loss 1.5903 | LR 7.1045e-07
2026-02-27 18:35:17 INFO Epoch 1 | Step 10640/15377 | Loss 1.5894 | LR 7.1160e-07
2026-02-27 18:35:33 INFO Epoch 1 | Step 10660/15377 | Loss 1.5885 | LR 7.1276e-07
2026-02-27 18:35:48 INFO Epoch 1 | Step 10680/15377 | Loss 1.5877 | LR 7.1392e-07
2026-02-27 18:36:03 INFO Epoch 1 | Step 10700/15377 | Loss 1.5872 | LR 7.1509e-07
2026-02-27 18:36:19 INFO Epoch 1 | Step 10720/15377 | Loss 1.5861 | LR 7.1625e-07
2026-02-27 18:36:34 INFO Epoch 1 | Step 10740/15377 | Loss 1.5855 | LR 7.1742e-07
2026-02-27 18:36:49 INFO Epoch 1 | Step 10760/15377 | Loss 1.5846 | LR 7.1859e-07
2026-02-27 18:37:04 INFO Epoch 1 | Step 10780/15377 | Loss 1.5838 | LR 7.1976e-07
2026-02-27 18:37:20 INFO Epoch 1 | Step 10800/15377 | Loss 1.5831 | LR 7.2094e-07
2026-02-27 18:37:35 INFO Epoch 1 | Step 10820/15377 | Loss 1.5822 | LR 7.2211e-07
2026-02-27 18:37:50 INFO Epoch 1 | Step 10840/15377 | Loss 1.5815 | LR 7.2329e-07
2026-02-27 18:38:05 INFO Epoch 1 | Step 10860/15377 | Loss 1.5807 | LR 7.2447e-07
2026-02-27 18:38:21 INFO Epoch 1 | Step 10880/15377 | Loss 1.5798 | LR 7.2566e-07
2026-02-27 18:38:36 INFO Epoch 1 | Step 10900/15377 | Loss 1.5790 | LR 7.2684e-07
2026-02-27 18:38:51 INFO Epoch 1 | Step 10920/15377 | Loss 1.5782 | LR 7.2803e-07
2026-02-27 18:39:07 INFO Epoch 1 | Step 10940/15377 | Loss 1.5773 | LR 7.2922e-07
2026-02-27 18:39:22 INFO Epoch 1 | Step 10960/15377 | Loss 1.5766 | LR 7.3041e-07
2026-02-27 18:39:37 INFO Epoch 1 | Step 10980/15377 | Loss 1.5757 | LR 7.3160e-07
2026-02-27 18:39:53 INFO Epoch 1 | Step 11000/15377 | Loss 1.5751 | LR 7.3279e-07
2026-02-27 18:40:08 INFO Epoch 1 | Step 11020/15377 | Loss 1.5742 | LR 7.3399e-07
2026-02-27 18:40:23 INFO Epoch 1 | Step 11040/15377 | Loss 1.5736 | LR 7.3519e-07
2026-02-27 18:40:39 INFO Epoch 1 | Step 11060/15377 | Loss 1.5727 | LR 7.3639e-07
2026-02-27 18:40:54 INFO Epoch 1 | Step 11080/15377 | Loss 1.5720 | LR 7.3760e-07
2026-02-27 18:41:09 INFO Epoch 1 | Step 11100/15377 | Loss 1.5712 | LR 7.3880e-07
2026-02-27 18:41:24 INFO Epoch 1 | Step 11120/15377 | Loss 1.5704 | LR 7.4001e-07
2026-02-27 18:41:40 INFO Epoch 1 | Step 11140/15377 | Loss 1.5697 | LR 7.4122e-07
2026-02-27 18:41:55 INFO Epoch 1 | Step 11160/15377 | Loss 1.5691 | LR 7.4243e-07
2026-02-27 18:42:10 INFO Epoch 1 | Step 11180/15377 | Loss 1.5684 | LR 7.4364e-07
2026-02-27 18:42:25 INFO Epoch 1 | Step 11200/15377 | Loss 1.5676 | LR 7.4486e-07
2026-02-27 18:42:41 INFO Epoch 1 | Step 11220/15377 | Loss 1.5667 | LR 7.4608e-07
2026-02-27 18:42:56 INFO Epoch 1 | Step 11240/15377 | Loss 1.5659 | LR 7.4730e-07
2026-02-27 18:43:11 INFO Epoch 1 | Step 11260/15377 | Loss 1.5651 | LR 7.4852e-07
2026-02-27 18:43:26 INFO Epoch 1 | Step 11280/15377 | Loss 1.5643 | LR 7.4974e-07
2026-02-27 18:43:41 INFO Epoch 1 | Step 11300/15377 | Loss 1.5636 | LR 7.5097e-07
2026-02-27 18:43:56 INFO Epoch 1 | Step 11320/15377 | Loss 1.5628 | LR 7.5220e-07
2026-02-27 18:44:11 INFO Epoch 1 | Step 11340/15377 | Loss 1.5620 | LR 7.5343e-07
2026-02-27 18:44:26 INFO Epoch 1 | Step 11360/15377 | Loss 1.5612 | LR 7.5466e-07
2026-02-27 18:44:41 INFO Epoch 1 | Step 11380/15377 | Loss 1.5606 | LR 7.5589e-07
2026-02-27 18:44:57 INFO Epoch 1 | Step 11400/15377 | Loss 1.5597 | LR 7.5713e-07
2026-02-27 18:45:12 INFO Epoch 1 | Step 11420/15377 | Loss 1.5590 | LR 7.5837e-07
2026-02-27 18:45:27 INFO Epoch 1 | Step 11440/15377 | Loss 1.5582 | LR 7.5961e-07
2026-02-27 18:45:42 INFO Epoch 1 | Step 11460/15377 | Loss 1.5574 | LR 7.6085e-07
2026-02-27 18:45:57 INFO Epoch 1 | Step 11480/15377 | Loss 1.5566 | LR 7.6209e-07
2026-02-27 18:46:12 INFO Epoch 1 | Step 11500/15377 | Loss 1.5558 | LR 7.6334e-07
2026-02-27 18:46:27 INFO Epoch 1 | Step 11520/15377 | Loss 1.5549 | LR 7.6459e-07
2026-02-27 18:46:43 INFO Epoch 1 | Step 11540/15377 | Loss 1.5542 | LR 7.6584e-07
2026-02-27 18:46:58 INFO Epoch 1 | Step 11560/15377 | Loss 1.5534 | LR 7.6709e-07
2026-02-27 18:47:13 INFO Epoch 1 | Step 11580/15377 | Loss 1.5526 | LR 7.6835e-07
2026-02-27 18:47:28 INFO Epoch 1 | Step 11600/15377 | Loss 1.5517 | LR 7.6960e-07
2026-02-27 18:47:43 INFO Epoch 1 | Step 11620/15377 | Loss 1.5510 | LR 7.7086e-07
2026-02-27 18:47:59 INFO Epoch 1 | Step 11640/15377 | Loss 1.5502 | LR 7.7212e-07
2026-02-27 18:48:14 INFO Epoch 1 | Step 11660/15377 | Loss 1.5495 | LR 7.7339e-07
2026-02-27 18:48:29 INFO Epoch 1 | Step 11680/15377 | Loss 1.5487 | LR 7.7465e-07
2026-02-27 18:48:44 INFO Epoch 1 | Step 11700/15377 | Loss 1.5479 | LR 7.7592e-07
2026-02-27 18:48:59 INFO Epoch 1 | Step 11720/15377 | Loss 1.5472 | LR 7.7719e-07
2026-02-27 18:49:15 INFO Epoch 1 | Step 11740/15377 | Loss 1.5463 | LR 7.7846e-07
2026-02-27 18:49:30 INFO Epoch 1 | Step 11760/15377 | Loss 1.5456 | LR 7.7973e-07
2026-02-27 18:49:45 INFO Epoch 1 | Step 11780/15377 | Loss 1.5448 | LR 7.8101e-07
2026-02-27 18:50:00 INFO Epoch 1 | Step 11800/15377 | Loss 1.5440 | LR 7.8229e-07
2026-02-27 18:50:15 INFO Epoch 1 | Step 11820/15377 | Loss 1.5431 | LR 7.8356e-07
2026-02-27 18:50:30 INFO Epoch 1 | Step 11840/15377 | Loss 1.5424 | LR 7.8485e-07
2026-02-27 18:50:45 INFO Epoch 1 | Step 11860/15377 | Loss 1.5416 | LR 7.8613e-07
2026-02-27 18:51:00 INFO Epoch 1 | Step 11880/15377 | Loss 1.5408 | LR 7.8742e-07
2026-02-27 18:51:15 INFO Epoch 1 | Step 11900/15377 | Loss 1.5400 | LR 7.8870e-07
2026-02-27 18:51:31 INFO Epoch 1 | Step 11920/15377 | Loss 1.5391 | LR 7.8999e-07
2026-02-27 18:51:46 INFO Epoch 1 | Step 11940/15377 | Loss 1.5383 | LR 7.9128e-07
2026-02-27 18:52:01 INFO Epoch 1 | Step 11960/15377 | Loss 1.5375 | LR 7.9258e-07
2026-02-27 18:52:16 INFO Epoch 1 | Step 11980/15377 | Loss 1.5367 | LR 7.9387e-07
2026-02-27 18:52:31 INFO Epoch 1 | Step 12000/15377 | Loss 1.5357 | LR 7.9517e-07
2026-02-27 18:52:46 INFO Epoch 1 | Step 12020/15377 | Loss 1.5349 | LR 7.9647e-07
2026-02-27 18:53:01 INFO Epoch 1 | Step 12040/15377 | Loss 1.5340 | LR 7.9777e-07
2026-02-27 18:53:16 INFO Epoch 1 | Step 12060/15377 | Loss 1.5333 | LR 7.9908e-07
2026-02-27 18:53:32 INFO Epoch 1 | Step 12080/15377 | Loss 1.5324 | LR 8.0038e-07
2026-02-27 18:53:47 INFO Epoch 1 | Step 12100/15377 | Loss 1.5316 | LR 8.0169e-07
2026-02-27 18:54:02 INFO Epoch 1 | Step 12120/15377 | Loss 1.5308 | LR 8.0300e-07
2026-02-27 18:54:17 INFO Epoch 1 | Step 12140/15377 | Loss 1.5301 | LR 8.0431e-07
2026-02-27 18:54:32 INFO Epoch 1 | Step 12160/15377 | Loss 1.5292 | LR 8.0563e-07
2026-02-27 18:54:47 INFO Epoch 1 | Step 12180/15377 | Loss 1.5284 | LR 8.0694e-07
2026-02-27 18:55:02 INFO Epoch 1 | Step 12200/15377 | Loss 1.5276 | LR 8.0826e-07
2026-02-27 18:55:17 INFO Epoch 1 | Step 12220/15377 | Loss 1.5268 | LR 8.0958e-07
2026-02-27 18:55:33 INFO Epoch 1 | Step 12240/15377 | Loss 1.5259 | LR 8.1091e-07
2026-02-27 18:55:48 INFO Epoch 1 | Step 12260/15377 | Loss 1.5251 | LR 8.1223e-07
2026-02-27 18:56:03 INFO Epoch 1 | Step 12280/15377 | Loss 1.5242 | LR 8.1356e-07
2026-02-27 18:56:18 INFO Epoch 1 | Step 12300/15377 | Loss 1.5233 | LR 8.1488e-07
2026-02-27 18:56:33 INFO Epoch 1 | Step 12320/15377 | Loss 1.5226 | LR 8.1621e-07
2026-02-27 18:56:48 INFO Epoch 1 | Step 12340/15377 | Loss 1.5218 | LR 8.1755e-07
2026-02-27 18:57:03 INFO Epoch 1 | Step 12360/15377 | Loss 1.5210 | LR 8.1888e-07
2026-02-27 18:57:18 INFO Epoch 1 | Step 12380/15377 | Loss 1.5203 | LR 8.2022e-07
2026-02-27 18:57:34 INFO Epoch 1 | Step 12400/15377 | Loss 1.5195 | LR 8.2156e-07
2026-02-27 18:57:49 INFO Epoch 1 | Step 12420/15377 | Loss 1.5186 | LR 8.2290e-07
2026-02-27 18:58:04 INFO Epoch 1 | Step 12440/15377 | Loss 1.5178 | LR 8.2424e-07
2026-02-27 18:58:19 INFO Epoch 1 | Step 12460/15377 | Loss 1.5170 | LR 8.2558e-07
2026-02-27 18:58:34 INFO Epoch 1 | Step 12480/15377 | Loss 1.5162 | LR 8.2693e-07
2026-02-27 18:58:49 INFO Epoch 1 | Step 12500/15377 | Loss 1.5153 | LR 8.2828e-07
2026-02-27 18:59:04 INFO Epoch 1 | Step 12520/15377 | Loss 1.5145 | LR 8.2963e-07
2026-02-27 18:59:20 INFO Epoch 1 | Step 12540/15377 | Loss 1.5138 | LR 8.3098e-07
2026-02-27 18:59:35 INFO Epoch 1 | Step 12560/15377 | Loss 1.5131 | LR 8.3234e-07
2026-02-27 18:59:50 INFO Epoch 1 | Step 12580/15377 | Loss 1.5121 | LR 8.3370e-07
2026-02-27 19:00:05 INFO Epoch 1 | Step 12600/15377 | Loss 1.5114 | LR 8.3505e-07
2026-02-27 19:00:20 INFO Epoch 1 | Step 12620/15377 | Loss 1.5107 | LR 8.3642e-07
2026-02-27 19:00:35 INFO Epoch 1 | Step 12640/15377 | Loss 1.5099 | LR 8.3778e-07
2026-02-27 19:00:50 INFO Epoch 1 | Step 12660/15377 | Loss 1.5091 | LR 8.3914e-07
2026-02-27 19:01:05 INFO Epoch 1 | Step 12680/15377 | Loss 1.5083 | LR 8.4051e-07
2026-02-27 19:01:20 INFO Epoch 1 | Step 12700/15377 | Loss 1.5074 | LR 8.4188e-07
2026-02-27 19:01:36 INFO Epoch 1 | Step 12720/15377 | Loss 1.5066 | LR 8.4325e-07
2026-02-27 19:01:51 INFO Epoch 1 | Step 12740/15377 | Loss 1.5059 | LR 8.4462e-07
2026-02-27 19:02:06 INFO Epoch 1 | Step 12760/15377 | Loss 1.5051 | LR 8.4600e-07
2026-02-27 19:02:21 INFO Epoch 1 | Step 12780/15377 | Loss 1.5042 | LR 8.4738e-07
2026-02-27 19:02:36 INFO Epoch 1 | Step 12800/15377 | Loss 1.5035 | LR 8.4875e-07
2026-02-27 19:02:51 INFO Epoch 1 | Step 12820/15377 | Loss 1.5026 | LR 8.5014e-07
2026-02-27 19:03:06 INFO Epoch 1 | Step 12840/15377 | Loss 1.5018 | LR 8.5152e-07
2026-02-27 19:03:21 INFO Epoch 1 | Step 12860/15377 | Loss 1.5010 | LR 8.5290e-07
2026-02-27 19:03:37 INFO Epoch 1 | Step 12880/15377 | Loss 1.5001 | LR 8.5429e-07
2026-02-27 19:03:52 INFO Epoch 1 | Step 12900/15377 | Loss 1.4993 | LR 8.5568e-07
2026-02-27 19:04:07 INFO Epoch 1 | Step 12920/15377 | Loss 1.4985 | LR 8.5707e-07
2026-02-27 19:04:22 INFO Epoch 1 | Step 12940/15377 | Loss 1.4976 | LR 8.5846e-07
2026-02-27 19:04:37 INFO Epoch 1 | Step 12960/15377 | Loss 1.4968 | LR 8.5986e-07
2026-02-27 19:04:52 INFO Epoch 1 | Step 12980/15377 | Loss 1.4960 | LR 8.6126e-07
2026-02-27 19:05:07 INFO Epoch 1 | Step 13000/15377 | Loss 1.4952 | LR 8.6266e-07
2026-02-27 19:05:23 INFO Epoch 1 | Step 13020/15377 | Loss 1.4942 | LR 8.6406e-07
2026-02-27 19:05:38 INFO Epoch 1 | Step 13040/15377 | Loss 1.4934 | LR 8.6546e-07
2026-02-27 19:05:53 INFO Epoch 1 | Step 13060/15377 | Loss 1.4925 | LR 8.6687e-07
2026-02-27 19:06:08 INFO Epoch 1 | Step 13080/15377 | Loss 1.4916 | LR 8.6827e-07
2026-02-27 19:06:23 INFO Epoch 1 | Step 13100/15377 | Loss 1.4908 | LR 8.6968e-07
2026-02-27 19:06:38 INFO Epoch 1 | Step 13120/15377 | Loss 1.4899 | LR 8.7109e-07
2026-02-27 19:06:53 INFO Epoch 1 | Step 13140/15377 | Loss 1.4891 | LR 8.7251e-07
2026-02-27 19:07:08 INFO Epoch 1 | Step 13160/15377 | Loss 1.4883 | LR 8.7392e-07
2026-02-27 19:07:24 INFO Epoch 1 | Step 13180/15377 | Loss 1.4874 | LR 8.7534e-07
2026-02-27 19:07:39 INFO Epoch 1 | Step 13200/15377 | Loss 1.4866 | LR 8.7676e-07
2026-02-27 19:07:54 INFO Epoch 1 | Step 13220/15377 | Loss 1.4858 | LR 8.7818e-07
2026-02-27 19:08:09 INFO Epoch 1 | Step 13240/15377 | Loss 1.4848 | LR 8.7960e-07
2026-02-27 19:08:24 INFO Epoch 1 | Step 13260/15377 | Loss 1.4840 | LR 8.8103e-07
2026-02-27 19:08:39 INFO Epoch 1 | Step 13280/15377 | Loss 1.4831 | LR 8.8246e-07
2026-02-27 19:08:54 INFO Epoch 1 | Step 13300/15377 | Loss 1.4822 | LR 8.8389e-07
2026-02-27 19:09:09 INFO Epoch 1 | Step 13320/15377 | Loss 1.4813 | LR 8.8532e-07
2026-02-27 19:09:24 INFO Epoch 1 | Step 13340/15377 | Loss 1.4805 | LR 8.8675e-07
2026-02-27 19:09:39 INFO Epoch 1 | Step 13360/15377 | Loss 1.4797 | LR 8.8819e-07
2026-02-27 19:09:54 INFO Epoch 1 | Step 13380/15377 | Loss 1.4788 | LR 8.8962e-07
2026-02-27 19:10:10 INFO Epoch 1 | Step 13400/15377 | Loss 1.4780 | LR 8.9106e-07
2026-02-27 19:10:25 INFO Epoch 1 | Step 13420/15377 | Loss 1.4772 | LR 8.9250e-07
2026-02-27 19:10:40 INFO Epoch 1 | Step 13440/15377 | Loss 1.4763 | LR 8.9395e-07
2026-02-27 19:10:55 INFO Epoch 1 | Step 13460/15377 | Loss 1.4755 | LR 8.9539e-07
2026-02-27 19:11:10 INFO Epoch 1 | Step 13480/15377 | Loss 1.4746 | LR 8.9684e-07
2026-02-27 19:11:25 INFO Epoch 1 | Step 13500/15377 | Loss 1.4737 | LR 8.9829e-07
2026-02-27 19:11:41 INFO Epoch 1 | Step 13520/15377 | Loss 1.4729 | LR 8.9974e-07
2026-02-27 19:11:56 INFO Epoch 1 | Step 13540/15377 | Loss 1.4721 | LR 9.0119e-07
2026-02-27 19:12:11 INFO Epoch 1 | Step 13560/15377 | Loss 1.4712 | LR 9.0265e-07
2026-02-27 19:12:26 INFO Epoch 1 | Step 13580/15377 | Loss 1.4705 | LR 9.0411e-07
2026-02-27 19:12:41 INFO Epoch 1 | Step 13600/15377 | Loss 1.4696 | LR 9.0557e-07
2026-02-27 19:12:56 INFO Epoch 1 | Step 13620/15377 | Loss 1.4688 | LR 9.0703e-07
2026-02-27 19:13:11 INFO Epoch 1 | Step 13640/15377 | Loss 1.4681 | LR 9.0849e-07
2026-02-27 19:13:27 INFO Epoch 1 | Step 13660/15377 | Loss 1.4672 | LR 9.0995e-07
2026-02-27 19:13:42 INFO Epoch 1 | Step 13680/15377 | Loss 1.4663 | LR 9.1142e-07
2026-02-27 19:13:57 INFO Epoch 1 | Step 13700/15377 | Loss 1.4655 | LR 9.1289e-07
2026-02-27 19:14:12 INFO Epoch 1 | Step 13720/15377 | Loss 1.4647 | LR 9.1436e-07
2026-02-27 19:14:27 INFO Epoch 1 | Step 13740/15377 | Loss 1.4639 | LR 9.1584e-07
2026-02-27 19:14:42 INFO Epoch 1 | Step 13760/15377 | Loss 1.4631 | LR 9.1731e-07
2026-02-27 19:14:58 INFO Epoch 1 | Step 13780/15377 | Loss 1.4623 | LR 9.1879e-07
2026-02-27 19:15:13 INFO Epoch 1 | Step 13800/15377 | Loss 1.4615 | LR 9.2027e-07
2026-02-27 19:15:28 INFO Epoch 1 | Step 13820/15377 | Loss 1.4607 | LR 9.2175e-07
2026-02-27 19:15:43 INFO Epoch 1 | Step 13840/15377 | Loss 1.4599 | LR 9.2323e-07
2026-02-27 19:15:58 INFO Epoch 1 | Step 13860/15377 | Loss 1.4590 | LR 9.2472e-07
2026-02-27 19:16:13 INFO Epoch 1 | Step 13880/15377 | Loss 1.4582 | LR 9.2620e-07
2026-02-27 19:16:28 INFO Epoch 1 | Step 13900/15377 | Loss 1.4573 | LR 9.2769e-07
2026-02-27 19:16:44 INFO Epoch 1 | Step 13920/15377 | Loss 1.4564 | LR 9.2918e-07
2026-02-27 19:16:59 INFO Epoch 1 | Step 13940/15377 | Loss 1.4555 | LR 9.3068e-07
2026-02-27 19:17:14 INFO Epoch 1 | Step 13960/15377 | Loss 1.4547 | LR 9.3217e-07
2026-02-27 19:17:29 INFO Epoch 1 | Step 13980/15377 | Loss 1.4539 | LR 9.3367e-07
2026-02-27 19:17:44 INFO Epoch 1 | Step 14000/15377 | Loss 1.4530 | LR 9.3517e-07
2026-02-27 19:18:00 INFO Epoch 1 | Step 14020/15377 | Loss 1.4523 | LR 9.3667e-07
2026-02-27 19:18:15 INFO Epoch 1 | Step 14040/15377 | Loss 1.4514 | LR 9.3817e-07
2026-02-27 19:18:30 INFO Epoch 1 | Step 14060/15377 | Loss 1.4506 | LR 9.3968e-07
2026-02-27 19:18:45 INFO Epoch 1 | Step 14080/15377 | Loss 1.4499 | LR 9.4118e-07
2026-02-27 19:19:01 INFO Epoch 1 | Step 14100/15377 | Loss 1.4490 | LR 9.4269e-07
2026-02-27 19:19:16 INFO Epoch 1 | Step 14120/15377 | Loss 1.4483 | LR 9.4420e-07
2026-02-27 19:19:31 INFO Epoch 1 | Step 14140/15377 | Loss 1.4475 | LR 9.4572e-07
2026-02-27 19:19:46 INFO Epoch 1 | Step 14160/15377 | Loss 1.4468 | LR 9.4723e-07
2026-02-27 19:20:01 INFO Epoch 1 | Step 14180/15377 | Loss 1.4459 | LR 9.4875e-07
2026-02-27 19:20:17 INFO Epoch 1 | Step 14200/15377 | Loss 1.4450 | LR 9.5027e-07
2026-02-27 19:20:32 INFO Epoch 1 | Step 14220/15377 | Loss 1.4441 | LR 9.5179e-07
2026-02-27 19:20:47 INFO Epoch 1 | Step 14240/15377 | Loss 1.4433 | LR 9.5331e-07
2026-02-27 19:21:03 INFO Epoch 1 | Step 14260/15377 | Loss 1.4424 | LR 9.5483e-07
2026-02-27 19:21:18 INFO Epoch 1 | Step 14280/15377 | Loss 1.4415 | LR 9.5636e-07
2026-02-27 19:21:33 INFO Epoch 1 | Step 14300/15377 | Loss 1.4406 | LR 9.5789e-07
2026-02-27 19:21:48 INFO Epoch 1 | Step 14320/15377 | Loss 1.4397 | LR 9.5942e-07
2026-02-27 19:22:04 INFO Epoch 1 | Step 14340/15377 | Loss 1.4388 | LR 9.6095e-07
2026-02-27 19:22:19 INFO Epoch 1 | Step 14360/15377 | Loss 1.4381 | LR 9.6249e-07
2026-02-27 19:22:34 INFO Epoch 1 | Step 14380/15377 | Loss 1.4373 | LR 9.6402e-07
2026-02-27 19:22:50 INFO Epoch 1 | Step 14400/15377 | Loss 1.4364 | LR 9.6556e-07
2026-02-27 19:23:05 INFO Epoch 1 | Step 14420/15377 | Loss 1.4356 | LR 9.6710e-07
2026-02-27 19:23:20 INFO Epoch 1 | Step 14440/15377 | Loss 1.4348 | LR 9.6865e-07
2026-02-27 19:23:35 INFO Epoch 1 | Step 14460/15377 | Loss 1.4339 | LR 9.7019e-07
2026-02-27 19:23:50 INFO Epoch 1 | Step 14480/15377 | Loss 1.4330 | LR 9.7174e-07
2026-02-27 19:24:06 INFO Epoch 1 | Step 14500/15377 | Loss 1.4321 | LR 9.7328e-07
2026-02-27 19:24:21 INFO Epoch 1 | Step 14520/15377 | Loss 1.4312 | LR 9.7483e-07
2026-02-27 19:24:36 INFO Epoch 1 | Step 14540/15377 | Loss 1.4303 | LR 9.7639e-07
2026-02-27 19:24:51 INFO Epoch 1 | Step 14560/15377 | Loss 1.4296 | LR 9.7794e-07
2026-02-27 19:25:06 INFO Epoch 1 | Step 14580/15377 | Loss 1.4288 | LR 9.7950e-07
2026-02-27 19:25:22 INFO Epoch 1 | Step 14600/15377 | Loss 1.4279 | LR 9.8105e-07
2026-02-27 19:25:37 INFO Epoch 1 | Step 14620/15377 | Loss 1.4271 | LR 9.8261e-07
2026-02-27 19:25:52 INFO Epoch 1 | Step 14640/15377 | Loss 1.4263 | LR 9.8418e-07
2026-02-27 19:26:07 INFO Epoch 1 | Step 14660/15377 | Loss 1.4254 | LR 9.8574e-07
2026-02-27 19:26:23 INFO Epoch 1 | Step 14680/15377 | Loss 1.4245 | LR 9.8731e-07
2026-02-27 19:26:38 INFO Epoch 1 | Step 14700/15377 | Loss 1.4237 | LR 9.8887e-07
2026-02-27 19:26:53 INFO Epoch 1 | Step 14720/15377 | Loss 1.4229 | LR 9.9044e-07
2026-02-27 19:27:08 INFO Epoch 1 | Step 14740/15377 | Loss 1.4221 | LR 9.9202e-07
2026-02-27 19:27:24 INFO Epoch 1 | Step 14760/15377 | Loss 1.4212 | LR 9.9359e-07
2026-02-27 19:27:39 INFO Epoch 1 | Step 14780/15377 | Loss 1.4203 | LR 9.9516e-07
2026-02-27 19:27:54 INFO Epoch 1 | Step 14800/15377 | Loss 1.4195 | LR 9.9674e-07
2026-02-27 19:28:09 INFO Epoch 1 | Step 14820/15377 | Loss 1.4186 | LR 9.9832e-07
2026-02-27 19:28:25 INFO Epoch 1 | Step 14840/15377 | Loss 1.4177 | LR 9.9990e-07
2026-02-27 19:28:40 INFO Epoch 1 | Step 14860/15377 | Loss 1.4169 | LR 1.0015e-06
2026-02-27 19:28:55 INFO Epoch 1 | Step 14880/15377 | Loss 1.4160 | LR 1.0031e-06
2026-02-27 19:29:10 INFO Epoch 1 | Step 14900/15377 | Loss 1.4152 | LR 1.0047e-06
2026-02-27 19:29:25 INFO Epoch 1 | Step 14920/15377 | Loss 1.4143 | LR 1.0062e-06
2026-02-27 19:29:41 INFO Epoch 1 | Step 14940/15377 | Loss 1.4134 | LR 1.0078e-06
2026-02-27 19:29:56 INFO Epoch 1 | Step 14960/15377 | Loss 1.4126 | LR 1.0094e-06
2026-02-27 19:30:11 INFO Epoch 1 | Step 14980/15377 | Loss 1.4117 | LR 1.0110e-06
2026-02-27 19:30:26 INFO Epoch 1 | Step 15000/15377 | Loss 1.4108 | LR 1.0126e-06
2026-02-27 19:30:42 INFO Epoch 1 | Step 15020/15377 | Loss 1.4099 | LR 1.0142e-06
2026-02-27 19:30:57 INFO Epoch 1 | Step 15040/15377 | Loss 1.4091 | LR 1.0158e-06
2026-02-27 19:31:12 INFO Epoch 1 | Step 15060/15377 | Loss 1.4082 | LR 1.0174e-06
2026-02-27 19:31:27 INFO Epoch 1 | Step 15080/15377 | Loss 1.4073 | LR 1.0190e-06
2026-02-27 19:31:43 INFO Epoch 1 | Step 15100/15377 | Loss 1.4065 | LR 1.0206e-06
2026-02-27 19:31:58 INFO Epoch 1 | Step 15120/15377 | Loss 1.4056 | LR 1.0222e-06
2026-02-27 19:32:14 INFO Epoch 1 | Step 15140/15377 | Loss 1.4048 | LR 1.0239e-06
2026-02-27 19:32:29 INFO Epoch 1 | Step 15160/15377 | Loss 1.4039 | LR 1.0255e-06
2026-02-27 19:32:44 INFO Epoch 1 | Step 15180/15377 | Loss 1.4032 | LR 1.0271e-06
2026-02-27 19:33:00 INFO Epoch 1 | Step 15200/15377 | Loss 1.4023 | LR 1.0287e-06
2026-02-27 19:33:15 INFO Epoch 1 | Step 15220/15377 | Loss 1.4014 | LR 1.0303e-06
2026-02-27 19:33:31 INFO Epoch 1 | Step 15240/15377 | Loss 1.4006 | LR 1.0319e-06
2026-02-27 19:33:46 INFO Epoch 1 | Step 15260/15377 | Loss 1.3997 | LR 1.0336e-06
2026-02-27 19:34:02 INFO Epoch 1 | Step 15280/15377 | Loss 1.3989 | LR 1.0352e-06
2026-02-27 19:34:17 INFO Epoch 1 | Step 15300/15377 | Loss 1.3980 | LR 1.0368e-06
2026-02-27 19:34:32 INFO Epoch 1 | Step 15320/15377 | Loss 1.3970 | LR 1.0384e-06
2026-02-27 19:34:48 INFO Epoch 1 | Step 15340/15377 | Loss 1.3962 | LR 1.0401e-06
2026-02-27 19:35:03 INFO Epoch 1 | Step 15360/15377 | Loss 1.3954 | LR 1.0417e-06
2026-02-27 19:35:16 INFO Epoch 1 | Step 15377/15377 | Loss 1.3946 | LR 1.0431e-06
2026-02-27 20:23:41 INFO CSV Written | Epoch: 1
2026-02-27 20:23:41 INFO Best Saved | Epoch: 1 | Monitor: val_auprc | Value: 0.0598
2026-02-27 20:23:41 INFO Epoch Done | Epoch: 1 | Time: 14731.7056 | Train Loss: 1.3946 | Val Accuracy: 0.6686 | Val AUPRC: 0.0598 | Val Auroc: 0.7824 | Val F1: 0.0984 | Val Loss: 0.7627
2026-02-27 20:23:41 INFO Epoch Start | Epoch: 2
2026-02-27 20:23:46 INFO Epoch 2 | Step 1/15377 | Loss 0.7110 | LR 1.0432e-06
2026-02-27 20:24:01 INFO Epoch 2 | Step 20/15377 | Loss 0.8212 | LR 1.0447e-06
2026-02-27 20:24:17 INFO Epoch 2 | Step 40/15377 | Loss 0.7909 | LR 1.0464e-06
2026-02-27 20:24:32 INFO Epoch 2 | Step 60/15377 | Loss 0.7696 | LR 1.0480e-06
2026-02-27 20:24:48 INFO Epoch 2 | Step 80/15377 | Loss 0.7552 | LR 1.0496e-06
2026-02-27 20:25:03 INFO Epoch 2 | Step 100/15377 | Loss 0.7673 | LR 1.0513e-06
2026-02-27 20:25:19 INFO Epoch 2 | Step 120/15377 | Loss 0.7718 | LR 1.0529e-06
2026-02-27 20:25:34 INFO Epoch 2 | Step 140/15377 | Loss 0.7622 | LR 1.0546e-06
2026-02-27 20:25:50 INFO Epoch 2 | Step 160/15377 | Loss 0.7620 | LR 1.0562e-06
2026-02-27 20:26:06 INFO Epoch 2 | Step 180/15377 | Loss 0.7547 | LR 1.0579e-06
2026-02-27 20:26:21 INFO Epoch 2 | Step 200/15377 | Loss 0.7533 | LR 1.0595e-06
2026-02-27 20:26:37 INFO Epoch 2 | Step 220/15377 | Loss 0.7471 | LR 1.0612e-06
2026-02-27 20:26:52 INFO Epoch 2 | Step 240/15377 | Loss 0.7420 | LR 1.0628e-06
2026-02-27 20:27:08 INFO Epoch 2 | Step 260/15377 | Loss 0.7378 | LR 1.0645e-06
2026-02-27 20:27:24 INFO Epoch 2 | Step 280/15377 | Loss 0.7348 | LR 1.0662e-06
2026-02-27 20:27:39 INFO Epoch 2 | Step 300/15377 | Loss 0.7321 | LR 1.0678e-06
2026-02-27 20:27:55 INFO Epoch 2 | Step 320/15377 | Loss 0.7312 | LR 1.0695e-06
2026-02-27 20:28:10 INFO Epoch 2 | Step 340/15377 | Loss 0.7271 | LR 1.0712e-06
2026-02-27 20:28:26 INFO Epoch 2 | Step 360/15377 | Loss 0.7269 | LR 1.0728e-06
2026-02-27 20:28:42 INFO Epoch 2 | Step 380/15377 | Loss 0.7246 | LR 1.0745e-06
2026-02-27 20:28:57 INFO Epoch 2 | Step 400/15377 | Loss 0.7228 | LR 1.0762e-06
2026-02-27 20:29:13 INFO Epoch 2 | Step 420/15377 | Loss 0.7201 | LR 1.0778e-06
2026-02-27 20:29:28 INFO Epoch 2 | Step 440/15377 | Loss 0.7182 | LR 1.0795e-06
2026-02-27 20:29:44 INFO Epoch 2 | Step 460/15377 | Loss 0.7173 | LR 1.0812e-06
2026-02-27 20:30:00 INFO Epoch 2 | Step 480/15377 | Loss 0.7195 | LR 1.0829e-06
2026-02-27 20:30:15 INFO Epoch 2 | Step 500/15377 | Loss 0.7216 | LR 1.0846e-06
2026-02-27 20:30:31 INFO Epoch 2 | Step 520/15377 | Loss 0.7198 | LR 1.0862e-06
2026-02-27 20:30:47 INFO Epoch 2 | Step 540/15377 | Loss 0.7176 | LR 1.0879e-06
2026-02-27 20:31:02 INFO Epoch 2 | Step 560/15377 | Loss 0.7158 | LR 1.0896e-06
2026-02-27 20:31:18 INFO Epoch 2 | Step 580/15377 | Loss 0.7166 | LR 1.0913e-06
2026-02-27 20:31:34 INFO Epoch 2 | Step 600/15377 | Loss 0.7159 | LR 1.0930e-06
2026-02-27 20:31:49 INFO Epoch 2 | Step 620/15377 | Loss 0.7169 | LR 1.0947e-06
2026-02-27 20:32:05 INFO Epoch 2 | Step 640/15377 | Loss 0.7163 | LR 1.0964e-06
2026-02-27 20:32:20 INFO Epoch 2 | Step 660/15377 | Loss 0.7150 | LR 1.0981e-06
2026-02-27 20:32:36 INFO Epoch 2 | Step 680/15377 | Loss 0.7139 | LR 1.0998e-06
2026-02-27 20:32:51 INFO Epoch 2 | Step 700/15377 | Loss 0.7147 | LR 1.1015e-06
2026-02-27 20:33:07 INFO Epoch 2 | Step 720/15377 | Loss 0.7150 | LR 1.1032e-06
2026-02-27 20:33:23 INFO Epoch 2 | Step 740/15377 | Loss 0.7153 | LR 1.1049e-06
2026-02-27 20:33:38 INFO Epoch 2 | Step 760/15377 | Loss 0.7153 | LR 1.1066e-06
2026-02-27 20:33:54 INFO Epoch 2 | Step 780/15377 | Loss 0.7147 | LR 1.1083e-06
2026-02-27 20:34:09 INFO Epoch 2 | Step 800/15377 | Loss 0.7130 | LR 1.1100e-06
2026-02-27 20:34:25 INFO Epoch 2 | Step 820/15377 | Loss 0.7115 | LR 1.1117e-06
2026-02-27 20:34:40 INFO Epoch 2 | Step 840/15377 | Loss 0.7119 | LR 1.1134e-06
2026-02-27 20:34:56 INFO Epoch 2 | Step 860/15377 | Loss 0.7111 | LR 1.1151e-06
2026-02-27 20:35:12 INFO Epoch 2 | Step 880/15377 | Loss 0.7110 | LR 1.1169e-06
2026-02-27 20:35:27 INFO Epoch 2 | Step 900/15377 | Loss 0.7093 | LR 1.1186e-06
2026-02-27 20:35:43 INFO Epoch 2 | Step 920/15377 | Loss 0.7090 | LR 1.1203e-06
2026-02-27 20:35:58 INFO Epoch 2 | Step 940/15377 | Loss 0.7089 | LR 1.1220e-06
2026-02-27 20:36:14 INFO Epoch 2 | Step 960/15377 | Loss 0.7074 | LR 1.1238e-06
2026-02-27 20:36:30 INFO Epoch 2 | Step 980/15377 | Loss 0.7065 | LR 1.1255e-06
2026-02-27 20:36:45 INFO Epoch 2 | Step 1000/15377 | Loss 0.7063 | LR 1.1272e-06
2026-02-27 20:37:01 INFO Epoch 2 | Step 1020/15377 | Loss 0.7044 | LR 1.1289e-06
2026-02-27 20:37:16 INFO Epoch 2 | Step 1040/15377 | Loss 0.7033 | LR 1.1307e-06
2026-02-27 20:37:32 INFO Epoch 2 | Step 1060/15377 | Loss 0.7027 | LR 1.1324e-06
2026-02-27 20:37:47 INFO Epoch 2 | Step 1080/15377 | Loss 0.7014 | LR 1.1341e-06
2026-02-27 20:38:03 INFO Epoch 2 | Step 1100/15377 | Loss 0.7005 | LR 1.1359e-06
2026-02-27 20:38:19 INFO Epoch 2 | Step 1120/15377 | Loss 0.6998 | LR 1.1376e-06
2026-02-27 20:38:34 INFO Epoch 2 | Step 1140/15377 | Loss 0.6996 | LR 1.1394e-06
2026-02-27 20:38:50 INFO Epoch 2 | Step 1160/15377 | Loss 0.6989 | LR 1.1411e-06
2026-02-27 20:39:06 INFO Epoch 2 | Step 1180/15377 | Loss 0.6988 | LR 1.1429e-06
2026-02-27 20:39:21 INFO Epoch 2 | Step 1200/15377 | Loss 0.6978 | LR 1.1446e-06
2026-02-27 20:39:37 INFO Epoch 2 | Step 1220/15377 | Loss 0.6965 | LR 1.1464e-06
2026-02-27 20:39:52 INFO Epoch 2 | Step 1240/15377 | Loss 0.6950 | LR 1.1481e-06
2026-02-27 20:40:08 INFO Epoch 2 | Step 1260/15377 | Loss 0.6940 | LR 1.1499e-06
2026-02-27 20:40:23 INFO Epoch 2 | Step 1280/15377 | Loss 0.6928 | LR 1.1516e-06
2026-02-27 20:40:39 INFO Epoch 2 | Step 1300/15377 | Loss 0.6919 | LR 1.1534e-06
2026-02-27 20:40:55 INFO Epoch 2 | Step 1320/15377 | Loss 0.6917 | LR 1.1551e-06
2026-02-27 20:41:10 INFO Epoch 2 | Step 1340/15377 | Loss 0.6908 | LR 1.1569e-06
2026-02-27 20:41:26 INFO Epoch 2 | Step 1360/15377 | Loss 0.6906 | LR 1.1587e-06
2026-02-27 20:41:41 INFO Epoch 2 | Step 1380/15377 | Loss 0.6903 | LR 1.1604e-06
2026-02-27 20:41:57 INFO Epoch 2 | Step 1400/15377 | Loss 0.6896 | LR 1.1622e-06
2026-02-27 20:42:13 INFO Epoch 2 | Step 1420/15377 | Loss 0.6893 | LR 1.1640e-06
2026-02-27 20:42:28 INFO Epoch 2 | Step 1440/15377 | Loss 0.6886 | LR 1.1657e-06
2026-02-27 20:42:44 INFO Epoch 2 | Step 1460/15377 | Loss 0.6877 | LR 1.1675e-06
2026-02-27 20:42:59 INFO Epoch 2 | Step 1480/15377 | Loss 0.6870 | LR 1.1693e-06
2026-02-27 20:43:15 INFO Epoch 2 | Step 1500/15377 | Loss 0.6858 | LR 1.1710e-06
2026-02-27 20:43:31 INFO Epoch 2 | Step 1520/15377 | Loss 0.6847 | LR 1.1728e-06
2026-02-27 20:43:46 INFO Epoch 2 | Step 1540/15377 | Loss 0.6837 | LR 1.1746e-06
2026-02-27 20:44:02 INFO Epoch 2 | Step 1560/15377 | Loss 0.6836 | LR 1.1764e-06
2026-02-27 20:44:18 INFO Epoch 2 | Step 1580/15377 | Loss 0.6822 | LR 1.1782e-06
2026-02-27 20:44:33 INFO Epoch 2 | Step 1600/15377 | Loss 0.6822 | LR 1.1800e-06
2026-02-27 20:44:49 INFO Epoch 2 | Step 1620/15377 | Loss 0.6811 | LR 1.1817e-06
2026-02-27 20:45:04 INFO Epoch 2 | Step 1640/15377 | Loss 0.6803 | LR 1.1835e-06
2026-02-27 20:45:20 INFO Epoch 2 | Step 1660/15377 | Loss 0.6799 | LR 1.1853e-06
2026-02-27 20:45:35 INFO Epoch 2 | Step 1680/15377 | Loss 0.6793 | LR 1.1871e-06
2026-02-27 20:45:51 INFO Epoch 2 | Step 1700/15377 | Loss 0.6786 | LR 1.1889e-06
2026-02-27 20:46:06 INFO Epoch 2 | Step 1720/15377 | Loss 0.6776 | LR 1.1907e-06
2026-02-27 20:46:22 INFO Epoch 2 | Step 1740/15377 | Loss 0.6761 | LR 1.1925e-06
2026-02-27 20:46:38 INFO Epoch 2 | Step 1760/15377 | Loss 0.6757 | LR 1.1943e-06
2026-02-27 20:46:53 INFO Epoch 2 | Step 1780/15377 | Loss 0.6744 | LR 1.1961e-06
2026-02-27 20:47:09 INFO Epoch 2 | Step 1800/15377 | Loss 0.6740 | LR 1.1979e-06
2026-02-27 20:47:25 INFO Epoch 2 | Step 1820/15377 | Loss 0.6730 | LR 1.1997e-06
2026-02-27 20:47:40 INFO Epoch 2 | Step 1840/15377 | Loss 0.6725 | LR 1.2015e-06
2026-02-27 20:47:56 INFO Epoch 2 | Step 1860/15377 | Loss 0.6720 | LR 1.2033e-06
2026-02-27 20:48:12 INFO Epoch 2 | Step 1880/15377 | Loss 0.6709 | LR 1.2051e-06
2026-02-27 20:48:27 INFO Epoch 2 | Step 1900/15377 | Loss 0.6698 | LR 1.2070e-06
2026-02-27 20:48:43 INFO Epoch 2 | Step 1920/15377 | Loss 0.6687 | LR 1.2088e-06
2026-02-27 20:48:58 INFO Epoch 2 | Step 1940/15377 | Loss 0.6685 | LR 1.2106e-06
2026-02-27 20:49:14 INFO Epoch 2 | Step 1960/15377 | Loss 0.6675 | LR 1.2124e-06
2026-02-27 20:49:30 INFO Epoch 2 | Step 1980/15377 | Loss 0.6671 | LR 1.2142e-06
2026-02-27 20:49:45 INFO Epoch 2 | Step 2000/15377 | Loss 0.6666 | LR 1.2160e-06
2026-02-27 20:50:01 INFO Epoch 2 | Step 2020/15377 | Loss 0.6657 | LR 1.2179e-06
2026-02-27 20:50:16 INFO Epoch 2 | Step 2040/15377 | Loss 0.6650 | LR 1.2197e-06
2026-02-27 20:50:32 INFO Epoch 2 | Step 2060/15377 | Loss 0.6647 | LR 1.2215e-06
2026-02-27 20:50:48 INFO Epoch 2 | Step 2080/15377 | Loss 0.6642 | LR 1.2234e-06
2026-02-27 20:51:03 INFO Epoch 2 | Step 2100/15377 | Loss 0.6635 | LR 1.2252e-06
2026-02-27 20:51:19 INFO Epoch 2 | Step 2120/15377 | Loss 0.6629 | LR 1.2270e-06
2026-02-27 20:51:35 INFO Epoch 2 | Step 2140/15377 | Loss 0.6621 | LR 1.2289e-06
2026-02-27 20:51:50 INFO Epoch 2 | Step 2160/15377 | Loss 0.6614 | LR 1.2307e-06
2026-02-27 20:52:06 INFO Epoch 2 | Step 2180/15377 | Loss 0.6609 | LR 1.2325e-06
2026-02-27 20:52:22 INFO Epoch 2 | Step 2200/15377 | Loss 0.6605 | LR 1.2344e-06
2026-02-27 20:52:37 INFO Epoch 2 | Step 2220/15377 | Loss 0.6599 | LR 1.2362e-06
2026-02-27 20:52:53 INFO Epoch 2 | Step 2240/15377 | Loss 0.6589 | LR 1.2381e-06
2026-02-27 20:53:09 INFO Epoch 2 | Step 2260/15377 | Loss 0.6582 | LR 1.2399e-06
2026-02-27 20:53:24 INFO Epoch 2 | Step 2280/15377 | Loss 0.6578 | LR 1.2418e-06
2026-02-27 20:53:40 INFO Epoch 2 | Step 2300/15377 | Loss 0.6573 | LR 1.2436e-06
2026-02-27 20:53:56 INFO Epoch 2 | Step 2320/15377 | Loss 0.6572 | LR 1.2455e-06
2026-02-27 20:54:11 INFO Epoch 2 | Step 2340/15377 | Loss 0.6563 | LR 1.2473e-06
2026-02-27 20:54:27 INFO Epoch 2 | Step 2360/15377 | Loss 0.6557 | LR 1.2492e-06
2026-02-27 20:54:42 INFO Epoch 2 | Step 2380/15377 | Loss 0.6549 | LR 1.2510e-06
2026-02-27 20:54:58 INFO Epoch 2 | Step 2400/15377 | Loss 0.6543 | LR 1.2529e-06
2026-02-27 20:55:14 INFO Epoch 2 | Step 2420/15377 | Loss 0.6534 | LR 1.2547e-06
2026-02-27 20:55:29 INFO Epoch 2 | Step 2440/15377 | Loss 0.6527 | LR 1.2566e-06
2026-02-27 20:55:45 INFO Epoch 2 | Step 2460/15377 | Loss 0.6516 | LR 1.2585e-06
2026-02-27 20:56:01 INFO Epoch 2 | Step 2480/15377 | Loss 0.6509 | LR 1.2603e-06
2026-02-27 20:56:16 INFO Epoch 2 | Step 2500/15377 | Loss 0.6504 | LR 1.2622e-06
2026-02-27 20:56:32 INFO Epoch 2 | Step 2520/15377 | Loss 0.6497 | LR 1.2641e-06
2026-02-27 20:56:47 INFO Epoch 2 | Step 2540/15377 | Loss 0.6488 | LR 1.2659e-06
2026-02-27 20:57:03 INFO Epoch 2 | Step 2560/15377 | Loss 0.6480 | LR 1.2678e-06
2026-02-27 20:57:19 INFO Epoch 2 | Step 2580/15377 | Loss 0.6474 | LR 1.2697e-06
2026-02-27 20:57:34 INFO Epoch 2 | Step 2600/15377 | Loss 0.6468 | LR 1.2716e-06
2026-02-27 20:57:50 INFO Epoch 2 | Step 2620/15377 | Loss 0.6465 | LR 1.2735e-06
2026-02-27 20:58:06 INFO Epoch 2 | Step 2640/15377 | Loss 0.6455 | LR 1.2753e-06
2026-02-27 20:58:21 INFO Epoch 2 | Step 2660/15377 | Loss 0.6447 | LR 1.2772e-06
2026-02-27 20:58:37 INFO Epoch 2 | Step 2680/15377 | Loss 0.6438 | LR 1.2791e-06
2026-02-27 20:58:53 INFO Epoch 2 | Step 2700/15377 | Loss 0.6430 | LR 1.2810e-06
2026-02-27 20:59:08 INFO Epoch 2 | Step 2720/15377 | Loss 0.6426 | LR 1.2829e-06
2026-02-27 20:59:24 INFO Epoch 2 | Step 2740/15377 | Loss 0.6422 | LR 1.2848e-06
2026-02-27 20:59:39 INFO Epoch 2 | Step 2760/15377 | Loss 0.6417 | LR 1.2867e-06
2026-02-27 20:59:55 INFO Epoch 2 | Step 2780/15377 | Loss 0.6412 | LR 1.2886e-06
2026-02-27 21:00:10 INFO Epoch 2 | Step 2800/15377 | Loss 0.6408 | LR 1.2905e-06
2026-02-27 21:00:25 INFO Epoch 2 | Step 2820/15377 | Loss 0.6403 | LR 1.2923e-06
2026-02-27 21:00:41 INFO Epoch 2 | Step 2840/15377 | Loss 0.6401 | LR 1.2942e-06
2026-02-27 21:00:56 INFO Epoch 2 | Step 2860/15377 | Loss 0.6395 | LR 1.2961e-06
2026-02-27 21:01:11 INFO Epoch 2 | Step 2880/15377 | Loss 0.6393 | LR 1.2981e-06
2026-02-27 21:01:26 INFO Epoch 2 | Step 2900/15377 | Loss 0.6389 | LR 1.3000e-06
2026-02-27 21:01:42 INFO Epoch 2 | Step 2920/15377 | Loss 0.6382 | LR 1.3019e-06
2026-02-27 21:01:57 INFO Epoch 2 | Step 2940/15377 | Loss 0.6375 | LR 1.3038e-06
2026-02-27 21:02:12 INFO Epoch 2 | Step 2960/15377 | Loss 0.6370 | LR 1.3057e-06
2026-02-27 21:02:27 INFO Epoch 2 | Step 2980/15377 | Loss 0.6365 | LR 1.3076e-06
2026-02-27 21:02:43 INFO Epoch 2 | Step 3000/15377 | Loss 0.6360 | LR 1.3095e-06
2026-02-27 21:02:58 INFO Epoch 2 | Step 3020/15377 | Loss 0.6353 | LR 1.3114e-06
2026-02-27 21:03:13 INFO Epoch 2 | Step 3040/15377 | Loss 0.6348 | LR 1.3133e-06
2026-02-27 21:03:28 INFO Epoch 2 | Step 3060/15377 | Loss 0.6341 | LR 1.3153e-06
2026-02-27 21:03:43 INFO Epoch 2 | Step 3080/15377 | Loss 0.6335 | LR 1.3172e-06
2026-02-27 21:03:58 INFO Epoch 2 | Step 3100/15377 | Loss 0.6328 | LR 1.3191e-06
2026-02-27 21:04:14 INFO Epoch 2 | Step 3120/15377 | Loss 0.6320 | LR 1.3210e-06
2026-02-27 21:04:29 INFO Epoch 2 | Step 3140/15377 | Loss 0.6312 | LR 1.3230e-06
2026-02-27 21:04:44 INFO Epoch 2 | Step 3160/15377 | Loss 0.6305 | LR 1.3249e-06
2026-02-27 21:04:59 INFO Epoch 2 | Step 3180/15377 | Loss 0.6296 | LR 1.3268e-06
2026-02-27 21:05:15 INFO Epoch 2 | Step 3200/15377 | Loss 0.6294 | LR 1.3287e-06
2026-02-27 21:05:30 INFO Epoch 2 | Step 3220/15377 | Loss 0.6290 | LR 1.3307e-06
2026-02-27 21:05:45 INFO Epoch 2 | Step 3240/15377 | Loss 0.6285 | LR 1.3326e-06
2026-02-27 21:06:00 INFO Epoch 2 | Step 3260/15377 | Loss 0.6279 | LR 1.3345e-06
2026-02-27 21:06:15 INFO Epoch 2 | Step 3280/15377 | Loss 0.6275 | LR 1.3365e-06
2026-02-27 21:06:31 INFO Epoch 2 | Step 3300/15377 | Loss 0.6270 | LR 1.3384e-06
2026-02-27 21:06:46 INFO Epoch 2 | Step 3320/15377 | Loss 0.6264 | LR 1.3404e-06
2026-02-27 21:07:01 INFO Epoch 2 | Step 3340/15377 | Loss 0.6259 | LR 1.3423e-06
2026-02-27 21:07:16 INFO Epoch 2 | Step 3360/15377 | Loss 0.6253 | LR 1.3443e-06
2026-02-27 21:07:32 INFO Epoch 2 | Step 3380/15377 | Loss 0.6246 | LR 1.3462e-06
2026-02-27 21:07:47 INFO Epoch 2 | Step 3400/15377 | Loss 0.6241 | LR 1.3482e-06
2026-02-27 21:08:02 INFO Epoch 2 | Step 3420/15377 | Loss 0.6234 | LR 1.3501e-06
2026-02-27 21:08:17 INFO Epoch 2 | Step 3440/15377 | Loss 0.6230 | LR 1.3521e-06
2026-02-27 21:08:33 INFO Epoch 2 | Step 3460/15377 | Loss 0.6226 | LR 1.3540e-06
2026-02-27 21:08:48 INFO Epoch 2 | Step 3480/15377 | Loss 0.6220 | LR 1.3560e-06
2026-02-27 21:09:03 INFO Epoch 2 | Step 3500/15377 | Loss 0.6213 | LR 1.3579e-06
2026-02-27 21:09:18 INFO Epoch 2 | Step 3520/15377 | Loss 0.6208 | LR 1.3599e-06
2026-02-27 21:09:33 INFO Epoch 2 | Step 3540/15377 | Loss 0.6202 | LR 1.3619e-06
2026-02-27 21:09:49 INFO Epoch 2 | Step 3560/15377 | Loss 0.6198 | LR 1.3638e-06
2026-02-27 21:10:04 INFO Epoch 2 | Step 3580/15377 | Loss 0.6194 | LR 1.3658e-06
2026-02-27 21:10:19 INFO Epoch 2 | Step 3600/15377 | Loss 0.6189 | LR 1.3678e-06
2026-02-27 21:10:34 INFO Epoch 2 | Step 3620/15377 | Loss 0.6185 | LR 1.3697e-06
2026-02-27 21:10:49 INFO Epoch 2 | Step 3640/15377 | Loss 0.6180 | LR 1.3717e-06
2026-02-27 21:11:05 INFO Epoch 2 | Step 3660/15377 | Loss 0.6173 | LR 1.3737e-06
2026-02-27 21:11:20 INFO Epoch 2 | Step 3680/15377 | Loss 0.6167 | LR 1.3756e-06
2026-02-27 21:11:35 INFO Epoch 2 | Step 3700/15377 | Loss 0.6161 | LR 1.3776e-06
2026-02-27 21:11:50 INFO Epoch 2 | Step 3720/15377 | Loss 0.6156 | LR 1.3796e-06
2026-02-27 21:12:06 INFO Epoch 2 | Step 3740/15377 | Loss 0.6150 | LR 1.3816e-06
2026-02-27 21:12:21 INFO Epoch 2 | Step 3760/15377 | Loss 0.6145 | LR 1.3836e-06
2026-02-27 21:12:36 INFO Epoch 2 | Step 3780/15377 | Loss 0.6141 | LR 1.3855e-06
2026-02-27 21:12:51 INFO Epoch 2 | Step 3800/15377 | Loss 0.6137 | LR 1.3875e-06
2026-02-27 21:13:07 INFO Epoch 2 | Step 3820/15377 | Loss 0.6130 | LR 1.3895e-06
2026-02-27 21:13:22 INFO Epoch 2 | Step 3840/15377 | Loss 0.6127 | LR 1.3915e-06
2026-02-27 21:13:37 INFO Epoch 2 | Step 3860/15377 | Loss 0.6124 | LR 1.3935e-06
2026-02-27 21:13:52 INFO Epoch 2 | Step 3880/15377 | Loss 0.6121 | LR 1.3955e-06
2026-02-27 21:14:07 INFO Epoch 2 | Step 3900/15377 | Loss 0.6115 | LR 1.3975e-06
2026-02-27 21:14:23 INFO Epoch 2 | Step 3920/15377 | Loss 0.6111 | LR 1.3995e-06
2026-02-27 21:14:39 INFO Epoch 2 | Step 3940/15377 | Loss 0.6106 | LR 1.4015e-06
2026-02-27 21:14:55 INFO Epoch 2 | Step 3960/15377 | Loss 0.6102 | LR 1.4035e-06
2026-02-27 21:15:10 INFO Epoch 2 | Step 3980/15377 | Loss 0.6098 | LR 1.4055e-06
2026-02-27 21:15:26 INFO Epoch 2 | Step 4000/15377 | Loss 0.6092 | LR 1.4075e-06
2026-02-27 21:15:42 INFO Epoch 2 | Step 4020/15377 | Loss 0.6089 | LR 1.4095e-06
2026-02-27 21:15:58 INFO Epoch 2 | Step 4040/15377 | Loss 0.6084 | LR 1.4115e-06
2026-02-27 21:16:14 INFO Epoch 2 | Step 4060/15377 | Loss 0.6081 | LR 1.4135e-06
2026-02-27 21:16:30 INFO Epoch 2 | Step 4080/15377 | Loss 0.6075 | LR 1.4155e-06
2026-02-27 21:16:46 INFO Epoch 2 | Step 4100/15377 | Loss 0.6069 | LR 1.4175e-06
2026-02-27 21:17:01 INFO Epoch 2 | Step 4120/15377 | Loss 0.6064 | LR 1.4195e-06
2026-02-27 21:17:17 INFO Epoch 2 | Step 4140/15377 | Loss 0.6058 | LR 1.4215e-06
2026-02-27 21:17:33 INFO Epoch 2 | Step 4160/15377 | Loss 0.6053 | LR 1.4236e-06
2026-02-27 21:17:49 INFO Epoch 2 | Step 4180/15377 | Loss 0.6048 | LR 1.4256e-06
2026-02-27 21:18:05 INFO Epoch 2 | Step 4200/15377 | Loss 0.6043 | LR 1.4276e-06
2026-02-27 21:18:21 INFO Epoch 2 | Step 4220/15377 | Loss 0.6040 | LR 1.4296e-06
2026-02-27 21:18:37 INFO Epoch 2 | Step 4240/15377 | Loss 0.6037 | LR 1.4316e-06
2026-02-27 21:18:53 INFO Epoch 2 | Step 4260/15377 | Loss 0.6031 | LR 1.4337e-06
2026-02-27 21:19:09 INFO Epoch 2 | Step 4280/15377 | Loss 0.6026 | LR 1.4357e-06
2026-02-27 21:19:25 INFO Epoch 2 | Step 4300/15377 | Loss 0.6020 | LR 1.4377e-06
2026-02-27 21:19:40 INFO Epoch 2 | Step 4320/15377 | Loss 0.6015 | LR 1.4398e-06
2026-02-27 21:19:56 INFO Epoch 2 | Step 4340/15377 | Loss 0.6012 | LR 1.4418e-06
2026-02-27 21:20:12 INFO Epoch 2 | Step 4360/15377 | Loss 0.6007 | LR 1.4438e-06
2026-02-27 21:20:28 INFO Epoch 2 | Step 4380/15377 | Loss 0.6005 | LR 1.4459e-06
2026-02-27 21:20:44 INFO Epoch 2 | Step 4400/15377 | Loss 0.5998 | LR 1.4479e-06
2026-02-27 21:21:00 INFO Epoch 2 | Step 4420/15377 | Loss 0.5990 | LR 1.4499e-06
2026-02-27 21:21:16 INFO Epoch 2 | Step 4440/15377 | Loss 0.5985 | LR 1.4520e-06
2026-02-27 21:21:32 INFO Epoch 2 | Step 4460/15377 | Loss 0.5981 | LR 1.4540e-06
2026-02-27 21:21:48 INFO Epoch 2 | Step 4480/15377 | Loss 0.5976 | LR 1.4561e-06
2026-02-27 21:22:03 INFO Epoch 2 | Step 4500/15377 | Loss 0.5971 | LR 1.4581e-06
2026-02-27 21:22:19 INFO Epoch 2 | Step 4520/15377 | Loss 0.5966 | LR 1.4602e-06
2026-02-27 21:22:34 INFO Epoch 2 | Step 4540/15377 | Loss 0.5963 | LR 1.4622e-06
2026-02-27 21:22:50 INFO Epoch 2 | Step 4560/15377 | Loss 0.5959 | LR 1.4643e-06
2026-02-27 21:23:06 INFO Epoch 2 | Step 4580/15377 | Loss 0.5956 | LR 1.4663e-06
2026-02-27 21:23:21 INFO Epoch 2 | Step 4600/15377 | Loss 0.5953 | LR 1.4684e-06
2026-02-27 21:23:37 INFO Epoch 2 | Step 4620/15377 | Loss 0.5948 | LR 1.4704e-06
2026-02-27 21:23:52 INFO Epoch 2 | Step 4640/15377 | Loss 0.5944 | LR 1.4725e-06
2026-02-27 21:24:08 INFO Epoch 2 | Step 4660/15377 | Loss 0.5941 | LR 1.4746e-06
2026-02-27 21:24:23 INFO Epoch 2 | Step 4680/15377 | Loss 0.5936 | LR 1.4766e-06
2026-02-27 21:24:39 INFO Epoch 2 | Step 4700/15377 | Loss 0.5931 | LR 1.4787e-06
2026-02-27 21:24:54 INFO Epoch 2 | Step 4720/15377 | Loss 0.5929 | LR 1.4807e-06
2026-02-27 21:25:09 INFO Epoch 2 | Step 4740/15377 | Loss 0.5925 | LR 1.4828e-06
2026-02-27 21:25:25 INFO Epoch 2 | Step 4760/15377 | Loss 0.5921 | LR 1.4849e-06
2026-02-27 21:25:40 INFO Epoch 2 | Step 4780/15377 | Loss 0.5917 | LR 1.4869e-06
2026-02-27 21:25:56 INFO Epoch 2 | Step 4800/15377 | Loss 0.5912 | LR 1.4890e-06
2026-02-27 21:26:11 INFO Epoch 2 | Step 4820/15377 | Loss 0.5909 | LR 1.4911e-06
2026-02-27 21:26:27 INFO Epoch 2 | Step 4840/15377 | Loss 0.5906 | LR 1.4932e-06
2026-02-27 21:26:42 INFO Epoch 2 | Step 4860/15377 | Loss 0.5902 | LR 1.4952e-06
2026-02-27 21:26:58 INFO Epoch 2 | Step 4880/15377 | Loss 0.5897 | LR 1.4973e-06
2026-02-27 21:27:13 INFO Epoch 2 | Step 4900/15377 | Loss 0.5894 | LR 1.4994e-06
2026-02-27 21:27:28 INFO Epoch 2 | Step 4920/15377 | Loss 0.5890 | LR 1.5015e-06
2026-02-27 21:27:44 INFO Epoch 2 | Step 4940/15377 | Loss 0.5887 | LR 1.5036e-06
2026-02-27 21:27:59 INFO Epoch 2 | Step 4960/15377 | Loss 0.5883 | LR 1.5057e-06
2026-02-27 21:28:15 INFO Epoch 2 | Step 4980/15377 | Loss 0.5879 | LR 1.5078e-06
2026-02-27 21:28:30 INFO Epoch 2 | Step 5000/15377 | Loss 0.5874 | LR 1.5098e-06
2026-02-27 21:28:46 INFO Epoch 2 | Step 5020/15377 | Loss 0.5872 | LR 1.5119e-06
2026-02-27 21:29:01 INFO Epoch 2 | Step 5040/15377 | Loss 0.5868 | LR 1.5140e-06
2026-02-27 21:29:16 INFO Epoch 2 | Step 5060/15377 | Loss 0.5864 | LR 1.5161e-06
2026-02-27 21:29:32 INFO Epoch 2 | Step 5080/15377 | Loss 0.5860 | LR 1.5182e-06
2026-02-27 21:29:47 INFO Epoch 2 | Step 5100/15377 | Loss 0.5857 | LR 1.5203e-06
2026-02-27 21:30:03 INFO Epoch 2 | Step 5120/15377 | Loss 0.5854 | LR 1.5224e-06
2026-02-27 21:30:18 INFO Epoch 2 | Step 5140/15377 | Loss 0.5850 | LR 1.5245e-06
2026-02-27 21:30:34 INFO Epoch 2 | Step 5160/15377 | Loss 0.5845 | LR 1.5266e-06
2026-02-27 21:30:49 INFO Epoch 2 | Step 5180/15377 | Loss 0.5843 | LR 1.5287e-06
2026-02-27 21:31:04 INFO Epoch 2 | Step 5200/15377 | Loss 0.5840 | LR 1.5308e-06
2026-02-27 21:31:20 INFO Epoch 2 | Step 5220/15377 | Loss 0.5837 | LR 1.5329e-06
2026-02-27 21:31:35 INFO Epoch 2 | Step 5240/15377 | Loss 0.5832 | LR 1.5350e-06
2026-02-27 21:31:51 INFO Epoch 2 | Step 5260/15377 | Loss 0.5829 | LR 1.5372e-06
2026-02-27 21:32:06 INFO Epoch 2 | Step 5280/15377 | Loss 0.5825 | LR 1.5393e-06
2026-02-27 21:32:22 INFO Epoch 2 | Step 5300/15377 | Loss 0.5821 | LR 1.5414e-06
2026-02-27 21:32:37 INFO Epoch 2 | Step 5320/15377 | Loss 0.5818 | LR 1.5435e-06
2026-02-27 21:32:53 INFO Epoch 2 | Step 5340/15377 | Loss 0.5815 | LR 1.5456e-06
2026-02-27 21:33:08 INFO Epoch 2 | Step 5360/15377 | Loss 0.5811 | LR 1.5477e-06
2026-02-27 21:33:23 INFO Epoch 2 | Step 5380/15377 | Loss 0.5807 | LR 1.5499e-06
2026-02-27 21:33:39 INFO Epoch 2 | Step 5400/15377 | Loss 0.5803 | LR 1.5520e-06
2026-02-27 21:33:54 INFO Epoch 2 | Step 5420/15377 | Loss 0.5799 | LR 1.5541e-06
2026-02-27 21:34:10 INFO Epoch 2 | Step 5440/15377 | Loss 0.5794 | LR 1.5562e-06
2026-02-27 21:34:25 INFO Epoch 2 | Step 5460/15377 | Loss 0.5790 | LR 1.5584e-06
2026-02-27 21:34:40 INFO Epoch 2 | Step 5480/15377 | Loss 0.5787 | LR 1.5605e-06
2026-02-27 21:34:56 INFO Epoch 2 | Step 5500/15377 | Loss 0.5784 | LR 1.5626e-06
2026-02-27 21:35:11 INFO Epoch 2 | Step 5520/15377 | Loss 0.5781 | LR 1.5648e-06
2026-02-27 21:35:27 INFO Epoch 2 | Step 5540/15377 | Loss 0.5778 | LR 1.5669e-06
2026-02-27 21:35:42 INFO Epoch 2 | Step 5560/15377 | Loss 0.5773 | LR 1.5690e-06
2026-02-27 21:35:57 INFO Epoch 2 | Step 5580/15377 | Loss 0.5770 | LR 1.5712e-06
2026-02-27 21:36:13 INFO Epoch 2 | Step 5600/15377 | Loss 0.5768 | LR 1.5733e-06
2026-02-27 21:36:29 INFO Epoch 2 | Step 5620/15377 | Loss 0.5765 | LR 1.5755e-06
2026-02-27 21:36:45 INFO Epoch 2 | Step 5640/15377 | Loss 0.5761 | LR 1.5776e-06
2026-02-27 21:37:01 INFO Epoch 2 | Step 5660/15377 | Loss 0.5758 | LR 1.5798e-06
2026-02-27 21:37:17 INFO Epoch 2 | Step 5680/15377 | Loss 0.5755 | LR 1.5819e-06
2026-02-27 21:37:32 INFO Epoch 2 | Step 5700/15377 | Loss 0.5752 | LR 1.5840e-06
2026-02-27 21:37:48 INFO Epoch 2 | Step 5720/15377 | Loss 0.5750 | LR 1.5862e-06
2026-02-27 21:38:04 INFO Epoch 2 | Step 5740/15377 | Loss 0.5748 | LR 1.5884e-06
2026-02-27 21:38:20 INFO Epoch 2 | Step 5760/15377 | Loss 0.5745 | LR 1.5905e-06
2026-02-27 21:38:35 INFO Epoch 2 | Step 5780/15377 | Loss 0.5741 | LR 1.5927e-06
2026-02-27 21:38:51 INFO Epoch 2 | Step 5800/15377 | Loss 0.5737 | LR 1.5948e-06
2026-02-27 21:39:07 INFO Epoch 2 | Step 5820/15377 | Loss 0.5734 | LR 1.5970e-06
2026-02-27 21:39:23 INFO Epoch 2 | Step 5840/15377 | Loss 0.5732 | LR 1.5991e-06
2026-02-27 21:39:39 INFO Epoch 2 | Step 5860/15377 | Loss 0.5729 | LR 1.6013e-06
2026-02-27 21:39:55 INFO Epoch 2 | Step 5880/15377 | Loss 0.5728 | LR 1.6035e-06
2026-02-27 21:40:11 INFO Epoch 2 | Step 5900/15377 | Loss 0.5725 | LR 1.6056e-06
2026-02-27 21:40:27 INFO Epoch 2 | Step 5920/15377 | Loss 0.5722 | LR 1.6078e-06
2026-02-27 21:40:43 INFO Epoch 2 | Step 5940/15377 | Loss 0.5720 | LR 1.6100e-06
2026-02-27 21:40:59 INFO Epoch 2 | Step 5960/15377 | Loss 0.5716 | LR 1.6121e-06
2026-02-27 21:41:15 INFO Epoch 2 | Step 5980/15377 | Loss 0.5713 | LR 1.6143e-06
2026-02-27 21:41:31 INFO Epoch 2 | Step 6000/15377 | Loss 0.5711 | LR 1.6165e-06
2026-02-27 21:41:47 INFO Epoch 2 | Step 6020/15377 | Loss 0.5707 | LR 1.6187e-06
2026-02-27 21:42:03 INFO Epoch 2 | Step 6040/15377 | Loss 0.5705 | LR 1.6208e-06
2026-02-27 21:42:19 INFO Epoch 2 | Step 6060/15377 | Loss 0.5702 | LR 1.6230e-06
2026-02-27 21:42:35 INFO Epoch 2 | Step 6080/15377 | Loss 0.5698 | LR 1.6252e-06
2026-02-27 21:42:51 INFO Epoch 2 | Step 6100/15377 | Loss 0.5696 | LR 1.6274e-06
2026-02-27 21:43:06 INFO Epoch 2 | Step 6120/15377 | Loss 0.5692 | LR 1.6296e-06
2026-02-27 21:43:22 INFO Epoch 2 | Step 6140/15377 | Loss 0.5689 | LR 1.6317e-06
2026-02-27 21:43:38 INFO Epoch 2 | Step 6160/15377 | Loss 0.5685 | LR 1.6339e-06
2026-02-27 21:43:54 INFO Epoch 2 | Step 6180/15377 | Loss 0.5682 | LR 1.6361e-06
2026-02-27 21:44:10 INFO Epoch 2 | Step 6200/15377 | Loss 0.5680 | LR 1.6383e-06
2026-02-27 21:44:26 INFO Epoch 2 | Step 6220/15377 | Loss 0.5677 | LR 1.6405e-06
2026-02-27 21:44:42 INFO Epoch 2 | Step 6240/15377 | Loss 0.5674 | LR 1.6427e-06
2026-02-27 21:44:58 INFO Epoch 2 | Step 6260/15377 | Loss 0.5670 | LR 1.6449e-06
2026-02-27 21:45:14 INFO Epoch 2 | Step 6280/15377 | Loss 0.5669 | LR 1.6471e-06
2026-02-27 21:45:30 INFO Epoch 2 | Step 6300/15377 | Loss 0.5667 | LR 1.6493e-06
2026-02-27 21:45:46 INFO Epoch 2 | Step 6320/15377 | Loss 0.5664 | LR 1.6515e-06
2026-02-27 21:46:01 INFO Epoch 2 | Step 6340/15377 | Loss 0.5661 | LR 1.6537e-06
2026-02-27 21:46:17 INFO Epoch 2 | Step 6360/15377 | Loss 0.5658 | LR 1.6559e-06
2026-02-27 21:46:33 INFO Epoch 2 | Step 6380/15377 | Loss 0.5657 | LR 1.6581e-06
2026-02-27 21:46:49 INFO Epoch 2 | Step 6400/15377 | Loss 0.5655 | LR 1.6603e-06
2026-02-27 21:47:05 INFO Epoch 2 | Step 6420/15377 | Loss 0.5652 | LR 1.6625e-06
2026-02-27 21:47:21 INFO Epoch 2 | Step 6440/15377 | Loss 0.5649 | LR 1.6647e-06
2026-02-27 21:47:37 INFO Epoch 2 | Step 6460/15377 | Loss 0.5646 | LR 1.6669e-06
2026-02-27 21:47:53 INFO Epoch 2 | Step 6480/15377 | Loss 0.5644 | LR 1.6692e-06
2026-02-27 21:48:09 INFO Epoch 2 | Step 6500/15377 | Loss 0.5641 | LR 1.6714e-06
2026-02-27 21:48:25 INFO Epoch 2 | Step 6520/15377 | Loss 0.5639 | LR 1.6736e-06
2026-02-27 21:48:41 INFO Epoch 2 | Step 6540/15377 | Loss 0.5636 | LR 1.6758e-06
2026-02-27 21:48:56 INFO Epoch 2 | Step 6560/15377 | Loss 0.5634 | LR 1.6780e-06
2026-02-27 21:49:12 INFO Epoch 2 | Step 6580/15377 | Loss 0.5630 | LR 1.6803e-06
2026-02-27 21:49:28 INFO Epoch 2 | Step 6600/15377 | Loss 0.5627 | LR 1.6825e-06
2026-02-27 21:49:43 INFO Epoch 2 | Step 6620/15377 | Loss 0.5625 | LR 1.6847e-06
2026-02-27 21:49:59 INFO Epoch 2 | Step 6640/15377 | Loss 0.5623 | LR 1.6869e-06
2026-02-27 21:50:15 INFO Epoch 2 | Step 6660/15377 | Loss 0.5620 | LR 1.6892e-06
2026-02-27 21:50:31 INFO Epoch 2 | Step 6680/15377 | Loss 0.5617 | LR 1.6914e-06
2026-02-27 21:50:47 INFO Epoch 2 | Step 6700/15377 | Loss 0.5615 | LR 1.6936e-06
2026-02-27 21:51:02 INFO Epoch 2 | Step 6720/15377 | Loss 0.5612 | LR 1.6958e-06
2026-02-27 21:51:18 INFO Epoch 2 | Step 6740/15377 | Loss 0.5608 | LR 1.6981e-06
2026-02-27 21:51:34 INFO Epoch 2 | Step 6760/15377 | Loss 0.5606 | LR 1.7003e-06
2026-02-27 21:51:49 INFO Epoch 2 | Step 6780/15377 | Loss 0.5603 | LR 1.7026e-06
2026-02-27 21:52:05 INFO Epoch 2 | Step 6800/15377 | Loss 0.5601 | LR 1.7048e-06
2026-02-27 21:52:21 INFO Epoch 2 | Step 6820/15377 | Loss 0.5597 | LR 1.7070e-06
2026-02-27 21:52:37 INFO Epoch 2 | Step 6840/15377 | Loss 0.5596 | LR 1.7093e-06
2026-02-27 21:52:52 INFO Epoch 2 | Step 6860/15377 | Loss 0.5594 | LR 1.7115e-06
2026-02-27 21:53:08 INFO Epoch 2 | Step 6880/15377 | Loss 0.5591 | LR 1.7138e-06
2026-02-27 21:53:24 INFO Epoch 2 | Step 6900/15377 | Loss 0.5588 | LR 1.7160e-06
2026-02-27 21:53:40 INFO Epoch 2 | Step 6920/15377 | Loss 0.5586 | LR 1.7183e-06
2026-02-27 21:53:55 INFO Epoch 2 | Step 6940/15377 | Loss 0.5584 | LR 1.7205e-06
2026-02-27 21:54:11 INFO Epoch 2 | Step 6960/15377 | Loss 0.5581 | LR 1.7228e-06
2026-02-27 21:54:27 INFO Epoch 2 | Step 6980/15377 | Loss 0.5578 | LR 1.7250e-06
2026-02-27 21:54:43 INFO Epoch 2 | Step 7000/15377 | Loss 0.5576 | LR 1.7273e-06
2026-02-27 21:54:59 INFO Epoch 2 | Step 7020/15377 | Loss 0.5574 | LR 1.7295e-06
2026-02-27 21:55:14 INFO Epoch 2 | Step 7040/15377 | Loss 0.5572 | LR 1.7318e-06
2026-02-27 21:55:30 INFO Epoch 2 | Step 7060/15377 | Loss 0.5570 | LR 1.7341e-06
2026-02-27 21:55:46 INFO Epoch 2 | Step 7080/15377 | Loss 0.5568 | LR 1.7363e-06
2026-02-27 21:56:02 INFO Epoch 2 | Step 7100/15377 | Loss 0.5565 | LR 1.7386e-06
2026-02-27 21:56:18 INFO Epoch 2 | Step 7120/15377 | Loss 0.5562 | LR 1.7409e-06
2026-02-27 21:56:33 INFO Epoch 2 | Step 7140/15377 | Loss 0.5560 | LR 1.7431e-06
2026-02-27 21:56:49 INFO Epoch 2 | Step 7160/15377 | Loss 0.5558 | LR 1.7454e-06
2026-02-27 21:57:05 INFO Epoch 2 | Step 7180/15377 | Loss 0.5557 | LR 1.7477e-06
2026-02-27 21:57:21 INFO Epoch 2 | Step 7200/15377 | Loss 0.5555 | LR 1.7499e-06
2026-02-27 21:57:37 INFO Epoch 2 | Step 7220/15377 | Loss 0.5554 | LR 1.7522e-06
2026-02-27 21:57:52 INFO Epoch 2 | Step 7240/15377 | Loss 0.5552 | LR 1.7545e-06
2026-02-27 21:58:08 INFO Epoch 2 | Step 7260/15377 | Loss 0.5549 | LR 1.7568e-06
2026-02-27 21:58:24 INFO Epoch 2 | Step 7280/15377 | Loss 0.5548 | LR 1.7590e-06
2026-02-27 21:58:39 INFO Epoch 2 | Step 7300/15377 | Loss 0.5547 | LR 1.7613e-06
2026-02-27 21:58:55 INFO Epoch 2 | Step 7320/15377 | Loss 0.5545 | LR 1.7636e-06
2026-02-27 21:59:11 INFO Epoch 2 | Step 7340/15377 | Loss 0.5543 | LR 1.7659e-06
2026-02-27 21:59:27 INFO Epoch 2 | Step 7360/15377 | Loss 0.5541 | LR 1.7682e-06
2026-02-27 21:59:42 INFO Epoch 2 | Step 7380/15377 | Loss 0.5540 | LR 1.7704e-06
2026-02-27 21:59:59 INFO Epoch 2 | Step 7400/15377 | Loss 0.5538 | LR 1.7727e-06
2026-02-27 22:00:14 INFO Epoch 2 | Step 7420/15377 | Loss 0.5535 | LR 1.7750e-06
2026-02-27 22:00:30 INFO Epoch 2 | Step 7440/15377 | Loss 0.5533 | LR 1.7773e-06
2026-02-27 22:00:46 INFO Epoch 2 | Step 7460/15377 | Loss 0.5531 | LR 1.7796e-06
2026-02-27 22:01:02 INFO Epoch 2 | Step 7480/15377 | Loss 0.5530 | LR 1.7819e-06
2026-02-27 22:01:18 INFO Epoch 2 | Step 7500/15377 | Loss 0.5528 | LR 1.7842e-06
2026-02-27 22:01:34 INFO Epoch 2 | Step 7520/15377 | Loss 0.5527 | LR 1.7865e-06
2026-02-27 22:01:50 INFO Epoch 2 | Step 7540/15377 | Loss 0.5525 | LR 1.7888e-06
2026-02-27 22:02:06 INFO Epoch 2 | Step 7560/15377 | Loss 0.5523 | LR 1.7911e-06
2026-02-27 22:02:22 INFO Epoch 2 | Step 7580/15377 | Loss 0.5522 | LR 1.7934e-06
2026-02-27 22:02:38 INFO Epoch 2 | Step 7600/15377 | Loss 0.5520 | LR 1.7957e-06
2026-02-27 22:02:54 INFO Epoch 2 | Step 7620/15377 | Loss 0.5518 | LR 1.7980e-06
2026-02-27 22:03:10 INFO Epoch 2 | Step 7640/15377 | Loss 0.5516 | LR 1.8003e-06
2026-02-27 22:03:25 INFO Epoch 2 | Step 7660/15377 | Loss 0.5513 | LR 1.8026e-06
2026-02-27 22:03:41 INFO Epoch 2 | Step 7680/15377 | Loss 0.5511 | LR 1.8049e-06
2026-02-27 22:03:57 INFO Epoch 2 | Step 7700/15377 | Loss 0.5508 | LR 1.8072e-06
2026-02-27 22:04:13 INFO Epoch 2 | Step 7720/15377 | Loss 0.5506 | LR 1.8096e-06
2026-02-27 22:04:29 INFO Epoch 2 | Step 7740/15377 | Loss 0.5504 | LR 1.8119e-06
2026-02-27 22:04:44 INFO Epoch 2 | Step 7760/15377 | Loss 0.5502 | LR 1.8142e-06
2026-02-27 22:05:00 INFO Epoch 2 | Step 7780/15377 | Loss 0.5500 | LR 1.8165e-06
2026-02-27 22:05:16 INFO Epoch 2 | Step 7800/15377 | Loss 0.5498 | LR 1.8188e-06
2026-02-27 22:05:32 INFO Epoch 2 | Step 7820/15377 | Loss 0.5496 | LR 1.8211e-06
2026-02-27 22:05:47 INFO Epoch 2 | Step 7840/15377 | Loss 0.5494 | LR 1.8235e-06
2026-02-27 22:06:03 INFO Epoch 2 | Step 7860/15377 | Loss 0.5492 | LR 1.8258e-06
2026-02-27 22:06:19 INFO Epoch 2 | Step 7880/15377 | Loss 0.5492 | LR 1.8281e-06
2026-02-27 22:06:35 INFO Epoch 2 | Step 7900/15377 | Loss 0.5489 | LR 1.8304e-06
2026-02-27 22:06:50 INFO Epoch 2 | Step 7920/15377 | Loss 0.5488 | LR 1.8328e-06
2026-02-27 22:07:06 INFO Epoch 2 | Step 7940/15377 | Loss 0.5486 | LR 1.8351e-06
2026-02-27 22:07:22 INFO Epoch 2 | Step 7960/15377 | Loss 0.5484 | LR 1.8374e-06
2026-02-27 22:07:38 INFO Epoch 2 | Step 7980/15377 | Loss 0.5483 | LR 1.8398e-06
2026-02-27 22:07:53 INFO Epoch 2 | Step 8000/15377 | Loss 0.5481 | LR 1.8421e-06
2026-02-27 22:08:09 INFO Epoch 2 | Step 8020/15377 | Loss 0.5479 | LR 1.8444e-06
2026-02-27 22:08:25 INFO Epoch 2 | Step 8040/15377 | Loss 0.5476 | LR 1.8468e-06
2026-02-27 22:08:41 INFO Epoch 2 | Step 8060/15377 | Loss 0.5475 | LR 1.8491e-06
2026-02-27 22:08:56 INFO Epoch 2 | Step 8080/15377 | Loss 0.5473 | LR 1.8515e-06
2026-02-27 22:09:12 INFO Epoch 2 | Step 8100/15377 | Loss 0.5471 | LR 1.8538e-06
2026-02-27 22:09:28 INFO Epoch 2 | Step 8120/15377 | Loss 0.5470 | LR 1.8562e-06
2026-02-27 22:09:44 INFO Epoch 2 | Step 8140/15377 | Loss 0.5470 | LR 1.8585e-06
2026-02-27 22:09:59 INFO Epoch 2 | Step 8160/15377 | Loss 0.5467 | LR 1.8608e-06
2026-02-27 22:10:15 INFO Epoch 2 | Step 8180/15377 | Loss 0.5465 | LR 1.8632e-06
2026-02-27 22:10:31 INFO Epoch 2 | Step 8200/15377 | Loss 0.5463 | LR 1.8655e-06
2026-02-27 22:10:47 INFO Epoch 2 | Step 8220/15377 | Loss 0.5462 | LR 1.8679e-06
2026-02-27 22:11:03 INFO Epoch 2 | Step 8240/15377 | Loss 0.5460 | LR 1.8703e-06
2026-02-27 22:11:19 INFO Epoch 2 | Step 8260/15377 | Loss 0.5458 | LR 1.8726e-06
2026-02-27 22:11:35 INFO Epoch 2 | Step 8280/15377 | Loss 0.5457 | LR 1.8750e-06
2026-02-27 22:11:51 INFO Epoch 2 | Step 8300/15377 | Loss 0.5455 | LR 1.8773e-06
2026-02-27 22:12:07 INFO Epoch 2 | Step 8320/15377 | Loss 0.5453 | LR 1.8797e-06
2026-02-27 22:12:23 INFO Epoch 2 | Step 8340/15377 | Loss 0.5452 | LR 1.8820e-06
2026-02-27 22:12:38 INFO Epoch 2 | Step 8360/15377 | Loss 0.5450 | LR 1.8844e-06
2026-02-27 22:12:54 INFO Epoch 2 | Step 8380/15377 | Loss 0.5449 | LR 1.8868e-06
2026-02-27 22:13:10 INFO Epoch 2 | Step 8400/15377 | Loss 0.5447 | LR 1.8891e-06
2026-02-27 22:13:26 INFO Epoch 2 | Step 8420/15377 | Loss 0.5446 | LR 1.8915e-06
2026-02-27 22:13:42 INFO Epoch 2 | Step 8440/15377 | Loss 0.5445 | LR 1.8939e-06
2026-02-27 22:13:58 INFO Epoch 2 | Step 8460/15377 | Loss 0.5443 | LR 1.8962e-06
2026-02-27 22:14:14 INFO Epoch 2 | Step 8480/15377 | Loss 0.5442 | LR 1.8986e-06
2026-02-27 22:14:30 INFO Epoch 2 | Step 8500/15377 | Loss 0.5441 | LR 1.9010e-06
2026-02-27 22:14:46 INFO Epoch 2 | Step 8520/15377 | Loss 0.5440 | LR 1.9034e-06
2026-02-27 22:15:02 INFO Epoch 2 | Step 8540/15377 | Loss 0.5438 | LR 1.9057e-06
2026-02-27 22:15:18 INFO Epoch 2 | Step 8560/15377 | Loss 0.5436 | LR 1.9081e-06
2026-02-27 22:15:34 INFO Epoch 2 | Step 8580/15377 | Loss 0.5434 | LR 1.9105e-06
2026-02-27 22:15:50 INFO Epoch 2 | Step 8600/15377 | Loss 0.5433 | LR 1.9129e-06
2026-02-27 22:16:06 INFO Epoch 2 | Step 8620/15377 | Loss 0.5431 | LR 1.9153e-06
2026-02-27 22:16:22 INFO Epoch 2 | Step 8640/15377 | Loss 0.5430 | LR 1.9176e-06
2026-02-27 22:16:38 INFO Epoch 2 | Step 8660/15377 | Loss 0.5428 | LR 1.9200e-06
2026-02-27 22:16:54 INFO Epoch 2 | Step 8680/15377 | Loss 0.5426 | LR 1.9224e-06
2026-02-27 22:17:10 INFO Epoch 2 | Step 8700/15377 | Loss 0.5424 | LR 1.9248e-06
2026-02-27 22:17:26 INFO Epoch 2 | Step 8720/15377 | Loss 0.5423 | LR 1.9272e-06
2026-02-27 22:17:42 INFO Epoch 2 | Step 8740/15377 | Loss 0.5421 | LR 1.9296e-06
2026-02-27 22:17:58 INFO Epoch 2 | Step 8760/15377 | Loss 0.5420 | LR 1.9320e-06
2026-02-27 22:18:14 INFO Epoch 2 | Step 8780/15377 | Loss 0.5418 | LR 1.9344e-06
2026-02-27 22:18:30 INFO Epoch 2 | Step 8800/15377 | Loss 0.5416 | LR 1.9368e-06
2026-02-27 22:18:46 INFO Epoch 2 | Step 8820/15377 | Loss 0.5414 | LR 1.9392e-06
2026-02-27 22:19:02 INFO Epoch 2 | Step 8840/15377 | Loss 0.5412 | LR 1.9416e-06
2026-02-27 22:19:18 INFO Epoch 2 | Step 8860/15377 | Loss 0.5411 | LR 1.9440e-06
2026-02-27 22:19:34 INFO Epoch 2 | Step 8880/15377 | Loss 0.5409 | LR 1.9464e-06
2026-02-27 22:19:50 INFO Epoch 2 | Step 8900/15377 | Loss 0.5407 | LR 1.9488e-06
2026-02-27 22:20:06 INFO Epoch 2 | Step 8920/15377 | Loss 0.5406 | LR 1.9512e-06
2026-02-27 22:20:22 INFO Epoch 2 | Step 8940/15377 | Loss 0.5405 | LR 1.9536e-06
2026-02-27 22:20:38 INFO Epoch 2 | Step 8960/15377 | Loss 0.5403 | LR 1.9560e-06
2026-02-27 22:20:54 INFO Epoch 2 | Step 8980/15377 | Loss 0.5402 | LR 1.9584e-06
2026-02-27 22:21:10 INFO Epoch 2 | Step 9000/15377 | Loss 0.5400 | LR 1.9608e-06
2026-02-27 22:21:26 INFO Epoch 2 | Step 9020/15377 | Loss 0.5399 | LR 1.9632e-06
2026-02-27 22:21:42 INFO Epoch 2 | Step 9040/15377 | Loss 0.5397 | LR 1.9657e-06
2026-02-27 22:21:58 INFO Epoch 2 | Step 9060/15377 | Loss 0.5397 | LR 1.9681e-06
2026-02-27 22:22:14 INFO Epoch 2 | Step 9080/15377 | Loss 0.5395 | LR 1.9705e-06
2026-02-27 22:22:30 INFO Epoch 2 | Step 9100/15377 | Loss 0.5393 | LR 1.9729e-06
2026-02-27 22:22:46 INFO Epoch 2 | Step 9120/15377 | Loss 0.5392 | LR 1.9753e-06
2026-02-27 22:23:02 INFO Epoch 2 | Step 9140/15377 | Loss 0.5391 | LR 1.9777e-06
2026-02-27 22:23:18 INFO Epoch 2 | Step 9160/15377 | Loss 0.5389 | LR 1.9802e-06
2026-02-27 22:23:34 INFO Epoch 2 | Step 9180/15377 | Loss 0.5387 | LR 1.9826e-06
2026-02-27 22:23:50 INFO Epoch 2 | Step 9200/15377 | Loss 0.5386 | LR 1.9850e-06
2026-02-27 22:24:06 INFO Epoch 2 | Step 9220/15377 | Loss 0.5385 | LR 1.9875e-06
2026-02-27 22:24:22 INFO Epoch 2 | Step 9240/15377 | Loss 0.5383 | LR 1.9899e-06
2026-02-27 22:24:38 INFO Epoch 2 | Step 9260/15377 | Loss 0.5381 | LR 1.9923e-06
2026-02-27 22:24:54 INFO Epoch 2 | Step 9280/15377 | Loss 0.5380 | LR 1.9947e-06
2026-02-27 22:25:10 INFO Epoch 2 | Step 9300/15377 | Loss 0.5380 | LR 1.9972e-06
2026-02-27 22:25:25 INFO Epoch 2 | Step 9320/15377 | Loss 0.5378 | LR 1.9996e-06
2026-02-27 22:25:41 INFO Epoch 2 | Step 9340/15377 | Loss 0.5377 | LR 2.0021e-06
2026-02-27 22:25:58 INFO Epoch 2 | Step 9360/15377 | Loss 0.5375 | LR 2.0045e-06
2026-02-27 22:26:14 INFO Epoch 2 | Step 9380/15377 | Loss 0.5374 | LR 2.0069e-06
2026-02-27 22:26:29 INFO Epoch 2 | Step 9400/15377 | Loss 0.5373 | LR 2.0094e-06
2026-02-27 22:26:46 INFO Epoch 2 | Step 9420/15377 | Loss 0.5372 | LR 2.0118e-06
2026-02-27 22:27:02 INFO Epoch 2 | Step 9440/15377 | Loss 0.5371 | LR 2.0143e-06
2026-02-27 22:27:18 INFO Epoch 2 | Step 9460/15377 | Loss 0.5370 | LR 2.0167e-06
2026-02-27 22:27:34 INFO Epoch 2 | Step 9480/15377 | Loss 0.5370 | LR 2.0192e-06
2026-02-27 22:27:50 INFO Epoch 2 | Step 9500/15377 | Loss 0.5368 | LR 2.0216e-06
2026-02-27 22:28:06 INFO Epoch 2 | Step 9520/15377 | Loss 0.5367 | LR 2.0241e-06
2026-02-27 22:28:21 INFO Epoch 2 | Step 9540/15377 | Loss 0.5365 | LR 2.0265e-06
2026-02-27 22:28:38 INFO Epoch 2 | Step 9560/15377 | Loss 0.5363 | LR 2.0290e-06
2026-02-27 22:28:54 INFO Epoch 2 | Step 9580/15377 | Loss 0.5363 | LR 2.0314e-06
2026-02-27 22:29:10 INFO Epoch 2 | Step 9600/15377 | Loss 0.5361 | LR 2.0339e-06
2026-02-27 22:29:26 INFO Epoch 2 | Step 9620/15377 | Loss 0.5359 | LR 2.0363e-06
2026-02-27 22:29:42 INFO Epoch 2 | Step 9640/15377 | Loss 0.5358 | LR 2.0388e-06
2026-02-27 22:29:58 INFO Epoch 2 | Step 9660/15377 | Loss 0.5357 | LR 2.0412e-06
2026-02-27 22:30:14 INFO Epoch 2 | Step 9680/15377 | Loss 0.5356 | LR 2.0437e-06
2026-02-27 22:30:30 INFO Epoch 2 | Step 9700/15377 | Loss 0.5354 | LR 2.0462e-06
2026-02-27 22:30:46 INFO Epoch 2 | Step 9720/15377 | Loss 0.5353 | LR 2.0486e-06
2026-02-27 22:31:02 INFO Epoch 2 | Step 9740/15377 | Loss 0.5352 | LR 2.0511e-06
2026-02-27 22:31:18 INFO Epoch 2 | Step 9760/15377 | Loss 0.5351 | LR 2.0536e-06
2026-02-27 22:31:34 INFO Epoch 2 | Step 9780/15377 | Loss 0.5349 | LR 2.0560e-06
2026-02-27 22:31:49 INFO Epoch 2 | Step 9800/15377 | Loss 0.5348 | LR 2.0585e-06
2026-02-27 22:32:05 INFO Epoch 2 | Step 9820/15377 | Loss 0.5346 | LR 2.0610e-06
2026-02-27 22:32:21 INFO Epoch 2 | Step 9840/15377 | Loss 0.5345 | LR 2.0635e-06
2026-02-27 22:32:37 INFO Epoch 2 | Step 9860/15377 | Loss 0.5344 | LR 2.0659e-06
2026-02-27 22:32:52 INFO Epoch 2 | Step 9880/15377 | Loss 0.5342 | LR 2.0684e-06
2026-02-27 22:33:08 INFO Epoch 2 | Step 9900/15377 | Loss 0.5341 | LR 2.0709e-06
2026-02-27 22:33:24 INFO Epoch 2 | Step 9920/15377 | Loss 0.5339 | LR 2.0734e-06
2026-02-27 22:33:40 INFO Epoch 2 | Step 9940/15377 | Loss 0.5338 | LR 2.0758e-06
2026-02-27 22:33:56 INFO Epoch 2 | Step 9960/15377 | Loss 0.5337 | LR 2.0783e-06
2026-02-27 22:34:11 INFO Epoch 2 | Step 9980/15377 | Loss 0.5335 | LR 2.0808e-06
2026-02-27 22:34:27 INFO Epoch 2 | Step 10000/15377 | Loss 0.5334 | LR 2.0833e-06
2026-02-27 22:34:43 INFO Epoch 2 | Step 10020/15377 | Loss 0.5332 | LR 2.0858e-06
2026-02-27 22:34:59 INFO Epoch 2 | Step 10040/15377 | Loss 0.5331 | LR 2.0883e-06
2026-02-27 22:35:14 INFO Epoch 2 | Step 10060/15377 | Loss 0.5330 | LR 2.0908e-06
2026-02-27 22:35:30 INFO Epoch 2 | Step 10080/15377 | Loss 0.5328 | LR 2.0933e-06
2026-02-27 22:35:45 INFO Epoch 2 | Step 10100/15377 | Loss 0.5327 | LR 2.0957e-06
2026-02-27 22:36:01 INFO Epoch 2 | Step 10120/15377 | Loss 0.5326 | LR 2.0982e-06
2026-02-27 22:36:17 INFO Epoch 2 | Step 10140/15377 | Loss 0.5324 | LR 2.1007e-06
2026-02-27 22:36:32 INFO Epoch 2 | Step 10160/15377 | Loss 0.5323 | LR 2.1032e-06
2026-02-27 22:36:48 INFO Epoch 2 | Step 10180/15377 | Loss 0.5321 | LR 2.1057e-06
2026-02-27 22:37:04 INFO Epoch 2 | Step 10200/15377 | Loss 0.5320 | LR 2.1082e-06
2026-02-27 22:37:20 INFO Epoch 2 | Step 10220/15377 | Loss 0.5320 | LR 2.1107e-06
2026-02-27 22:37:35 INFO Epoch 2 | Step 10240/15377 | Loss 0.5319 | LR 2.1132e-06
2026-02-27 22:37:51 INFO Epoch 2 | Step 10260/15377 | Loss 0.5317 | LR 2.1157e-06
2026-02-27 22:38:07 INFO Epoch 2 | Step 10280/15377 | Loss 0.5316 | LR 2.1182e-06
2026-02-27 22:38:22 INFO Epoch 2 | Step 10300/15377 | Loss 0.5314 | LR 2.1208e-06
2026-02-27 22:38:38 INFO Epoch 2 | Step 10320/15377 | Loss 0.5313 | LR 2.1233e-06
2026-02-27 22:38:54 INFO Epoch 2 | Step 10340/15377 | Loss 0.5313 | LR 2.1258e-06
2026-02-27 22:39:09 INFO Epoch 2 | Step 10360/15377 | Loss 0.5312 | LR 2.1283e-06
2026-02-27 22:39:25 INFO Epoch 2 | Step 10380/15377 | Loss 0.5311 | LR 2.1308e-06
2026-02-27 22:39:40 INFO Epoch 2 | Step 10400/15377 | Loss 0.5310 | LR 2.1333e-06
2026-02-27 22:39:56 INFO Epoch 2 | Step 10420/15377 | Loss 0.5309 | LR 2.1358e-06
2026-02-27 22:40:11 INFO Epoch 2 | Step 10440/15377 | Loss 0.5308 | LR 2.1383e-06
2026-02-27 22:40:26 INFO Epoch 2 | Step 10460/15377 | Loss 0.5306 | LR 2.1409e-06
2026-02-27 22:40:42 INFO Epoch 2 | Step 10480/15377 | Loss 0.5306 | LR 2.1434e-06
2026-02-27 22:40:57 INFO Epoch 2 | Step 10500/15377 | Loss 0.5305 | LR 2.1459e-06
2026-02-27 22:41:13 INFO Epoch 2 | Step 10520/15377 | Loss 0.5304 | LR 2.1484e-06
2026-02-27 22:41:28 INFO Epoch 2 | Step 10540/15377 | Loss 0.5304 | LR 2.1509e-06
2026-02-27 22:41:44 INFO Epoch 2 | Step 10560/15377 | Loss 0.5303 | LR 2.1535e-06
2026-02-27 22:42:00 INFO Epoch 2 | Step 10580/15377 | Loss 0.5302 | LR 2.1560e-06
2026-02-27 22:42:15 INFO Epoch 2 | Step 10600/15377 | Loss 0.5300 | LR 2.1585e-06
2026-02-27 22:42:31 INFO Epoch 2 | Step 10620/15377 | Loss 0.5300 | LR 2.1611e-06
2026-02-27 22:42:46 INFO Epoch 2 | Step 10640/15377 | Loss 0.5299 | LR 2.1636e-06
2026-02-27 22:43:02 INFO Epoch 2 | Step 10660/15377 | Loss 0.5298 | LR 2.1661e-06
2026-02-27 22:43:17 INFO Epoch 2 | Step 10680/15377 | Loss 0.5298 | LR 2.1687e-06
2026-02-27 22:43:32 INFO Epoch 2 | Step 10700/15377 | Loss 0.5297 | LR 2.1712e-06
2026-02-27 22:43:48 INFO Epoch 2 | Step 10720/15377 | Loss 0.5296 | LR 2.1737e-06
2026-02-27 22:44:03 INFO Epoch 2 | Step 10740/15377 | Loss 0.5295 | LR 2.1763e-06
2026-02-27 22:44:19 INFO Epoch 2 | Step 10760/15377 | Loss 0.5294 | LR 2.1788e-06
2026-02-27 22:44:35 INFO Epoch 2 | Step 10780/15377 | Loss 0.5293 | LR 2.1813e-06
2026-02-27 22:44:50 INFO Epoch 2 | Step 10800/15377 | Loss 0.5292 | LR 2.1839e-06
2026-02-27 22:45:06 INFO Epoch 2 | Step 10820/15377 | Loss 0.5291 | LR 2.1864e-06
2026-02-27 22:45:21 INFO Epoch 2 | Step 10840/15377 | Loss 0.5290 | LR 2.1890e-06
2026-02-27 22:45:37 INFO Epoch 2 | Step 10860/15377 | Loss 0.5289 | LR 2.1915e-06
2026-02-27 22:45:52 INFO Epoch 2 | Step 10880/15377 | Loss 0.5288 | LR 2.1941e-06
2026-02-27 22:46:08 INFO Epoch 2 | Step 10900/15377 | Loss 0.5287 | LR 2.1966e-06
2026-02-27 22:46:23 INFO Epoch 2 | Step 10920/15377 | Loss 0.5286 | LR 2.1992e-06
2026-02-27 22:46:39 INFO Epoch 2 | Step 10940/15377 | Loss 0.5285 | LR 2.2017e-06
2026-02-27 22:46:54 INFO Epoch 2 | Step 10960/15377 | Loss 0.5284 | LR 2.2043e-06
2026-02-27 22:47:10 INFO Epoch 2 | Step 10980/15377 | Loss 0.5284 | LR 2.2068e-06
2026-02-27 22:47:25 INFO Epoch 2 | Step 11000/15377 | Loss 0.5283 | LR 2.2094e-06
2026-02-27 22:47:41 INFO Epoch 2 | Step 11020/15377 | Loss 0.5282 | LR 2.2119e-06
2026-02-27 22:47:56 INFO Epoch 2 | Step 11040/15377 | Loss 0.5282 | LR 2.2145e-06
2026-02-27 22:48:12 INFO Epoch 2 | Step 11060/15377 | Loss 0.5281 | LR 2.2171e-06
2026-02-27 22:48:27 INFO Epoch 2 | Step 11080/15377 | Loss 0.5280 | LR 2.2196e-06
2026-02-27 22:48:43 INFO Epoch 2 | Step 11100/15377 | Loss 0.5279 | LR 2.2222e-06
2026-02-27 22:48:59 INFO Epoch 2 | Step 11120/15377 | Loss 0.5277 | LR 2.2248e-06
2026-02-27 22:49:14 INFO Epoch 2 | Step 11140/15377 | Loss 0.5276 | LR 2.2273e-06
2026-02-27 22:49:30 INFO Epoch 2 | Step 11160/15377 | Loss 0.5275 | LR 2.2299e-06
2026-02-27 22:49:45 INFO Epoch 2 | Step 11180/15377 | Loss 0.5274 | LR 2.2325e-06
2026-02-27 22:50:01 INFO Epoch 2 | Step 11200/15377 | Loss 0.5273 | LR 2.2350e-06
2026-02-27 22:50:16 INFO Epoch 2 | Step 11220/15377 | Loss 0.5272 | LR 2.2376e-06
2026-02-27 22:50:31 INFO Epoch 2 | Step 11240/15377 | Loss 0.5271 | LR 2.2402e-06
2026-02-27 22:50:47 INFO Epoch 2 | Step 11260/15377 | Loss 0.5270 | LR 2.2427e-06
2026-02-27 22:51:02 INFO Epoch 2 | Step 11280/15377 | Loss 0.5269 | LR 2.2453e-06
2026-02-27 22:51:17 INFO Epoch 2 | Step 11300/15377 | Loss 0.5269 | LR 2.2479e-06
2026-02-27 22:51:33 INFO Epoch 2 | Step 11320/15377 | Loss 0.5268 | LR 2.2505e-06
2026-02-27 22:51:48 INFO Epoch 2 | Step 11340/15377 | Loss 0.5267 | LR 2.2531e-06
2026-02-27 22:52:03 INFO Epoch 2 | Step 11360/15377 | Loss 0.5266 | LR 2.2556e-06
2026-02-27 22:52:18 INFO Epoch 2 | Step 11380/15377 | Loss 0.5265 | LR 2.2582e-06
2026-02-27 22:52:34 INFO Epoch 2 | Step 11400/15377 | Loss 0.5264 | LR 2.2608e-06
2026-02-27 22:52:49 INFO Epoch 2 | Step 11420/15377 | Loss 0.5263 | LR 2.2634e-06
2026-02-27 22:53:04 INFO Epoch 2 | Step 11440/15377 | Loss 0.5262 | LR 2.2660e-06
2026-02-27 22:53:20 INFO Epoch 2 | Step 11460/15377 | Loss 0.5261 | LR 2.2686e-06
2026-02-27 22:53:35 INFO Epoch 2 | Step 11480/15377 | Loss 0.5260 | LR 2.2711e-06
2026-02-27 22:53:50 INFO Epoch 2 | Step 11500/15377 | Loss 0.5259 | LR 2.2737e-06
2026-02-27 22:54:06 INFO Epoch 2 | Step 11520/15377 | Loss 0.5259 | LR 2.2763e-06
2026-02-27 22:54:21 INFO Epoch 2 | Step 11540/15377 | Loss 0.5258 | LR 2.2789e-06
2026-02-27 22:54:36 INFO Epoch 2 | Step 11560/15377 | Loss 0.5257 | LR 2.2815e-06
2026-02-27 22:54:51 INFO Epoch 2 | Step 11580/15377 | Loss 0.5256 | LR 2.2841e-06
2026-02-27 22:55:07 INFO Epoch 2 | Step 11600/15377 | Loss 0.5254 | LR 2.2867e-06
2026-02-27 22:55:22 INFO Epoch 2 | Step 11620/15377 | Loss 0.5253 | LR 2.2893e-06
2026-02-27 22:55:37 INFO Epoch 2 | Step 11640/15377 | Loss 0.5252 | LR 2.2919e-06
2026-02-27 22:55:53 INFO Epoch 2 | Step 11660/15377 | Loss 0.5251 | LR 2.2945e-06
2026-02-27 22:56:08 INFO Epoch 2 | Step 11680/15377 | Loss 0.5251 | LR 2.2971e-06
2026-02-27 22:56:23 INFO Epoch 2 | Step 11700/15377 | Loss 0.5250 | LR 2.2997e-06
2026-02-27 22:56:39 INFO Epoch 2 | Step 11720/15377 | Loss 0.5249 | LR 2.3023e-06
2026-02-27 22:56:54 INFO Epoch 2 | Step 11740/15377 | Loss 0.5248 | LR 2.3049e-06
2026-02-27 22:57:09 INFO Epoch 2 | Step 11760/15377 | Loss 0.5247 | LR 2.3075e-06
2026-02-27 22:57:24 INFO Epoch 2 | Step 11780/15377 | Loss 0.5247 | LR 2.3101e-06
2026-02-27 22:57:40 INFO Epoch 2 | Step 11800/15377 | Loss 0.5246 | LR 2.3128e-06
2026-02-27 22:57:55 INFO Epoch 2 | Step 11820/15377 | Loss 0.5245 | LR 2.3154e-06
2026-02-27 22:58:10 INFO Epoch 2 | Step 11840/15377 | Loss 0.5245 | LR 2.3180e-06
2026-02-27 22:58:25 INFO Epoch 2 | Step 11860/15377 | Loss 0.5244 | LR 2.3206e-06
2026-02-27 22:58:41 INFO Epoch 2 | Step 11880/15377 | Loss 0.5243 | LR 2.3232e-06
2026-02-27 22:58:56 INFO Epoch 2 | Step 11900/15377 | Loss 0.5242 | LR 2.3258e-06
2026-02-27 22:59:11 INFO Epoch 2 | Step 11920/15377 | Loss 0.5241 | LR 2.3285e-06
2026-02-27 22:59:27 INFO Epoch 2 | Step 11940/15377 | Loss 0.5240 | LR 2.3311e-06
2026-02-27 22:59:42 INFO Epoch 2 | Step 11960/15377 | Loss 0.5239 | LR 2.3337e-06
2026-02-27 22:59:57 INFO Epoch 2 | Step 11980/15377 | Loss 0.5239 | LR 2.3363e-06
2026-02-27 23:00:13 INFO Epoch 2 | Step 12000/15377 | Loss 0.5238 | LR 2.3389e-06
2026-02-27 23:00:28 INFO Epoch 2 | Step 12020/15377 | Loss 0.5237 | LR 2.3416e-06
2026-02-27 23:00:43 INFO Epoch 2 | Step 12040/15377 | Loss 0.5236 | LR 2.3442e-06
2026-02-27 23:00:59 INFO Epoch 2 | Step 12060/15377 | Loss 0.5236 | LR 2.3468e-06
2026-02-27 23:01:14 INFO Epoch 2 | Step 12080/15377 | Loss 0.5235 | LR 2.3494e-06
2026-02-27 23:01:30 INFO Epoch 2 | Step 12100/15377 | Loss 0.5235 | LR 2.3521e-06
2026-02-27 23:01:45 INFO Epoch 2 | Step 12120/15377 | Loss 0.5234 | LR 2.3547e-06
2026-02-27 23:02:00 INFO Epoch 2 | Step 12140/15377 | Loss 0.5233 | LR 2.3573e-06
2026-02-27 23:02:16 INFO Epoch 2 | Step 12160/15377 | Loss 0.5232 | LR 2.3600e-06
2026-02-27 23:02:31 INFO Epoch 2 | Step 12180/15377 | Loss 0.5231 | LR 2.3626e-06
2026-02-27 23:02:46 INFO Epoch 2 | Step 12200/15377 | Loss 0.5230 | LR 2.3653e-06
2026-02-27 23:03:02 INFO Epoch 2 | Step 12220/15377 | Loss 0.5230 | LR 2.3679e-06
2026-02-27 23:03:17 INFO Epoch 2 | Step 12240/15377 | Loss 0.5230 | LR 2.3705e-06
2026-02-27 23:03:32 INFO Epoch 2 | Step 12260/15377 | Loss 0.5229 | LR 2.3732e-06
2026-02-27 23:03:47 INFO Epoch 2 | Step 12280/15377 | Loss 0.5228 | LR 2.3758e-06
2026-02-27 23:04:03 INFO Epoch 2 | Step 12300/15377 | Loss 0.5227 | LR 2.3785e-06
2026-02-27 23:04:18 INFO Epoch 2 | Step 12320/15377 | Loss 0.5227 | LR 2.3811e-06
2026-02-27 23:04:33 INFO Epoch 2 | Step 12340/15377 | Loss 0.5226 | LR 2.3838e-06
2026-02-27 23:04:49 INFO Epoch 2 | Step 12360/15377 | Loss 0.5225 | LR 2.3864e-06
2026-02-27 23:05:04 INFO Epoch 2 | Step 12380/15377 | Loss 0.5224 | LR 2.3890e-06
2026-02-27 23:05:19 INFO Epoch 2 | Step 12400/15377 | Loss 0.5223 | LR 2.3917e-06
2026-02-27 23:05:35 INFO Epoch 2 | Step 12420/15377 | Loss 0.5222 | LR 2.3943e-06
2026-02-27 23:05:50 INFO Epoch 2 | Step 12440/15377 | Loss 0.5221 | LR 2.3970e-06
2026-02-27 23:06:05 INFO Epoch 2 | Step 12460/15377 | Loss 0.5220 | LR 2.3997e-06
2026-02-27 23:06:21 INFO Epoch 2 | Step 12480/15377 | Loss 0.5219 | LR 2.4023e-06
2026-02-27 23:06:36 INFO Epoch 2 | Step 12500/15377 | Loss 0.5219 | LR 2.4050e-06
2026-02-27 23:06:52 INFO Epoch 2 | Step 12520/15377 | Loss 0.5218 | LR 2.4076e-06
2026-02-27 23:07:07 INFO Epoch 2 | Step 12540/15377 | Loss 0.5217 | LR 2.4103e-06
2026-02-27 23:07:22 INFO Epoch 2 | Step 12560/15377 | Loss 0.5216 | LR 2.4129e-06
2026-02-27 23:07:37 INFO Epoch 2 | Step 12580/15377 | Loss 0.5216 | LR 2.4156e-06
2026-02-27 23:07:53 INFO Epoch 2 | Step 12600/15377 | Loss 0.5215 | LR 2.4183e-06
2026-02-27 23:08:08 INFO Epoch 2 | Step 12620/15377 | Loss 0.5215 | LR 2.4209e-06
2026-02-27 23:08:24 INFO Epoch 2 | Step 12640/15377 | Loss 0.5214 | LR 2.4236e-06
2026-02-27 23:08:39 INFO Epoch 2 | Step 12660/15377 | Loss 0.5213 | LR 2.4263e-06
2026-02-27 23:08:54 INFO Epoch 2 | Step 12680/15377 | Loss 0.5212 | LR 2.4289e-06
2026-02-27 23:09:10 INFO Epoch 2 | Step 12700/15377 | Loss 0.5213 | LR 2.4316e-06
2026-02-27 23:09:25 INFO Epoch 2 | Step 12720/15377 | Loss 0.5212 | LR 2.4343e-06
2026-02-27 23:09:40 INFO Epoch 2 | Step 12740/15377 | Loss 0.5212 | LR 2.4370e-06
2026-02-27 23:09:56 INFO Epoch 2 | Step 12760/15377 | Loss 0.5211 | LR 2.4396e-06
2026-02-27 23:10:11 INFO Epoch 2 | Step 12780/15377 | Loss 0.5211 | LR 2.4423e-06
2026-02-27 23:10:26 INFO Epoch 2 | Step 12800/15377 | Loss 0.5210 | LR 2.4450e-06
2026-02-27 23:10:42 INFO Epoch 2 | Step 12820/15377 | Loss 0.5209 | LR 2.4477e-06
2026-02-27 23:10:57 INFO Epoch 2 | Step 12840/15377 | Loss 0.5208 | LR 2.4503e-06
2026-02-27 23:11:12 INFO Epoch 2 | Step 12860/15377 | Loss 0.5207 | LR 2.4530e-06
2026-02-27 23:11:28 INFO Epoch 2 | Step 12880/15377 | Loss 0.5206 | LR 2.4557e-06
2026-02-27 23:11:43 INFO Epoch 2 | Step 12900/15377 | Loss 0.5206 | LR 2.4584e-06
2026-02-27 23:11:58 INFO Epoch 2 | Step 12920/15377 | Loss 0.5206 | LR 2.4611e-06
2026-02-27 23:12:14 INFO Epoch 2 | Step 12940/15377 | Loss 0.5205 | LR 2.4637e-06
2026-02-27 23:12:29 INFO Epoch 2 | Step 12960/15377 | Loss 0.5204 | LR 2.4664e-06
2026-02-27 23:12:44 INFO Epoch 2 | Step 12980/15377 | Loss 0.5204 | LR 2.4691e-06
2026-02-27 23:13:00 INFO Epoch 2 | Step 13000/15377 | Loss 0.5203 | LR 2.4718e-06
2026-02-27 23:13:15 INFO Epoch 2 | Step 13020/15377 | Loss 0.5203 | LR 2.4745e-06
2026-02-27 23:13:30 INFO Epoch 2 | Step 13040/15377 | Loss 0.5202 | LR 2.4772e-06
2026-02-27 23:13:45 INFO Epoch 2 | Step 13060/15377 | Loss 0.5201 | LR 2.4799e-06
2026-02-27 23:14:01 INFO Epoch 2 | Step 13080/15377 | Loss 0.5199 | LR 2.4826e-06
2026-02-27 23:14:16 INFO Epoch 2 | Step 13100/15377 | Loss 0.5199 | LR 2.4853e-06
2026-02-27 23:14:31 INFO Epoch 2 | Step 13120/15377 | Loss 0.5199 | LR 2.4880e-06
2026-02-27 23:14:46 INFO Epoch 2 | Step 13140/15377 | Loss 0.5198 | LR 2.4907e-06
2026-02-27 23:15:02 INFO Epoch 2 | Step 13160/15377 | Loss 0.5197 | LR 2.4934e-06
2026-02-27 23:15:18 INFO Epoch 2 | Step 13180/15377 | Loss 0.5197 | LR 2.4961e-06
2026-02-27 23:15:33 INFO Epoch 2 | Step 13200/15377 | Loss 0.5196 | LR 2.4988e-06
2026-02-27 23:15:48 INFO Epoch 2 | Step 13220/15377 | Loss 0.5195 | LR 2.5015e-06
2026-02-27 23:16:04 INFO Epoch 2 | Step 13240/15377 | Loss 0.5195 | LR 2.5042e-06
2026-02-27 23:16:19 INFO Epoch 2 | Step 13260/15377 | Loss 0.5194 | LR 2.5069e-06
2026-02-27 23:16:34 INFO Epoch 2 | Step 13280/15377 | Loss 0.5193 | LR 2.5096e-06
2026-02-27 23:16:50 INFO Epoch 2 | Step 13300/15377 | Loss 0.5192 | LR 2.5123e-06
2026-02-27 23:17:05 INFO Epoch 2 | Step 13320/15377 | Loss 0.5192 | LR 2.5150e-06
2026-02-27 23:17:20 INFO Epoch 2 | Step 13340/15377 | Loss 0.5191 | LR 2.5177e-06
2026-02-27 23:17:36 INFO Epoch 2 | Step 13360/15377 | Loss 0.5190 | LR 2.5204e-06
2026-02-27 23:17:51 INFO Epoch 2 | Step 13380/15377 | Loss 0.5190 | LR 2.5231e-06
2026-02-27 23:18:06 INFO Epoch 2 | Step 13400/15377 | Loss 0.5189 | LR 2.5259e-06
2026-02-27 23:18:22 INFO Epoch 2 | Step 13420/15377 | Loss 0.5188 | LR 2.5286e-06
2026-02-27 23:18:37 INFO Epoch 2 | Step 13440/15377 | Loss 0.5188 | LR 2.5313e-06
2026-02-27 23:18:52 INFO Epoch 2 | Step 13460/15377 | Loss 0.5188 | LR 2.5340e-06
2026-02-27 23:19:08 INFO Epoch 2 | Step 13480/15377 | Loss 0.5187 | LR 2.5367e-06
2026-02-27 23:19:23 INFO Epoch 2 | Step 13500/15377 | Loss 0.5187 | LR 2.5394e-06
2026-02-27 23:19:38 INFO Epoch 2 | Step 13520/15377 | Loss 0.5186 | LR 2.5422e-06
2026-02-27 23:19:54 INFO Epoch 2 | Step 13540/15377 | Loss 0.5185 | LR 2.5449e-06
2026-02-27 23:20:09 INFO Epoch 2 | Step 13560/15377 | Loss 0.5185 | LR 2.5476e-06
2026-02-27 23:20:24 INFO Epoch 2 | Step 13580/15377 | Loss 0.5183 | LR 2.5503e-06
2026-02-27 23:20:40 INFO Epoch 2 | Step 13600/15377 | Loss 0.5183 | LR 2.5531e-06
2026-02-27 23:20:55 INFO Epoch 2 | Step 13620/15377 | Loss 0.5183 | LR 2.5558e-06
2026-02-27 23:21:10 INFO Epoch 2 | Step 13640/15377 | Loss 0.5182 | LR 2.5585e-06
2026-02-27 23:21:26 INFO Epoch 2 | Step 13660/15377 | Loss 0.5182 | LR 2.5612e-06
2026-02-27 23:21:41 INFO Epoch 2 | Step 13680/15377 | Loss 0.5182 | LR 2.5640e-06
2026-02-27 23:21:56 INFO Epoch 2 | Step 13700/15377 | Loss 0.5181 | LR 2.5667e-06
2026-02-27 23:22:11 INFO Epoch 2 | Step 13720/15377 | Loss 0.5180 | LR 2.5694e-06
2026-02-27 23:22:27 INFO Epoch 2 | Step 13740/15377 | Loss 0.5179 | LR 2.5722e-06
2026-02-27 23:22:42 INFO Epoch 2 | Step 13760/15377 | Loss 0.5179 | LR 2.5749e-06
2026-02-27 23:22:57 INFO Epoch 2 | Step 13780/15377 | Loss 0.5178 | LR 2.5777e-06
2026-02-27 23:23:13 INFO Epoch 2 | Step 13800/15377 | Loss 0.5177 | LR 2.5804e-06
2026-02-27 23:23:28 INFO Epoch 2 | Step 13820/15377 | Loss 0.5176 | LR 2.5831e-06
2026-02-27 23:23:43 INFO Epoch 2 | Step 13840/15377 | Loss 0.5176 | LR 2.5859e-06
2026-02-27 23:23:59 INFO Epoch 2 | Step 13860/15377 | Loss 0.5175 | LR 2.5886e-06
2026-02-27 23:24:14 INFO Epoch 2 | Step 13880/15377 | Loss 0.5175 | LR 2.5914e-06
2026-02-27 23:24:29 INFO Epoch 2 | Step 13900/15377 | Loss 0.5174 | LR 2.5941e-06
2026-02-27 23:24:45 INFO Epoch 2 | Step 13920/15377 | Loss 0.5173 | LR 2.5968e-06
2026-02-27 23:25:00 INFO Epoch 2 | Step 13940/15377 | Loss 0.5173 | LR 2.5996e-06
2026-02-27 23:25:15 INFO Epoch 2 | Step 13960/15377 | Loss 0.5172 | LR 2.6023e-06
2026-02-27 23:25:31 INFO Epoch 2 | Step 13980/15377 | Loss 0.5171 | LR 2.6051e-06
2026-02-27 23:25:46 INFO Epoch 2 | Step 14000/15377 | Loss 0.5170 | LR 2.6078e-06
2026-02-27 23:26:01 INFO Epoch 2 | Step 14020/15377 | Loss 0.5170 | LR 2.6106e-06
2026-02-27 23:26:16 INFO Epoch 2 | Step 14040/15377 | Loss 0.5169 | LR 2.6133e-06
2026-02-27 23:26:32 INFO Epoch 2 | Step 14060/15377 | Loss 0.5168 | LR 2.6161e-06
2026-02-27 23:26:47 INFO Epoch 2 | Step 14080/15377 | Loss 0.5168 | LR 2.6189e-06
2026-02-27 23:27:02 INFO Epoch 2 | Step 14100/15377 | Loss 0.5167 | LR 2.6216e-06
2026-02-27 23:27:17 INFO Epoch 2 | Step 14120/15377 | Loss 0.5166 | LR 2.6244e-06
2026-02-27 23:27:32 INFO Epoch 2 | Step 14140/15377 | Loss 0.5165 | LR 2.6271e-06
2026-02-27 23:27:47 INFO Epoch 2 | Step 14160/15377 | Loss 0.5164 | LR 2.6299e-06
2026-02-27 23:28:02 INFO Epoch 2 | Step 14180/15377 | Loss 0.5164 | LR 2.6327e-06
2026-02-27 23:28:18 INFO Epoch 2 | Step 14200/15377 | Loss 0.5164 | LR 2.6354e-06
2026-02-27 23:28:33 INFO Epoch 2 | Step 14220/15377 | Loss 0.5163 | LR 2.6382e-06
2026-02-27 23:28:48 INFO Epoch 2 | Step 14240/15377 | Loss 0.5163 | LR 2.6409e-06
2026-02-27 23:29:03 INFO Epoch 2 | Step 14260/15377 | Loss 0.5163 | LR 2.6437e-06
2026-02-27 23:29:18 INFO Epoch 2 | Step 14280/15377 | Loss 0.5162 | LR 2.6465e-06
2026-02-27 23:29:33 INFO Epoch 2 | Step 14300/15377 | Loss 0.5162 | LR 2.6492e-06
2026-02-27 23:29:49 INFO Epoch 2 | Step 14320/15377 | Loss 0.5161 | LR 2.6520e-06
2026-02-27 23:30:04 INFO Epoch 2 | Step 14340/15377 | Loss 0.5160 | LR 2.6548e-06
2026-02-27 23:30:19 INFO Epoch 2 | Step 14360/15377 | Loss 0.5159 | LR 2.6576e-06
2026-02-27 23:30:34 INFO Epoch 2 | Step 14380/15377 | Loss 0.5159 | LR 2.6603e-06
2026-02-27 23:30:50 INFO Epoch 2 | Step 14400/15377 | Loss 0.5158 | LR 2.6631e-06
2026-02-27 23:31:05 INFO Epoch 2 | Step 14420/15377 | Loss 0.5158 | LR 2.6659e-06
2026-02-27 23:31:20 INFO Epoch 2 | Step 14440/15377 | Loss 0.5157 | LR 2.6687e-06
2026-02-27 23:31:35 INFO Epoch 2 | Step 14460/15377 | Loss 0.5156 | LR 2.6714e-06
2026-02-27 23:31:50 INFO Epoch 2 | Step 14480/15377 | Loss 0.5156 | LR 2.6742e-06
2026-02-27 23:32:06 INFO Epoch 2 | Step 14500/15377 | Loss 0.5155 | LR 2.6770e-06
2026-02-27 23:32:21 INFO Epoch 2 | Step 14520/15377 | Loss 0.5154 | LR 2.6798e-06
2026-02-27 23:32:36 INFO Epoch 2 | Step 14540/15377 | Loss 0.5154 | LR 2.6826e-06
2026-02-27 23:32:51 INFO Epoch 2 | Step 14560/15377 | Loss 0.5153 | LR 2.6853e-06
2026-02-27 23:33:06 INFO Epoch 2 | Step 14580/15377 | Loss 0.5153 | LR 2.6881e-06
2026-02-27 23:33:22 INFO Epoch 2 | Step 14600/15377 | Loss 0.5152 | LR 2.6909e-06
2026-02-27 23:33:37 INFO Epoch 2 | Step 14620/15377 | Loss 0.5151 | LR 2.6937e-06
2026-02-27 23:33:52 INFO Epoch 2 | Step 14640/15377 | Loss 0.5151 | LR 2.6965e-06
2026-02-27 23:34:07 INFO Epoch 2 | Step 14660/15377 | Loss 0.5150 | LR 2.6993e-06
2026-02-27 23:34:22 INFO Epoch 2 | Step 14680/15377 | Loss 0.5150 | LR 2.7021e-06
2026-02-27 23:34:37 INFO Epoch 2 | Step 14700/15377 | Loss 0.5149 | LR 2.7049e-06
2026-02-27 23:34:53 INFO Epoch 2 | Step 14720/15377 | Loss 0.5149 | LR 2.7077e-06
2026-02-27 23:35:08 INFO Epoch 2 | Step 14740/15377 | Loss 0.5148 | LR 2.7105e-06
2026-02-27 23:35:23 INFO Epoch 2 | Step 14760/15377 | Loss 0.5147 | LR 2.7132e-06
2026-02-27 23:35:38 INFO Epoch 2 | Step 14780/15377 | Loss 0.5147 | LR 2.7160e-06
2026-02-27 23:35:53 INFO Epoch 2 | Step 14800/15377 | Loss 0.5146 | LR 2.7188e-06
2026-02-27 23:36:09 INFO Epoch 2 | Step 14820/15377 | Loss 0.5146 | LR 2.7216e-06
2026-02-27 23:36:24 INFO Epoch 2 | Step 14840/15377 | Loss 0.5145 | LR 2.7244e-06
2026-02-27 23:36:39 INFO Epoch 2 | Step 14860/15377 | Loss 0.5145 | LR 2.7272e-06
2026-02-27 23:36:54 INFO Epoch 2 | Step 14880/15377 | Loss 0.5144 | LR 2.7300e-06
2026-02-27 23:37:10 INFO Epoch 2 | Step 14900/15377 | Loss 0.5144 | LR 2.7328e-06
2026-02-27 23:37:25 INFO Epoch 2 | Step 14920/15377 | Loss 0.5144 | LR 2.7357e-06
2026-02-27 23:37:40 INFO Epoch 2 | Step 14940/15377 | Loss 0.5143 | LR 2.7385e-06
2026-02-27 23:37:55 INFO Epoch 2 | Step 14960/15377 | Loss 0.5143 | LR 2.7413e-06
2026-02-27 23:38:11 INFO Epoch 2 | Step 14980/15377 | Loss 0.5142 | LR 2.7441e-06
2026-02-27 23:38:26 INFO Epoch 2 | Step 15000/15377 | Loss 0.5141 | LR 2.7469e-06
2026-02-27 23:38:41 INFO Epoch 2 | Step 15020/15377 | Loss 0.5140 | LR 2.7497e-06
2026-02-27 23:38:57 INFO Epoch 2 | Step 15040/15377 | Loss 0.5139 | LR 2.7525e-06
2026-02-27 23:39:12 INFO Epoch 2 | Step 15060/15377 | Loss 0.5139 | LR 2.7553e-06
2026-02-27 23:39:27 INFO Epoch 2 | Step 15080/15377 | Loss 0.5138 | LR 2.7581e-06
2026-02-27 23:39:42 INFO Epoch 2 | Step 15100/15377 | Loss 0.5137 | LR 2.7609e-06
2026-02-27 23:39:58 INFO Epoch 2 | Step 15120/15377 | Loss 0.5137 | LR 2.7638e-06
2026-02-27 23:40:13 INFO Epoch 2 | Step 15140/15377 | Loss 0.5136 | LR 2.7666e-06
2026-02-27 23:40:28 INFO Epoch 2 | Step 15160/15377 | Loss 0.5136 | LR 2.7694e-06
2026-02-27 23:40:43 INFO Epoch 2 | Step 15180/15377 | Loss 0.5135 | LR 2.7722e-06
2026-02-27 23:40:59 INFO Epoch 2 | Step 15200/15377 | Loss 0.5135 | LR 2.7750e-06
2026-02-27 23:41:14 INFO Epoch 2 | Step 15220/15377 | Loss 0.5134 | LR 2.7779e-06
2026-02-27 23:41:29 INFO Epoch 2 | Step 15240/15377 | Loss 0.5133 | LR 2.7807e-06
2026-02-27 23:41:44 INFO Epoch 2 | Step 15260/15377 | Loss 0.5133 | LR 2.7835e-06
2026-02-27 23:42:00 INFO Epoch 2 | Step 15280/15377 | Loss 0.5133 | LR 2.7863e-06
2026-02-27 23:42:15 INFO Epoch 2 | Step 15300/15377 | Loss 0.5132 | LR 2.7892e-06
2026-02-27 23:42:30 INFO Epoch 2 | Step 15320/15377 | Loss 0.5132 | LR 2.7920e-06
2026-02-27 23:42:45 INFO Epoch 2 | Step 15340/15377 | Loss 0.5131 | LR 2.7948e-06
2026-02-27 23:43:01 INFO Epoch 2 | Step 15360/15377 | Loss 0.5130 | LR 2.7976e-06
2026-02-27 23:43:14 INFO Epoch 2 | Step 15377/15377 | Loss 0.5130 | LR 2.8000e-06
2026-02-28 00:31:14 INFO CSV Written | Epoch: 2
2026-02-28 00:31:14 INFO Epoch Done | Epoch: 2 | Time: 14853.2122 | Train Loss: 0.5130 | Val Accuracy: 0.9770 | Val AUPRC: 0.0597 | Val Auroc: 0.7821 | Val F1: 0.0000 | Val Loss: 0.4701
2026-02-28 00:31:14 INFO Epoch Start | Epoch: 3
2026-02-28 00:31:17 INFO Epoch 3 | Step 1/15377 | Loss 0.7774 | LR 4.0000e-07
2026-02-28 00:31:41 INFO Epoch 3 | Step 20/15377 | Loss 0.5260 | LR 4.0000e-07
2026-02-28 00:32:05 INFO Epoch 3 | Step 40/15377 | Loss 0.4854 | LR 4.0000e-07
2026-02-28 00:32:30 INFO Epoch 3 | Step 60/15377 | Loss 0.4892 | LR 4.0001e-07
2026-02-28 00:32:54 INFO Epoch 3 | Step 80/15377 | Loss 0.4809 | LR 4.0002e-07
2026-02-28 00:33:19 INFO Epoch 3 | Step 100/15377 | Loss 0.4764 | LR 4.0003e-07
2026-02-28 00:33:44 INFO Epoch 3 | Step 120/15377 | Loss 0.4774 | LR 4.0004e-07
2026-02-28 00:34:08 INFO Epoch 3 | Step 140/15377 | Loss 0.4766 | LR 4.0005e-07
2026-02-28 00:34:33 INFO Epoch 3 | Step 160/15377 | Loss 0.4747 | LR 4.0007e-07
2026-02-28 00:34:57 INFO Epoch 3 | Step 180/15377 | Loss 0.4717 | LR 4.0009e-07
2026-02-28 00:35:22 INFO Epoch 3 | Step 200/15377 | Loss 0.4729 | LR 4.0011e-07
2026-02-28 00:35:46 INFO Epoch 3 | Step 220/15377 | Loss 0.4750 | LR 4.0013e-07
2026-02-28 00:36:11 INFO Epoch 3 | Step 240/15377 | Loss 0.4749 | LR 4.0016e-07
2026-02-28 00:36:36 INFO Epoch 3 | Step 260/15377 | Loss 0.4723 | LR 4.0019e-07
2026-02-28 00:37:00 INFO Epoch 3 | Step 280/15377 | Loss 0.4710 | LR 4.0022e-07
2026-02-28 00:37:25 INFO Epoch 3 | Step 300/15377 | Loss 0.4705 | LR 4.0025e-07
2026-02-28 00:37:49 INFO Epoch 3 | Step 320/15377 | Loss 0.4695 | LR 4.0028e-07
2026-02-28 00:38:14 INFO Epoch 3 | Step 340/15377 | Loss 0.4693 | LR 4.0032e-07
2026-02-28 00:38:38 INFO Epoch 3 | Step 360/15377 | Loss 0.4685 | LR 4.0036e-07
2026-02-28 00:39:03 INFO Epoch 3 | Step 380/15377 | Loss 0.4680 | LR 4.0040e-07
2026-02-28 00:39:28 INFO Epoch 3 | Step 400/15377 | Loss 0.4657 | LR 4.0045e-07
2026-02-28 00:39:52 INFO Epoch 3 | Step 420/15377 | Loss 0.4647 | LR 4.0049e-07
2026-02-28 00:40:17 INFO Epoch 3 | Step 440/15377 | Loss 0.4639 | LR 4.0054e-07
2026-02-28 00:40:42 INFO Epoch 3 | Step 460/15377 | Loss 0.4654 | LR 4.0059e-07
2026-02-28 00:41:06 INFO Epoch 3 | Step 480/15377 | Loss 0.4648 | LR 4.0064e-07
2026-02-28 00:41:31 INFO Epoch 3 | Step 500/15377 | Loss 0.4652 | LR 4.0070e-07
2026-02-28 00:41:55 INFO Epoch 3 | Step 520/15377 | Loss 0.4655 | LR 4.0075e-07
2026-02-28 00:42:20 INFO Epoch 3 | Step 540/15377 | Loss 0.4658 | LR 4.0081e-07
2026-02-28 00:42:45 INFO Epoch 3 | Step 560/15377 | Loss 0.4652 | LR 4.0087e-07
2026-02-28 00:43:09 INFO Epoch 3 | Step 580/15377 | Loss 0.4646 | LR 4.0094e-07
2026-02-28 00:43:34 INFO Epoch 3 | Step 600/15377 | Loss 0.4654 | LR 4.0100e-07
2026-02-28 00:43:58 INFO Epoch 3 | Step 620/15377 | Loss 0.4651 | LR 4.0107e-07
2026-02-28 00:44:23 INFO Epoch 3 | Step 640/15377 | Loss 0.4649 | LR 4.0114e-07
2026-02-28 00:44:48 INFO Epoch 3 | Step 660/15377 | Loss 0.4639 | LR 4.0121e-07
2026-02-28 00:45:12 INFO Epoch 3 | Step 680/15377 | Loss 0.4647 | LR 4.0129e-07
2026-02-28 00:45:37 INFO Epoch 3 | Step 700/15377 | Loss 0.4639 | LR 4.0136e-07
2026-02-28 00:46:01 INFO Epoch 3 | Step 720/15377 | Loss 0.4632 | LR 4.0144e-07
2026-02-28 00:46:26 INFO Epoch 3 | Step 740/15377 | Loss 0.4622 | LR 4.0152e-07
2026-02-28 00:46:50 INFO Epoch 3 | Step 760/15377 | Loss 0.4623 | LR 4.0161e-07
2026-02-28 00:47:15 INFO Epoch 3 | Step 780/15377 | Loss 0.4618 | LR 4.0169e-07
2026-02-28 00:47:40 INFO Epoch 3 | Step 800/15377 | Loss 0.4625 | LR 4.0178e-07
2026-02-28 00:48:04 INFO Epoch 3 | Step 820/15377 | Loss 0.4616 | LR 4.0187e-07
2026-02-28 00:48:29 INFO Epoch 3 | Step 840/15377 | Loss 0.4612 | LR 4.0196e-07
2026-02-28 00:48:53 INFO Epoch 3 | Step 860/15377 | Loss 0.4608 | LR 4.0206e-07
2026-02-28 00:49:18 INFO Epoch 3 | Step 880/15377 | Loss 0.4600 | LR 4.0215e-07
2026-02-28 00:49:42 INFO Epoch 3 | Step 900/15377 | Loss 0.4597 | LR 4.0225e-07
2026-02-28 00:50:07 INFO Epoch 3 | Step 920/15377 | Loss 0.4593 | LR 4.0236e-07
2026-02-28 00:50:32 INFO Epoch 3 | Step 940/15377 | Loss 0.4588 | LR 4.0246e-07
2026-02-28 00:50:56 INFO Epoch 3 | Step 960/15377 | Loss 0.4582 | LR 4.0256e-07
2026-02-28 00:51:21 INFO Epoch 3 | Step 980/15377 | Loss 0.4578 | LR 4.0267e-07
2026-02-28 00:51:45 INFO Epoch 3 | Step 1000/15377 | Loss 0.4573 | LR 4.0278e-07
2026-02-28 00:52:10 INFO Epoch 3 | Step 1020/15377 | Loss 0.4577 | LR 4.0289e-07
2026-02-28 00:52:35 INFO Epoch 3 | Step 1040/15377 | Loss 0.4576 | LR 4.0301e-07
2026-02-28 00:52:59 INFO Epoch 3 | Step 1060/15377 | Loss 0.4568 | LR 4.0313e-07
2026-02-28 00:53:24 INFO Epoch 3 | Step 1080/15377 | Loss 0.4560 | LR 4.0325e-07
2026-02-28 00:53:48 INFO Epoch 3 | Step 1100/15377 | Loss 0.4558 | LR 4.0337e-07
2026-02-28 00:54:13 INFO Epoch 3 | Step 1120/15377 | Loss 0.4553 | LR 4.0349e-07
2026-02-28 00:54:37 INFO Epoch 3 | Step 1140/15377 | Loss 0.4550 | LR 4.0362e-07
2026-02-28 00:55:02 INFO Epoch 3 | Step 1160/15377 | Loss 0.4551 | LR 4.0374e-07
2026-02-28 00:55:27 INFO Epoch 3 | Step 1180/15377 | Loss 0.4549 | LR 4.0387e-07
2026-02-28 00:55:51 INFO Epoch 3 | Step 1200/15377 | Loss 0.4545 | LR 4.0401e-07
2026-02-28 00:56:16 INFO Epoch 3 | Step 1220/15377 | Loss 0.4545 | LR 4.0414e-07
2026-02-28 00:56:40 INFO Epoch 3 | Step 1240/15377 | Loss 0.4540 | LR 4.0428e-07
2026-02-28 00:57:05 INFO Epoch 3 | Step 1260/15377 | Loss 0.4538 | LR 4.0442e-07
2026-02-28 00:57:30 INFO Epoch 3 | Step 1280/15377 | Loss 0.4536 | LR 4.0456e-07
2026-02-28 00:57:54 INFO Epoch 3 | Step 1300/15377 | Loss 0.4533 | LR 4.0470e-07
2026-02-28 00:58:19 INFO Epoch 3 | Step 1320/15377 | Loss 0.4530 | LR 4.0485e-07
2026-02-28 00:58:44 INFO Epoch 3 | Step 1340/15377 | Loss 0.4528 | LR 4.0500e-07
2026-02-28 00:59:08 INFO Epoch 3 | Step 1360/15377 | Loss 0.4525 | LR 4.0515e-07
2026-02-28 00:59:33 INFO Epoch 3 | Step 1380/15377 | Loss 0.4525 | LR 4.0530e-07
2026-02-28 00:59:57 INFO Epoch 3 | Step 1400/15377 | Loss 0.4528 | LR 4.0545e-07
2026-02-28 01:00:22 INFO Epoch 3 | Step 1420/15377 | Loss 0.4525 | LR 4.0561e-07
2026-02-28 01:00:47 INFO Epoch 3 | Step 1440/15377 | Loss 0.4525 | LR 4.0577e-07
2026-02-28 01:01:11 INFO Epoch 3 | Step 1460/15377 | Loss 0.4523 | LR 4.0593e-07
2026-02-28 01:01:36 INFO Epoch 3 | Step 1480/15377 | Loss 0.4523 | LR 4.0609e-07
2026-02-28 01:02:00 INFO Epoch 3 | Step 1500/15377 | Loss 0.4526 | LR 4.0626e-07
2026-02-28 01:02:25 INFO Epoch 3 | Step 1520/15377 | Loss 0.4521 | LR 4.0643e-07
2026-02-28 01:02:50 INFO Epoch 3 | Step 1540/15377 | Loss 0.4523 | LR 4.0660e-07
2026-02-28 01:03:14 INFO Epoch 3 | Step 1560/15377 | Loss 0.4521 | LR 4.0677e-07
2026-02-28 01:03:39 INFO Epoch 3 | Step 1580/15377 | Loss 0.4518 | LR 4.0695e-07
2026-02-28 01:04:04 INFO Epoch 3 | Step 1600/15377 | Loss 0.4515 | LR 4.0712e-07
2026-02-28 01:04:28 INFO Epoch 3 | Step 1620/15377 | Loss 0.4514 | LR 4.0730e-07
2026-02-28 01:04:53 INFO Epoch 3 | Step 1640/15377 | Loss 0.4514 | LR 4.0748e-07
2026-02-28 01:05:18 INFO Epoch 3 | Step 1660/15377 | Loss 0.4509 | LR 4.0767e-07
2026-02-28 01:05:42 INFO Epoch 3 | Step 1680/15377 | Loss 0.4505 | LR 4.0785e-07
2026-02-28 01:06:07 INFO Epoch 3 | Step 1700/15377 | Loss 0.4503 | LR 4.0804e-07
2026-02-28 01:06:32 INFO Epoch 3 | Step 1720/15377 | Loss 0.4499 | LR 4.0823e-07
2026-02-28 01:06:56 INFO Epoch 3 | Step 1740/15377 | Loss 0.4500 | LR 4.0842e-07
2026-02-28 01:07:21 INFO Epoch 3 | Step 1760/15377 | Loss 0.4498 | LR 4.0862e-07
2026-02-28 01:07:46 INFO Epoch 3 | Step 1780/15377 | Loss 0.4497 | LR 4.0881e-07
2026-02-28 01:08:10 INFO Epoch 3 | Step 1800/15377 | Loss 0.4497 | LR 4.0901e-07
2026-02-28 01:08:35 INFO Epoch 3 | Step 1820/15377 | Loss 0.4495 | LR 4.0921e-07
2026-02-28 01:08:59 INFO Epoch 3 | Step 1840/15377 | Loss 0.4491 | LR 4.0942e-07
2026-02-28 01:09:24 INFO Epoch 3 | Step 1860/15377 | Loss 0.4488 | LR 4.0962e-07
2026-02-28 01:09:49 INFO Epoch 3 | Step 1880/15377 | Loss 0.4483 | LR 4.0983e-07
2026-02-28 01:10:13 INFO Epoch 3 | Step 1900/15377 | Loss 0.4480 | LR 4.1004e-07
2026-02-28 01:10:38 INFO Epoch 3 | Step 1920/15377 | Loss 0.4476 | LR 4.1025e-07
2026-02-28 01:11:02 INFO Epoch 3 | Step 1940/15377 | Loss 0.4474 | LR 4.1047e-07
2026-02-28 01:11:27 INFO Epoch 3 | Step 1960/15377 | Loss 0.4470 | LR 4.1069e-07
2026-02-28 01:11:52 INFO Epoch 3 | Step 1980/15377 | Loss 0.4467 | LR 4.1091e-07
2026-02-28 01:12:16 INFO Epoch 3 | Step 2000/15377 | Loss 0.4465 | LR 4.1113e-07
2026-02-28 01:12:41 INFO Epoch 3 | Step 2020/15377 | Loss 0.4463 | LR 4.1135e-07
2026-02-28 01:13:06 INFO Epoch 3 | Step 2040/15377 | Loss 0.4461 | LR 4.1158e-07
2026-02-28 01:13:30 INFO Epoch 3 | Step 2060/15377 | Loss 0.4462 | LR 4.1180e-07
2026-02-28 01:13:55 INFO Epoch 3 | Step 2080/15377 | Loss 0.4458 | LR 4.1203e-07
2026-02-28 01:14:19 INFO Epoch 3 | Step 2100/15377 | Loss 0.4456 | LR 4.1227e-07
2026-02-28 01:14:44 INFO Epoch 3 | Step 2120/15377 | Loss 0.4452 | LR 4.1250e-07
2026-02-28 01:15:09 INFO Epoch 3 | Step 2140/15377 | Loss 0.4450 | LR 4.1274e-07
2026-02-28 01:15:33 INFO Epoch 3 | Step 2160/15377 | Loss 0.4447 | LR 4.1298e-07
2026-02-28 01:15:58 INFO Epoch 3 | Step 2180/15377 | Loss 0.4444 | LR 4.1322e-07
2026-02-28 01:16:22 INFO Epoch 3 | Step 2200/15377 | Loss 0.4440 | LR 4.1346e-07
2026-02-28 01:16:47 INFO Epoch 3 | Step 2220/15377 | Loss 0.4436 | LR 4.1371e-07
2026-02-28 01:17:12 INFO Epoch 3 | Step 2240/15377 | Loss 0.4435 | LR 4.1396e-07
2026-02-28 01:17:36 INFO Epoch 3 | Step 2260/15377 | Loss 0.4431 | LR 4.1421e-07
2026-02-28 01:18:01 INFO Epoch 3 | Step 2280/15377 | Loss 0.4431 | LR 4.1446e-07
2026-02-28 01:18:26 INFO Epoch 3 | Step 2300/15377 | Loss 0.4427 | LR 4.1471e-07
2026-02-28 01:18:50 INFO Epoch 3 | Step 2320/15377 | Loss 0.4426 | LR 4.1497e-07
2026-02-28 01:19:15 INFO Epoch 3 | Step 2340/15377 | Loss 0.4426 | LR 4.1523e-07
2026-02-28 01:19:39 INFO Epoch 3 | Step 2360/15377 | Loss 0.4426 | LR 4.1549e-07
2026-02-28 01:20:04 INFO Epoch 3 | Step 2380/15377 | Loss 0.4424 | LR 4.1575e-07
2026-02-28 01:20:29 INFO Epoch 3 | Step 2400/15377 | Loss 0.4422 | LR 4.1602e-07
2026-02-28 01:20:53 INFO Epoch 3 | Step 2420/15377 | Loss 0.4419 | LR 4.1629e-07
2026-02-28 01:21:18 INFO Epoch 3 | Step 2440/15377 | Loss 0.4418 | LR 4.1656e-07
2026-02-28 01:21:43 INFO Epoch 3 | Step 2460/15377 | Loss 0.4417 | LR 4.1683e-07
2026-02-28 01:22:07 INFO Epoch 3 | Step 2480/15377 | Loss 0.4416 | LR 4.1710e-07
2026-02-28 01:22:32 INFO Epoch 3 | Step 2500/15377 | Loss 0.4412 | LR 4.1738e-07
2026-02-28 01:22:56 INFO Epoch 3 | Step 2520/15377 | Loss 0.4408 | LR 4.1766e-07
2026-02-28 01:23:21 INFO Epoch 3 | Step 2540/15377 | Loss 0.4406 | LR 4.1794e-07
2026-02-28 01:23:46 INFO Epoch 3 | Step 2560/15377 | Loss 0.4403 | LR 4.1823e-07
2026-02-28 01:24:10 INFO Epoch 3 | Step 2580/15377 | Loss 0.4401 | LR 4.1851e-07
2026-02-28 01:24:35 INFO Epoch 3 | Step 2600/15377 | Loss 0.4398 | LR 4.1880e-07
2026-02-28 01:24:59 INFO Epoch 3 | Step 2620/15377 | Loss 0.4398 | LR 4.1909e-07
2026-02-28 01:25:24 INFO Epoch 3 | Step 2640/15377 | Loss 0.4395 | LR 4.1938e-07
2026-02-28 01:25:49 INFO Epoch 3 | Step 2660/15377 | Loss 0.4393 | LR 4.1968e-07
2026-02-28 01:26:13 INFO Epoch 3 | Step 2680/15377 | Loss 0.4391 | LR 4.1997e-07
2026-02-28 01:26:38 INFO Epoch 3 | Step 2700/15377 | Loss 0.4388 | LR 4.2027e-07
2026-02-28 01:27:02 INFO Epoch 3 | Step 2720/15377 | Loss 0.4385 | LR 4.2057e-07
2026-02-28 01:27:27 INFO Epoch 3 | Step 2740/15377 | Loss 0.4382 | LR 4.2088e-07
2026-02-28 01:27:51 INFO Epoch 3 | Step 2760/15377 | Loss 0.4380 | LR 4.2118e-07
2026-02-28 01:28:16 INFO Epoch 3 | Step 2780/15377 | Loss 0.4378 | LR 4.2149e-07
2026-02-28 01:28:40 INFO Epoch 3 | Step 2800/15377 | Loss 0.4377 | LR 4.2180e-07
2026-02-28 01:29:05 INFO Epoch 3 | Step 2820/15377 | Loss 0.4376 | LR 4.2211e-07
2026-02-28 01:29:29 INFO Epoch 3 | Step 2840/15377 | Loss 0.4374 | LR 4.2243e-07
2026-02-28 01:29:54 INFO Epoch 3 | Step 2860/15377 | Loss 0.4373 | LR 4.2274e-07
2026-02-28 01:30:18 INFO Epoch 3 | Step 2880/15377 | Loss 0.4372 | LR 4.2306e-07
2026-02-28 01:30:43 INFO Epoch 3 | Step 2900/15377 | Loss 0.4373 | LR 4.2338e-07
2026-02-28 01:31:07 INFO Epoch 3 | Step 2920/15377 | Loss 0.4371 | LR 4.2371e-07
2026-02-28 01:31:32 INFO Epoch 3 | Step 2940/15377 | Loss 0.4370 | LR 4.2403e-07
2026-02-28 01:31:56 INFO Epoch 3 | Step 2960/15377 | Loss 0.4369 | LR 4.2436e-07
2026-02-28 01:32:21 INFO Epoch 3 | Step 2980/15377 | Loss 0.4368 | LR 4.2469e-07
2026-02-28 01:32:45 INFO Epoch 3 | Step 3000/15377 | Loss 0.4364 | LR 4.2502e-07
2026-02-28 01:33:10 INFO Epoch 3 | Step 3020/15377 | Loss 0.4361 | LR 4.2536e-07
2026-02-28 01:33:34 INFO Epoch 3 | Step 3040/15377 | Loss 0.4360 | LR 4.2569e-07
2026-02-28 01:33:59 INFO Epoch 3 | Step 3060/15377 | Loss 0.4360 | LR 4.2603e-07
2026-02-28 01:34:23 INFO Epoch 3 | Step 3080/15377 | Loss 0.4359 | LR 4.2637e-07
2026-02-28 01:34:48 INFO Epoch 3 | Step 3100/15377 | Loss 0.4357 | LR 4.2672e-07
2026-02-28 01:35:12 INFO Epoch 3 | Step 3120/15377 | Loss 0.4355 | LR 4.2706e-07
2026-02-28 01:35:37 INFO Epoch 3 | Step 3140/15377 | Loss 0.4354 | LR 4.2741e-07
2026-02-28 01:36:01 INFO Epoch 3 | Step 3160/15377 | Loss 0.4351 | LR 4.2776e-07
2026-02-28 01:36:26 INFO Epoch 3 | Step 3180/15377 | Loss 0.4349 | LR 4.2811e-07
2026-02-28 01:36:50 INFO Epoch 3 | Step 3200/15377 | Loss 0.4346 | LR 4.2847e-07
2026-02-28 01:37:14 INFO Epoch 3 | Step 3220/15377 | Loss 0.4347 | LR 4.2882e-07
2026-02-28 01:37:39 INFO Epoch 3 | Step 3240/15377 | Loss 0.4345 | LR 4.2918e-07
2026-02-28 01:38:03 INFO Epoch 3 | Step 3260/15377 | Loss 0.4344 | LR 4.2954e-07
2026-02-28 01:38:28 INFO Epoch 3 | Step 3280/15377 | Loss 0.4341 | LR 4.2991e-07
2026-02-28 01:38:52 INFO Epoch 3 | Step 3300/15377 | Loss 0.4339 | LR 4.3027e-07
2026-02-28 01:39:17 INFO Epoch 3 | Step 3320/15377 | Loss 0.4337 | LR 4.3064e-07
2026-02-28 01:39:41 INFO Epoch 3 | Step 3340/15377 | Loss 0.4336 | LR 4.3101e-07
2026-02-28 01:40:06 INFO Epoch 3 | Step 3360/15377 | Loss 0.4336 | LR 4.3138e-07
2026-02-28 01:40:30 INFO Epoch 3 | Step 3380/15377 | Loss 0.4332 | LR 4.3176e-07
2026-02-28 01:40:55 INFO Epoch 3 | Step 3400/15377 | Loss 0.4331 | LR 4.3213e-07
2026-02-28 01:41:20 INFO Epoch 3 | Step 3420/15377 | Loss 0.4331 | LR 4.3251e-07
2026-02-28 01:41:44 INFO Epoch 3 | Step 3440/15377 | Loss 0.4331 | LR 4.3289e-07
2026-02-28 01:42:08 INFO Epoch 3 | Step 3460/15377 | Loss 0.4329 | LR 4.3328e-07
2026-02-28 01:42:33 INFO Epoch 3 | Step 3480/15377 | Loss 0.4328 | LR 4.3366e-07
2026-02-28 01:42:57 INFO Epoch 3 | Step 3500/15377 | Loss 0.4327 | LR 4.3405e-07
2026-02-28 01:43:22 INFO Epoch 3 | Step 3520/15377 | Loss 0.4327 | LR 4.3444e-07
2026-02-28 01:43:46 INFO Epoch 3 | Step 3540/15377 | Loss 0.4325 | LR 4.3483e-07
2026-02-28 01:44:11 INFO Epoch 3 | Step 3560/15377 | Loss 0.4325 | LR 4.3522e-07
2026-02-28 01:44:35 INFO Epoch 3 | Step 3580/15377 | Loss 0.4324 | LR 4.3562e-07
2026-02-28 01:45:00 INFO Epoch 3 | Step 3600/15377 | Loss 0.4324 | LR 4.3602e-07
2026-02-28 01:45:24 INFO Epoch 3 | Step 3620/15377 | Loss 0.4322 | LR 4.3642e-07
2026-02-28 01:45:49 INFO Epoch 3 | Step 3640/15377 | Loss 0.4319 | LR 4.3682e-07
2026-02-28 01:46:13 INFO Epoch 3 | Step 3660/15377 | Loss 0.4318 | LR 4.3723e-07
2026-02-28 01:46:38 INFO Epoch 3 | Step 3680/15377 | Loss 0.4318 | LR 4.3764e-07
2026-02-28 01:47:02 INFO Epoch 3 | Step 3700/15377 | Loss 0.4316 | LR 4.3805e-07
2026-02-28 01:47:27 INFO Epoch 3 | Step 3720/15377 | Loss 0.4315 | LR 4.3846e-07
2026-02-28 01:47:51 INFO Epoch 3 | Step 3740/15377 | Loss 0.4315 | LR 4.3887e-07
2026-02-28 01:48:16 INFO Epoch 3 | Step 3760/15377 | Loss 0.4313 | LR 4.3929e-07
2026-02-28 01:48:40 INFO Epoch 3 | Step 3780/15377 | Loss 0.4312 | LR 4.3971e-07
2026-02-28 01:49:05 INFO Epoch 3 | Step 3800/15377 | Loss 0.4311 | LR 4.4013e-07
2026-02-28 01:49:29 INFO Epoch 3 | Step 3820/15377 | Loss 0.4310 | LR 4.4055e-07
2026-02-28 01:49:54 INFO Epoch 3 | Step 3840/15377 | Loss 0.4308 | LR 4.4097e-07
2026-02-28 01:50:18 INFO Epoch 3 | Step 3860/15377 | Loss 0.4308 | LR 4.4140e-07
2026-02-28 01:50:42 INFO Epoch 3 | Step 3880/15377 | Loss 0.4306 | LR 4.4183e-07
2026-02-28 01:51:07 INFO Epoch 3 | Step 3900/15377 | Loss 0.4304 | LR 4.4226e-07
2026-02-28 01:51:32 INFO Epoch 3 | Step 3920/15377 | Loss 0.4304 | LR 4.4270e-07
2026-02-28 01:51:56 INFO Epoch 3 | Step 3940/15377 | Loss 0.4303 | LR 4.4313e-07
2026-02-28 01:52:21 INFO Epoch 3 | Step 3960/15377 | Loss 0.4302 | LR 4.4357e-07
2026-02-28 01:52:45 INFO Epoch 3 | Step 3980/15377 | Loss 0.4302 | LR 4.4401e-07
2026-02-28 01:53:10 INFO Epoch 3 | Step 4000/15377 | Loss 0.4300 | LR 4.4446e-07
2026-02-28 01:53:34 INFO Epoch 3 | Step 4020/15377 | Loss 0.4299 | LR 4.4490e-07
2026-02-28 01:53:58 INFO Epoch 3 | Step 4040/15377 | Loss 0.4298 | LR 4.4535e-07
2026-02-28 01:54:23 INFO Epoch 3 | Step 4060/15377 | Loss 0.4298 | LR 4.4580e-07
2026-02-28 01:54:47 INFO Epoch 3 | Step 4080/15377 | Loss 0.4295 | LR 4.4625e-07
2026-02-28 01:55:12 INFO Epoch 3 | Step 4100/15377 | Loss 0.4294 | LR 4.4670e-07
2026-02-28 01:55:36 INFO Epoch 3 | Step 4120/15377 | Loss 0.4293 | LR 4.4716e-07
2026-02-28 01:56:01 INFO Epoch 3 | Step 4140/15377 | Loss 0.4292 | LR 4.4762e-07
2026-02-28 01:56:25 INFO Epoch 3 | Step 4160/15377 | Loss 0.4291 | LR 4.4808e-07
2026-02-28 01:56:50 INFO Epoch 3 | Step 4180/15377 | Loss 0.4291 | LR 4.4854e-07
2026-02-28 01:57:14 INFO Epoch 3 | Step 4200/15377 | Loss 0.4289 | LR 4.4900e-07
2026-02-28 01:57:39 INFO Epoch 3 | Step 4220/15377 | Loss 0.4287 | LR 4.4947e-07
2026-02-28 01:58:03 INFO Epoch 3 | Step 4240/15377 | Loss 0.4285 | LR 4.4994e-07
2026-02-28 01:58:28 INFO Epoch 3 | Step 4260/15377 | Loss 0.4285 | LR 4.5041e-07
2026-02-28 01:58:52 INFO Epoch 3 | Step 4280/15377 | Loss 0.4285 | LR 4.5089e-07
2026-02-28 01:59:17 INFO Epoch 3 | Step 4300/15377 | Loss 0.4283 | LR 4.5136e-07
2026-02-28 01:59:41 INFO Epoch 3 | Step 4320/15377 | Loss 0.4283 | LR 4.5184e-07
2026-02-28 02:00:06 INFO Epoch 3 | Step 4340/15377 | Loss 0.4282 | LR 4.5232e-07
2026-02-28 02:00:30 INFO Epoch 3 | Step 4360/15377 | Loss 0.4282 | LR 4.5280e-07
2026-02-28 02:00:54 INFO Epoch 3 | Step 4380/15377 | Loss 0.4282 | LR 4.5329e-07
2026-02-28 02:01:19 INFO Epoch 3 | Step 4400/15377 | Loss 0.4281 | LR 4.5377e-07
2026-02-28 02:01:43 INFO Epoch 3 | Step 4420/15377 | Loss 0.4279 | LR 4.5426e-07
2026-02-28 02:02:08 INFO Epoch 3 | Step 4440/15377 | Loss 0.4278 | LR 4.5475e-07
2026-02-28 02:02:32 INFO Epoch 3 | Step 4460/15377 | Loss 0.4276 | LR 4.5525e-07
2026-02-28 02:02:57 INFO Epoch 3 | Step 4480/15377 | Loss 0.4275 | LR 4.5574e-07
2026-02-28 02:03:21 INFO Epoch 3 | Step 4500/15377 | Loss 0.4275 | LR 4.5624e-07
2026-02-28 02:03:46 INFO Epoch 3 | Step 4520/15377 | Loss 0.4274 | LR 4.5674e-07
2026-02-28 02:04:10 INFO Epoch 3 | Step 4540/15377 | Loss 0.4273 | LR 4.5724e-07
2026-02-28 02:04:35 INFO Epoch 3 | Step 4560/15377 | Loss 0.4273 | LR 4.5775e-07
2026-02-28 02:04:59 INFO Epoch 3 | Step 4580/15377 | Loss 0.4272 | LR 4.5825e-07
2026-02-28 02:05:24 INFO Epoch 3 | Step 4600/15377 | Loss 0.4271 | LR 4.5876e-07
2026-02-28 02:05:48 INFO Epoch 3 | Step 4620/15377 | Loss 0.4270 | LR 4.5927e-07
2026-02-28 02:06:13 INFO Epoch 3 | Step 4640/15377 | Loss 0.4269 | LR 4.5979e-07
2026-02-28 02:06:37 INFO Epoch 3 | Step 4660/15377 | Loss 0.4269 | LR 4.6030e-07
2026-02-28 02:07:02 INFO Epoch 3 | Step 4680/15377 | Loss 0.4269 | LR 4.6082e-07
2026-02-28 02:07:26 INFO Epoch 3 | Step 4700/15377 | Loss 0.4268 | LR 4.6134e-07
2026-02-28 02:07:51 INFO Epoch 3 | Step 4720/15377 | Loss 0.4267 | LR 4.6186e-07
2026-02-28 02:08:15 INFO Epoch 3 | Step 4740/15377 | Loss 0.4266 | LR 4.6239e-07
2026-02-28 02:08:40 INFO Epoch 3 | Step 4760/15377 | Loss 0.4264 | LR 4.6291e-07
2026-02-28 02:09:04 INFO Epoch 3 | Step 4780/15377 | Loss 0.4262 | LR 4.6344e-07
2026-02-28 02:09:29 INFO Epoch 3 | Step 4800/15377 | Loss 0.4262 | LR 4.6397e-07
2026-02-28 02:09:53 INFO Epoch 3 | Step 4820/15377 | Loss 0.4262 | LR 4.6451e-07
2026-02-28 02:10:18 INFO Epoch 3 | Step 4840/15377 | Loss 0.4261 | LR 4.6504e-07
2026-02-28 02:10:42 INFO Epoch 3 | Step 4860/15377 | Loss 0.4260 | LR 4.6558e-07
2026-02-28 02:11:07 INFO Epoch 3 | Step 4880/15377 | Loss 0.4259 | LR 4.6612e-07
2026-02-28 02:11:31 INFO Epoch 3 | Step 4900/15377 | Loss 0.4258 | LR 4.6666e-07
2026-02-28 02:11:56 INFO Epoch 3 | Step 4920/15377 | Loss 0.4256 | LR 4.6720e-07
2026-02-28 02:12:20 INFO Epoch 3 | Step 4940/15377 | Loss 0.4255 | LR 4.6775e-07
2026-02-28 02:12:45 INFO Epoch 3 | Step 4960/15377 | Loss 0.4254 | LR 4.6830e-07
2026-02-28 02:13:09 INFO Epoch 3 | Step 4980/15377 | Loss 0.4253 | LR 4.6885e-07
2026-02-28 02:13:34 INFO Epoch 3 | Step 5000/15377 | Loss 0.4253 | LR 4.6940e-07
2026-02-28 02:13:58 INFO Epoch 3 | Step 5020/15377 | Loss 0.4252 | LR 4.6996e-07
2026-02-28 02:14:23 INFO Epoch 3 | Step 5040/15377 | Loss 0.4252 | LR 4.7051e-07
2026-02-28 02:14:47 INFO Epoch 3 | Step 5060/15377 | Loss 0.4251 | LR 4.7107e-07
2026-02-28 02:15:12 INFO Epoch 3 | Step 5080/15377 | Loss 0.4249 | LR 4.7163e-07
2026-02-28 02:15:36 INFO Epoch 3 | Step 5100/15377 | Loss 0.4248 | LR 4.7220e-07
2026-02-28 02:16:01 INFO Epoch 3 | Step 5120/15377 | Loss 0.4247 | LR 4.7276e-07
2026-02-28 02:16:25 INFO Epoch 3 | Step 5140/15377 | Loss 0.4246 | LR 4.7333e-07
2026-02-28 02:16:50 INFO Epoch 3 | Step 5160/15377 | Loss 0.4245 | LR 4.7390e-07
2026-02-28 02:17:14 INFO Epoch 3 | Step 5180/15377 | Loss 0.4245 | LR 4.7447e-07
2026-02-28 02:17:39 INFO Epoch 3 | Step 5200/15377 | Loss 0.4244 | LR 4.7505e-07
2026-02-28 02:18:03 INFO Epoch 3 | Step 5220/15377 | Loss 0.4243 | LR 4.7563e-07
2026-02-28 02:18:28 INFO Epoch 3 | Step 5240/15377 | Loss 0.4242 | LR 4.7621e-07
2026-02-28 02:18:52 INFO Epoch 3 | Step 5260/15377 | Loss 0.4241 | LR 4.7679e-07
2026-02-28 02:19:17 INFO Epoch 3 | Step 5280/15377 | Loss 0.4240 | LR 4.7737e-07
2026-02-28 02:19:41 INFO Epoch 3 | Step 5300/15377 | Loss 0.4237 | LR 4.7796e-07
2026-02-28 02:20:06 INFO Epoch 3 | Step 5320/15377 | Loss 0.4236 | LR 4.7854e-07
2026-02-28 02:20:30 INFO Epoch 3 | Step 5340/15377 | Loss 0.4235 | LR 4.7913e-07
2026-02-28 02:20:55 INFO Epoch 3 | Step 5360/15377 | Loss 0.4235 | LR 4.7973e-07
2026-02-28 02:21:19 INFO Epoch 3 | Step 5380/15377 | Loss 0.4234 | LR 4.8032e-07
2026-02-28 02:21:44 INFO Epoch 3 | Step 5400/15377 | Loss 0.4232 | LR 4.8092e-07
2026-02-28 02:22:08 INFO Epoch 3 | Step 5420/15377 | Loss 0.4232 | LR 4.8152e-07
2026-02-28 02:22:33 INFO Epoch 3 | Step 5440/15377 | Loss 0.4232 | LR 4.8212e-07
2026-02-28 02:22:57 INFO Epoch 3 | Step 5460/15377 | Loss 0.4230 | LR 4.8272e-07
2026-02-28 02:23:22 INFO Epoch 3 | Step 5480/15377 | Loss 0.4229 | LR 4.8332e-07
2026-02-28 02:23:47 INFO Epoch 3 | Step 5500/15377 | Loss 0.4229 | LR 4.8393e-07
2026-02-28 02:24:11 INFO Epoch 3 | Step 5520/15377 | Loss 0.4228 | LR 4.8454e-07
2026-02-28 02:24:36 INFO Epoch 3 | Step 5540/15377 | Loss 0.4227 | LR 4.8515e-07
2026-02-28 02:25:00 INFO Epoch 3 | Step 5560/15377 | Loss 0.4227 | LR 4.8577e-07
2026-02-28 02:25:25 INFO Epoch 3 | Step 5580/15377 | Loss 0.4226 | LR 4.8638e-07
2026-02-28 02:25:49 INFO Epoch 3 | Step 5600/15377 | Loss 0.4226 | LR 4.8700e-07
2026-02-28 02:26:14 INFO Epoch 3 | Step 5620/15377 | Loss 0.4225 | LR 4.8762e-07
2026-02-28 02:26:39 INFO Epoch 3 | Step 5640/15377 | Loss 0.4224 | LR 4.8825e-07
2026-02-28 02:27:03 INFO Epoch 3 | Step 5660/15377 | Loss 0.4223 | LR 4.8887e-07
2026-02-28 02:27:28 INFO Epoch 3 | Step 5680/15377 | Loss 0.4221 | LR 4.8950e-07
2026-02-28 02:27:52 INFO Epoch 3 | Step 5700/15377 | Loss 0.4220 | LR 4.9013e-07
2026-02-28 02:28:17 INFO Epoch 3 | Step 5720/15377 | Loss 0.4219 | LR 4.9076e-07
2026-02-28 02:28:41 INFO Epoch 3 | Step 5740/15377 | Loss 0.4219 | LR 4.9139e-07
2026-02-28 02:29:06 INFO Epoch 3 | Step 5760/15377 | Loss 0.4218 | LR 4.9203e-07
2026-02-28 02:29:31 INFO Epoch 3 | Step 5780/15377 | Loss 0.4216 | LR 4.9267e-07
2026-02-28 02:29:55 INFO Epoch 3 | Step 5800/15377 | Loss 0.4216 | LR 4.9331e-07
2026-02-28 02:30:20 INFO Epoch 3 | Step 5820/15377 | Loss 0.4216 | LR 4.9395e-07
2026-02-28 02:30:45 INFO Epoch 3 | Step 5840/15377 | Loss 0.4214 | LR 4.9460e-07
2026-02-28 02:31:09 INFO Epoch 3 | Step 5860/15377 | Loss 0.4214 | LR 4.9524e-07
2026-02-28 02:31:34 INFO Epoch 3 | Step 5880/15377 | Loss 0.4214 | LR 4.9589e-07
2026-02-28 02:31:58 INFO Epoch 3 | Step 5900/15377 | Loss 0.4212 | LR 4.9654e-07
2026-02-28 02:32:23 INFO Epoch 3 | Step 5920/15377 | Loss 0.4211 | LR 4.9720e-07
2026-02-28 02:32:48 INFO Epoch 3 | Step 5940/15377 | Loss 0.4210 | LR 4.9785e-07
2026-02-28 02:33:12 INFO Epoch 3 | Step 5960/15377 | Loss 0.4209 | LR 4.9851e-07
2026-02-28 02:33:37 INFO Epoch 3 | Step 5980/15377 | Loss 0.4209 | LR 4.9917e-07
2026-02-28 02:34:01 INFO Epoch 3 | Step 6000/15377 | Loss 0.4209 | LR 4.9983e-07
2026-02-28 02:34:26 INFO Epoch 3 | Step 6020/15377 | Loss 0.4209 | LR 5.0050e-07
2026-02-28 02:34:51 INFO Epoch 3 | Step 6040/15377 | Loss 0.4207 | LR 5.0116e-07
2026-02-28 02:35:15 INFO Epoch 3 | Step 6060/15377 | Loss 0.4207 | LR 5.0183e-07
2026-02-28 02:35:40 INFO Epoch 3 | Step 6080/15377 | Loss 0.4206 | LR 5.0250e-07
2026-02-28 02:36:04 INFO Epoch 3 | Step 6100/15377 | Loss 0.4205 | LR 5.0317e-07
2026-02-28 02:36:29 INFO Epoch 3 | Step 6120/15377 | Loss 0.4205 | LR 5.0385e-07
2026-02-28 02:36:53 INFO Epoch 3 | Step 6140/15377 | Loss 0.4204 | LR 5.0453e-07
2026-02-28 02:37:18 INFO Epoch 3 | Step 6160/15377 | Loss 0.4204 | LR 5.0521e-07
2026-02-28 02:37:42 INFO Epoch 3 | Step 6180/15377 | Loss 0.4202 | LR 5.0589e-07
2026-02-28 02:38:07 INFO Epoch 3 | Step 6200/15377 | Loss 0.4201 | LR 5.0657e-07
2026-02-28 02:38:32 INFO Epoch 3 | Step 6220/15377 | Loss 0.4201 | LR 5.0726e-07
2026-02-28 02:38:56 INFO Epoch 3 | Step 6240/15377 | Loss 0.4200 | LR 5.0795e-07
2026-02-28 02:39:21 INFO Epoch 3 | Step 6260/15377 | Loss 0.4200 | LR 5.0864e-07
2026-02-28 02:39:45 INFO Epoch 3 | Step 6280/15377 | Loss 0.4199 | LR 5.0933e-07
2026-02-28 02:40:10 INFO Epoch 3 | Step 6300/15377 | Loss 0.4198 | LR 5.1002e-07
2026-02-28 02:40:34 INFO Epoch 3 | Step 6320/15377 | Loss 0.4197 | LR 5.1072e-07
2026-02-28 02:40:59 INFO Epoch 3 | Step 6340/15377 | Loss 0.4196 | LR 5.1142e-07
2026-02-28 02:41:23 INFO Epoch 3 | Step 6360/15377 | Loss 0.4195 | LR 5.1212e-07
2026-02-28 02:41:48 INFO Epoch 3 | Step 6380/15377 | Loss 0.4194 | LR 5.1283e-07
2026-02-28 02:42:12 INFO Epoch 3 | Step 6400/15377 | Loss 0.4193 | LR 5.1353e-07
2026-02-28 02:42:37 INFO Epoch 3 | Step 6420/15377 | Loss 0.4192 | LR 5.1424e-07
2026-02-28 02:43:01 INFO Epoch 3 | Step 6440/15377 | Loss 0.4192 | LR 5.1495e-07
2026-02-28 02:43:26 INFO Epoch 3 | Step 6460/15377 | Loss 0.4191 | LR 5.1566e-07
2026-02-28 02:43:50 INFO Epoch 3 | Step 6480/15377 | Loss 0.4190 | LR 5.1638e-07
2026-02-28 02:44:15 INFO Epoch 3 | Step 6500/15377 | Loss 0.4189 | LR 5.1709e-07
2026-02-28 02:44:40 INFO Epoch 3 | Step 6520/15377 | Loss 0.4188 | LR 5.1781e-07
2026-02-28 02:45:04 INFO Epoch 3 | Step 6540/15377 | Loss 0.4187 | LR 5.1853e-07
2026-02-28 02:45:29 INFO Epoch 3 | Step 6560/15377 | Loss 0.4186 | LR 5.1925e-07
2026-02-28 02:45:53 INFO Epoch 3 | Step 6580/15377 | Loss 0.4186 | LR 5.1998e-07
2026-02-28 02:46:18 INFO Epoch 3 | Step 6600/15377 | Loss 0.4185 | LR 5.2071e-07
2026-02-28 02:46:42 INFO Epoch 3 | Step 6620/15377 | Loss 0.4185 | LR 5.2144e-07
2026-02-28 02:47:07 INFO Epoch 3 | Step 6640/15377 | Loss 0.4183 | LR 5.2217e-07
2026-02-28 02:47:31 INFO Epoch 3 | Step 6660/15377 | Loss 0.4183 | LR 5.2290e-07
2026-02-28 02:47:56 INFO Epoch 3 | Step 6680/15377 | Loss 0.4182 | LR 5.2364e-07
2026-02-28 02:48:20 INFO Epoch 3 | Step 6700/15377 | Loss 0.4181 | LR 5.2438e-07
2026-02-28 02:48:45 INFO Epoch 3 | Step 6720/15377 | Loss 0.4180 | LR 5.2512e-07
2026-02-28 02:49:09 INFO Epoch 3 | Step 6740/15377 | Loss 0.4179 | LR 5.2586e-07
2026-02-28 02:49:34 INFO Epoch 3 | Step 6760/15377 | Loss 0.4179 | LR 5.2660e-07
2026-02-28 02:49:58 INFO Epoch 3 | Step 6780/15377 | Loss 0.4177 | LR 5.2735e-07
2026-02-28 02:50:23 INFO Epoch 3 | Step 6800/15377 | Loss 0.4176 | LR 5.2810e-07
2026-02-28 02:50:47 INFO Epoch 3 | Step 6820/15377 | Loss 0.4175 | LR 5.2885e-07
2026-02-28 02:51:12 INFO Epoch 3 | Step 6840/15377 | Loss 0.4174 | LR 5.2961e-07
2026-02-28 02:51:37 INFO Epoch 3 | Step 6860/15377 | Loss 0.4174 | LR 5.3036e-07
2026-02-28 02:52:01 INFO Epoch 3 | Step 6880/15377 | Loss 0.4173 | LR 5.3112e-07
2026-02-28 02:52:26 INFO Epoch 3 | Step 6900/15377 | Loss 0.4172 | LR 5.3188e-07
2026-02-28 02:52:50 INFO Epoch 3 | Step 6920/15377 | Loss 0.4170 | LR 5.3264e-07
2026-02-28 02:53:15 INFO Epoch 3 | Step 6940/15377 | Loss 0.4171 | LR 5.3340e-07
2026-02-28 02:53:39 INFO Epoch 3 | Step 6960/15377 | Loss 0.4171 | LR 5.3417e-07
2026-02-28 02:54:04 INFO Epoch 3 | Step 6980/15377 | Loss 0.4170 | LR 5.3494e-07
2026-02-28 02:54:28 INFO Epoch 3 | Step 7000/15377 | Loss 0.4170 | LR 5.3571e-07
2026-02-28 02:54:53 INFO Epoch 3 | Step 7020/15377 | Loss 0.4169 | LR 5.3648e-07
2026-02-28 02:55:17 INFO Epoch 3 | Step 7040/15377 | Loss 0.4168 | LR 5.3726e-07
2026-02-28 02:55:42 INFO Epoch 3 | Step 7060/15377 | Loss 0.4167 | LR 5.3804e-07
2026-02-28 02:56:07 INFO Epoch 3 | Step 7080/15377 | Loss 0.4166 | LR 5.3882e-07
2026-02-28 02:56:31 INFO Epoch 3 | Step 7100/15377 | Loss 0.4165 | LR 5.3960e-07
2026-02-28 02:56:56 INFO Epoch 3 | Step 7120/15377 | Loss 0.4165 | LR 5.4038e-07
2026-02-28 02:57:20 INFO Epoch 3 | Step 7140/15377 | Loss 0.4166 | LR 5.4117e-07
2026-02-28 02:57:45 INFO Epoch 3 | Step 7160/15377 | Loss 0.4165 | LR 5.4195e-07
2026-02-28 02:58:09 INFO Epoch 3 | Step 7180/15377 | Loss 0.4164 | LR 5.4274e-07
2026-02-28 02:58:34 INFO Epoch 3 | Step 7200/15377 | Loss 0.4164 | LR 5.4354e-07
2026-02-28 02:58:58 INFO Epoch 3 | Step 7220/15377 | Loss 0.4163 | LR 5.4433e-07
2026-02-28 02:59:23 INFO Epoch 3 | Step 7240/15377 | Loss 0.4162 | LR 5.4513e-07
2026-02-28 02:59:47 INFO Epoch 3 | Step 7260/15377 | Loss 0.4162 | LR 5.4593e-07
2026-02-28 03:00:12 INFO Epoch 3 | Step 7280/15377 | Loss 0.4161 | LR 5.4673e-07
2026-02-28 03:00:37 INFO Epoch 3 | Step 7300/15377 | Loss 0.4160 | LR 5.4753e-07
2026-02-28 03:01:01 INFO Epoch 3 | Step 7320/15377 | Loss 0.4159 | LR 5.4834e-07
2026-02-28 03:01:26 INFO Epoch 3 | Step 7340/15377 | Loss 0.4158 | LR 5.4914e-07
2026-02-28 03:01:50 INFO Epoch 3 | Step 7360/15377 | Loss 0.4157 | LR 5.4995e-07
2026-02-28 03:02:15 INFO Epoch 3 | Step 7380/15377 | Loss 0.4156 | LR 5.5077e-07
2026-02-28 03:02:39 INFO Epoch 3 | Step 7400/15377 | Loss 0.4156 | LR 5.5158e-07
2026-02-28 03:03:04 INFO Epoch 3 | Step 7420/15377 | Loss 0.4156 | LR 5.5240e-07
2026-02-28 03:03:28 INFO Epoch 3 | Step 7440/15377 | Loss 0.4155 | LR 5.5321e-07
2026-02-28 03:03:53 INFO Epoch 3 | Step 7460/15377 | Loss 0.4154 | LR 5.5403e-07
2026-02-28 03:04:17 INFO Epoch 3 | Step 7480/15377 | Loss 0.4154 | LR 5.5486e-07
2026-02-28 03:04:42 INFO Epoch 3 | Step 7500/15377 | Loss 0.4154 | LR 5.5568e-07
2026-02-28 03:05:07 INFO Epoch 3 | Step 7520/15377 | Loss 0.4153 | LR 5.5651e-07
2026-02-28 03:05:31 INFO Epoch 3 | Step 7540/15377 | Loss 0.4152 | LR 5.5734e-07
2026-02-28 03:05:56 INFO Epoch 3 | Step 7560/15377 | Loss 0.4152 | LR 5.5817e-07
2026-02-28 03:06:20 INFO Epoch 3 | Step 7580/15377 | Loss 0.4152 | LR 5.5900e-07
2026-02-28 03:06:45 INFO Epoch 3 | Step 7600/15377 | Loss 0.4151 | LR 5.5984e-07
2026-02-28 03:07:09 INFO Epoch 3 | Step 7620/15377 | Loss 0.4150 | LR 5.6067e-07
2026-02-28 03:07:34 INFO Epoch 3 | Step 7640/15377 | Loss 0.4148 | LR 5.6151e-07
2026-02-28 03:07:59 INFO Epoch 3 | Step 7660/15377 | Loss 0.4148 | LR 5.6236e-07
2026-02-28 03:08:23 INFO Epoch 3 | Step 7680/15377 | Loss 0.4148 | LR 5.6320e-07
2026-02-28 03:08:48 INFO Epoch 3 | Step 7700/15377 | Loss 0.4147 | LR 5.6405e-07
2026-02-28 03:09:12 INFO Epoch 3 | Step 7720/15377 | Loss 0.4147 | LR 5.6489e-07
2026-02-28 03:09:37 INFO Epoch 3 | Step 7740/15377 | Loss 0.4146 | LR 5.6575e-07
2026-02-28 03:10:01 INFO Epoch 3 | Step 7760/15377 | Loss 0.4146 | LR 5.6660e-07
2026-02-28 03:10:26 INFO Epoch 3 | Step 7780/15377 | Loss 0.4145 | LR 5.6745e-07
2026-02-28 03:10:50 INFO Epoch 3 | Step 7800/15377 | Loss 0.4144 | LR 5.6831e-07
2026-02-28 03:11:15 INFO Epoch 3 | Step 7820/15377 | Loss 0.4143 | LR 5.6917e-07
2026-02-28 03:11:40 INFO Epoch 3 | Step 7840/15377 | Loss 0.4142 | LR 5.7003e-07
2026-02-28 03:12:04 INFO Epoch 3 | Step 7860/15377 | Loss 0.4140 | LR 5.7089e-07
2026-02-28 03:12:29 INFO Epoch 3 | Step 7880/15377 | Loss 0.4140 | LR 5.7176e-07
2026-02-28 03:12:53 INFO Epoch 3 | Step 7900/15377 | Loss 0.4140 | LR 5.7263e-07
2026-02-28 03:13:18 INFO Epoch 3 | Step 7920/15377 | Loss 0.4139 | LR 5.7350e-07
2026-02-28 03:13:42 INFO Epoch 3 | Step 7940/15377 | Loss 0.4138 | LR 5.7437e-07
2026-02-28 03:14:07 INFO Epoch 3 | Step 7960/15377 | Loss 0.4137 | LR 5.7524e-07
2026-02-28 03:14:31 INFO Epoch 3 | Step 7980/15377 | Loss 0.4137 | LR 5.7612e-07
2026-02-28 03:14:56 INFO Epoch 3 | Step 8000/15377 | Loss 0.4137 | LR 5.7700e-07
2026-02-28 03:15:21 INFO Epoch 3 | Step 8020/15377 | Loss 0.4136 | LR 5.7788e-07
2026-02-28 03:15:45 INFO Epoch 3 | Step 8040/15377 | Loss 0.4135 | LR 5.7876e-07
2026-02-28 03:16:10 INFO Epoch 3 | Step 8060/15377 | Loss 0.4135 | LR 5.7965e-07
2026-02-28 03:16:34 INFO Epoch 3 | Step 8080/15377 | Loss 0.4134 | LR 5.8053e-07
2026-02-28 03:16:59 INFO Epoch 3 | Step 8100/15377 | Loss 0.4134 | LR 5.8142e-07
2026-02-28 03:17:23 INFO Epoch 3 | Step 8120/15377 | Loss 0.4133 | LR 5.8231e-07
2026-02-28 03:17:48 INFO Epoch 3 | Step 8140/15377 | Loss 0.4132 | LR 5.8321e-07
2026-02-28 03:18:12 INFO Epoch 3 | Step 8160/15377 | Loss 0.4131 | LR 5.8410e-07
2026-02-28 03:18:37 INFO Epoch 3 | Step 8180/15377 | Loss 0.4130 | LR 5.8500e-07
2026-02-28 03:19:01 INFO Epoch 3 | Step 8200/15377 | Loss 0.4129 | LR 5.8590e-07
2026-02-28 03:19:26 INFO Epoch 3 | Step 8220/15377 | Loss 0.4128 | LR 5.8680e-07
2026-02-28 03:19:51 INFO Epoch 3 | Step 8240/15377 | Loss 0.4128 | LR 5.8771e-07
2026-02-28 03:20:15 INFO Epoch 3 | Step 8260/15377 | Loss 0.4128 | LR 5.8861e-07
2026-02-28 03:20:40 INFO Epoch 3 | Step 8280/15377 | Loss 0.4127 | LR 5.8952e-07
2026-02-28 03:21:04 INFO Epoch 3 | Step 8300/15377 | Loss 0.4127 | LR 5.9043e-07
2026-02-28 03:21:29 INFO Epoch 3 | Step 8320/15377 | Loss 0.4127 | LR 5.9134e-07
2026-02-28 03:21:53 INFO Epoch 3 | Step 8340/15377 | Loss 0.4126 | LR 5.9226e-07
2026-02-28 03:22:18 INFO Epoch 3 | Step 8360/15377 | Loss 0.4125 | LR 5.9318e-07
2026-02-28 03:22:42 INFO Epoch 3 | Step 8380/15377 | Loss 0.4124 | LR 5.9409e-07
2026-02-28 03:23:07 INFO Epoch 3 | Step 8400/15377 | Loss 0.4123 | LR 5.9502e-07
2026-02-28 03:23:32 INFO Epoch 3 | Step 8420/15377 | Loss 0.4123 | LR 5.9594e-07
2026-02-28 03:23:56 INFO Epoch 3 | Step 8440/15377 | Loss 0.4122 | LR 5.9686e-07
2026-02-28 03:24:21 INFO Epoch 3 | Step 8460/15377 | Loss 0.4120 | LR 5.9779e-07
2026-02-28 03:24:45 INFO Epoch 3 | Step 8480/15377 | Loss 0.4119 | LR 5.9872e-07
2026-02-28 03:25:10 INFO Epoch 3 | Step 8500/15377 | Loss 0.4119 | LR 5.9965e-07
2026-02-28 03:25:34 INFO Epoch 3 | Step 8520/15377 | Loss 0.4118 | LR 6.0059e-07
2026-02-28 03:25:59 INFO Epoch 3 | Step 8540/15377 | Loss 0.4117 | LR 6.0152e-07
2026-02-28 03:26:23 INFO Epoch 3 | Step 8560/15377 | Loss 0.4117 | LR 6.0246e-07
2026-02-28 03:26:48 INFO Epoch 3 | Step 8580/15377 | Loss 0.4116 | LR 6.0340e-07
2026-02-28 03:27:12 INFO Epoch 3 | Step 8600/15377 | Loss 0.4116 | LR 6.0435e-07
2026-02-28 03:27:37 INFO Epoch 3 | Step 8620/15377 | Loss 0.4115 | LR 6.0529e-07
2026-02-28 03:28:01 INFO Epoch 3 | Step 8640/15377 | Loss 0.4114 | LR 6.0624e-07
2026-02-28 03:28:26 INFO Epoch 3 | Step 8660/15377 | Loss 0.4113 | LR 6.0719e-07
2026-02-28 03:28:50 INFO Epoch 3 | Step 8680/15377 | Loss 0.4112 | LR 6.0814e-07
2026-02-28 03:29:15 INFO Epoch 3 | Step 8700/15377 | Loss 0.4111 | LR 6.0909e-07
2026-02-28 03:29:39 INFO Epoch 3 | Step 8720/15377 | Loss 0.4111 | LR 6.1005e-07
2026-02-28 03:30:04 INFO Epoch 3 | Step 8740/15377 | Loss 0.4110 | LR 6.1100e-07
2026-02-28 03:30:28 INFO Epoch 3 | Step 8760/15377 | Loss 0.4109 | LR 6.1196e-07
2026-02-28 03:30:53 INFO Epoch 3 | Step 8780/15377 | Loss 0.4108 | LR 6.1292e-07
2026-02-28 03:31:17 INFO Epoch 3 | Step 8800/15377 | Loss 0.4108 | LR 6.1389e-07
2026-02-28 03:31:42 INFO Epoch 3 | Step 8820/15377 | Loss 0.4108 | LR 6.1485e-07
2026-02-28 03:32:06 INFO Epoch 3 | Step 8840/15377 | Loss 0.4107 | LR 6.1582e-07
2026-02-28 03:32:31 INFO Epoch 3 | Step 8860/15377 | Loss 0.4106 | LR 6.1679e-07
2026-02-28 03:32:55 INFO Epoch 3 | Step 8880/15377 | Loss 0.4105 | LR 6.1777e-07
2026-02-28 03:33:20 INFO Epoch 3 | Step 8900/15377 | Loss 0.4104 | LR 6.1874e-07
2026-02-28 03:33:44 INFO Epoch 3 | Step 8920/15377 | Loss 0.4103 | LR 6.1972e-07
2026-02-28 03:34:09 INFO Epoch 3 | Step 8940/15377 | Loss 0.4102 | LR 6.2070e-07
2026-02-28 03:34:33 INFO Epoch 3 | Step 8960/15377 | Loss 0.4102 | LR 6.2168e-07
2026-02-28 03:34:58 INFO Epoch 3 | Step 8980/15377 | Loss 0.4101 | LR 6.2266e-07
2026-02-28 03:35:22 INFO Epoch 3 | Step 9000/15377 | Loss 0.4101 | LR 6.2364e-07
2026-02-28 03:35:47 INFO Epoch 3 | Step 9020/15377 | Loss 0.4100 | LR 6.2463e-07
2026-02-28 03:36:11 INFO Epoch 3 | Step 9040/15377 | Loss 0.4099 | LR 6.2562e-07
2026-02-28 03:36:36 INFO Epoch 3 | Step 9060/15377 | Loss 0.4098 | LR 6.2661e-07
2026-02-28 03:37:00 INFO Epoch 3 | Step 9080/15377 | Loss 0.4097 | LR 6.2761e-07
2026-02-28 03:37:25 INFO Epoch 3 | Step 9100/15377 | Loss 0.4097 | LR 6.2860e-07
2026-02-28 03:37:49 INFO Epoch 3 | Step 9120/15377 | Loss 0.4096 | LR 6.2960e-07
2026-02-28 03:38:14 INFO Epoch 3 | Step 9140/15377 | Loss 0.4096 | LR 6.3060e-07
2026-02-28 03:38:38 INFO Epoch 3 | Step 9160/15377 | Loss 0.4095 | LR 6.3160e-07
2026-02-28 03:39:03 INFO Epoch 3 | Step 9180/15377 | Loss 0.4094 | LR 6.3261e-07
2026-02-28 03:39:27 INFO Epoch 3 | Step 9200/15377 | Loss 0.4093 | LR 6.3361e-07
2026-02-28 03:39:52 INFO Epoch 3 | Step 9220/15377 | Loss 0.4092 | LR 6.3462e-07
2026-02-28 03:40:17 INFO Epoch 3 | Step 9240/15377 | Loss 0.4091 | LR 6.3563e-07
2026-02-28 03:40:41 INFO Epoch 3 | Step 9260/15377 | Loss 0.4091 | LR 6.3664e-07
2026-02-28 03:41:06 INFO Epoch 3 | Step 9280/15377 | Loss 0.4090 | LR 6.3766e-07
2026-02-28 03:41:30 INFO Epoch 3 | Step 9300/15377 | Loss 0.4090 | LR 6.3868e-07
2026-02-28 03:41:55 INFO Epoch 3 | Step 9320/15377 | Loss 0.4090 | LR 6.3969e-07
2026-02-28 03:42:19 INFO Epoch 3 | Step 9340/15377 | Loss 0.4090 | LR 6.4072e-07
2026-02-28 03:42:44 INFO Epoch 3 | Step 9360/15377 | Loss 0.4089 | LR 6.4174e-07
2026-02-28 03:43:08 INFO Epoch 3 | Step 9380/15377 | Loss 0.4089 | LR 6.4276e-07
2026-02-28 03:43:33 INFO Epoch 3 | Step 9400/15377 | Loss 0.4088 | LR 6.4379e-07
2026-02-28 03:43:57 INFO Epoch 3 | Step 9420/15377 | Loss 0.4087 | LR 6.4482e-07
2026-02-28 03:44:22 INFO Epoch 3 | Step 9440/15377 | Loss 0.4087 | LR 6.4585e-07
2026-02-28 03:44:46 INFO Epoch 3 | Step 9460/15377 | Loss 0.4086 | LR 6.4689e-07
2026-02-28 03:45:11 INFO Epoch 3 | Step 9480/15377 | Loss 0.4085 | LR 6.4792e-07
2026-02-28 03:45:35 INFO Epoch 3 | Step 9500/15377 | Loss 0.4084 | LR 6.4896e-07
2026-02-28 03:46:00 INFO Epoch 3 | Step 9520/15377 | Loss 0.4084 | LR 6.5000e-07
2026-02-28 03:46:24 INFO Epoch 3 | Step 9540/15377 | Loss 0.4083 | LR 6.5104e-07
2026-02-28 03:46:49 INFO Epoch 3 | Step 9560/15377 | Loss 0.4083 | LR 6.5209e-07
2026-02-28 03:47:14 INFO Epoch 3 | Step 9580/15377 | Loss 0.4082 | LR 6.5313e-07
2026-02-28 03:47:38 INFO Epoch 3 | Step 9600/15377 | Loss 0.4082 | LR 6.5418e-07
2026-02-28 03:48:03 INFO Epoch 3 | Step 9620/15377 | Loss 0.4082 | LR 6.5523e-07
2026-02-28 03:48:27 INFO Epoch 3 | Step 9640/15377 | Loss 0.4081 | LR 6.5629e-07
2026-02-28 03:48:52 INFO Epoch 3 | Step 9660/15377 | Loss 0.4080 | LR 6.5734e-07
2026-02-28 03:49:17 INFO Epoch 3 | Step 9680/15377 | Loss 0.4080 | LR 6.5840e-07
2026-02-28 03:49:41 INFO Epoch 3 | Step 9700/15377 | Loss 0.4080 | LR 6.5946e-07
2026-02-28 03:50:06 INFO Epoch 3 | Step 9720/15377 | Loss 0.4079 | LR 6.6052e-07
2026-02-28 03:50:30 INFO Epoch 3 | Step 9740/15377 | Loss 0.4078 | LR 6.6158e-07
2026-02-28 03:50:55 INFO Epoch 3 | Step 9760/15377 | Loss 0.4078 | LR 6.6265e-07
2026-02-28 03:51:19 INFO Epoch 3 | Step 9780/15377 | Loss 0.4078 | LR 6.6372e-07
2026-02-28 03:51:44 INFO Epoch 3 | Step 9800/15377 | Loss 0.4077 | LR 6.6478e-07
2026-02-28 03:52:09 INFO Epoch 3 | Step 9820/15377 | Loss 0.4076 | LR 6.6586e-07
2026-02-28 03:52:33 INFO Epoch 3 | Step 9840/15377 | Loss 0.4075 | LR 6.6693e-07
2026-02-28 03:52:58 INFO Epoch 3 | Step 9860/15377 | Loss 0.4075 | LR 6.6801e-07
2026-02-28 03:53:22 INFO Epoch 3 | Step 9880/15377 | Loss 0.4074 | LR 6.6908e-07
2026-02-28 03:53:47 INFO Epoch 3 | Step 9900/15377 | Loss 0.4074 | LR 6.7016e-07
2026-02-28 03:54:11 INFO Epoch 3 | Step 9920/15377 | Loss 0.4073 | LR 6.7125e-07
2026-02-28 03:54:36 INFO Epoch 3 | Step 9940/15377 | Loss 0.4072 | LR 6.7233e-07
2026-02-28 03:55:00 INFO Epoch 3 | Step 9960/15377 | Loss 0.4071 | LR 6.7342e-07
2026-02-28 03:55:25 INFO Epoch 3 | Step 9980/15377 | Loss 0.4070 | LR 6.7451e-07
2026-02-28 03:55:50 INFO Epoch 3 | Step 10000/15377 | Loss 0.4070 | LR 6.7560e-07
2026-02-28 03:56:14 INFO Epoch 3 | Step 10020/15377 | Loss 0.4070 | LR 6.7669e-07
2026-02-28 03:56:39 INFO Epoch 3 | Step 10040/15377 | Loss 0.4070 | LR 6.7778e-07
2026-02-28 03:57:04 INFO Epoch 3 | Step 10060/15377 | Loss 0.4070 | LR 6.7888e-07
2026-02-28 03:57:28 INFO Epoch 3 | Step 10080/15377 | Loss 0.4070 | LR 6.7998e-07
2026-02-28 03:57:53 INFO Epoch 3 | Step 10100/15377 | Loss 0.4070 | LR 6.8108e-07
2026-02-28 03:58:17 INFO Epoch 3 | Step 10120/15377 | Loss 0.4070 | LR 6.8218e-07
2026-02-28 03:58:42 INFO Epoch 3 | Step 10140/15377 | Loss 0.4069 | LR 6.8329e-07
2026-02-28 03:59:06 INFO Epoch 3 | Step 10160/15377 | Loss 0.4069 | LR 6.8440e-07
2026-02-28 03:59:31 INFO Epoch 3 | Step 10180/15377 | Loss 0.4067 | LR 6.8551e-07
2026-02-28 03:59:56 INFO Epoch 3 | Step 10200/15377 | Loss 0.4067 | LR 6.8662e-07
2026-02-28 04:00:20 INFO Epoch 3 | Step 10220/15377 | Loss 0.4066 | LR 6.8773e-07
2026-02-28 04:00:45 INFO Epoch 3 | Step 10240/15377 | Loss 0.4065 | LR 6.8885e-07
2026-02-28 04:01:09 INFO Epoch 3 | Step 10260/15377 | Loss 0.4065 | LR 6.8997e-07
2026-02-28 04:01:34 INFO Epoch 3 | Step 10280/15377 | Loss 0.4065 | LR 6.9109e-07
2026-02-28 04:01:59 INFO Epoch 3 | Step 10300/15377 | Loss 0.4064 | LR 6.9221e-07
2026-02-28 04:02:23 INFO Epoch 3 | Step 10320/15377 | Loss 0.4063 | LR 6.9333e-07
2026-02-28 04:02:48 INFO Epoch 3 | Step 10340/15377 | Loss 0.4063 | LR 6.9446e-07
2026-02-28 04:03:12 INFO Epoch 3 | Step 10360/15377 | Loss 0.4062 | LR 6.9559e-07
2026-02-28 04:03:37 INFO Epoch 3 | Step 10380/15377 | Loss 0.4062 | LR 6.9672e-07
2026-02-28 04:04:01 INFO Epoch 3 | Step 10400/15377 | Loss 0.4061 | LR 6.9785e-07
2026-02-28 04:04:26 INFO Epoch 3 | Step 10420/15377 | Loss 0.4060 | LR 6.9898e-07
2026-02-28 04:04:51 INFO Epoch 3 | Step 10440/15377 | Loss 0.4059 | LR 7.0012e-07
2026-02-28 04:05:15 INFO Epoch 3 | Step 10460/15377 | Loss 0.4059 | LR 7.0126e-07
2026-02-28 04:05:40 INFO Epoch 3 | Step 10480/15377 | Loss 0.4058 | LR 7.0240e-07
2026-02-28 04:06:05 INFO Epoch 3 | Step 10500/15377 | Loss 0.4058 | LR 7.0354e-07
2026-02-28 04:06:29 INFO Epoch 3 | Step 10520/15377 | Loss 0.4058 | LR 7.0469e-07
2026-02-28 04:06:54 INFO Epoch 3 | Step 10540/15377 | Loss 0.4057 | LR 7.0584e-07
2026-02-28 04:07:18 INFO Epoch 3 | Step 10560/15377 | Loss 0.4056 | LR 7.0699e-07
2026-02-28 04:07:43 INFO Epoch 3 | Step 10580/15377 | Loss 0.4056 | LR 7.0814e-07
2026-02-28 04:08:07 INFO Epoch 3 | Step 10600/15377 | Loss 0.4055 | LR 7.0929e-07
2026-02-28 04:08:32 INFO Epoch 3 | Step 10620/15377 | Loss 0.4054 | LR 7.1045e-07
2026-02-28 04:08:56 INFO Epoch 3 | Step 10640/15377 | Loss 0.4053 | LR 7.1160e-07
2026-02-28 04:09:21 INFO Epoch 3 | Step 10660/15377 | Loss 0.4053 | LR 7.1276e-07
2026-02-28 04:09:45 INFO Epoch 3 | Step 10680/15377 | Loss 0.4052 | LR 7.1392e-07
2026-02-28 04:10:10 INFO Epoch 3 | Step 10700/15377 | Loss 0.4052 | LR 7.1509e-07
2026-02-28 04:10:34 INFO Epoch 3 | Step 10720/15377 | Loss 0.4051 | LR 7.1625e-07
2026-02-28 04:10:58 INFO Epoch 3 | Step 10740/15377 | Loss 0.4050 | LR 7.1742e-07
2026-02-28 04:11:23 INFO Epoch 3 | Step 10760/15377 | Loss 0.4049 | LR 7.1859e-07
2026-02-28 04:11:48 INFO Epoch 3 | Step 10780/15377 | Loss 0.4048 | LR 7.1976e-07
2026-02-28 04:12:12 INFO Epoch 3 | Step 10800/15377 | Loss 0.4048 | LR 7.2094e-07
2026-02-28 04:12:37 INFO Epoch 3 | Step 10820/15377 | Loss 0.4048 | LR 7.2211e-07
2026-02-28 04:13:01 INFO Epoch 3 | Step 10840/15377 | Loss 0.4047 | LR 7.2329e-07
2026-02-28 04:13:26 INFO Epoch 3 | Step 10860/15377 | Loss 0.4047 | LR 7.2447e-07
2026-02-28 04:13:50 INFO Epoch 3 | Step 10880/15377 | Loss 0.4047 | LR 7.2566e-07
2026-02-28 04:14:15 INFO Epoch 3 | Step 10900/15377 | Loss 0.4046 | LR 7.2684e-07
2026-02-28 04:14:39 INFO Epoch 3 | Step 10920/15377 | Loss 0.4046 | LR 7.2803e-07
2026-02-28 04:15:04 INFO Epoch 3 | Step 10940/15377 | Loss 0.4046 | LR 7.2922e-07
2026-02-28 04:15:28 INFO Epoch 3 | Step 10960/15377 | Loss 0.4045 | LR 7.3041e-07
2026-02-28 04:15:53 INFO Epoch 3 | Step 10980/15377 | Loss 0.4044 | LR 7.3160e-07
2026-02-28 04:16:17 INFO Epoch 3 | Step 11000/15377 | Loss 0.4043 | LR 7.3279e-07
2026-02-28 04:16:42 INFO Epoch 3 | Step 11020/15377 | Loss 0.4043 | LR 7.3399e-07
2026-02-28 04:17:07 INFO Epoch 3 | Step 11040/15377 | Loss 0.4042 | LR 7.3519e-07
2026-02-28 04:17:31 INFO Epoch 3 | Step 11060/15377 | Loss 0.4041 | LR 7.3639e-07
2026-02-28 04:17:56 INFO Epoch 3 | Step 11080/15377 | Loss 0.4040 | LR 7.3760e-07
2026-02-28 04:18:20 INFO Epoch 3 | Step 11100/15377 | Loss 0.4040 | LR 7.3880e-07
2026-02-28 04:18:45 INFO Epoch 3 | Step 11120/15377 | Loss 0.4040 | LR 7.4001e-07
2026-02-28 04:19:10 INFO Epoch 3 | Step 11140/15377 | Loss 0.4040 | LR 7.4122e-07
2026-02-28 04:19:34 INFO Epoch 3 | Step 11160/15377 | Loss 0.4040 | LR 7.4243e-07
2026-02-28 04:19:59 INFO Epoch 3 | Step 11180/15377 | Loss 0.4039 | LR 7.4364e-07
2026-02-28 04:20:23 INFO Epoch 3 | Step 11200/15377 | Loss 0.4038 | LR 7.4486e-07
2026-02-28 04:20:48 INFO Epoch 3 | Step 11220/15377 | Loss 0.4039 | LR 7.4608e-07
2026-02-28 04:21:12 INFO Epoch 3 | Step 11240/15377 | Loss 0.4038 | LR 7.4730e-07
2026-02-28 04:21:37 INFO Epoch 3 | Step 11260/15377 | Loss 0.4037 | LR 7.4852e-07
2026-02-28 04:22:02 INFO Epoch 3 | Step 11280/15377 | Loss 0.4036 | LR 7.4974e-07
2026-02-28 04:22:26 INFO Epoch 3 | Step 11300/15377 | Loss 0.4036 | LR 7.5097e-07
2026-02-28 04:22:51 INFO Epoch 3 | Step 11320/15377 | Loss 0.4035 | LR 7.5220e-07
2026-02-28 04:23:15 INFO Epoch 3 | Step 11340/15377 | Loss 0.4034 | LR 7.5343e-07
2026-02-28 04:23:40 INFO Epoch 3 | Step 11360/15377 | Loss 0.4034 | LR 7.5466e-07
2026-02-28 04:24:04 INFO Epoch 3 | Step 11380/15377 | Loss 0.4035 | LR 7.5589e-07
2026-02-28 04:24:29 INFO Epoch 3 | Step 11400/15377 | Loss 0.4034 | LR 7.5713e-07
2026-02-28 04:24:53 INFO Epoch 3 | Step 11420/15377 | Loss 0.4034 | LR 7.5837e-07
2026-02-28 04:25:18 INFO Epoch 3 | Step 11440/15377 | Loss 0.4033 | LR 7.5961e-07
2026-02-28 04:25:42 INFO Epoch 3 | Step 11460/15377 | Loss 0.4032 | LR 7.6085e-07
2026-02-28 04:26:07 INFO Epoch 3 | Step 11480/15377 | Loss 0.4032 | LR 7.6209e-07
2026-02-28 04:26:31 INFO Epoch 3 | Step 11500/15377 | Loss 0.4032 | LR 7.6334e-07
2026-02-28 04:26:56 INFO Epoch 3 | Step 11520/15377 | Loss 0.4031 | LR 7.6459e-07
2026-02-28 04:27:20 INFO Epoch 3 | Step 11540/15377 | Loss 0.4031 | LR 7.6584e-07
2026-02-28 04:27:45 INFO Epoch 3 | Step 11560/15377 | Loss 0.4030 | LR 7.6709e-07
2026-02-28 04:28:09 INFO Epoch 3 | Step 11580/15377 | Loss 0.4030 | LR 7.6835e-07
2026-02-28 04:28:34 INFO Epoch 3 | Step 11600/15377 | Loss 0.4029 | LR 7.6960e-07
2026-02-28 04:28:58 INFO Epoch 3 | Step 11620/15377 | Loss 0.4029 | LR 7.7086e-07
2026-02-28 04:29:23 INFO Epoch 3 | Step 11640/15377 | Loss 0.4028 | LR 7.7212e-07
2026-02-28 04:29:47 INFO Epoch 3 | Step 11660/15377 | Loss 0.4028 | LR 7.7339e-07
2026-02-28 04:30:12 INFO Epoch 3 | Step 11680/15377 | Loss 0.4028 | LR 7.7465e-07
2026-02-28 04:30:36 INFO Epoch 3 | Step 11700/15377 | Loss 0.4028 | LR 7.7592e-07
2026-02-28 04:31:01 INFO Epoch 3 | Step 11720/15377 | Loss 0.4027 | LR 7.7719e-07
2026-02-28 04:31:25 INFO Epoch 3 | Step 11740/15377 | Loss 0.4027 | LR 7.7846e-07
2026-02-28 04:31:50 INFO Epoch 3 | Step 11760/15377 | Loss 0.4026 | LR 7.7973e-07
2026-02-28 04:32:14 INFO Epoch 3 | Step 11780/15377 | Loss 0.4025 | LR 7.8101e-07
2026-02-28 04:32:39 INFO Epoch 3 | Step 11800/15377 | Loss 0.4025 | LR 7.8229e-07
2026-02-28 04:33:03 INFO Epoch 3 | Step 11820/15377 | Loss 0.4024 | LR 7.8356e-07
2026-02-28 04:33:28 INFO Epoch 3 | Step 11840/15377 | Loss 0.4024 | LR 7.8485e-07
2026-02-28 04:33:53 INFO Epoch 3 | Step 11860/15377 | Loss 0.4023 | LR 7.8613e-07
2026-02-28 04:34:17 INFO Epoch 3 | Step 11880/15377 | Loss 0.4023 | LR 7.8742e-07
2026-02-28 04:34:42 INFO Epoch 3 | Step 11900/15377 | Loss 0.4023 | LR 7.8870e-07
2026-02-28 04:35:06 INFO Epoch 3 | Step 11920/15377 | Loss 0.4022 | LR 7.8999e-07
2026-02-28 04:35:31 INFO Epoch 3 | Step 11940/15377 | Loss 0.4021 | LR 7.9128e-07
2026-02-28 04:35:55 INFO Epoch 3 | Step 11960/15377 | Loss 0.4020 | LR 7.9258e-07
2026-02-28 04:36:20 INFO Epoch 3 | Step 11980/15377 | Loss 0.4021 | LR 7.9387e-07
2026-02-28 04:36:44 INFO Epoch 3 | Step 12000/15377 | Loss 0.4020 | LR 7.9517e-07
2026-02-28 04:37:09 INFO Epoch 3 | Step 12020/15377 | Loss 0.4019 | LR 7.9647e-07
2026-02-28 04:37:33 INFO Epoch 3 | Step 12040/15377 | Loss 0.4019 | LR 7.9777e-07
2026-02-28 04:37:58 INFO Epoch 3 | Step 12060/15377 | Loss 0.4019 | LR 7.9908e-07
2026-02-28 04:38:22 INFO Epoch 3 | Step 12080/15377 | Loss 0.4018 | LR 8.0038e-07
2026-02-28 04:38:47 INFO Epoch 3 | Step 12100/15377 | Loss 0.4018 | LR 8.0169e-07
2026-02-28 04:39:11 INFO Epoch 3 | Step 12120/15377 | Loss 0.4018 | LR 8.0300e-07
2026-02-28 04:39:36 INFO Epoch 3 | Step 12140/15377 | Loss 0.4017 | LR 8.0431e-07
2026-02-28 04:40:00 INFO Epoch 3 | Step 12160/15377 | Loss 0.4017 | LR 8.0563e-07
2026-02-28 04:40:25 INFO Epoch 3 | Step 12180/15377 | Loss 0.4016 | LR 8.0694e-07
2026-02-28 04:40:49 INFO Epoch 3 | Step 12200/15377 | Loss 0.4016 | LR 8.0826e-07
2026-02-28 04:41:14 INFO Epoch 3 | Step 12220/15377 | Loss 0.4016 | LR 8.0958e-07
2026-02-28 04:41:38 INFO Epoch 3 | Step 12240/15377 | Loss 0.4015 | LR 8.1091e-07
2026-02-28 04:42:03 INFO Epoch 3 | Step 12260/15377 | Loss 0.4015 | LR 8.1223e-07
2026-02-28 04:42:27 INFO Epoch 3 | Step 12280/15377 | Loss 0.4014 | LR 8.1356e-07
2026-02-28 04:42:52 INFO Epoch 3 | Step 12300/15377 | Loss 0.4013 | LR 8.1488e-07
2026-02-28 04:43:16 INFO Epoch 3 | Step 12320/15377 | Loss 0.4013 | LR 8.1621e-07
2026-02-28 04:43:41 INFO Epoch 3 | Step 12340/15377 | Loss 0.4012 | LR 8.1755e-07
2026-02-28 04:44:05 INFO Epoch 3 | Step 12360/15377 | Loss 0.4012 | LR 8.1888e-07
2026-02-28 04:44:30 INFO Epoch 3 | Step 12380/15377 | Loss 0.4011 | LR 8.2022e-07
2026-02-28 04:44:54 INFO Epoch 3 | Step 12400/15377 | Loss 0.4011 | LR 8.2156e-07
2026-02-28 04:45:19 INFO Epoch 3 | Step 12420/15377 | Loss 0.4010 | LR 8.2290e-07
2026-02-28 04:45:43 INFO Epoch 3 | Step 12440/15377 | Loss 0.4010 | LR 8.2424e-07
2026-02-28 04:46:08 INFO Epoch 3 | Step 12460/15377 | Loss 0.4010 | LR 8.2558e-07
2026-02-28 04:46:32 INFO Epoch 3 | Step 12480/15377 | Loss 0.4009 | LR 8.2693e-07
2026-02-28 04:46:57 INFO Epoch 3 | Step 12500/15377 | Loss 0.4009 | LR 8.2828e-07
2026-02-28 04:47:21 INFO Epoch 3 | Step 12520/15377 | Loss 0.4008 | LR 8.2963e-07
2026-02-28 04:47:46 INFO Epoch 3 | Step 12540/15377 | Loss 0.4008 | LR 8.3098e-07
2026-02-28 04:48:11 INFO Epoch 3 | Step 12560/15377 | Loss 0.4007 | LR 8.3234e-07
2026-02-28 04:48:35 INFO Epoch 3 | Step 12580/15377 | Loss 0.4007 | LR 8.3370e-07
2026-02-28 04:49:00 INFO Epoch 3 | Step 12600/15377 | Loss 0.4007 | LR 8.3505e-07
2026-02-28 04:49:24 INFO Epoch 3 | Step 12620/15377 | Loss 0.4006 | LR 8.3642e-07
2026-02-28 04:49:49 INFO Epoch 3 | Step 12640/15377 | Loss 0.4006 | LR 8.3778e-07
2026-02-28 04:50:14 INFO Epoch 3 | Step 12660/15377 | Loss 0.4005 | LR 8.3914e-07
2026-02-28 04:50:38 INFO Epoch 3 | Step 12680/15377 | Loss 0.4005 | LR 8.4051e-07
2026-02-28 04:51:03 INFO Epoch 3 | Step 12700/15377 | Loss 0.4004 | LR 8.4188e-07
2026-02-28 04:51:27 INFO Epoch 3 | Step 12720/15377 | Loss 0.4004 | LR 8.4325e-07
2026-02-28 04:51:52 INFO Epoch 3 | Step 12740/15377 | Loss 0.4003 | LR 8.4462e-07
2026-02-28 04:52:16 INFO Epoch 3 | Step 12760/15377 | Loss 0.4003 | LR 8.4600e-07
2026-02-28 04:52:41 INFO Epoch 3 | Step 12780/15377 | Loss 0.4003 | LR 8.4738e-07
2026-02-28 04:53:05 INFO Epoch 3 | Step 12800/15377 | Loss 0.4002 | LR 8.4875e-07
2026-02-28 04:53:30 INFO Epoch 3 | Step 12820/15377 | Loss 0.4002 | LR 8.5014e-07
2026-02-28 04:53:54 INFO Epoch 3 | Step 12840/15377 | Loss 0.4001 | LR 8.5152e-07
2026-02-28 04:54:19 INFO Epoch 3 | Step 12860/15377 | Loss 0.4001 | LR 8.5290e-07
2026-02-28 04:54:43 INFO Epoch 3 | Step 12880/15377 | Loss 0.4000 | LR 8.5429e-07
2026-02-28 04:55:08 INFO Epoch 3 | Step 12900/15377 | Loss 0.4000 | LR 8.5568e-07
2026-02-28 04:55:32 INFO Epoch 3 | Step 12920/15377 | Loss 0.3999 | LR 8.5707e-07
2026-02-28 04:55:57 INFO Epoch 3 | Step 12940/15377 | Loss 0.3999 | LR 8.5846e-07
2026-02-28 04:56:21 INFO Epoch 3 | Step 12960/15377 | Loss 0.3999 | LR 8.5986e-07
2026-02-28 04:56:46 INFO Epoch 3 | Step 12980/15377 | Loss 0.3999 | LR 8.6126e-07
2026-02-28 04:57:10 INFO Epoch 3 | Step 13000/15377 | Loss 0.3999 | LR 8.6266e-07
2026-02-28 04:57:35 INFO Epoch 3 | Step 13020/15377 | Loss 0.3998 | LR 8.6406e-07
2026-02-28 04:57:59 INFO Epoch 3 | Step 13040/15377 | Loss 0.3998 | LR 8.6546e-07
2026-02-28 04:58:24 INFO Epoch 3 | Step 13060/15377 | Loss 0.3998 | LR 8.6687e-07
2026-02-28 04:58:48 INFO Epoch 3 | Step 13080/15377 | Loss 0.3997 | LR 8.6827e-07
2026-02-28 04:59:13 INFO Epoch 3 | Step 13100/15377 | Loss 0.3997 | LR 8.6968e-07
2026-02-28 04:59:37 INFO Epoch 3 | Step 13120/15377 | Loss 0.3997 | LR 8.7109e-07
2026-02-28 05:00:02 INFO Epoch 3 | Step 13140/15377 | Loss 0.3997 | LR 8.7251e-07
2026-02-28 05:00:26 INFO Epoch 3 | Step 13160/15377 | Loss 0.3997 | LR 8.7392e-07
2026-02-28 05:00:51 INFO Epoch 3 | Step 13180/15377 | Loss 0.3996 | LR 8.7534e-07
2026-02-28 05:01:15 INFO Epoch 3 | Step 13200/15377 | Loss 0.3996 | LR 8.7676e-07
2026-02-28 05:01:40 INFO Epoch 3 | Step 13220/15377 | Loss 0.3996 | LR 8.7818e-07
2026-02-28 05:02:04 INFO Epoch 3 | Step 13240/15377 | Loss 0.3995 | LR 8.7960e-07
2026-02-28 05:02:29 INFO Epoch 3 | Step 13260/15377 | Loss 0.3995 | LR 8.8103e-07
2026-02-28 05:02:53 INFO Epoch 3 | Step 13280/15377 | Loss 0.3994 | LR 8.8246e-07
2026-02-28 05:03:18 INFO Epoch 3 | Step 13300/15377 | Loss 0.3994 | LR 8.8389e-07
2026-02-28 05:03:42 INFO Epoch 3 | Step 13320/15377 | Loss 0.3993 | LR 8.8532e-07
2026-02-28 05:04:07 INFO Epoch 3 | Step 13340/15377 | Loss 0.3993 | LR 8.8675e-07
2026-02-28 05:04:31 INFO Epoch 3 | Step 13360/15377 | Loss 0.3993 | LR 8.8819e-07
2026-02-28 05:04:56 INFO Epoch 3 | Step 13380/15377 | Loss 0.3993 | LR 8.8962e-07
2026-02-28 05:05:21 INFO Epoch 3 | Step 13400/15377 | Loss 0.3992 | LR 8.9106e-07
2026-02-28 05:05:45 INFO Epoch 3 | Step 13420/15377 | Loss 0.3992 | LR 8.9250e-07
2026-02-28 05:06:10 INFO Epoch 3 | Step 13440/15377 | Loss 0.3993 | LR 8.9395e-07
2026-02-28 05:06:34 INFO Epoch 3 | Step 13460/15377 | Loss 0.3992 | LR 8.9539e-07
2026-02-28 05:06:58 INFO Epoch 3 | Step 13480/15377 | Loss 0.3992 | LR 8.9684e-07
2026-02-28 05:07:23 INFO Epoch 3 | Step 13500/15377 | Loss 0.3991 | LR 8.9829e-07
2026-02-28 05:07:48 INFO Epoch 3 | Step 13520/15377 | Loss 0.3991 | LR 8.9974e-07
2026-02-28 05:08:12 INFO Epoch 3 | Step 13540/15377 | Loss 0.3990 | LR 9.0119e-07
2026-02-28 05:08:37 INFO Epoch 3 | Step 13560/15377 | Loss 0.3989 | LR 9.0265e-07
2026-02-28 05:09:01 INFO Epoch 3 | Step 13580/15377 | Loss 0.3989 | LR 9.0411e-07
2026-02-28 05:09:26 INFO Epoch 3 | Step 13600/15377 | Loss 0.3989 | LR 9.0557e-07
2026-02-28 05:09:50 INFO Epoch 3 | Step 13620/15377 | Loss 0.3988 | LR 9.0703e-07
2026-02-28 05:10:15 INFO Epoch 3 | Step 13640/15377 | Loss 0.3988 | LR 9.0849e-07
2026-02-28 05:10:39 INFO Epoch 3 | Step 13660/15377 | Loss 0.3987 | LR 9.0995e-07
2026-02-28 05:11:04 INFO Epoch 3 | Step 13680/15377 | Loss 0.3986 | LR 9.1142e-07
2026-02-28 05:11:28 INFO Epoch 3 | Step 13700/15377 | Loss 0.3986 | LR 9.1289e-07
2026-02-28 05:11:53 INFO Epoch 3 | Step 13720/15377 | Loss 0.3985 | LR 9.1436e-07
2026-02-28 05:12:17 INFO Epoch 3 | Step 13740/15377 | Loss 0.3985 | LR 9.1584e-07
2026-02-28 05:12:42 INFO Epoch 3 | Step 13760/15377 | Loss 0.3985 | LR 9.1731e-07
2026-02-28 05:13:06 INFO Epoch 3 | Step 13780/15377 | Loss 0.3984 | LR 9.1879e-07
2026-02-28 05:13:31 INFO Epoch 3 | Step 13800/15377 | Loss 0.3984 | LR 9.2027e-07
2026-02-28 05:13:55 INFO Epoch 3 | Step 13820/15377 | Loss 0.3984 | LR 9.2175e-07
2026-02-28 05:14:20 INFO Epoch 3 | Step 13840/15377 | Loss 0.3983 | LR 9.2323e-07
2026-02-28 05:14:45 INFO Epoch 3 | Step 13860/15377 | Loss 0.3983 | LR 9.2472e-07
2026-02-28 05:15:10 INFO Epoch 3 | Step 13880/15377 | Loss 0.3982 | LR 9.2620e-07
2026-02-28 05:15:34 INFO Epoch 3 | Step 13900/15377 | Loss 0.3982 | LR 9.2769e-07
2026-02-28 05:15:59 INFO Epoch 3 | Step 13920/15377 | Loss 0.3982 | LR 9.2918e-07
2026-02-28 05:16:24 INFO Epoch 3 | Step 13940/15377 | Loss 0.3981 | LR 9.3068e-07
2026-02-28 05:16:49 INFO Epoch 3 | Step 13960/15377 | Loss 0.3981 | LR 9.3217e-07
2026-02-28 05:17:14 INFO Epoch 3 | Step 13980/15377 | Loss 0.3980 | LR 9.3367e-07
2026-02-28 05:17:38 INFO Epoch 3 | Step 14000/15377 | Loss 0.3980 | LR 9.3517e-07
2026-02-28 05:18:03 INFO Epoch 3 | Step 14020/15377 | Loss 0.3980 | LR 9.3667e-07
2026-02-28 05:18:28 INFO Epoch 3 | Step 14040/15377 | Loss 0.3979 | LR 9.3817e-07
2026-02-28 05:18:53 INFO Epoch 3 | Step 14060/15377 | Loss 0.3979 | LR 9.3968e-07
2026-02-28 05:19:18 INFO Epoch 3 | Step 14080/15377 | Loss 0.3978 | LR 9.4118e-07
2026-02-28 05:19:42 INFO Epoch 3 | Step 14100/15377 | Loss 0.3978 | LR 9.4269e-07
2026-02-28 05:20:07 INFO Epoch 3 | Step 14120/15377 | Loss 0.3978 | LR 9.4420e-07
2026-02-28 05:20:32 INFO Epoch 3 | Step 14140/15377 | Loss 0.3977 | LR 9.4572e-07
2026-02-28 05:20:57 INFO Epoch 3 | Step 14160/15377 | Loss 0.3977 | LR 9.4723e-07
2026-02-28 05:21:21 INFO Epoch 3 | Step 14180/15377 | Loss 0.3977 | LR 9.4875e-07
2026-02-28 05:21:46 INFO Epoch 3 | Step 14200/15377 | Loss 0.3977 | LR 9.5027e-07
2026-02-28 05:22:11 INFO Epoch 3 | Step 14220/15377 | Loss 0.3976 | LR 9.5179e-07
2026-02-28 05:22:35 INFO Epoch 3 | Step 14240/15377 | Loss 0.3976 | LR 9.5331e-07
2026-02-28 05:23:00 INFO Epoch 3 | Step 14260/15377 | Loss 0.3975 | LR 9.5483e-07
2026-02-28 05:23:25 INFO Epoch 3 | Step 14280/15377 | Loss 0.3975 | LR 9.5636e-07
2026-02-28 05:23:50 INFO Epoch 3 | Step 14300/15377 | Loss 0.3974 | LR 9.5789e-07
2026-02-28 05:24:14 INFO Epoch 3 | Step 14320/15377 | Loss 0.3974 | LR 9.5942e-07
2026-02-28 05:24:39 INFO Epoch 3 | Step 14340/15377 | Loss 0.3973 | LR 9.6095e-07
2026-02-28 05:25:04 INFO Epoch 3 | Step 14360/15377 | Loss 0.3973 | LR 9.6249e-07
2026-02-28 05:25:29 INFO Epoch 3 | Step 14380/15377 | Loss 0.3972 | LR 9.6402e-07
2026-02-28 05:25:53 INFO Epoch 3 | Step 14400/15377 | Loss 0.3972 | LR 9.6556e-07
2026-02-28 05:26:18 INFO Epoch 3 | Step 14420/15377 | Loss 0.3972 | LR 9.6710e-07
2026-02-28 05:26:43 INFO Epoch 3 | Step 14440/15377 | Loss 0.3971 | LR 9.6865e-07
2026-02-28 05:27:08 INFO Epoch 3 | Step 14460/15377 | Loss 0.3971 | LR 9.7019e-07
2026-02-28 05:27:33 INFO Epoch 3 | Step 14480/15377 | Loss 0.3970 | LR 9.7174e-07
2026-02-28 05:27:58 INFO Epoch 3 | Step 14500/15377 | Loss 0.3970 | LR 9.7328e-07
2026-02-28 05:28:22 INFO Epoch 3 | Step 14520/15377 | Loss 0.3969 | LR 9.7483e-07
2026-02-28 05:28:47 INFO Epoch 3 | Step 14540/15377 | Loss 0.3969 | LR 9.7639e-07
2026-02-28 05:29:12 INFO Epoch 3 | Step 14560/15377 | Loss 0.3969 | LR 9.7794e-07
2026-02-28 05:29:36 INFO Epoch 3 | Step 14580/15377 | Loss 0.3968 | LR 9.7950e-07
2026-02-28 05:30:01 INFO Epoch 3 | Step 14600/15377 | Loss 0.3968 | LR 9.8105e-07
2026-02-28 05:30:26 INFO Epoch 3 | Step 14620/15377 | Loss 0.3968 | LR 9.8261e-07
2026-02-28 05:30:51 INFO Epoch 3 | Step 14640/15377 | Loss 0.3968 | LR 9.8418e-07
2026-02-28 05:31:15 INFO Epoch 3 | Step 14660/15377 | Loss 0.3967 | LR 9.8574e-07
2026-02-28 05:31:40 INFO Epoch 3 | Step 14680/15377 | Loss 0.3967 | LR 9.8731e-07
2026-02-28 05:32:05 INFO Epoch 3 | Step 14700/15377 | Loss 0.3966 | LR 9.8887e-07
2026-02-28 05:32:30 INFO Epoch 3 | Step 14720/15377 | Loss 0.3966 | LR 9.9044e-07
2026-02-28 05:32:55 INFO Epoch 3 | Step 14740/15377 | Loss 0.3966 | LR 9.9202e-07
2026-02-28 05:33:19 INFO Epoch 3 | Step 14760/15377 | Loss 0.3966 | LR 9.9359e-07
2026-02-28 05:33:44 INFO Epoch 3 | Step 14780/15377 | Loss 0.3965 | LR 9.9516e-07
2026-02-28 05:34:09 INFO Epoch 3 | Step 14800/15377 | Loss 0.3965 | LR 9.9674e-07
2026-02-28 05:34:34 INFO Epoch 3 | Step 14820/15377 | Loss 0.3965 | LR 9.9832e-07
2026-02-28 05:34:59 INFO Epoch 3 | Step 14840/15377 | Loss 0.3964 | LR 9.9990e-07
2026-02-28 05:35:24 INFO Epoch 3 | Step 14860/15377 | Loss 0.3964 | LR 1.0015e-06
2026-02-28 05:35:49 INFO Epoch 3 | Step 14880/15377 | Loss 0.3964 | LR 1.0031e-06
2026-02-28 05:36:14 INFO Epoch 3 | Step 14900/15377 | Loss 0.3963 | LR 1.0047e-06
2026-02-28 05:36:38 INFO Epoch 3 | Step 14920/15377 | Loss 0.3963 | LR 1.0062e-06
2026-02-28 05:37:03 INFO Epoch 3 | Step 14940/15377 | Loss 0.3963 | LR 1.0078e-06
2026-02-28 05:37:28 INFO Epoch 3 | Step 14960/15377 | Loss 0.3962 | LR 1.0094e-06
2026-02-28 05:37:53 INFO Epoch 3 | Step 14980/15377 | Loss 0.3961 | LR 1.0110e-06
2026-02-28 05:38:18 INFO Epoch 3 | Step 15000/15377 | Loss 0.3961 | LR 1.0126e-06
2026-02-28 05:38:43 INFO Epoch 3 | Step 15020/15377 | Loss 0.3960 | LR 1.0142e-06
2026-02-28 05:39:08 INFO Epoch 3 | Step 15040/15377 | Loss 0.3960 | LR 1.0158e-06
2026-02-28 05:39:32 INFO Epoch 3 | Step 15060/15377 | Loss 0.3960 | LR 1.0174e-06
2026-02-28 05:39:57 INFO Epoch 3 | Step 15080/15377 | Loss 0.3960 | LR 1.0190e-06
2026-02-28 05:40:22 INFO Epoch 3 | Step 15100/15377 | Loss 0.3959 | LR 1.0206e-06
2026-02-28 05:40:47 INFO Epoch 3 | Step 15120/15377 | Loss 0.3959 | LR 1.0222e-06
2026-02-28 05:41:11 INFO Epoch 3 | Step 15140/15377 | Loss 0.3959 | LR 1.0239e-06
2026-02-28 05:41:36 INFO Epoch 3 | Step 15160/15377 | Loss 0.3958 | LR 1.0255e-06
2026-02-28 05:42:01 INFO Epoch 3 | Step 15180/15377 | Loss 0.3958 | LR 1.0271e-06
2026-02-28 05:42:26 INFO Epoch 3 | Step 15200/15377 | Loss 0.3957 | LR 1.0287e-06
2026-02-28 05:42:51 INFO Epoch 3 | Step 15220/15377 | Loss 0.3957 | LR 1.0303e-06
2026-02-28 05:43:16 INFO Epoch 3 | Step 15240/15377 | Loss 0.3956 | LR 1.0319e-06
2026-02-28 05:43:41 INFO Epoch 3 | Step 15260/15377 | Loss 0.3956 | LR 1.0336e-06
2026-02-28 05:44:06 INFO Epoch 3 | Step 15280/15377 | Loss 0.3956 | LR 1.0352e-06
2026-02-28 05:44:31 INFO Epoch 3 | Step 15300/15377 | Loss 0.3955 | LR 1.0368e-06
2026-02-28 05:44:56 INFO Epoch 3 | Step 15320/15377 | Loss 0.3955 | LR 1.0384e-06
2026-02-28 05:45:20 INFO Epoch 3 | Step 15340/15377 | Loss 0.3954 | LR 1.0401e-06
2026-02-28 05:45:45 INFO Epoch 3 | Step 15360/15377 | Loss 0.3954 | LR 1.0417e-06
2026-02-28 05:46:06 INFO Epoch 3 | Step 15377/15377 | Loss 0.3953 | LR 1.0431e-06
2026-02-28 06:34:15 INFO CSV Written | Epoch: 3
2026-02-28 06:34:15 INFO Best Saved | Epoch: 3 | Monitor: val_auprc | Value: 0.1623
2026-02-28 06:34:15 INFO Epoch Done | Epoch: 3 | Time: 21780.9693 | Train Loss: 0.3953 | Val Accuracy: 0.9044 | Val AUPRC: 0.1623 | Val Auroc: 0.9295 | Val F1: 0.2520 | Val Loss: 0.3604
2026-02-28 06:34:15 INFO Epoch Start | Epoch: 4
2026-02-28 06:34:22 INFO Epoch 4 | Step 1/5125 | Loss 0.6900 | LR 1.0432e-06
2026-02-28 06:35:10 INFO Epoch 4 | Step 20/5125 | Loss 0.6165 | LR 1.0447e-06
2026-02-28 06:36:00 INFO Epoch 4 | Step 40/5125 | Loss 0.6007 | LR 1.0464e-06
2026-02-28 06:36:51 INFO Epoch 4 | Step 60/5125 | Loss 0.5971 | LR 1.0480e-06
2026-02-28 06:37:41 INFO Epoch 4 | Step 80/5125 | Loss 0.5882 | LR 1.0496e-06
2026-02-28 06:38:31 INFO Epoch 4 | Step 100/5125 | Loss 0.5813 | LR 1.0513e-06
2026-02-28 06:39:22 INFO Epoch 4 | Step 120/5125 | Loss 0.5831 | LR 1.0529e-06
2026-02-28 06:40:12 INFO Epoch 4 | Step 140/5125 | Loss 0.5812 | LR 1.0546e-06
2026-02-28 06:41:03 INFO Epoch 4 | Step 160/5125 | Loss 0.5799 | LR 1.0562e-06
2026-02-28 06:41:53 INFO Epoch 4 | Step 180/5125 | Loss 0.5771 | LR 1.0579e-06
2026-02-28 06:42:44 INFO Epoch 4 | Step 200/5125 | Loss 0.5717 | LR 1.0595e-06
2026-02-28 06:43:34 INFO Epoch 4 | Step 220/5125 | Loss 0.5686 | LR 1.0612e-06
2026-02-28 06:44:24 INFO Epoch 4 | Step 240/5125 | Loss 0.5657 | LR 1.0628e-06
2026-02-28 06:45:15 INFO Epoch 4 | Step 260/5125 | Loss 0.5615 | LR 1.0645e-06
2026-02-28 06:46:05 INFO Epoch 4 | Step 280/5125 | Loss 0.5588 | LR 1.0662e-06
2026-02-28 06:46:55 INFO Epoch 4 | Step 300/5125 | Loss 0.5571 | LR 1.0678e-06
2026-02-28 06:47:46 INFO Epoch 4 | Step 320/5125 | Loss 0.5550 | LR 1.0695e-06
2026-02-28 06:48:36 INFO Epoch 4 | Step 340/5125 | Loss 0.5521 | LR 1.0712e-06
2026-02-28 06:49:27 INFO Epoch 4 | Step 360/5125 | Loss 0.5482 | LR 1.0728e-06
2026-02-28 06:50:17 INFO Epoch 4 | Step 380/5125 | Loss 0.5466 | LR 1.0745e-06
2026-02-28 06:51:08 INFO Epoch 4 | Step 400/5125 | Loss 0.5439 | LR 1.0762e-06
2026-02-28 06:51:58 INFO Epoch 4 | Step 420/5125 | Loss 0.5417 | LR 1.0778e-06
2026-02-28 06:52:49 INFO Epoch 4 | Step 440/5125 | Loss 0.5409 | LR 1.0795e-06
2026-02-28 06:53:39 INFO Epoch 4 | Step 460/5125 | Loss 0.5396 | LR 1.0812e-06
2026-02-28 06:54:30 INFO Epoch 4 | Step 480/5125 | Loss 0.5384 | LR 1.0829e-06
2026-02-28 06:55:20 INFO Epoch 4 | Step 500/5125 | Loss 0.5363 | LR 1.0846e-06
2026-02-28 06:56:11 INFO Epoch 4 | Step 520/5125 | Loss 0.5356 | LR 1.0862e-06
2026-02-28 06:57:01 INFO Epoch 4 | Step 540/5125 | Loss 0.5341 | LR 1.0879e-06
2026-02-28 06:57:52 INFO Epoch 4 | Step 560/5125 | Loss 0.5334 | LR 1.0896e-06
2026-02-28 06:58:42 INFO Epoch 4 | Step 580/5125 | Loss 0.5319 | LR 1.0913e-06
2026-02-28 06:59:33 INFO Epoch 4 | Step 600/5125 | Loss 0.5308 | LR 1.0930e-06
2026-02-28 07:00:23 INFO Epoch 4 | Step 620/5125 | Loss 0.5300 | LR 1.0947e-06
2026-02-28 07:01:14 INFO Epoch 4 | Step 640/5125 | Loss 0.5290 | LR 1.0964e-06
2026-02-28 07:02:04 INFO Epoch 4 | Step 660/5125 | Loss 0.5282 | LR 1.0981e-06
2026-02-28 07:02:55 INFO Epoch 4 | Step 680/5125 | Loss 0.5273 | LR 1.0998e-06
2026-02-28 07:03:45 INFO Epoch 4 | Step 700/5125 | Loss 0.5263 | LR 1.1015e-06
2026-02-28 07:04:36 INFO Epoch 4 | Step 720/5125 | Loss 0.5255 | LR 1.1032e-06
2026-02-28 07:05:27 INFO Epoch 4 | Step 740/5125 | Loss 0.5250 | LR 1.1049e-06
2026-02-28 07:06:17 INFO Epoch 4 | Step 760/5125 | Loss 0.5242 | LR 1.1066e-06
2026-02-28 07:07:08 INFO Epoch 4 | Step 780/5125 | Loss 0.5239 | LR 1.1083e-06
2026-02-28 07:07:59 INFO Epoch 4 | Step 800/5125 | Loss 0.5231 | LR 1.1100e-06
2026-02-28 07:08:49 INFO Epoch 4 | Step 820/5125 | Loss 0.5225 | LR 1.1117e-06
2026-02-28 07:09:40 INFO Epoch 4 | Step 840/5125 | Loss 0.5224 | LR 1.1134e-06
2026-02-28 07:10:30 INFO Epoch 4 | Step 860/5125 | Loss 0.5219 | LR 1.1151e-06
2026-02-28 07:11:21 INFO Epoch 4 | Step 880/5125 | Loss 0.5213 | LR 1.1169e-06
2026-02-28 07:12:12 INFO Epoch 4 | Step 900/5125 | Loss 0.5210 | LR 1.1186e-06
2026-02-28 07:13:02 INFO Epoch 4 | Step 920/5125 | Loss 0.5209 | LR 1.1203e-06
2026-02-28 07:13:53 INFO Epoch 4 | Step 940/5125 | Loss 0.5208 | LR 1.1220e-06
2026-02-28 07:14:43 INFO Epoch 4 | Step 960/5125 | Loss 0.5205 | LR 1.1238e-06
2026-02-28 07:15:34 INFO Epoch 4 | Step 980/5125 | Loss 0.5200 | LR 1.1255e-06
2026-02-28 07:16:24 INFO Epoch 4 | Step 1000/5125 | Loss 0.5195 | LR 1.1272e-06
2026-02-28 07:17:15 INFO Epoch 4 | Step 1020/5125 | Loss 0.5191 | LR 1.1289e-06
2026-02-28 07:18:06 INFO Epoch 4 | Step 1040/5125 | Loss 0.5188 | LR 1.1307e-06
2026-02-28 07:18:56 INFO Epoch 4 | Step 1060/5125 | Loss 0.5185 | LR 1.1324e-06
2026-02-28 07:19:47 INFO Epoch 4 | Step 1080/5125 | Loss 0.5182 | LR 1.1341e-06
2026-02-28 07:20:37 INFO Epoch 4 | Step 1100/5125 | Loss 0.5178 | LR 1.1359e-06
2026-02-28 07:21:28 INFO Epoch 4 | Step 1120/5125 | Loss 0.5176 | LR 1.1376e-06
2026-02-28 07:22:19 INFO Epoch 4 | Step 1140/5125 | Loss 0.5170 | LR 1.1394e-06
2026-02-28 07:23:09 INFO Epoch 4 | Step 1160/5125 | Loss 0.5166 | LR 1.1411e-06
2026-02-28 07:24:00 INFO Epoch 4 | Step 1180/5125 | Loss 0.5162 | LR 1.1429e-06
2026-02-28 07:24:50 INFO Epoch 4 | Step 1200/5125 | Loss 0.5158 | LR 1.1446e-06
2026-02-28 07:25:41 INFO Epoch 4 | Step 1220/5125 | Loss 0.5157 | LR 1.1464e-06
2026-02-28 07:26:32 INFO Epoch 4 | Step 1240/5125 | Loss 0.5154 | LR 1.1481e-06
2026-02-28 07:27:22 INFO Epoch 4 | Step 1260/5125 | Loss 0.5152 | LR 1.1499e-06
2026-02-28 07:28:13 INFO Epoch 4 | Step 1280/5125 | Loss 0.5149 | LR 1.1516e-06
2026-02-28 07:29:04 INFO Epoch 4 | Step 1300/5125 | Loss 0.5146 | LR 1.1534e-06
2026-02-28 07:29:55 INFO Epoch 4 | Step 1320/5125 | Loss 0.5144 | LR 1.1551e-06
2026-02-28 07:30:46 INFO Epoch 4 | Step 1340/5125 | Loss 0.5144 | LR 1.1569e-06
2026-02-28 07:31:36 INFO Epoch 4 | Step 1360/5125 | Loss 0.5142 | LR 1.1587e-06
2026-02-28 07:32:27 INFO Epoch 4 | Step 1380/5125 | Loss 0.5138 | LR 1.1604e-06
2026-02-28 07:33:18 INFO Epoch 4 | Step 1400/5125 | Loss 0.5135 | LR 1.1622e-06
2026-02-28 07:34:09 INFO Epoch 4 | Step 1420/5125 | Loss 0.5132 | LR 1.1640e-06
2026-02-28 07:34:59 INFO Epoch 4 | Step 1440/5125 | Loss 0.5131 | LR 1.1657e-06
2026-02-28 07:35:50 INFO Epoch 4 | Step 1460/5125 | Loss 0.5129 | LR 1.1675e-06
2026-02-28 07:36:41 INFO Epoch 4 | Step 1480/5125 | Loss 0.5126 | LR 1.1693e-06
2026-02-28 07:37:31 INFO Epoch 4 | Step 1500/5125 | Loss 0.5123 | LR 1.1710e-06
2026-02-28 07:38:22 INFO Epoch 4 | Step 1520/5125 | Loss 0.5120 | LR 1.1728e-06
2026-02-28 07:39:13 INFO Epoch 4 | Step 1540/5125 | Loss 0.5119 | LR 1.1746e-06
2026-02-28 07:40:04 INFO Epoch 4 | Step 1560/5125 | Loss 0.5116 | LR 1.1764e-06
2026-02-28 07:40:54 INFO Epoch 4 | Step 1580/5125 | Loss 0.5112 | LR 1.1782e-06
2026-02-28 07:41:45 INFO Epoch 4 | Step 1600/5125 | Loss 0.5113 | LR 1.1800e-06
2026-02-28 07:42:36 INFO Epoch 4 | Step 1620/5125 | Loss 0.5113 | LR 1.1817e-06
2026-02-28 07:43:27 INFO Epoch 4 | Step 1640/5125 | Loss 0.5111 | LR 1.1835e-06
2026-02-28 07:44:17 INFO Epoch 4 | Step 1660/5125 | Loss 0.5107 | LR 1.1853e-06
2026-02-28 07:45:08 INFO Epoch 4 | Step 1680/5125 | Loss 0.5106 | LR 1.1871e-06
2026-02-28 07:45:58 INFO Epoch 4 | Step 1700/5125 | Loss 0.5104 | LR 1.1889e-06
2026-02-28 07:46:49 INFO Epoch 4 | Step 1720/5125 | Loss 0.5103 | LR 1.1907e-06
2026-02-28 07:47:39 INFO Epoch 4 | Step 1740/5125 | Loss 0.5102 | LR 1.1925e-06
2026-02-28 07:48:30 INFO Epoch 4 | Step 1760/5125 | Loss 0.5101 | LR 1.1943e-06
2026-02-28 07:49:20 INFO Epoch 4 | Step 1780/5125 | Loss 0.5099 | LR 1.1961e-06
2026-02-28 07:50:11 INFO Epoch 4 | Step 1800/5125 | Loss 0.5098 | LR 1.1979e-06
2026-02-28 07:51:02 INFO Epoch 4 | Step 1820/5125 | Loss 0.5097 | LR 1.1997e-06
2026-02-28 07:51:52 INFO Epoch 4 | Step 1840/5125 | Loss 0.5095 | LR 1.2015e-06
2026-02-28 07:52:43 INFO Epoch 4 | Step 1860/5125 | Loss 0.5095 | LR 1.2033e-06
2026-02-28 07:53:33 INFO Epoch 4 | Step 1880/5125 | Loss 0.5094 | LR 1.2051e-06
2026-02-28 07:54:24 INFO Epoch 4 | Step 1900/5125 | Loss 0.5093 | LR 1.2070e-06
2026-02-28 07:55:14 INFO Epoch 4 | Step 1920/5125 | Loss 0.5090 | LR 1.2088e-06
2026-02-28 07:56:05 INFO Epoch 4 | Step 1940/5125 | Loss 0.5087 | LR 1.2106e-06
2026-02-28 07:56:56 INFO Epoch 4 | Step 1960/5125 | Loss 0.5086 | LR 1.2124e-06
2026-02-28 07:57:46 INFO Epoch 4 | Step 1980/5125 | Loss 0.5083 | LR 1.2142e-06
2026-02-28 07:58:37 INFO Epoch 4 | Step 2000/5125 | Loss 0.5081 | LR 1.2160e-06
2026-02-28 07:59:28 INFO Epoch 4 | Step 2020/5125 | Loss 0.5079 | LR 1.2179e-06
2026-02-28 08:00:18 INFO Epoch 4 | Step 2040/5125 | Loss 0.5078 | LR 1.2197e-06
2026-02-28 08:01:09 INFO Epoch 4 | Step 2060/5125 | Loss 0.5077 | LR 1.2215e-06
2026-02-28 08:02:00 INFO Epoch 4 | Step 2080/5125 | Loss 0.5076 | LR 1.2234e-06
2026-02-28 08:02:51 INFO Epoch 4 | Step 2100/5125 | Loss 0.5075 | LR 1.2252e-06
2026-02-28 08:03:41 INFO Epoch 4 | Step 2120/5125 | Loss 0.5074 | LR 1.2270e-06
2026-02-28 08:04:32 INFO Epoch 4 | Step 2140/5125 | Loss 0.5073 | LR 1.2289e-06
2026-02-28 08:05:22 INFO Epoch 4 | Step 2160/5125 | Loss 0.5071 | LR 1.2307e-06
2026-02-28 08:06:13 INFO Epoch 4 | Step 2180/5125 | Loss 0.5069 | LR 1.2325e-06
2026-02-28 08:07:04 INFO Epoch 4 | Step 2200/5125 | Loss 0.5067 | LR 1.2344e-06
2026-02-28 08:07:54 INFO Epoch 4 | Step 2220/5125 | Loss 0.5066 | LR 1.2362e-06
2026-02-28 08:08:45 INFO Epoch 4 | Step 2240/5125 | Loss 0.5064 | LR 1.2381e-06
2026-02-28 08:09:36 INFO Epoch 4 | Step 2260/5125 | Loss 0.5062 | LR 1.2399e-06
2026-02-28 08:10:26 INFO Epoch 4 | Step 2280/5125 | Loss 0.5062 | LR 1.2418e-06
2026-02-28 08:11:17 INFO Epoch 4 | Step 2300/5125 | Loss 0.5060 | LR 1.2436e-06
2026-02-28 08:12:08 INFO Epoch 4 | Step 2320/5125 | Loss 0.5059 | LR 1.2455e-06
2026-02-28 08:12:58 INFO Epoch 4 | Step 2340/5125 | Loss 0.5058 | LR 1.2473e-06
2026-02-28 08:13:49 INFO Epoch 4 | Step 2360/5125 | Loss 0.5056 | LR 1.2492e-06
2026-02-28 08:14:40 INFO Epoch 4 | Step 2380/5125 | Loss 0.5055 | LR 1.2510e-06
2026-02-28 08:15:30 INFO Epoch 4 | Step 2400/5125 | Loss 0.5053 | LR 1.2529e-06
2026-02-28 08:16:21 INFO Epoch 4 | Step 2420/5125 | Loss 0.5052 | LR 1.2547e-06
2026-02-28 08:17:11 INFO Epoch 4 | Step 2440/5125 | Loss 0.5052 | LR 1.2566e-06
2026-02-28 08:18:02 INFO Epoch 4 | Step 2460/5125 | Loss 0.5050 | LR 1.2585e-06
2026-02-28 08:18:53 INFO Epoch 4 | Step 2480/5125 | Loss 0.5048 | LR 1.2603e-06
2026-02-28 08:19:43 INFO Epoch 4 | Step 2500/5125 | Loss 0.5048 | LR 1.2622e-06
2026-02-28 08:20:34 INFO Epoch 4 | Step 2520/5125 | Loss 0.5047 | LR 1.2641e-06
2026-02-28 08:21:25 INFO Epoch 4 | Step 2540/5125 | Loss 0.5047 | LR 1.2659e-06
2026-02-28 08:22:15 INFO Epoch 4 | Step 2560/5125 | Loss 0.5047 | LR 1.2678e-06
2026-02-28 08:23:06 INFO Epoch 4 | Step 2580/5125 | Loss 0.5045 | LR 1.2697e-06
2026-02-28 08:23:57 INFO Epoch 4 | Step 2600/5125 | Loss 0.5043 | LR 1.2716e-06
2026-02-28 08:24:47 INFO Epoch 4 | Step 2620/5125 | Loss 0.5043 | LR 1.2735e-06
2026-02-28 08:25:38 INFO Epoch 4 | Step 2640/5125 | Loss 0.5041 | LR 1.2753e-06
2026-02-28 08:26:28 INFO Epoch 4 | Step 2660/5125 | Loss 0.5040 | LR 1.2772e-06
2026-02-28 08:27:19 INFO Epoch 4 | Step 2680/5125 | Loss 0.5038 | LR 1.2791e-06
2026-02-28 08:28:10 INFO Epoch 4 | Step 2700/5125 | Loss 0.5038 | LR 1.2810e-06
2026-02-28 08:29:00 INFO Epoch 4 | Step 2720/5125 | Loss 0.5038 | LR 1.2829e-06
2026-02-28 08:29:51 INFO Epoch 4 | Step 2740/5125 | Loss 0.5037 | LR 1.2848e-06
2026-02-28 08:30:41 INFO Epoch 4 | Step 2760/5125 | Loss 0.5036 | LR 1.2867e-06
2026-02-28 08:31:32 INFO Epoch 4 | Step 2780/5125 | Loss 0.5036 | LR 1.2886e-06
2026-02-28 08:32:23 INFO Epoch 4 | Step 2800/5125 | Loss 0.5035 | LR 1.2905e-06
2026-02-28 08:33:14 INFO Epoch 4 | Step 2820/5125 | Loss 0.5034 | LR 1.2923e-06
2026-02-28 08:34:04 INFO Epoch 4 | Step 2840/5125 | Loss 0.5032 | LR 1.2942e-06
2026-02-28 08:34:55 INFO Epoch 4 | Step 2860/5125 | Loss 0.5031 | LR 1.2961e-06
2026-02-28 08:35:46 INFO Epoch 4 | Step 2880/5125 | Loss 0.5030 | LR 1.2981e-06
2026-02-28 08:36:37 INFO Epoch 4 | Step 2900/5125 | Loss 0.5029 | LR 1.3000e-06
2026-02-28 08:37:27 INFO Epoch 4 | Step 2920/5125 | Loss 0.5028 | LR 1.3019e-06
2026-02-28 08:38:18 INFO Epoch 4 | Step 2940/5125 | Loss 0.5028 | LR 1.3038e-06
2026-02-28 08:39:09 INFO Epoch 4 | Step 2960/5125 | Loss 0.5028 | LR 1.3057e-06
2026-02-28 08:40:00 INFO Epoch 4 | Step 2980/5125 | Loss 0.5026 | LR 1.3076e-06
2026-02-28 08:40:50 INFO Epoch 4 | Step 3000/5125 | Loss 0.5025 | LR 1.3095e-06
2026-02-28 08:41:41 INFO Epoch 4 | Step 3020/5125 | Loss 0.5024 | LR 1.3114e-06
2026-02-28 08:42:32 INFO Epoch 4 | Step 3040/5125 | Loss 0.5024 | LR 1.3133e-06
2026-02-28 08:43:23 INFO Epoch 4 | Step 3060/5125 | Loss 0.5024 | LR 1.3153e-06
2026-02-28 08:44:13 INFO Epoch 4 | Step 3080/5125 | Loss 0.5023 | LR 1.3172e-06
2026-02-28 08:45:04 INFO Epoch 4 | Step 3100/5125 | Loss 0.5023 | LR 1.3191e-06
2026-02-28 08:45:55 INFO Epoch 4 | Step 3120/5125 | Loss 0.5022 | LR 1.3210e-06
2026-02-28 08:46:45 INFO Epoch 4 | Step 3140/5125 | Loss 0.5022 | LR 1.3230e-06
2026-02-28 08:47:36 INFO Epoch 4 | Step 3160/5125 | Loss 0.5021 | LR 1.3249e-06
2026-02-28 08:48:27 INFO Epoch 4 | Step 3180/5125 | Loss 0.5020 | LR 1.3268e-06
2026-02-28 08:49:17 INFO Epoch 4 | Step 3200/5125 | Loss 0.5020 | LR 1.3287e-06
2026-02-28 08:50:08 INFO Epoch 4 | Step 3220/5125 | Loss 0.5019 | LR 1.3307e-06
2026-02-28 08:50:59 INFO Epoch 4 | Step 3240/5125 | Loss 0.5018 | LR 1.3326e-06
2026-02-28 08:51:50 INFO Epoch 4 | Step 3260/5125 | Loss 0.5017 | LR 1.3345e-06
2026-02-28 08:52:40 INFO Epoch 4 | Step 3280/5125 | Loss 0.5016 | LR 1.3365e-06
2026-02-28 08:53:31 INFO Epoch 4 | Step 3300/5125 | Loss 0.5016 | LR 1.3384e-06
2026-02-28 08:54:22 INFO Epoch 4 | Step 3320/5125 | Loss 0.5014 | LR 1.3404e-06
2026-02-28 08:55:12 INFO Epoch 4 | Step 3340/5125 | Loss 0.5013 | LR 1.3423e-06
2026-02-28 08:56:03 INFO Epoch 4 | Step 3360/5125 | Loss 0.5012 | LR 1.3443e-06
2026-02-28 08:56:54 INFO Epoch 4 | Step 3380/5125 | Loss 0.5010 | LR 1.3462e-06
2026-02-28 08:57:44 INFO Epoch 4 | Step 3400/5125 | Loss 0.5010 | LR 1.3482e-06
2026-02-28 08:58:35 INFO Epoch 4 | Step 3420/5125 | Loss 0.5010 | LR 1.3501e-06
2026-02-28 08:59:26 INFO Epoch 4 | Step 3440/5125 | Loss 0.5009 | LR 1.3521e-06
2026-02-28 09:00:17 INFO Epoch 4 | Step 3460/5125 | Loss 0.5009 | LR 1.3540e-06
2026-02-28 09:01:07 INFO Epoch 4 | Step 3480/5125 | Loss 0.5007 | LR 1.3560e-06
2026-02-28 09:01:58 INFO Epoch 4 | Step 3500/5125 | Loss 0.5007 | LR 1.3579e-06
2026-02-28 09:02:49 INFO Epoch 4 | Step 3520/5125 | Loss 0.5005 | LR 1.3599e-06
2026-02-28 09:03:39 INFO Epoch 4 | Step 3540/5125 | Loss 0.5005 | LR 1.3619e-06
2026-02-28 09:04:30 INFO Epoch 4 | Step 3560/5125 | Loss 0.5005 | LR 1.3638e-06
2026-02-28 09:05:21 INFO Epoch 4 | Step 3580/5125 | Loss 0.5004 | LR 1.3658e-06
2026-02-28 09:06:12 INFO Epoch 4 | Step 3600/5125 | Loss 0.5003 | LR 1.3678e-06
2026-02-28 09:07:03 INFO Epoch 4 | Step 3620/5125 | Loss 0.5002 | LR 1.3697e-06
2026-02-28 09:07:54 INFO Epoch 4 | Step 3640/5125 | Loss 0.5001 | LR 1.3717e-06
2026-02-28 09:08:45 INFO Epoch 4 | Step 3660/5125 | Loss 0.5000 | LR 1.3737e-06
2026-02-28 09:09:36 INFO Epoch 4 | Step 3680/5125 | Loss 0.4999 | LR 1.3756e-06
2026-02-28 09:10:27 INFO Epoch 4 | Step 3700/5125 | Loss 0.4998 | LR 1.3776e-06
2026-02-28 09:11:18 INFO Epoch 4 | Step 3720/5125 | Loss 0.4998 | LR 1.3796e-06
2026-02-28 09:12:08 INFO Epoch 4 | Step 3740/5125 | Loss 0.4996 | LR 1.3816e-06
2026-02-28 09:12:59 INFO Epoch 4 | Step 3760/5125 | Loss 0.4995 | LR 1.3836e-06
2026-02-28 09:13:50 INFO Epoch 4 | Step 3780/5125 | Loss 0.4995 | LR 1.3855e-06
2026-02-28 09:14:40 INFO Epoch 4 | Step 3800/5125 | Loss 0.4994 | LR 1.3875e-06
2026-02-28 09:15:31 INFO Epoch 4 | Step 3820/5125 | Loss 0.4994 | LR 1.3895e-06
2026-02-28 09:16:22 INFO Epoch 4 | Step 3840/5125 | Loss 0.4993 | LR 1.3915e-06
2026-02-28 09:17:12 INFO Epoch 4 | Step 3860/5125 | Loss 0.4992 | LR 1.3935e-06
2026-02-28 09:18:03 INFO Epoch 4 | Step 3880/5125 | Loss 0.4990 | LR 1.3955e-06
2026-02-28 09:18:53 INFO Epoch 4 | Step 3900/5125 | Loss 0.4990 | LR 1.3975e-06
2026-02-28 09:19:44 INFO Epoch 4 | Step 3920/5125 | Loss 0.4988 | LR 1.3995e-06
2026-02-28 09:20:35 INFO Epoch 4 | Step 3940/5125 | Loss 0.4988 | LR 1.4015e-06
2026-02-28 09:21:25 INFO Epoch 4 | Step 3960/5125 | Loss 0.4987 | LR 1.4035e-06
2026-02-28 09:22:16 INFO Epoch 4 | Step 3980/5125 | Loss 0.4988 | LR 1.4055e-06
2026-02-28 09:23:07 INFO Epoch 4 | Step 4000/5125 | Loss 0.4987 | LR 1.4075e-06
2026-02-28 09:23:58 INFO Epoch 4 | Step 4020/5125 | Loss 0.4987 | LR 1.4095e-06
2026-02-28 09:24:50 INFO Epoch 4 | Step 4040/5125 | Loss 0.4986 | LR 1.4115e-06
2026-02-28 09:25:42 INFO Epoch 4 | Step 4060/5125 | Loss 0.4986 | LR 1.4135e-06
2026-02-28 09:26:34 INFO Epoch 4 | Step 4080/5125 | Loss 0.4985 | LR 1.4155e-06
2026-02-28 09:27:26 INFO Epoch 4 | Step 4100/5125 | Loss 0.4984 | LR 1.4175e-06
2026-02-28 09:28:19 INFO Epoch 4 | Step 4120/5125 | Loss 0.4983 | LR 1.4195e-06
2026-02-28 09:29:11 INFO Epoch 4 | Step 4140/5125 | Loss 0.4982 | LR 1.4215e-06
2026-02-28 09:30:03 INFO Epoch 4 | Step 4160/5125 | Loss 0.4982 | LR 1.4236e-06
2026-02-28 09:30:56 INFO Epoch 4 | Step 4180/5125 | Loss 0.4981 | LR 1.4256e-06
2026-02-28 09:31:48 INFO Epoch 4 | Step 4200/5125 | Loss 0.4980 | LR 1.4276e-06
2026-02-28 09:32:41 INFO Epoch 4 | Step 4220/5125 | Loss 0.4979 | LR 1.4296e-06
2026-02-28 09:33:33 INFO Epoch 4 | Step 4240/5125 | Loss 0.4979 | LR 1.4316e-06
2026-02-28 09:34:25 INFO Epoch 4 | Step 4260/5125 | Loss 0.4979 | LR 1.4337e-06
2026-02-28 09:35:17 INFO Epoch 4 | Step 4280/5125 | Loss 0.4979 | LR 1.4357e-06
2026-02-28 09:36:08 INFO Epoch 4 | Step 4300/5125 | Loss 0.4978 | LR 1.4377e-06
2026-02-28 09:37:00 INFO Epoch 4 | Step 4320/5125 | Loss 0.4978 | LR 1.4398e-06
2026-02-28 09:37:51 INFO Epoch 4 | Step 4340/5125 | Loss 0.4978 | LR 1.4418e-06
2026-02-28 09:38:43 INFO Epoch 4 | Step 4360/5125 | Loss 0.4977 | LR 1.4438e-06
2026-02-28 09:39:34 INFO Epoch 4 | Step 4380/5125 | Loss 0.4976 | LR 1.4459e-06
2026-02-28 09:40:26 INFO Epoch 4 | Step 4400/5125 | Loss 0.4976 | LR 1.4479e-06
2026-02-28 09:41:17 INFO Epoch 4 | Step 4420/5125 | Loss 0.4975 | LR 1.4499e-06
2026-02-28 09:42:08 INFO Epoch 4 | Step 4440/5125 | Loss 0.4974 | LR 1.4520e-06
2026-02-28 09:42:59 INFO Epoch 4 | Step 4460/5125 | Loss 0.4974 | LR 1.4540e-06
2026-02-28 09:43:50 INFO Epoch 4 | Step 4480/5125 | Loss 0.4973 | LR 1.4561e-06
2026-02-28 09:44:41 INFO Epoch 4 | Step 4500/5125 | Loss 0.4972 | LR 1.4581e-06
2026-02-28 09:45:32 INFO Epoch 4 | Step 4520/5125 | Loss 0.4972 | LR 1.4602e-06
2026-02-28 09:46:23 INFO Epoch 4 | Step 4540/5125 | Loss 0.4971 | LR 1.4622e-06
2026-02-28 09:47:14 INFO Epoch 4 | Step 4560/5125 | Loss 0.4971 | LR 1.4643e-06
2026-02-28 09:48:05 INFO Epoch 4 | Step 4580/5125 | Loss 0.4970 | LR 1.4663e-06
2026-02-28 09:48:56 INFO Epoch 4 | Step 4600/5125 | Loss 0.4969 | LR 1.4684e-06
2026-02-28 09:49:47 INFO Epoch 4 | Step 4620/5125 | Loss 0.4969 | LR 1.4704e-06
2026-02-28 09:50:38 INFO Epoch 4 | Step 4640/5125 | Loss 0.4969 | LR 1.4725e-06
2026-02-28 09:51:29 INFO Epoch 4 | Step 4660/5125 | Loss 0.4968 | LR 1.4746e-06
2026-02-28 09:52:21 INFO Epoch 4 | Step 4680/5125 | Loss 0.4967 | LR 1.4766e-06
2026-02-28 09:53:12 INFO Epoch 4 | Step 4700/5125 | Loss 0.4966 | LR 1.4787e-06
2026-02-28 09:54:03 INFO Epoch 4 | Step 4720/5125 | Loss 0.4965 | LR 1.4807e-06
2026-02-28 09:54:54 INFO Epoch 4 | Step 4740/5125 | Loss 0.4964 | LR 1.4828e-06
2026-02-28 09:55:45 INFO Epoch 4 | Step 4760/5125 | Loss 0.4964 | LR 1.4849e-06
2026-02-28 09:56:35 INFO Epoch 4 | Step 4780/5125 | Loss 0.4964 | LR 1.4869e-06
2026-02-28 09:57:26 INFO Epoch 4 | Step 4800/5125 | Loss 0.4963 | LR 1.4890e-06
2026-02-28 09:58:17 INFO Epoch 4 | Step 4820/5125 | Loss 0.4963 | LR 1.4911e-06
2026-02-28 09:59:07 INFO Epoch 4 | Step 4840/5125 | Loss 0.4963 | LR 1.4932e-06
2026-02-28 09:59:58 INFO Epoch 4 | Step 4860/5125 | Loss 0.4962 | LR 1.4952e-06
2026-02-28 10:00:49 INFO Epoch 4 | Step 4880/5125 | Loss 0.4962 | LR 1.4973e-06
2026-02-28 10:01:40 INFO Epoch 4 | Step 4900/5125 | Loss 0.4961 | LR 1.4994e-06
2026-02-28 10:02:31 INFO Epoch 4 | Step 4920/5125 | Loss 0.4961 | LR 1.5015e-06
2026-02-28 10:03:21 INFO Epoch 4 | Step 4940/5125 | Loss 0.4960 | LR 1.5036e-06
2026-02-28 10:04:12 INFO Epoch 4 | Step 4960/5125 | Loss 0.4960 | LR 1.5057e-06
2026-02-28 10:05:03 INFO Epoch 4 | Step 4980/5125 | Loss 0.4959 | LR 1.5078e-06
2026-02-28 10:05:54 INFO Epoch 4 | Step 5000/5125 | Loss 0.4959 | LR 1.5098e-06
2026-02-28 10:06:44 INFO Epoch 4 | Step 5020/5125 | Loss 0.4959 | LR 1.5119e-06
2026-02-28 10:07:35 INFO Epoch 4 | Step 5040/5125 | Loss 0.4959 | LR 1.5140e-06
2026-02-28 10:08:26 INFO Epoch 4 | Step 5060/5125 | Loss 0.4958 | LR 1.5161e-06
2026-02-28 10:09:17 INFO Epoch 4 | Step 5080/5125 | Loss 0.4957 | LR 1.5182e-06
2026-02-28 10:10:08 INFO Epoch 4 | Step 5100/5125 | Loss 0.4957 | LR 1.5203e-06
2026-02-28 10:10:59 INFO Epoch 4 | Step 5120/5125 | Loss 0.4957 | LR 1.5224e-06
2026-02-28 10:11:12 INFO Epoch 4 | Step 5125/5125 | Loss 0.4957 | LR 1.5229e-06
2026-02-28 10:59:20 INFO CSV Written | Epoch: 4
2026-02-28 10:59:20 INFO Best Saved | Epoch: 4 | Monitor: val_auprc | Value: 0.2511
2026-02-28 10:59:20 INFO Epoch Done | Epoch: 4 | Time: 15904.2328 | Train Loss: 0.4957 | Val Accuracy: 0.9770 | Val AUPRC: 0.2511 | Val Auroc: 0.9448 | Val F1: 0.0000 | Val Loss: 0.3879
2026-02-28 10:59:20 INFO Epoch Start | Epoch: 5
2026-02-28 10:59:33 INFO Epoch 5 | Step 1/5125 | Loss 0.5215 | LR 1.5230e-06
2026-02-28 11:00:22 INFO Epoch 5 | Step 20/5125 | Loss 0.4730 | LR 1.5250e-06
2026-02-28 11:01:13 INFO Epoch 5 | Step 40/5125 | Loss 0.4747 | LR 1.5271e-06
2026-02-28 11:02:05 INFO Epoch 5 | Step 60/5125 | Loss 0.4770 | LR 1.5293e-06
2026-02-28 11:02:57 INFO Epoch 5 | Step 80/5125 | Loss 0.4768 | LR 1.5314e-06
2026-02-28 11:03:48 INFO Epoch 5 | Step 100/5125 | Loss 0.4779 | LR 1.5335e-06
2026-02-28 11:04:40 INFO Epoch 5 | Step 120/5125 | Loss 0.4770 | LR 1.5356e-06
2026-02-28 11:05:31 INFO Epoch 5 | Step 140/5125 | Loss 0.4773 | LR 1.5377e-06
2026-02-28 11:06:23 INFO Epoch 5 | Step 160/5125 | Loss 0.4778 | LR 1.5398e-06
2026-02-28 11:07:14 INFO Epoch 5 | Step 180/5125 | Loss 0.4795 | LR 1.5419e-06
2026-02-28 11:08:06 INFO Epoch 5 | Step 200/5125 | Loss 0.4787 | LR 1.5440e-06
2026-02-28 11:08:57 INFO Epoch 5 | Step 220/5125 | Loss 0.4801 | LR 1.5462e-06
2026-02-28 11:09:49 INFO Epoch 5 | Step 240/5125 | Loss 0.4793 | LR 1.5483e-06
2026-02-28 11:10:40 INFO Epoch 5 | Step 260/5125 | Loss 0.4781 | LR 1.5504e-06
2026-02-28 11:11:32 INFO Epoch 5 | Step 280/5125 | Loss 0.4785 | LR 1.5525e-06
2026-02-28 11:12:24 INFO Epoch 5 | Step 300/5125 | Loss 0.4780 | LR 1.5546e-06
2026-02-28 11:13:15 INFO Epoch 5 | Step 320/5125 | Loss 0.4779 | LR 1.5568e-06
2026-02-28 11:14:06 INFO Epoch 5 | Step 340/5125 | Loss 0.4787 | LR 1.5589e-06
2026-02-28 11:14:58 INFO Epoch 5 | Step 360/5125 | Loss 0.4785 | LR 1.5610e-06
2026-02-28 11:15:49 INFO Epoch 5 | Step 380/5125 | Loss 0.4783 | LR 1.5632e-06
2026-02-28 11:16:41 INFO Epoch 5 | Step 400/5125 | Loss 0.4782 | LR 1.5653e-06
2026-02-28 11:17:33 INFO Epoch 5 | Step 420/5125 | Loss 0.4781 | LR 1.5674e-06
2026-02-28 11:18:25 INFO Epoch 5 | Step 440/5125 | Loss 0.4780 | LR 1.5696e-06
2026-02-28 11:19:16 INFO Epoch 5 | Step 460/5125 | Loss 0.4775 | LR 1.5717e-06
2026-02-28 11:20:08 INFO Epoch 5 | Step 480/5125 | Loss 0.4783 | LR 1.5739e-06
2026-02-28 11:20:59 INFO Epoch 5 | Step 500/5125 | Loss 0.4787 | LR 1.5760e-06
2026-02-28 11:21:51 INFO Epoch 5 | Step 520/5125 | Loss 0.4785 | LR 1.5781e-06
2026-02-28 11:22:43 INFO Epoch 5 | Step 540/5125 | Loss 0.4786 | LR 1.5803e-06
2026-02-28 11:23:35 INFO Epoch 5 | Step 560/5125 | Loss 0.4789 | LR 1.5824e-06
2026-02-28 11:24:26 INFO Epoch 5 | Step 580/5125 | Loss 0.4787 | LR 1.5846e-06
2026-02-28 11:25:18 INFO Epoch 5 | Step 600/5125 | Loss 0.4788 | LR 1.5867e-06
2026-02-28 11:26:10 INFO Epoch 5 | Step 620/5125 | Loss 0.4788 | LR 1.5889e-06
2026-02-28 11:27:01 INFO Epoch 5 | Step 640/5125 | Loss 0.4792 | LR 1.5910e-06
2026-02-28 11:27:53 INFO Epoch 5 | Step 660/5125 | Loss 0.4791 | LR 1.5932e-06
2026-02-28 11:28:44 INFO Epoch 5 | Step 680/5125 | Loss 0.4796 | LR 1.5954e-06
2026-02-28 11:29:36 INFO Epoch 5 | Step 700/5125 | Loss 0.4793 | LR 1.5975e-06
2026-02-28 11:30:28 INFO Epoch 5 | Step 720/5125 | Loss 0.4799 | LR 1.5997e-06
2026-02-28 11:31:19 INFO Epoch 5 | Step 740/5125 | Loss 0.4797 | LR 1.6018e-06
2026-02-28 11:32:11 INFO Epoch 5 | Step 760/5125 | Loss 0.4793 | LR 1.6040e-06
2026-02-28 11:33:03 INFO Epoch 5 | Step 780/5125 | Loss 0.4794 | LR 1.6062e-06
2026-02-28 11:33:54 INFO Epoch 5 | Step 800/5125 | Loss 0.4795 | LR 1.6083e-06
2026-02-28 11:34:46 INFO Epoch 5 | Step 820/5125 | Loss 0.4798 | LR 1.6105e-06
2026-02-28 11:35:37 INFO Epoch 5 | Step 840/5125 | Loss 0.4797 | LR 1.6127e-06
2026-02-28 11:36:29 INFO Epoch 5 | Step 860/5125 | Loss 0.4795 | LR 1.6149e-06
2026-02-28 11:37:21 INFO Epoch 5 | Step 880/5125 | Loss 0.4800 | LR 1.6170e-06
2026-02-28 11:38:13 INFO Epoch 5 | Step 900/5125 | Loss 0.4802 | LR 1.6192e-06
2026-02-28 11:39:05 INFO Epoch 5 | Step 920/5125 | Loss 0.4806 | LR 1.6214e-06
2026-02-28 11:39:56 INFO Epoch 5 | Step 940/5125 | Loss 0.4809 | LR 1.6236e-06
2026-02-28 11:40:48 INFO Epoch 5 | Step 960/5125 | Loss 0.4806 | LR 1.6257e-06
2026-02-28 11:41:40 INFO Epoch 5 | Step 980/5125 | Loss 0.4803 | LR 1.6279e-06
2026-02-28 11:42:31 INFO Epoch 5 | Step 1000/5125 | Loss 0.4804 | LR 1.6301e-06
2026-02-28 11:43:23 INFO Epoch 5 | Step 1020/5125 | Loss 0.4804 | LR 1.6323e-06
2026-02-28 11:44:14 INFO Epoch 5 | Step 1040/5125 | Loss 0.4805 | LR 1.6345e-06
2026-02-28 11:45:06 INFO Epoch 5 | Step 1060/5125 | Loss 0.4805 | LR 1.6367e-06
2026-02-28 11:45:58 INFO Epoch 5 | Step 1080/5125 | Loss 0.4806 | LR 1.6389e-06
2026-02-28 11:46:49 INFO Epoch 5 | Step 1100/5125 | Loss 0.4806 | LR 1.6411e-06
2026-02-28 11:47:41 INFO Epoch 5 | Step 1120/5125 | Loss 0.4805 | LR 1.6433e-06
2026-02-28 11:48:32 INFO Epoch 5 | Step 1140/5125 | Loss 0.4807 | LR 1.6454e-06
2026-02-28 11:49:24 INFO Epoch 5 | Step 1160/5125 | Loss 0.4806 | LR 1.6476e-06
2026-02-28 11:50:16 INFO Epoch 5 | Step 1180/5125 | Loss 0.4807 | LR 1.6498e-06
2026-02-28 11:51:07 INFO Epoch 5 | Step 1200/5125 | Loss 0.4808 | LR 1.6520e-06
2026-02-28 11:51:59 INFO Epoch 5 | Step 1220/5125 | Loss 0.4806 | LR 1.6542e-06
2026-02-28 11:52:51 INFO Epoch 5 | Step 1240/5125 | Loss 0.4802 | LR 1.6565e-06
2026-02-28 11:53:43 INFO Epoch 5 | Step 1260/5125 | Loss 0.4801 | LR 1.6587e-06
2026-02-28 11:54:34 INFO Epoch 5 | Step 1280/5125 | Loss 0.4801 | LR 1.6609e-06
2026-02-28 11:55:26 INFO Epoch 5 | Step 1300/5125 | Loss 0.4803 | LR 1.6631e-06
2026-02-28 11:56:17 INFO Epoch 5 | Step 1320/5125 | Loss 0.4804 | LR 1.6653e-06
2026-02-28 11:57:09 INFO Epoch 5 | Step 1340/5125 | Loss 0.4806 | LR 1.6675e-06
2026-02-28 11:58:01 INFO Epoch 5 | Step 1360/5125 | Loss 0.4807 | LR 1.6697e-06
2026-02-28 11:58:53 INFO Epoch 5 | Step 1380/5125 | Loss 0.4806 | LR 1.6719e-06
2026-02-28 11:59:44 INFO Epoch 5 | Step 1400/5125 | Loss 0.4806 | LR 1.6741e-06
2026-02-28 12:00:36 INFO Epoch 5 | Step 1420/5125 | Loss 0.4805 | LR 1.6764e-06
2026-02-28 12:01:28 INFO Epoch 5 | Step 1440/5125 | Loss 0.4806 | LR 1.6786e-06
2026-02-28 12:02:19 INFO Epoch 5 | Step 1460/5125 | Loss 0.4805 | LR 1.6808e-06
2026-02-28 12:03:11 INFO Epoch 5 | Step 1480/5125 | Loss 0.4804 | LR 1.6830e-06
2026-02-28 12:04:02 INFO Epoch 5 | Step 1500/5125 | Loss 0.4804 | LR 1.6853e-06
2026-02-28 12:04:54 INFO Epoch 5 | Step 1520/5125 | Loss 0.4801 | LR 1.6875e-06
2026-02-28 12:05:46 INFO Epoch 5 | Step 1540/5125 | Loss 0.4800 | LR 1.6897e-06
2026-02-28 12:06:38 INFO Epoch 5 | Step 1560/5125 | Loss 0.4799 | LR 1.6919e-06
2026-02-28 12:07:29 INFO Epoch 5 | Step 1580/5125 | Loss 0.4801 | LR 1.6942e-06
2026-02-28 12:08:21 INFO Epoch 5 | Step 1600/5125 | Loss 0.4801 | LR 1.6964e-06
2026-02-28 12:09:13 INFO Epoch 5 | Step 1620/5125 | Loss 0.4801 | LR 1.6986e-06
2026-02-28 12:10:04 INFO Epoch 5 | Step 1640/5125 | Loss 0.4801 | LR 1.7009e-06
2026-02-28 12:10:55 INFO Epoch 5 | Step 1660/5125 | Loss 0.4802 | LR 1.7031e-06
2026-02-28 12:11:47 INFO Epoch 5 | Step 1680/5125 | Loss 0.4800 | LR 1.7054e-06
2026-02-28 12:12:39 INFO Epoch 5 | Step 1700/5125 | Loss 0.4799 | LR 1.7076e-06
2026-02-28 12:13:30 INFO Epoch 5 | Step 1720/5125 | Loss 0.4797 | LR 1.7098e-06
2026-02-28 12:14:21 INFO Epoch 5 | Step 1740/5125 | Loss 0.4796 | LR 1.7121e-06
2026-02-28 12:15:12 INFO Epoch 5 | Step 1760/5125 | Loss 0.4797 | LR 1.7143e-06
2026-02-28 12:16:03 INFO Epoch 5 | Step 1780/5125 | Loss 0.4796 | LR 1.7166e-06
2026-02-28 12:16:55 INFO Epoch 5 | Step 1800/5125 | Loss 0.4795 | LR 1.7188e-06
2026-02-28 12:17:46 INFO Epoch 5 | Step 1820/5125 | Loss 0.4795 | LR 1.7211e-06
2026-02-28 12:18:37 INFO Epoch 5 | Step 1840/5125 | Loss 0.4795 | LR 1.7233e-06
2026-02-28 12:19:28 INFO Epoch 5 | Step 1860/5125 | Loss 0.4794 | LR 1.7256e-06
2026-02-28 12:20:19 INFO Epoch 5 | Step 1880/5125 | Loss 0.4794 | LR 1.7278e-06
2026-02-28 12:21:10 INFO Epoch 5 | Step 1900/5125 | Loss 0.4793 | LR 1.7301e-06
2026-02-28 12:22:01 INFO Epoch 5 | Step 1920/5125 | Loss 0.4793 | LR 1.7324e-06
2026-02-28 12:22:52 INFO Epoch 5 | Step 1940/5125 | Loss 0.4793 | LR 1.7346e-06
2026-02-28 12:23:43 INFO Epoch 5 | Step 1960/5125 | Loss 0.4791 | LR 1.7369e-06
2026-02-28 12:24:34 INFO Epoch 5 | Step 1980/5125 | Loss 0.4791 | LR 1.7392e-06
2026-02-28 12:25:25 INFO Epoch 5 | Step 2000/5125 | Loss 0.4790 | LR 1.7414e-06
2026-02-28 12:26:16 INFO Epoch 5 | Step 2020/5125 | Loss 0.4787 | LR 1.7437e-06
2026-02-28 12:27:07 INFO Epoch 5 | Step 2040/5125 | Loss 0.4786 | LR 1.7460e-06
2026-02-28 12:27:58 INFO Epoch 5 | Step 2060/5125 | Loss 0.4785 | LR 1.7482e-06
2026-02-28 12:28:49 INFO Epoch 5 | Step 2080/5125 | Loss 0.4784 | LR 1.7505e-06
2026-02-28 12:29:40 INFO Epoch 5 | Step 2100/5125 | Loss 0.4785 | LR 1.7528e-06
2026-02-28 12:30:31 INFO Epoch 5 | Step 2120/5125 | Loss 0.4784 | LR 1.7550e-06
2026-02-28 12:31:22 INFO Epoch 5 | Step 2140/5125 | Loss 0.4784 | LR 1.7573e-06
2026-02-28 12:32:13 INFO Epoch 5 | Step 2160/5125 | Loss 0.4783 | LR 1.7596e-06
2026-02-28 12:33:04 INFO Epoch 5 | Step 2180/5125 | Loss 0.4782 | LR 1.7619e-06
2026-02-28 12:33:55 INFO Epoch 5 | Step 2200/5125 | Loss 0.4782 | LR 1.7642e-06
2026-02-28 12:34:46 INFO Epoch 5 | Step 2220/5125 | Loss 0.4782 | LR 1.7664e-06
2026-02-28 12:35:37 INFO Epoch 5 | Step 2240/5125 | Loss 0.4781 | LR 1.7687e-06
2026-02-28 12:36:28 INFO Epoch 5 | Step 2260/5125 | Loss 0.4779 | LR 1.7710e-06
2026-02-28 12:37:20 INFO Epoch 5 | Step 2280/5125 | Loss 0.4779 | LR 1.7733e-06
2026-02-28 12:38:10 INFO Epoch 5 | Step 2300/5125 | Loss 0.4779 | LR 1.7756e-06
2026-02-28 12:39:02 INFO Epoch 5 | Step 2320/5125 | Loss 0.4778 | LR 1.7779e-06
2026-02-28 12:39:53 INFO Epoch 5 | Step 2340/5125 | Loss 0.4776 | LR 1.7802e-06
2026-02-28 12:40:44 INFO Epoch 5 | Step 2360/5125 | Loss 0.4776 | LR 1.7825e-06
2026-02-28 12:41:35 INFO Epoch 5 | Step 2380/5125 | Loss 0.4776 | LR 1.7848e-06
2026-02-28 12:42:26 INFO Epoch 5 | Step 2400/5125 | Loss 0.4775 | LR 1.7871e-06
2026-02-28 12:43:17 INFO Epoch 5 | Step 2420/5125 | Loss 0.4774 | LR 1.7894e-06
2026-02-28 12:44:08 INFO Epoch 5 | Step 2440/5125 | Loss 0.4772 | LR 1.7917e-06
2026-02-28 12:44:59 INFO Epoch 5 | Step 2460/5125 | Loss 0.4772 | LR 1.7940e-06
2026-02-28 12:45:50 INFO Epoch 5 | Step 2480/5125 | Loss 0.4773 | LR 1.7963e-06
2026-02-28 12:46:41 INFO Epoch 5 | Step 2500/5125 | Loss 0.4772 | LR 1.7986e-06
2026-02-28 12:47:32 INFO Epoch 5 | Step 2520/5125 | Loss 0.4771 | LR 1.8009e-06
2026-02-28 12:48:24 INFO Epoch 5 | Step 2540/5125 | Loss 0.4770 | LR 1.8032e-06
2026-02-28 12:49:15 INFO Epoch 5 | Step 2560/5125 | Loss 0.4770 | LR 1.8055e-06
2026-02-28 12:50:06 INFO Epoch 5 | Step 2580/5125 | Loss 0.4769 | LR 1.8078e-06
2026-02-28 12:50:57 INFO Epoch 5 | Step 2600/5125 | Loss 0.4768 | LR 1.8101e-06
2026-02-28 12:51:48 INFO Epoch 5 | Step 2620/5125 | Loss 0.4768 | LR 1.8125e-06
2026-02-28 12:52:39 INFO Epoch 5 | Step 2640/5125 | Loss 0.4768 | LR 1.8148e-06
2026-02-28 12:53:30 INFO Epoch 5 | Step 2660/5125 | Loss 0.4768 | LR 1.8171e-06
2026-02-28 12:54:21 INFO Epoch 5 | Step 2680/5125 | Loss 0.4767 | LR 1.8194e-06
2026-02-28 12:55:12 INFO Epoch 5 | Step 2700/5125 | Loss 0.4766 | LR 1.8217e-06
2026-02-28 12:56:03 INFO Epoch 5 | Step 2720/5125 | Loss 0.4764 | LR 1.8241e-06
2026-02-28 12:56:54 INFO Epoch 5 | Step 2740/5125 | Loss 0.4765 | LR 1.8264e-06
2026-02-28 12:57:45 INFO Epoch 5 | Step 2760/5125 | Loss 0.4765 | LR 1.8287e-06
2026-02-28 12:58:36 INFO Epoch 5 | Step 2780/5125 | Loss 0.4763 | LR 1.8310e-06
2026-02-28 12:59:28 INFO Epoch 5 | Step 2800/5125 | Loss 0.4762 | LR 1.8334e-06
2026-02-28 13:00:19 INFO Epoch 5 | Step 2820/5125 | Loss 0.4761 | LR 1.8357e-06
2026-02-28 13:01:10 INFO Epoch 5 | Step 2840/5125 | Loss 0.4760 | LR 1.8380e-06
2026-02-28 13:02:01 INFO Epoch 5 | Step 2860/5125 | Loss 0.4760 | LR 1.8404e-06
2026-02-28 13:02:52 INFO Epoch 5 | Step 2880/5125 | Loss 0.4758 | LR 1.8427e-06
2026-02-28 13:03:43 INFO Epoch 5 | Step 2900/5125 | Loss 0.4758 | LR 1.8450e-06
2026-02-28 13:04:33 INFO Epoch 5 | Step 2920/5125 | Loss 0.4757 | LR 1.8474e-06
2026-02-28 13:05:24 INFO Epoch 5 | Step 2940/5125 | Loss 0.4756 | LR 1.8497e-06
2026-02-28 13:06:15 INFO Epoch 5 | Step 2960/5125 | Loss 0.4757 | LR 1.8520e-06
2026-02-28 13:07:06 INFO Epoch 5 | Step 2980/5125 | Loss 0.4756 | LR 1.8544e-06
2026-02-28 13:07:57 INFO Epoch 5 | Step 3000/5125 | Loss 0.4754 | LR 1.8567e-06
2026-02-28 13:08:47 INFO Epoch 5 | Step 3020/5125 | Loss 0.4755 | LR 1.8591e-06
2026-02-28 13:09:38 INFO Epoch 5 | Step 3040/5125 | Loss 0.4755 | LR 1.8614e-06
2026-02-28 13:10:29 INFO Epoch 5 | Step 3060/5125 | Loss 0.4754 | LR 1.8638e-06
2026-02-28 13:11:20 INFO Epoch 5 | Step 3080/5125 | Loss 0.4754 | LR 1.8661e-06
2026-02-28 13:12:11 INFO Epoch 5 | Step 3100/5125 | Loss 0.4753 | LR 1.8685e-06
2026-02-28 13:13:02 INFO Epoch 5 | Step 3120/5125 | Loss 0.4751 | LR 1.8708e-06
2026-02-28 13:13:53 INFO Epoch 5 | Step 3140/5125 | Loss 0.4750 | LR 1.8732e-06
2026-02-28 13:14:44 INFO Epoch 5 | Step 3160/5125 | Loss 0.4749 | LR 1.8756e-06
2026-02-28 13:15:35 INFO Epoch 5 | Step 3180/5125 | Loss 0.4749 | LR 1.8779e-06
2026-02-28 13:16:25 INFO Epoch 5 | Step 3200/5125 | Loss 0.4749 | LR 1.8803e-06
2026-02-28 13:17:16 INFO Epoch 5 | Step 3220/5125 | Loss 0.4747 | LR 1.8826e-06
2026-02-28 13:18:07 INFO Epoch 5 | Step 3240/5125 | Loss 0.4748 | LR 1.8850e-06
2026-02-28 13:18:58 INFO Epoch 5 | Step 3260/5125 | Loss 0.4747 | LR 1.8874e-06
2026-02-28 13:19:49 INFO Epoch 5 | Step 3280/5125 | Loss 0.4748 | LR 1.8897e-06
2026-02-28 13:20:40 INFO Epoch 5 | Step 3300/5125 | Loss 0.4748 | LR 1.8921e-06
2026-02-28 13:21:30 INFO Epoch 5 | Step 3320/5125 | Loss 0.4747 | LR 1.8945e-06
2026-02-28 13:22:21 INFO Epoch 5 | Step 3340/5125 | Loss 0.4747 | LR 1.8968e-06
2026-02-28 13:23:12 INFO Epoch 5 | Step 3360/5125 | Loss 0.4747 | LR 1.8992e-06
2026-02-28 13:24:03 INFO Epoch 5 | Step 3380/5125 | Loss 0.4745 | LR 1.9016e-06
2026-02-28 13:24:54 INFO Epoch 5 | Step 3400/5125 | Loss 0.4744 | LR 1.9040e-06
2026-02-28 13:25:45 INFO Epoch 5 | Step 3420/5125 | Loss 0.4743 | LR 1.9063e-06
2026-02-28 13:26:35 INFO Epoch 5 | Step 3440/5125 | Loss 0.4743 | LR 1.9087e-06
2026-02-28 13:27:26 INFO Epoch 5 | Step 3460/5125 | Loss 0.4743 | LR 1.9111e-06
2026-02-28 13:28:16 INFO Epoch 5 | Step 3480/5125 | Loss 0.4742 | LR 1.9135e-06
2026-02-28 13:29:07 INFO Epoch 5 | Step 3500/5125 | Loss 0.4741 | LR 1.9159e-06
2026-02-28 13:29:58 INFO Epoch 5 | Step 3520/5125 | Loss 0.4740 | LR 1.9182e-06
2026-02-28 13:30:49 INFO Epoch 5 | Step 3540/5125 | Loss 0.4739 | LR 1.9206e-06
2026-02-28 13:31:40 INFO Epoch 5 | Step 3560/5125 | Loss 0.4739 | LR 1.9230e-06
2026-02-28 13:32:31 INFO Epoch 5 | Step 3580/5125 | Loss 0.4738 | LR 1.9254e-06
2026-02-28 13:33:22 INFO Epoch 5 | Step 3600/5125 | Loss 0.4738 | LR 1.9278e-06
2026-02-28 13:34:14 INFO Epoch 5 | Step 3620/5125 | Loss 0.4737 | LR 1.9302e-06
2026-02-28 13:35:05 INFO Epoch 5 | Step 3640/5125 | Loss 0.4736 | LR 1.9326e-06
2026-02-28 13:35:56 INFO Epoch 5 | Step 3660/5125 | Loss 0.4735 | LR 1.9350e-06
2026-02-28 13:36:47 INFO Epoch 5 | Step 3680/5125 | Loss 0.4736 | LR 1.9374e-06
2026-02-28 13:37:38 INFO Epoch 5 | Step 3700/5125 | Loss 0.4735 | LR 1.9398e-06
2026-02-28 13:38:29 INFO Epoch 5 | Step 3720/5125 | Loss 0.4733 | LR 1.9422e-06
2026-02-28 13:39:20 INFO Epoch 5 | Step 3740/5125 | Loss 0.4732 | LR 1.9446e-06
2026-02-28 13:40:11 INFO Epoch 5 | Step 3760/5125 | Loss 0.4732 | LR 1.9470e-06
2026-02-28 13:41:02 INFO Epoch 5 | Step 3780/5125 | Loss 0.4731 | LR 1.9494e-06
2026-02-28 13:41:53 INFO Epoch 5 | Step 3800/5125 | Loss 0.4729 | LR 1.9518e-06
2026-02-28 13:42:44 INFO Epoch 5 | Step 3820/5125 | Loss 0.4730 | LR 1.9542e-06
2026-02-28 13:43:35 INFO Epoch 5 | Step 3840/5125 | Loss 0.4729 | LR 1.9566e-06
2026-02-28 13:44:26 INFO Epoch 5 | Step 3860/5125 | Loss 0.4728 | LR 1.9590e-06
2026-02-28 13:45:17 INFO Epoch 5 | Step 3880/5125 | Loss 0.4728 | LR 1.9614e-06
2026-02-28 13:46:08 INFO Epoch 5 | Step 3900/5125 | Loss 0.4728 | LR 1.9638e-06
2026-02-28 13:46:59 INFO Epoch 5 | Step 3920/5125 | Loss 0.4727 | LR 1.9663e-06
2026-02-28 13:47:50 INFO Epoch 5 | Step 3940/5125 | Loss 0.4727 | LR 1.9687e-06
2026-02-28 13:48:41 INFO Epoch 5 | Step 3960/5125 | Loss 0.4726 | LR 1.9711e-06
2026-02-28 13:49:32 INFO Epoch 5 | Step 3980/5125 | Loss 0.4725 | LR 1.9735e-06
2026-02-28 13:50:23 INFO Epoch 5 | Step 4000/5125 | Loss 0.4724 | LR 1.9759e-06
2026-02-28 13:51:14 INFO Epoch 5 | Step 4020/5125 | Loss 0.4723 | LR 1.9784e-06
2026-02-28 13:52:05 INFO Epoch 5 | Step 4040/5125 | Loss 0.4722 | LR 1.9808e-06
2026-02-28 13:52:56 INFO Epoch 5 | Step 4060/5125 | Loss 0.4721 | LR 1.9832e-06
2026-02-28 13:53:48 INFO Epoch 5 | Step 4080/5125 | Loss 0.4720 | LR 1.9856e-06
2026-02-28 13:54:38 INFO Epoch 5 | Step 4100/5125 | Loss 0.4721 | LR 1.9881e-06
2026-02-28 13:55:29 INFO Epoch 5 | Step 4120/5125 | Loss 0.4721 | LR 1.9905e-06
2026-02-28 13:56:20 INFO Epoch 5 | Step 4140/5125 | Loss 0.4721 | LR 1.9929e-06
2026-02-28 13:57:11 INFO Epoch 5 | Step 4160/5125 | Loss 0.4720 | LR 1.9954e-06
2026-02-28 13:58:02 INFO Epoch 5 | Step 4180/5125 | Loss 0.4720 | LR 1.9978e-06
2026-02-28 13:58:53 INFO Epoch 5 | Step 4200/5125 | Loss 0.4720 | LR 2.0002e-06
2026-02-28 13:59:44 INFO Epoch 5 | Step 4220/5125 | Loss 0.4720 | LR 2.0027e-06
2026-02-28 14:00:35 INFO Epoch 5 | Step 4240/5125 | Loss 0.4719 | LR 2.0051e-06
2026-02-28 14:01:26 INFO Epoch 5 | Step 4260/5125 | Loss 0.4719 | LR 2.0075e-06
2026-02-28 14:02:17 INFO Epoch 5 | Step 4280/5125 | Loss 0.4718 | LR 2.0100e-06
2026-02-28 14:03:08 INFO Epoch 5 | Step 4300/5125 | Loss 0.4717 | LR 2.0124e-06
2026-02-28 14:03:59 INFO Epoch 5 | Step 4320/5125 | Loss 0.4716 | LR 2.0149e-06
2026-02-28 14:04:50 INFO Epoch 5 | Step 4340/5125 | Loss 0.4716 | LR 2.0173e-06
2026-02-28 14:05:41 INFO Epoch 5 | Step 4360/5125 | Loss 0.4716 | LR 2.0198e-06
2026-02-28 14:06:32 INFO Epoch 5 | Step 4380/5125 | Loss 0.4715 | LR 2.0222e-06
2026-02-28 14:07:23 INFO Epoch 5 | Step 4400/5125 | Loss 0.4715 | LR 2.0247e-06
2026-02-28 14:08:14 INFO Epoch 5 | Step 4420/5125 | Loss 0.4714 | LR 2.0271e-06
2026-02-28 14:09:05 INFO Epoch 5 | Step 4440/5125 | Loss 0.4712 | LR 2.0296e-06
2026-02-28 14:09:56 INFO Epoch 5 | Step 4460/5125 | Loss 0.4711 | LR 2.0320e-06
2026-02-28 14:10:47 INFO Epoch 5 | Step 4480/5125 | Loss 0.4710 | LR 2.0345e-06
2026-02-28 14:11:38 INFO Epoch 5 | Step 4500/5125 | Loss 0.4709 | LR 2.0369e-06
2026-02-28 14:12:29 INFO Epoch 5 | Step 4520/5125 | Loss 0.4708 | LR 2.0394e-06
2026-02-28 14:13:20 INFO Epoch 5 | Step 4540/5125 | Loss 0.4707 | LR 2.0419e-06
2026-02-28 14:14:11 INFO Epoch 5 | Step 4560/5125 | Loss 0.4706 | LR 2.0443e-06
2026-02-28 14:15:02 INFO Epoch 5 | Step 4580/5125 | Loss 0.4705 | LR 2.0468e-06
2026-02-28 14:15:53 INFO Epoch 5 | Step 4600/5125 | Loss 0.4704 | LR 2.0493e-06
2026-02-28 14:16:43 INFO Epoch 5 | Step 4620/5125 | Loss 0.4702 | LR 2.0517e-06
2026-02-28 14:17:34 INFO Epoch 5 | Step 4640/5125 | Loss 0.4702 | LR 2.0542e-06
2026-02-28 14:18:25 INFO Epoch 5 | Step 4660/5125 | Loss 0.4700 | LR 2.0567e-06
2026-02-28 14:19:16 INFO Epoch 5 | Step 4680/5125 | Loss 0.4699 | LR 2.0591e-06
2026-02-28 14:20:07 INFO Epoch 5 | Step 4700/5125 | Loss 0.4699 | LR 2.0616e-06
2026-02-28 14:20:58 INFO Epoch 5 | Step 4720/5125 | Loss 0.4698 | LR 2.0641e-06
2026-02-28 14:21:49 INFO Epoch 5 | Step 4740/5125 | Loss 0.4697 | LR 2.0666e-06
2026-02-28 14:22:39 INFO Epoch 5 | Step 4760/5125 | Loss 0.4695 | LR 2.0690e-06
2026-02-28 14:23:30 INFO Epoch 5 | Step 4780/5125 | Loss 0.4694 | LR 2.0715e-06
2026-02-28 14:24:21 INFO Epoch 5 | Step 4800/5125 | Loss 0.4693 | LR 2.0740e-06
2026-02-28 14:25:12 INFO Epoch 5 | Step 4820/5125 | Loss 0.4693 | LR 2.0765e-06
2026-02-28 14:26:02 INFO Epoch 5 | Step 4840/5125 | Loss 0.4691 | LR 2.0790e-06
2026-02-28 14:26:53 INFO Epoch 5 | Step 4860/5125 | Loss 0.4691 | LR 2.0814e-06
2026-02-28 14:27:44 INFO Epoch 5 | Step 4880/5125 | Loss 0.4691 | LR 2.0839e-06
2026-02-28 14:28:35 INFO Epoch 5 | Step 4900/5125 | Loss 0.4691 | LR 2.0864e-06
2026-02-28 14:29:26 INFO Epoch 5 | Step 4920/5125 | Loss 0.4690 | LR 2.0889e-06
2026-02-28 14:30:17 INFO Epoch 5 | Step 4940/5125 | Loss 0.4689 | LR 2.0914e-06
2026-02-28 14:31:08 INFO Epoch 5 | Step 4960/5125 | Loss 0.4688 | LR 2.0939e-06
2026-02-28 14:31:58 INFO Epoch 5 | Step 4980/5125 | Loss 0.4688 | LR 2.0964e-06
2026-02-28 14:32:49 INFO Epoch 5 | Step 5000/5125 | Loss 0.4687 | LR 2.0989e-06
2026-02-28 14:33:40 INFO Epoch 5 | Step 5020/5125 | Loss 0.4686 | LR 2.1014e-06
2026-02-28 14:34:31 INFO Epoch 5 | Step 5040/5125 | Loss 0.4685 | LR 2.1039e-06
2026-02-28 14:35:22 INFO Epoch 5 | Step 5060/5125 | Loss 0.4684 | LR 2.1064e-06
2026-02-28 14:36:12 INFO Epoch 5 | Step 5080/5125 | Loss 0.4683 | LR 2.1089e-06
2026-02-28 14:37:03 INFO Epoch 5 | Step 5100/5125 | Loss 0.4682 | LR 2.1114e-06
2026-02-28 14:37:54 INFO Epoch 5 | Step 5120/5125 | Loss 0.4679 | LR 2.1139e-06
2026-02-28 14:38:07 INFO Epoch 5 | Step 5125/5125 | Loss 0.4679 | LR 2.1145e-06
2026-02-28 15:25:53 INFO CSV Written | Epoch: 5
2026-02-28 15:25:53 INFO Best Saved | Epoch: 5 | Monitor: val_auprc | Value: 0.4566
2026-02-28 15:25:53 INFO Epoch Done | Epoch: 5 | Time: 15993.4738 | Train Loss: 0.4679 | Val Accuracy: 0.9775 | Val AUPRC: 0.4566 | Val Auroc: 0.9609 | Val F1: 0.4256 | Val Loss: 0.3481
2026-02-28 15:25:53 INFO Epoch Start | Epoch: 6
2026-02-28 15:25:59 INFO Epoch 6 | Step 1/5125 | Loss 0.4191 | LR 2.1146e-06
2026-02-28 15:26:47 INFO Epoch 6 | Step 20/5125 | Loss 0.4454 | LR 2.1170e-06
2026-02-28 15:27:37 INFO Epoch 6 | Step 40/5125 | Loss 0.4420 | LR 2.1195e-06
2026-02-28 15:28:28 INFO Epoch 6 | Step 60/5125 | Loss 0.4462 | LR 2.1220e-06
2026-02-28 15:29:19 INFO Epoch 6 | Step 80/5125 | Loss 0.4376 | LR 2.1245e-06
2026-02-28 15:30:09 INFO Epoch 6 | Step 100/5125 | Loss 0.4381 | LR 2.1270e-06
2026-02-28 15:31:00 INFO Epoch 6 | Step 120/5125 | Loss 0.4367 | LR 2.1295e-06
2026-02-28 15:31:50 INFO Epoch 6 | Step 140/5125 | Loss 0.4382 | LR 2.1321e-06
2026-02-28 15:32:41 INFO Epoch 6 | Step 160/5125 | Loss 0.4402 | LR 2.1346e-06
2026-02-28 15:33:32 INFO Epoch 6 | Step 180/5125 | Loss 0.4377 | LR 2.1371e-06
2026-02-28 15:34:22 INFO Epoch 6 | Step 200/5125 | Loss 0.4401 | LR 2.1396e-06
2026-02-28 15:35:13 INFO Epoch 6 | Step 220/5125 | Loss 0.4390 | LR 2.1421e-06
2026-02-28 15:36:03 INFO Epoch 6 | Step 240/5125 | Loss 0.4356 | LR 2.1446e-06
2026-02-28 15:36:54 INFO Epoch 6 | Step 260/5125 | Loss 0.4366 | LR 2.1472e-06
2026-02-28 15:37:44 INFO Epoch 6 | Step 280/5125 | Loss 0.4360 | LR 2.1497e-06
2026-02-28 15:38:35 INFO Epoch 6 | Step 300/5125 | Loss 0.4380 | LR 2.1522e-06
2026-02-28 15:39:25 INFO Epoch 6 | Step 320/5125 | Loss 0.4391 | LR 2.1547e-06
2026-02-28 15:40:16 INFO Epoch 6 | Step 340/5125 | Loss 0.4414 | LR 2.1573e-06
2026-02-28 15:41:07 INFO Epoch 6 | Step 360/5125 | Loss 0.4403 | LR 2.1598e-06
2026-02-28 15:41:57 INFO Epoch 6 | Step 380/5125 | Loss 0.4385 | LR 2.1623e-06
2026-02-28 15:42:48 INFO Epoch 6 | Step 400/5125 | Loss 0.4365 | LR 2.1649e-06
2026-02-28 15:43:38 INFO Epoch 6 | Step 420/5125 | Loss 0.4363 | LR 2.1674e-06
2026-02-28 15:44:29 INFO Epoch 6 | Step 440/5125 | Loss 0.4365 | LR 2.1699e-06
2026-02-28 15:45:19 INFO Epoch 6 | Step 460/5125 | Loss 0.4371 | LR 2.1725e-06
2026-02-28 15:46:10 INFO Epoch 6 | Step 480/5125 | Loss 0.4364 | LR 2.1750e-06
2026-02-28 15:47:01 INFO Epoch 6 | Step 500/5125 | Loss 0.4360 | LR 2.1775e-06
2026-02-28 15:47:51 INFO Epoch 6 | Step 520/5125 | Loss 0.4352 | LR 2.1801e-06
2026-02-28 15:48:42 INFO Epoch 6 | Step 540/5125 | Loss 0.4351 | LR 2.1826e-06
2026-02-28 15:49:33 INFO Epoch 6 | Step 560/5125 | Loss 0.4343 | LR 2.1852e-06
2026-02-28 15:50:23 INFO Epoch 6 | Step 580/5125 | Loss 0.4334 | LR 2.1877e-06
2026-02-28 15:51:14 INFO Epoch 6 | Step 600/5125 | Loss 0.4328 | LR 2.1902e-06
2026-02-28 15:52:05 INFO Epoch 6 | Step 620/5125 | Loss 0.4323 | LR 2.1928e-06
2026-02-28 15:52:56 INFO Epoch 6 | Step 640/5125 | Loss 0.4326 | LR 2.1953e-06
2026-02-28 15:53:47 INFO Epoch 6 | Step 660/5125 | Loss 0.4319 | LR 2.1979e-06
2026-02-28 15:54:38 INFO Epoch 6 | Step 680/5125 | Loss 0.4325 | LR 2.2004e-06
2026-02-28 15:55:29 INFO Epoch 6 | Step 700/5125 | Loss 0.4330 | LR 2.2030e-06
2026-02-28 15:56:20 INFO Epoch 6 | Step 720/5125 | Loss 0.4336 | LR 2.2056e-06
2026-02-28 15:57:11 INFO Epoch 6 | Step 740/5125 | Loss 0.4346 | LR 2.2081e-06
2026-02-28 15:58:01 INFO Epoch 6 | Step 760/5125 | Loss 0.4347 | LR 2.2107e-06
2026-02-28 15:58:52 INFO Epoch 6 | Step 780/5125 | Loss 0.4341 | LR 2.2132e-06
2026-02-28 15:59:43 INFO Epoch 6 | Step 800/5125 | Loss 0.4338 | LR 2.2158e-06
2026-02-28 16:00:34 INFO Epoch 6 | Step 820/5125 | Loss 0.4342 | LR 2.2183e-06
2026-02-28 16:01:25 INFO Epoch 6 | Step 840/5125 | Loss 0.4335 | LR 2.2209e-06
2026-02-28 16:02:16 INFO Epoch 6 | Step 860/5125 | Loss 0.4331 | LR 2.2235e-06
2026-02-28 16:03:07 INFO Epoch 6 | Step 880/5125 | Loss 0.4330 | LR 2.2260e-06
2026-02-28 16:03:58 INFO Epoch 6 | Step 900/5125 | Loss 0.4323 | LR 2.2286e-06
2026-02-28 16:04:49 INFO Epoch 6 | Step 920/5125 | Loss 0.4329 | LR 2.2312e-06
2026-02-28 16:05:40 INFO Epoch 6 | Step 940/5125 | Loss 0.4325 | LR 2.2337e-06
2026-02-28 16:06:32 INFO Epoch 6 | Step 960/5125 | Loss 0.4328 | LR 2.2363e-06
2026-02-28 16:07:23 INFO Epoch 6 | Step 980/5125 | Loss 0.4329 | LR 2.2389e-06
2026-02-28 16:08:14 INFO Epoch 6 | Step 1000/5125 | Loss 0.4326 | LR 2.2415e-06
2026-02-28 16:09:05 INFO Epoch 6 | Step 1020/5125 | Loss 0.4315 | LR 2.2440e-06
2026-02-28 16:09:56 INFO Epoch 6 | Step 1040/5125 | Loss 0.4314 | LR 2.2466e-06
2026-02-28 16:10:46 INFO Epoch 6 | Step 1060/5125 | Loss 0.4314 | LR 2.2492e-06
2026-02-28 16:11:37 INFO Epoch 6 | Step 1080/5125 | Loss 0.4318 | LR 2.2518e-06
2026-02-28 16:12:28 INFO Epoch 6 | Step 1100/5125 | Loss 0.4323 | LR 2.2543e-06
2026-02-28 16:13:19 INFO Epoch 6 | Step 1120/5125 | Loss 0.4320 | LR 2.2569e-06
2026-02-28 16:14:10 INFO Epoch 6 | Step 1140/5125 | Loss 0.4315 | LR 2.2595e-06
2026-02-28 16:15:01 INFO Epoch 6 | Step 1160/5125 | Loss 0.4314 | LR 2.2621e-06
2026-02-28 16:15:52 INFO Epoch 6 | Step 1180/5125 | Loss 0.4312 | LR 2.2647e-06
2026-02-28 16:16:43 INFO Epoch 6 | Step 1200/5125 | Loss 0.4312 | LR 2.2673e-06
2026-02-28 16:17:34 INFO Epoch 6 | Step 1220/5125 | Loss 0.4313 | LR 2.2699e-06
2026-02-28 16:18:25 INFO Epoch 6 | Step 1240/5125 | Loss 0.4312 | LR 2.2724e-06
2026-02-28 16:19:15 INFO Epoch 6 | Step 1260/5125 | Loss 0.4312 | LR 2.2750e-06
2026-02-28 16:20:06 INFO Epoch 6 | Step 1280/5125 | Loss 0.4315 | LR 2.2776e-06
2026-02-28 16:20:57 INFO Epoch 6 | Step 1300/5125 | Loss 0.4312 | LR 2.2802e-06
2026-02-28 16:21:48 INFO Epoch 6 | Step 1320/5125 | Loss 0.4313 | LR 2.2828e-06
2026-02-28 16:22:39 INFO Epoch 6 | Step 1340/5125 | Loss 0.4309 | LR 2.2854e-06
2026-02-28 16:23:30 INFO Epoch 6 | Step 1360/5125 | Loss 0.4307 | LR 2.2880e-06
2026-02-28 16:24:21 INFO Epoch 6 | Step 1380/5125 | Loss 0.4304 | LR 2.2906e-06
2026-02-28 16:25:12 INFO Epoch 6 | Step 1400/5125 | Loss 0.4304 | LR 2.2932e-06
2026-02-28 16:26:02 INFO Epoch 6 | Step 1420/5125 | Loss 0.4303 | LR 2.2958e-06
2026-02-28 16:26:53 INFO Epoch 6 | Step 1440/5125 | Loss 0.4303 | LR 2.2984e-06
2026-02-28 16:27:44 INFO Epoch 6 | Step 1460/5125 | Loss 0.4298 | LR 2.3010e-06
2026-02-28 16:28:35 INFO Epoch 6 | Step 1480/5125 | Loss 0.4297 | LR 2.3036e-06
2026-02-28 16:29:26 INFO Epoch 6 | Step 1500/5125 | Loss 0.4293 | LR 2.3062e-06
2026-02-28 16:30:17 INFO Epoch 6 | Step 1520/5125 | Loss 0.4294 | LR 2.3088e-06
2026-02-28 16:31:07 INFO Epoch 6 | Step 1540/5125 | Loss 0.4293 | LR 2.3115e-06
2026-02-28 16:31:58 INFO Epoch 6 | Step 1560/5125 | Loss 0.4293 | LR 2.3141e-06
2026-02-28 16:32:49 INFO Epoch 6 | Step 1580/5125 | Loss 0.4287 | LR 2.3167e-06
2026-02-28 16:33:40 INFO Epoch 6 | Step 1600/5125 | Loss 0.4286 | LR 2.3193e-06
2026-02-28 16:34:31 INFO Epoch 6 | Step 1620/5125 | Loss 0.4285 | LR 2.3219e-06
2026-02-28 16:35:22 INFO Epoch 6 | Step 1640/5125 | Loss 0.4286 | LR 2.3245e-06
2026-02-28 16:36:13 INFO Epoch 6 | Step 1660/5125 | Loss 0.4282 | LR 2.3271e-06
2026-02-28 16:37:04 INFO Epoch 6 | Step 1680/5125 | Loss 0.4282 | LR 2.3298e-06
2026-02-28 16:37:55 INFO Epoch 6 | Step 1700/5125 | Loss 0.4279 | LR 2.3324e-06
2026-02-28 16:38:45 INFO Epoch 6 | Step 1720/5125 | Loss 0.4283 | LR 2.3350e-06
2026-02-28 16:39:36 INFO Epoch 6 | Step 1740/5125 | Loss 0.4282 | LR 2.3376e-06
2026-02-28 16:40:27 INFO Epoch 6 | Step 1760/5125 | Loss 0.4281 | LR 2.3403e-06
2026-02-28 16:41:18 INFO Epoch 6 | Step 1780/5125 | Loss 0.4278 | LR 2.3429e-06
2026-02-28 16:42:08 INFO Epoch 6 | Step 1800/5125 | Loss 0.4274 | LR 2.3455e-06
2026-02-28 16:42:59 INFO Epoch 6 | Step 1820/5125 | Loss 0.4270 | LR 2.3481e-06
2026-02-28 16:43:50 INFO Epoch 6 | Step 1840/5125 | Loss 0.4270 | LR 2.3508e-06
2026-02-28 16:44:41 INFO Epoch 6 | Step 1860/5125 | Loss 0.4268 | LR 2.3534e-06
2026-02-28 16:45:32 INFO Epoch 6 | Step 1880/5125 | Loss 0.4266 | LR 2.3560e-06
2026-02-28 16:46:23 INFO Epoch 6 | Step 1900/5125 | Loss 0.4265 | LR 2.3587e-06
2026-02-28 16:47:14 INFO Epoch 6 | Step 1920/5125 | Loss 0.4263 | LR 2.3613e-06
2026-02-28 16:48:05 INFO Epoch 6 | Step 1940/5125 | Loss 0.4261 | LR 2.3639e-06
2026-02-28 16:48:56 INFO Epoch 6 | Step 1960/5125 | Loss 0.4259 | LR 2.3666e-06
2026-02-28 16:49:47 INFO Epoch 6 | Step 1980/5125 | Loss 0.4261 | LR 2.3692e-06
2026-02-28 16:50:37 INFO Epoch 6 | Step 2000/5125 | Loss 0.4260 | LR 2.3719e-06
2026-02-28 16:51:28 INFO Epoch 6 | Step 2020/5125 | Loss 0.4257 | LR 2.3745e-06
2026-02-28 16:52:19 INFO Epoch 6 | Step 2040/5125 | Loss 0.4258 | LR 2.3771e-06
2026-02-28 16:53:10 INFO Epoch 6 | Step 2060/5125 | Loss 0.4258 | LR 2.3798e-06
2026-02-28 16:54:01 INFO Epoch 6 | Step 2080/5125 | Loss 0.4259 | LR 2.3824e-06
2026-02-28 16:54:51 INFO Epoch 6 | Step 2100/5125 | Loss 0.4258 | LR 2.3851e-06
2026-02-28 16:55:42 INFO Epoch 6 | Step 2120/5125 | Loss 0.4257 | LR 2.3877e-06
2026-02-28 16:56:33 INFO Epoch 6 | Step 2140/5125 | Loss 0.4257 | LR 2.3904e-06
2026-02-28 16:57:24 INFO Epoch 6 | Step 2160/5125 | Loss 0.4256 | LR 2.3930e-06
2026-02-28 16:58:15 INFO Epoch 6 | Step 2180/5125 | Loss 0.4255 | LR 2.3957e-06
2026-02-28 16:59:05 INFO Epoch 6 | Step 2200/5125 | Loss 0.4254 | LR 2.3983e-06
2026-02-28 16:59:56 INFO Epoch 6 | Step 2220/5125 | Loss 0.4253 | LR 2.4010e-06
2026-02-28 17:00:47 INFO Epoch 6 | Step 2240/5125 | Loss 0.4250 | LR 2.4036e-06
2026-02-28 17:01:38 INFO Epoch 6 | Step 2260/5125 | Loss 0.4248 | LR 2.4063e-06
2026-02-28 17:02:29 INFO Epoch 6 | Step 2280/5125 | Loss 0.4249 | LR 2.4090e-06
2026-02-28 17:03:19 INFO Epoch 6 | Step 2300/5125 | Loss 0.4246 | LR 2.4116e-06
2026-02-28 17:04:10 INFO Epoch 6 | Step 2320/5125 | Loss 0.4245 | LR 2.4143e-06
2026-02-28 17:05:01 INFO Epoch 6 | Step 2340/5125 | Loss 0.4243 | LR 2.4169e-06
2026-02-28 17:05:51 INFO Epoch 6 | Step 2360/5125 | Loss 0.4241 | LR 2.4196e-06
2026-02-28 17:06:42 INFO Epoch 6 | Step 2380/5125 | Loss 0.4242 | LR 2.4223e-06
2026-02-28 17:07:33 INFO Epoch 6 | Step 2400/5125 | Loss 0.4244 | LR 2.4249e-06
2026-02-28 17:08:24 INFO Epoch 6 | Step 2420/5125 | Loss 0.4243 | LR 2.4276e-06
2026-02-28 17:09:15 INFO Epoch 6 | Step 2440/5125 | Loss 0.4242 | LR 2.4303e-06
2026-02-28 17:10:06 INFO Epoch 6 | Step 2460/5125 | Loss 0.4239 | LR 2.4329e-06
2026-02-28 17:10:56 INFO Epoch 6 | Step 2480/5125 | Loss 0.4234 | LR 2.4356e-06
2026-02-28 17:11:47 INFO Epoch 6 | Step 2500/5125 | Loss 0.4233 | LR 2.4383e-06
2026-02-28 17:12:38 INFO Epoch 6 | Step 2520/5125 | Loss 0.4232 | LR 2.4410e-06
2026-02-28 17:13:29 INFO Epoch 6 | Step 2540/5125 | Loss 0.4229 | LR 2.4436e-06
2026-02-28 17:14:20 INFO Epoch 6 | Step 2560/5125 | Loss 0.4230 | LR 2.4463e-06
2026-02-28 17:15:11 INFO Epoch 6 | Step 2580/5125 | Loss 0.4228 | LR 2.4490e-06
2026-02-28 17:16:02 INFO Epoch 6 | Step 2600/5125 | Loss 0.4227 | LR 2.4517e-06
2026-02-28 17:16:53 INFO Epoch 6 | Step 2620/5125 | Loss 0.4224 | LR 2.4544e-06
2026-02-28 17:17:44 INFO Epoch 6 | Step 2640/5125 | Loss 0.4226 | LR 2.4570e-06
2026-02-28 17:18:35 INFO Epoch 6 | Step 2660/5125 | Loss 0.4226 | LR 2.4597e-06
2026-02-28 17:19:25 INFO Epoch 6 | Step 2680/5125 | Loss 0.4227 | LR 2.4624e-06
2026-02-28 17:20:16 INFO Epoch 6 | Step 2700/5125 | Loss 0.4225 | LR 2.4651e-06
2026-02-28 17:21:07 INFO Epoch 6 | Step 2720/5125 | Loss 0.4222 | LR 2.4678e-06
2026-02-28 17:21:58 INFO Epoch 6 | Step 2740/5125 | Loss 0.4220 | LR 2.4705e-06
2026-02-28 17:22:48 INFO Epoch 6 | Step 2760/5125 | Loss 0.4220 | LR 2.4732e-06
2026-02-28 17:23:39 INFO Epoch 6 | Step 2780/5125 | Loss 0.4220 | LR 2.4758e-06
2026-02-28 17:24:30 INFO Epoch 6 | Step 2800/5125 | Loss 0.4221 | LR 2.4785e-06
2026-02-28 17:25:21 INFO Epoch 6 | Step 2820/5125 | Loss 0.4219 | LR 2.4812e-06
2026-02-28 17:26:11 INFO Epoch 6 | Step 2840/5125 | Loss 0.4217 | LR 2.4839e-06
2026-02-28 17:27:02 INFO Epoch 6 | Step 2860/5125 | Loss 0.4216 | LR 2.4866e-06
2026-02-28 17:27:53 INFO Epoch 6 | Step 2880/5125 | Loss 0.4215 | LR 2.4893e-06
2026-02-28 17:28:43 INFO Epoch 6 | Step 2900/5125 | Loss 0.4214 | LR 2.4920e-06
2026-02-28 17:29:34 INFO Epoch 6 | Step 2920/5125 | Loss 0.4214 | LR 2.4947e-06
2026-02-28 17:30:24 INFO Epoch 6 | Step 2940/5125 | Loss 0.4212 | LR 2.4974e-06
2026-02-28 17:31:15 INFO Epoch 6 | Step 2960/5125 | Loss 0.4211 | LR 2.5001e-06
2026-02-28 17:32:06 INFO Epoch 6 | Step 2980/5125 | Loss 0.4206 | LR 2.5028e-06
2026-02-28 17:32:56 INFO Epoch 6 | Step 3000/5125 | Loss 0.4204 | LR 2.5055e-06
2026-02-28 17:33:47 INFO Epoch 6 | Step 3020/5125 | Loss 0.4204 | LR 2.5082e-06
2026-02-28 17:34:38 INFO Epoch 6 | Step 3040/5125 | Loss 0.4203 | LR 2.5109e-06
2026-02-28 17:35:29 INFO Epoch 6 | Step 3060/5125 | Loss 0.4205 | LR 2.5136e-06
2026-02-28 17:36:19 INFO Epoch 6 | Step 3080/5125 | Loss 0.4202 | LR 2.5164e-06
2026-02-28 17:37:10 INFO Epoch 6 | Step 3100/5125 | Loss 0.4201 | LR 2.5191e-06
2026-02-28 17:38:01 INFO Epoch 6 | Step 3120/5125 | Loss 0.4198 | LR 2.5218e-06
2026-02-28 17:38:51 INFO Epoch 6 | Step 3140/5125 | Loss 0.4196 | LR 2.5245e-06
2026-02-28 17:39:42 INFO Epoch 6 | Step 3160/5125 | Loss 0.4196 | LR 2.5272e-06
2026-02-28 17:40:33 INFO Epoch 6 | Step 3180/5125 | Loss 0.4194 | LR 2.5299e-06
2026-02-28 17:41:23 INFO Epoch 6 | Step 3200/5125 | Loss 0.4194 | LR 2.5326e-06
2026-02-28 17:42:14 INFO Epoch 6 | Step 3220/5125 | Loss 0.4193 | LR 2.5354e-06
2026-02-28 17:43:05 INFO Epoch 6 | Step 3240/5125 | Loss 0.4193 | LR 2.5381e-06
2026-02-28 17:43:55 INFO Epoch 6 | Step 3260/5125 | Loss 0.4192 | LR 2.5408e-06
2026-02-28 17:44:46 INFO Epoch 6 | Step 3280/5125 | Loss 0.4191 | LR 2.5435e-06
2026-02-28 17:45:37 INFO Epoch 6 | Step 3300/5125 | Loss 0.4190 | LR 2.5462e-06
2026-02-28 17:46:28 INFO Epoch 6 | Step 3320/5125 | Loss 0.4189 | LR 2.5490e-06
2026-02-28 17:47:18 INFO Epoch 6 | Step 3340/5125 | Loss 0.4188 | LR 2.5517e-06
2026-02-28 17:48:09 INFO Epoch 6 | Step 3360/5125 | Loss 0.4186 | LR 2.5544e-06
2026-02-28 17:49:00 INFO Epoch 6 | Step 3380/5125 | Loss 0.4185 | LR 2.5572e-06
2026-02-28 17:49:50 INFO Epoch 6 | Step 3400/5125 | Loss 0.4186 | LR 2.5599e-06
2026-02-28 17:50:41 INFO Epoch 6 | Step 3420/5125 | Loss 0.4185 | LR 2.5626e-06
2026-02-28 17:51:32 INFO Epoch 6 | Step 3440/5125 | Loss 0.4185 | LR 2.5653e-06
2026-02-28 17:52:23 INFO Epoch 6 | Step 3460/5125 | Loss 0.4184 | LR 2.5681e-06
2026-02-28 17:53:13 INFO Epoch 6 | Step 3480/5125 | Loss 0.4180 | LR 2.5708e-06
2026-02-28 17:54:04 INFO Epoch 6 | Step 3500/5125 | Loss 0.4178 | LR 2.5735e-06
2026-02-28 17:54:55 INFO Epoch 6 | Step 3520/5125 | Loss 0.4178 | LR 2.5763e-06
2026-02-28 17:55:45 INFO Epoch 6 | Step 3540/5125 | Loss 0.4177 | LR 2.5790e-06
2026-02-28 17:56:36 INFO Epoch 6 | Step 3560/5125 | Loss 0.4177 | LR 2.5818e-06
2026-02-28 17:57:27 INFO Epoch 6 | Step 3580/5125 | Loss 0.4178 | LR 2.5845e-06
2026-02-28 17:58:17 INFO Epoch 6 | Step 3600/5125 | Loss 0.4179 | LR 2.5872e-06
2026-02-28 17:59:08 INFO Epoch 6 | Step 3620/5125 | Loss 0.4177 | LR 2.5900e-06
2026-02-28 17:59:59 INFO Epoch 6 | Step 3640/5125 | Loss 0.4174 | LR 2.5927e-06
2026-02-28 18:00:50 INFO Epoch 6 | Step 3660/5125 | Loss 0.4171 | LR 2.5955e-06
2026-02-28 18:01:40 INFO Epoch 6 | Step 3680/5125 | Loss 0.4170 | LR 2.5982e-06
2026-02-28 18:02:31 INFO Epoch 6 | Step 3700/5125 | Loss 0.4168 | LR 2.6010e-06
2026-02-28 18:03:22 INFO Epoch 6 | Step 3720/5125 | Loss 0.4166 | LR 2.6037e-06
2026-02-28 18:04:13 INFO Epoch 6 | Step 3740/5125 | Loss 0.4166 | LR 2.6065e-06
2026-02-28 18:05:04 INFO Epoch 6 | Step 3760/5125 | Loss 0.4166 | LR 2.6092e-06
2026-02-28 18:05:55 INFO Epoch 6 | Step 3780/5125 | Loss 0.4168 | LR 2.6120e-06
2026-02-28 18:06:45 INFO Epoch 6 | Step 3800/5125 | Loss 0.4167 | LR 2.6147e-06
2026-02-28 18:07:36 INFO Epoch 6 | Step 3820/5125 | Loss 0.4166 | LR 2.6175e-06
2026-02-28 18:08:27 INFO Epoch 6 | Step 3840/5125 | Loss 0.4167 | LR 2.6202e-06
2026-02-28 18:09:18 INFO Epoch 6 | Step 3860/5125 | Loss 0.4165 | LR 2.6230e-06
2026-02-28 18:10:09 INFO Epoch 6 | Step 3880/5125 | Loss 0.4164 | LR 2.6258e-06
2026-02-28 18:11:00 INFO Epoch 6 | Step 3900/5125 | Loss 0.4161 | LR 2.6285e-06
2026-02-28 18:11:50 INFO Epoch 6 | Step 3920/5125 | Loss 0.4160 | LR 2.6313e-06
2026-02-28 18:12:41 INFO Epoch 6 | Step 3940/5125 | Loss 0.4160 | LR 2.6340e-06
2026-02-28 18:13:32 INFO Epoch 6 | Step 3960/5125 | Loss 0.4159 | LR 2.6368e-06
2026-02-28 18:14:23 INFO Epoch 6 | Step 3980/5125 | Loss 0.4155 | LR 2.6396e-06
2026-02-28 18:15:14 INFO Epoch 6 | Step 4000/5125 | Loss 0.4153 | LR 2.6423e-06
2026-02-28 18:16:04 INFO Epoch 6 | Step 4020/5125 | Loss 0.4154 | LR 2.6451e-06
2026-02-28 18:16:55 INFO Epoch 6 | Step 4040/5125 | Loss 0.4154 | LR 2.6479e-06
2026-02-28 18:17:46 INFO Epoch 6 | Step 4060/5125 | Loss 0.4153 | LR 2.6506e-06
2026-02-28 18:18:37 INFO Epoch 6 | Step 4080/5125 | Loss 0.4153 | LR 2.6534e-06
2026-02-28 18:19:27 INFO Epoch 6 | Step 4100/5125 | Loss 0.4152 | LR 2.6562e-06
2026-02-28 18:20:18 INFO Epoch 6 | Step 4120/5125 | Loss 0.4150 | LR 2.6589e-06
2026-02-28 18:21:09 INFO Epoch 6 | Step 4140/5125 | Loss 0.4149 | LR 2.6617e-06
2026-02-28 18:22:00 INFO Epoch 6 | Step 4160/5125 | Loss 0.4149 | LR 2.6645e-06
2026-02-28 18:22:51 INFO Epoch 6 | Step 4180/5125 | Loss 0.4150 | LR 2.6673e-06
2026-02-28 18:23:41 INFO Epoch 6 | Step 4200/5125 | Loss 0.4148 | LR 2.6700e-06
2026-02-28 18:24:32 INFO Epoch 6 | Step 4220/5125 | Loss 0.4147 | LR 2.6728e-06
2026-02-28 18:25:23 INFO Epoch 6 | Step 4240/5125 | Loss 0.4145 | LR 2.6756e-06
2026-02-28 18:26:14 INFO Epoch 6 | Step 4260/5125 | Loss 0.4144 | LR 2.6784e-06
2026-02-28 18:27:05 INFO Epoch 6 | Step 4280/5125 | Loss 0.4144 | LR 2.6812e-06
2026-02-28 18:27:56 INFO Epoch 6 | Step 4300/5125 | Loss 0.4143 | LR 2.6840e-06
2026-02-28 18:28:46 INFO Epoch 6 | Step 4320/5125 | Loss 0.4141 | LR 2.6867e-06
2026-02-28 18:29:37 INFO Epoch 6 | Step 4340/5125 | Loss 0.4140 | LR 2.6895e-06
2026-02-28 18:30:28 INFO Epoch 6 | Step 4360/5125 | Loss 0.4140 | LR 2.6923e-06
2026-02-28 18:31:19 INFO Epoch 6 | Step 4380/5125 | Loss 0.4139 | LR 2.6951e-06
2026-02-28 18:32:10 INFO Epoch 6 | Step 4400/5125 | Loss 0.4138 | LR 2.6979e-06
2026-02-28 18:33:00 INFO Epoch 6 | Step 4420/5125 | Loss 0.4138 | LR 2.7007e-06
2026-02-28 18:33:51 INFO Epoch 6 | Step 4440/5125 | Loss 0.4136 | LR 2.7035e-06
2026-02-28 18:34:42 INFO Epoch 6 | Step 4460/5125 | Loss 0.4136 | LR 2.7063e-06
2026-02-28 18:35:33 INFO Epoch 6 | Step 4480/5125 | Loss 0.4135 | LR 2.7091e-06
2026-02-28 18:36:24 INFO Epoch 6 | Step 4500/5125 | Loss 0.4132 | LR 2.7118e-06
2026-02-28 18:37:14 INFO Epoch 6 | Step 4520/5125 | Loss 0.4132 | LR 2.7146e-06
2026-02-28 18:38:05 INFO Epoch 6 | Step 4540/5125 | Loss 0.4131 | LR 2.7174e-06
2026-02-28 18:38:56 INFO Epoch 6 | Step 4560/5125 | Loss 0.4132 | LR 2.7202e-06
2026-02-28 18:39:47 INFO Epoch 6 | Step 4580/5125 | Loss 0.4130 | LR 2.7230e-06
2026-02-28 18:40:38 INFO Epoch 6 | Step 4600/5125 | Loss 0.4131 | LR 2.7258e-06
2026-02-28 18:41:29 INFO Epoch 6 | Step 4620/5125 | Loss 0.4128 | LR 2.7286e-06
2026-02-28 18:42:19 INFO Epoch 6 | Step 4640/5125 | Loss 0.4126 | LR 2.7314e-06
2026-02-28 18:43:10 INFO Epoch 6 | Step 4660/5125 | Loss 0.4126 | LR 2.7343e-06
2026-02-28 18:44:01 INFO Epoch 6 | Step 4680/5125 | Loss 0.4124 | LR 2.7371e-06
2026-02-28 18:44:52 INFO Epoch 6 | Step 4700/5125 | Loss 0.4122 | LR 2.7399e-06
2026-02-28 18:45:42 INFO Epoch 6 | Step 4720/5125 | Loss 0.4121 | LR 2.7427e-06
2026-02-28 18:46:33 INFO Epoch 6 | Step 4740/5125 | Loss 0.4119 | LR 2.7455e-06
2026-02-28 18:47:24 INFO Epoch 6 | Step 4760/5125 | Loss 0.4117 | LR 2.7483e-06
2026-02-28 18:48:14 INFO Epoch 6 | Step 4780/5125 | Loss 0.4117 | LR 2.7511e-06
2026-02-28 18:49:05 INFO Epoch 6 | Step 4800/5125 | Loss 0.4118 | LR 2.7539e-06
2026-02-28 18:49:56 INFO Epoch 6 | Step 4820/5125 | Loss 0.4117 | LR 2.7567e-06
2026-02-28 18:50:46 INFO Epoch 6 | Step 4840/5125 | Loss 0.4117 | LR 2.7595e-06
2026-02-28 18:51:37 INFO Epoch 6 | Step 4860/5125 | Loss 0.4116 | LR 2.7624e-06
2026-02-28 18:52:27 INFO Epoch 6 | Step 4880/5125 | Loss 0.4114 | LR 2.7652e-06
2026-02-28 18:53:18 INFO Epoch 6 | Step 4900/5125 | Loss 0.4113 | LR 2.7680e-06
2026-02-28 18:54:08 INFO Epoch 6 | Step 4920/5125 | Loss 0.4112 | LR 2.7708e-06
2026-02-28 18:54:59 INFO Epoch 6 | Step 4940/5125 | Loss 0.4111 | LR 2.7736e-06
2026-02-28 18:55:49 INFO Epoch 6 | Step 4960/5125 | Loss 0.4111 | LR 2.7764e-06
2026-02-28 18:56:40 INFO Epoch 6 | Step 4980/5125 | Loss 0.4110 | LR 2.7793e-06
2026-02-28 18:57:30 INFO Epoch 6 | Step 5000/5125 | Loss 0.4107 | LR 2.7821e-06
2026-02-28 18:58:21 INFO Epoch 6 | Step 5020/5125 | Loss 0.4106 | LR 2.7849e-06
2026-02-28 18:59:11 INFO Epoch 6 | Step 5040/5125 | Loss 0.4104 | LR 2.7877e-06
2026-02-28 19:00:02 INFO Epoch 6 | Step 5060/5125 | Loss 0.4103 | LR 2.7906e-06
2026-02-28 19:00:52 INFO Epoch 6 | Step 5080/5125 | Loss 0.4102 | LR 2.7934e-06
2026-02-28 19:01:43 INFO Epoch 6 | Step 5100/5125 | Loss 0.4101 | LR 2.7962e-06
2026-02-28 19:02:33 INFO Epoch 6 | Step 5120/5125 | Loss 0.4100 | LR 2.7991e-06
2026-02-28 19:02:46 INFO Epoch 6 | Step 5125/5125 | Loss 0.4099 | LR 2.7998e-06
2026-02-28 19:50:36 INFO CSV Written | Epoch: 6
2026-02-28 19:50:36 INFO Best Saved | Epoch: 6 | Monitor: val_auprc | Value: 0.5939
2026-02-28 19:50:36 INFO Epoch Done | Epoch: 6 | Time: 15881.6772 | Train Loss: 0.4099 | Val Accuracy: 0.9786 | Val AUPRC: 0.5939 | Val Auroc: 0.9695 | Val F1: 0.5540 | Val Loss: 0.3115
2026-02-28 19:50:36 INFO Epoch Start | Epoch: 7
2026-02-28 19:50:41 INFO Epoch 7 | Step 1/5125 | Loss 0.4174 | LR 2.7999e-06
2026-02-28 19:51:30 INFO Epoch 7 | Step 20/5125 | Loss 0.3744 | LR 2.8026e-06
2026-02-28 19:52:21 INFO Epoch 7 | Step 40/5125 | Loss 0.3566 | LR 2.8054e-06
2026-02-28 19:53:12 INFO Epoch 7 | Step 60/5125 | Loss 0.3808 | LR 2.8083e-06
2026-02-28 19:54:03 INFO Epoch 7 | Step 80/5125 | Loss 0.3843 | LR 2.8111e-06
2026-02-28 19:54:54 INFO Epoch 7 | Step 100/5125 | Loss 0.3782 | LR 2.8139e-06
2026-02-28 19:55:45 INFO Epoch 7 | Step 120/5125 | Loss 0.3771 | LR 2.8168e-06
2026-02-28 19:56:37 INFO Epoch 7 | Step 140/5125 | Loss 0.3750 | LR 2.8196e-06
2026-02-28 19:57:28 INFO Epoch 7 | Step 160/5125 | Loss 0.3747 | LR 2.8224e-06
2026-02-28 19:58:19 INFO Epoch 7 | Step 180/5125 | Loss 0.3747 | LR 2.8253e-06
2026-02-28 19:59:10 INFO Epoch 7 | Step 200/5125 | Loss 0.3768 | LR 2.8281e-06
2026-02-28 20:00:01 INFO Epoch 7 | Step 220/5125 | Loss 0.3770 | LR 2.8310e-06
2026-02-28 20:00:52 INFO Epoch 7 | Step 240/5125 | Loss 0.3756 | LR 2.8338e-06
2026-02-28 20:01:43 INFO Epoch 7 | Step 260/5125 | Loss 0.3772 | LR 2.8367e-06
2026-02-28 20:02:34 INFO Epoch 7 | Step 280/5125 | Loss 0.3744 | LR 2.8395e-06
2026-02-28 20:03:25 INFO Epoch 7 | Step 300/5125 | Loss 0.3728 | LR 2.8424e-06
2026-02-28 20:04:16 INFO Epoch 7 | Step 320/5125 | Loss 0.3746 | LR 2.8452e-06
2026-02-28 20:05:07 INFO Epoch 7 | Step 340/5125 | Loss 0.3753 | LR 2.8480e-06
2026-02-28 20:05:58 INFO Epoch 7 | Step 360/5125 | Loss 0.3766 | LR 2.8509e-06
2026-02-28 20:06:49 INFO Epoch 7 | Step 380/5125 | Loss 0.3755 | LR 2.8537e-06
2026-02-28 20:07:40 INFO Epoch 7 | Step 400/5125 | Loss 0.3769 | LR 2.8566e-06
2026-02-28 20:08:31 INFO Epoch 7 | Step 420/5125 | Loss 0.3775 | LR 2.8595e-06
2026-02-28 20:09:22 INFO Epoch 7 | Step 440/5125 | Loss 0.3776 | LR 2.8623e-06
2026-02-28 20:10:14 INFO Epoch 7 | Step 460/5125 | Loss 0.3771 | LR 2.8652e-06
2026-02-28 20:11:05 INFO Epoch 7 | Step 480/5125 | Loss 0.3759 | LR 2.8680e-06
2026-02-28 20:11:56 INFO Epoch 7 | Step 500/5125 | Loss 0.3754 | LR 2.8709e-06
2026-02-28 20:12:47 INFO Epoch 7 | Step 520/5125 | Loss 0.3751 | LR 2.8737e-06
2026-02-28 20:13:39 INFO Epoch 7 | Step 540/5125 | Loss 0.3753 | LR 2.8766e-06
2026-02-28 20:14:29 INFO Epoch 7 | Step 560/5125 | Loss 0.3744 | LR 2.8795e-06
2026-02-28 20:15:20 INFO Epoch 7 | Step 580/5125 | Loss 0.3748 | LR 2.8823e-06
2026-02-28 20:16:11 INFO Epoch 7 | Step 600/5125 | Loss 0.3743 | LR 2.8852e-06
2026-02-28 20:17:03 INFO Epoch 7 | Step 620/5125 | Loss 0.3745 | LR 2.8880e-06
2026-02-28 20:17:54 INFO Epoch 7 | Step 640/5125 | Loss 0.3745 | LR 2.8909e-06
2026-02-28 20:18:45 INFO Epoch 7 | Step 660/5125 | Loss 0.3741 | LR 2.8938e-06
2026-02-28 20:19:36 INFO Epoch 7 | Step 680/5125 | Loss 0.3742 | LR 2.8966e-06
2026-02-28 20:20:28 INFO Epoch 7 | Step 700/5125 | Loss 0.3740 | LR 2.8995e-06
2026-02-28 20:21:19 INFO Epoch 7 | Step 720/5125 | Loss 0.3737 | LR 2.9024e-06
2026-02-28 20:22:10 INFO Epoch 7 | Step 740/5125 | Loss 0.3733 | LR 2.9053e-06
2026-02-28 20:23:01 INFO Epoch 7 | Step 760/5125 | Loss 0.3738 | LR 2.9081e-06
2026-02-28 20:23:52 INFO Epoch 7 | Step 780/5125 | Loss 0.3721 | LR 2.9110e-06
2026-02-28 20:24:43 INFO Epoch 7 | Step 800/5125 | Loss 0.3727 | LR 2.9139e-06
2026-02-28 20:25:34 INFO Epoch 7 | Step 820/5125 | Loss 0.3724 | LR 2.9168e-06
2026-02-28 20:26:26 INFO Epoch 7 | Step 840/5125 | Loss 0.3725 | LR 2.9196e-06
2026-02-28 20:27:17 INFO Epoch 7 | Step 860/5125 | Loss 0.3726 | LR 2.9225e-06
2026-02-28 20:28:08 INFO Epoch 7 | Step 880/5125 | Loss 0.3725 | LR 2.9254e-06
2026-02-28 20:28:59 INFO Epoch 7 | Step 900/5125 | Loss 0.3723 | LR 2.9283e-06
2026-02-28 20:29:50 INFO Epoch 7 | Step 920/5125 | Loss 0.3720 | LR 2.9311e-06
2026-02-28 20:30:41 INFO Epoch 7 | Step 940/5125 | Loss 0.3717 | LR 2.9340e-06
2026-02-28 20:31:32 INFO Epoch 7 | Step 960/5125 | Loss 0.3716 | LR 2.9369e-06
2026-02-28 20:32:24 INFO Epoch 7 | Step 980/5125 | Loss 0.3720 | LR 2.9398e-06
2026-02-28 20:33:15 INFO Epoch 7 | Step 1000/5125 | Loss 0.3718 | LR 2.9427e-06
2026-02-28 20:34:06 INFO Epoch 7 | Step 1020/5125 | Loss 0.3716 | LR 2.9456e-06
2026-02-28 20:34:57 INFO Epoch 7 | Step 1040/5125 | Loss 0.3718 | LR 2.9484e-06
2026-02-28 20:35:48 INFO Epoch 7 | Step 1060/5125 | Loss 0.3724 | LR 2.9513e-06
2026-02-28 20:36:39 INFO Epoch 7 | Step 1080/5125 | Loss 0.3728 | LR 2.9542e-06
2026-02-28 20:37:30 INFO Epoch 7 | Step 1100/5125 | Loss 0.3727 | LR 2.9571e-06
2026-02-28 20:38:21 INFO Epoch 7 | Step 1120/5125 | Loss 0.3725 | LR 2.9600e-06
2026-02-28 20:39:12 INFO Epoch 7 | Step 1140/5125 | Loss 0.3728 | LR 2.9629e-06
2026-02-28 20:40:03 INFO Epoch 7 | Step 1160/5125 | Loss 0.3725 | LR 2.9658e-06
2026-02-28 20:40:54 INFO Epoch 7 | Step 1180/5125 | Loss 0.3729 | LR 2.9687e-06
2026-02-28 20:41:45 INFO Epoch 7 | Step 1200/5125 | Loss 0.3734 | LR 2.9716e-06
2026-02-28 20:42:36 INFO Epoch 7 | Step 1220/5125 | Loss 0.3738 | LR 2.9745e-06
2026-02-28 20:43:27 INFO Epoch 7 | Step 1240/5125 | Loss 0.3732 | LR 2.9774e-06
2026-02-28 20:44:18 INFO Epoch 7 | Step 1260/5125 | Loss 0.3728 | LR 2.9803e-06
2026-02-28 20:45:09 INFO Epoch 7 | Step 1280/5125 | Loss 0.3734 | LR 2.9832e-06
2026-02-28 20:46:00 INFO Epoch 7 | Step 1300/5125 | Loss 0.3730 | LR 2.9861e-06
2026-02-28 20:46:51 INFO Epoch 7 | Step 1320/5125 | Loss 0.3732 | LR 2.9890e-06
2026-02-28 20:47:42 INFO Epoch 7 | Step 1340/5125 | Loss 0.3735 | LR 2.9919e-06
2026-02-28 20:48:33 INFO Epoch 7 | Step 1360/5125 | Loss 0.3740 | LR 2.9948e-06
2026-02-28 20:49:24 INFO Epoch 7 | Step 1380/5125 | Loss 0.3745 | LR 2.9977e-06
2026-02-28 20:50:15 INFO Epoch 7 | Step 1400/5125 | Loss 0.3746 | LR 3.0006e-06
2026-02-28 20:51:06 INFO Epoch 7 | Step 1420/5125 | Loss 0.3744 | LR 3.0035e-06
2026-02-28 20:51:57 INFO Epoch 7 | Step 1440/5125 | Loss 0.3749 | LR 3.0064e-06
2026-02-28 20:52:47 INFO Epoch 7 | Step 1460/5125 | Loss 0.3749 | LR 3.0093e-06
2026-02-28 20:53:39 INFO Epoch 7 | Step 1480/5125 | Loss 0.3744 | LR 3.0122e-06
2026-02-28 20:54:30 INFO Epoch 7 | Step 1500/5125 | Loss 0.3746 | LR 3.0151e-06
2026-02-28 20:55:21 INFO Epoch 7 | Step 1520/5125 | Loss 0.3738 | LR 3.0180e-06
2026-02-28 20:56:12 INFO Epoch 7 | Step 1540/5125 | Loss 0.3733 | LR 3.0209e-06
2026-02-28 20:57:03 INFO Epoch 7 | Step 1560/5125 | Loss 0.3735 | LR 3.0239e-06
2026-02-28 20:57:54 INFO Epoch 7 | Step 1580/5125 | Loss 0.3736 | LR 3.0268e-06
2026-02-28 20:58:45 INFO Epoch 7 | Step 1600/5125 | Loss 0.3731 | LR 3.0297e-06
2026-02-28 20:59:36 INFO Epoch 7 | Step 1620/5125 | Loss 0.3732 | LR 3.0326e-06
2026-02-28 21:00:27 INFO Epoch 7 | Step 1640/5125 | Loss 0.3732 | LR 3.0355e-06
2026-02-28 21:01:19 INFO Epoch 7 | Step 1660/5125 | Loss 0.3731 | LR 3.0384e-06
2026-02-28 21:02:10 INFO Epoch 7 | Step 1680/5125 | Loss 0.3733 | LR 3.0414e-06
2026-02-28 21:03:01 INFO Epoch 7 | Step 1700/5125 | Loss 0.3733 | LR 3.0443e-06
2026-02-28 21:03:52 INFO Epoch 7 | Step 1720/5125 | Loss 0.3734 | LR 3.0472e-06
2026-02-28 21:04:43 INFO Epoch 7 | Step 1740/5125 | Loss 0.3734 | LR 3.0501e-06
2026-02-28 21:05:34 INFO Epoch 7 | Step 1760/5125 | Loss 0.3738 | LR 3.0530e-06
2026-02-28 21:06:25 INFO Epoch 7 | Step 1780/5125 | Loss 0.3740 | LR 3.0560e-06
2026-02-28 21:07:16 INFO Epoch 7 | Step 1800/5125 | Loss 0.3739 | LR 3.0589e-06
2026-02-28 21:08:07 INFO Epoch 7 | Step 1820/5125 | Loss 0.3734 | LR 3.0618e-06
2026-02-28 21:08:59 INFO Epoch 7 | Step 1840/5125 | Loss 0.3731 | LR 3.0647e-06
2026-02-28 21:09:50 INFO Epoch 7 | Step 1860/5125 | Loss 0.3729 | LR 3.0677e-06
2026-02-28 21:10:41 INFO Epoch 7 | Step 1880/5125 | Loss 0.3729 | LR 3.0706e-06
2026-02-28 21:11:32 INFO Epoch 7 | Step 1900/5125 | Loss 0.3730 | LR 3.0735e-06
2026-02-28 21:12:23 INFO Epoch 7 | Step 1920/5125 | Loss 0.3729 | LR 3.0765e-06
2026-02-28 21:13:14 INFO Epoch 7 | Step 1940/5125 | Loss 0.3735 | LR 3.0794e-06
2026-02-28 21:14:05 INFO Epoch 7 | Step 1960/5125 | Loss 0.3731 | LR 3.0823e-06
2026-02-28 21:14:56 INFO Epoch 7 | Step 1980/5125 | Loss 0.3727 | LR 3.0853e-06
2026-02-28 21:15:47 INFO Epoch 7 | Step 2000/5125 | Loss 0.3726 | LR 3.0882e-06
2026-02-28 21:16:38 INFO Epoch 7 | Step 2020/5125 | Loss 0.3725 | LR 3.0911e-06
2026-02-28 21:17:29 INFO Epoch 7 | Step 2040/5125 | Loss 0.3725 | LR 3.0941e-06
2026-02-28 21:18:20 INFO Epoch 7 | Step 2060/5125 | Loss 0.3726 | LR 3.0970e-06
2026-02-28 21:19:11 INFO Epoch 7 | Step 2080/5125 | Loss 0.3724 | LR 3.0999e-06
2026-02-28 21:20:02 INFO Epoch 7 | Step 2100/5125 | Loss 0.3723 | LR 3.1029e-06
2026-02-28 21:20:53 INFO Epoch 7 | Step 2120/5125 | Loss 0.3722 | LR 3.1058e-06
2026-02-28 21:21:44 INFO Epoch 7 | Step 2140/5125 | Loss 0.3719 | LR 3.1088e-06
2026-02-28 21:22:35 INFO Epoch 7 | Step 2160/5125 | Loss 0.3714 | LR 3.1117e-06
2026-02-28 21:23:26 INFO Epoch 7 | Step 2180/5125 | Loss 0.3710 | LR 3.1147e-06
2026-02-28 21:24:17 INFO Epoch 7 | Step 2200/5125 | Loss 0.3708 | LR 3.1176e-06
2026-02-28 21:25:08 INFO Epoch 7 | Step 2220/5125 | Loss 0.3709 | LR 3.1205e-06
2026-02-28 21:25:59 INFO Epoch 7 | Step 2240/5125 | Loss 0.3709 | LR 3.1235e-06
2026-02-28 21:26:50 INFO Epoch 7 | Step 2260/5125 | Loss 0.3708 | LR 3.1264e-06
2026-02-28 21:27:41 INFO Epoch 7 | Step 2280/5125 | Loss 0.3703 | LR 3.1294e-06
2026-02-28 21:28:32 INFO Epoch 7 | Step 2300/5125 | Loss 0.3706 | LR 3.1323e-06
2026-02-28 21:29:23 INFO Epoch 7 | Step 2320/5125 | Loss 0.3708 | LR 3.1353e-06
2026-02-28 21:30:13 INFO Epoch 7 | Step 2340/5125 | Loss 0.3705 | LR 3.1382e-06
2026-02-28 21:31:05 INFO Epoch 7 | Step 2360/5125 | Loss 0.3703 | LR 3.1412e-06
2026-02-28 21:31:55 INFO Epoch 7 | Step 2380/5125 | Loss 0.3702 | LR 3.1441e-06
2026-02-28 21:32:46 INFO Epoch 7 | Step 2400/5125 | Loss 0.3700 | LR 3.1471e-06
2026-02-28 21:33:37 INFO Epoch 7 | Step 2420/5125 | Loss 0.3698 | LR 3.1501e-06
2026-02-28 21:34:28 INFO Epoch 7 | Step 2440/5125 | Loss 0.3698 | LR 3.1530e-06
2026-02-28 21:35:19 INFO Epoch 7 | Step 2460/5125 | Loss 0.3697 | LR 3.1560e-06
2026-02-28 21:36:10 INFO Epoch 7 | Step 2480/5125 | Loss 0.3697 | LR 3.1589e-06
2026-02-28 21:37:01 INFO Epoch 7 | Step 2500/5125 | Loss 0.3699 | LR 3.1619e-06
2026-02-28 21:37:52 INFO Epoch 7 | Step 2520/5125 | Loss 0.3700 | LR 3.1648e-06
2026-02-28 21:38:43 INFO Epoch 7 | Step 2540/5125 | Loss 0.3699 | LR 3.1678e-06
2026-02-28 21:39:34 INFO Epoch 7 | Step 2560/5125 | Loss 0.3698 | LR 3.1708e-06
2026-02-28 21:40:25 INFO Epoch 7 | Step 2580/5125 | Loss 0.3699 | LR 3.1737e-06
2026-02-28 21:41:16 INFO Epoch 7 | Step 2600/5125 | Loss 0.3698 | LR 3.1767e-06
2026-02-28 21:42:07 INFO Epoch 7 | Step 2620/5125 | Loss 0.3696 | LR 3.1797e-06
2026-02-28 21:42:58 INFO Epoch 7 | Step 2640/5125 | Loss 0.3695 | LR 3.1826e-06
2026-02-28 21:43:49 INFO Epoch 7 | Step 2660/5125 | Loss 0.3692 | LR 3.1856e-06
2026-02-28 21:44:40 INFO Epoch 7 | Step 2680/5125 | Loss 0.3688 | LR 3.1886e-06
2026-02-28 21:45:30 INFO Epoch 7 | Step 2700/5125 | Loss 0.3689 | LR 3.1915e-06
2026-02-28 21:46:21 INFO Epoch 7 | Step 2720/5125 | Loss 0.3685 | LR 3.1945e-06
2026-02-28 21:47:12 INFO Epoch 7 | Step 2740/5125 | Loss 0.3685 | LR 3.1975e-06
2026-02-28 21:48:03 INFO Epoch 7 | Step 2760/5125 | Loss 0.3684 | LR 3.2004e-06
2026-02-28 21:48:54 INFO Epoch 7 | Step 2780/5125 | Loss 0.3683 | LR 3.2034e-06
2026-02-28 21:49:45 INFO Epoch 7 | Step 2800/5125 | Loss 0.3683 | LR 3.2064e-06
2026-02-28 21:50:36 INFO Epoch 7 | Step 2820/5125 | Loss 0.3683 | LR 3.2094e-06
2026-02-28 21:51:27 INFO Epoch 7 | Step 2840/5125 | Loss 0.3681 | LR 3.2123e-06
2026-02-28 21:52:18 INFO Epoch 7 | Step 2860/5125 | Loss 0.3681 | LR 3.2153e-06
2026-02-28 21:53:09 INFO Epoch 7 | Step 2880/5125 | Loss 0.3682 | LR 3.2183e-06
2026-02-28 21:54:00 INFO Epoch 7 | Step 2900/5125 | Loss 0.3682 | LR 3.2213e-06
2026-02-28 21:54:50 INFO Epoch 7 | Step 2920/5125 | Loss 0.3681 | LR 3.2242e-06
2026-02-28 21:55:41 INFO Epoch 7 | Step 2940/5125 | Loss 0.3680 | LR 3.2272e-06
2026-02-28 21:56:32 INFO Epoch 7 | Step 2960/5125 | Loss 0.3676 | LR 3.2302e-06
2026-02-28 21:57:23 INFO Epoch 7 | Step 2980/5125 | Loss 0.3674 | LR 3.2332e-06
2026-02-28 21:58:14 INFO Epoch 7 | Step 3000/5125 | Loss 0.3671 | LR 3.2362e-06
2026-02-28 21:59:05 INFO Epoch 7 | Step 3020/5125 | Loss 0.3670 | LR 3.2392e-06
2026-02-28 21:59:55 INFO Epoch 7 | Step 3040/5125 | Loss 0.3670 | LR 3.2421e-06
2026-02-28 22:00:46 INFO Epoch 7 | Step 3060/5125 | Loss 0.3669 | LR 3.2451e-06
2026-02-28 22:01:37 INFO Epoch 7 | Step 3080/5125 | Loss 0.3668 | LR 3.2481e-06
2026-02-28 22:02:28 INFO Epoch 7 | Step 3100/5125 | Loss 0.3668 | LR 3.2511e-06
2026-02-28 22:03:19 INFO Epoch 7 | Step 3120/5125 | Loss 0.3668 | LR 3.2541e-06
2026-02-28 22:04:10 INFO Epoch 7 | Step 3140/5125 | Loss 0.3665 | LR 3.2571e-06
2026-02-28 22:05:01 INFO Epoch 7 | Step 3160/5125 | Loss 0.3665 | LR 3.2601e-06
2026-02-28 22:05:52 INFO Epoch 7 | Step 3180/5125 | Loss 0.3662 | LR 3.2631e-06
2026-02-28 22:06:43 INFO Epoch 7 | Step 3200/5125 | Loss 0.3663 | LR 3.2660e-06
2026-02-28 22:07:34 INFO Epoch 7 | Step 3220/5125 | Loss 0.3660 | LR 3.2690e-06
2026-02-28 22:08:25 INFO Epoch 7 | Step 3240/5125 | Loss 0.3660 | LR 3.2720e-06
2026-02-28 22:09:16 INFO Epoch 7 | Step 3260/5125 | Loss 0.3659 | LR 3.2750e-06
2026-02-28 22:10:07 INFO Epoch 7 | Step 3280/5125 | Loss 0.3659 | LR 3.2780e-06
2026-02-28 22:10:58 INFO Epoch 7 | Step 3300/5125 | Loss 0.3657 | LR 3.2810e-06
2026-02-28 22:11:49 INFO Epoch 7 | Step 3320/5125 | Loss 0.3655 | LR 3.2840e-06
2026-02-28 22:12:40 INFO Epoch 7 | Step 3340/5125 | Loss 0.3652 | LR 3.2870e-06
2026-02-28 22:13:31 INFO Epoch 7 | Step 3360/5125 | Loss 0.3654 | LR 3.2900e-06
2026-02-28 22:14:22 INFO Epoch 7 | Step 3380/5125 | Loss 0.3654 | LR 3.2930e-06
2026-02-28 22:15:12 INFO Epoch 7 | Step 3400/5125 | Loss 0.3650 | LR 3.2960e-06
2026-02-28 22:16:03 INFO Epoch 7 | Step 3420/5125 | Loss 0.3647 | LR 3.2990e-06
2026-02-28 22:16:54 INFO Epoch 7 | Step 3440/5125 | Loss 0.3648 | LR 3.3020e-06
2026-02-28 22:17:45 INFO Epoch 7 | Step 3460/5125 | Loss 0.3647 | LR 3.3050e-06
2026-02-28 22:18:37 INFO Epoch 7 | Step 3480/5125 | Loss 0.3647 | LR 3.3080e-06
2026-02-28 22:19:27 INFO Epoch 7 | Step 3500/5125 | Loss 0.3648 | LR 3.3110e-06
2026-02-28 22:20:18 INFO Epoch 7 | Step 3520/5125 | Loss 0.3647 | LR 3.3140e-06
2026-02-28 22:21:09 INFO Epoch 7 | Step 3540/5125 | Loss 0.3646 | LR 3.3170e-06
2026-02-28 22:22:00 INFO Epoch 7 | Step 3560/5125 | Loss 0.3647 | LR 3.3200e-06
2026-02-28 22:22:51 INFO Epoch 7 | Step 3580/5125 | Loss 0.3646 | LR 3.3230e-06
2026-02-28 22:23:42 INFO Epoch 7 | Step 3600/5125 | Loss 0.3647 | LR 3.3261e-06
2026-02-28 22:24:32 INFO Epoch 7 | Step 3620/5125 | Loss 0.3647 | LR 3.3291e-06
2026-02-28 22:25:23 INFO Epoch 7 | Step 3640/5125 | Loss 0.3647 | LR 3.3321e-06
2026-02-28 22:26:14 INFO Epoch 7 | Step 3660/5125 | Loss 0.3644 | LR 3.3351e-06
2026-02-28 22:27:05 INFO Epoch 7 | Step 3680/5125 | Loss 0.3646 | LR 3.3381e-06
2026-02-28 22:27:56 INFO Epoch 7 | Step 3700/5125 | Loss 0.3645 | LR 3.3411e-06
2026-02-28 22:28:47 INFO Epoch 7 | Step 3720/5125 | Loss 0.3645 | LR 3.3441e-06
2026-02-28 22:29:38 INFO Epoch 7 | Step 3740/5125 | Loss 0.3644 | LR 3.3471e-06
2026-02-28 22:30:29 INFO Epoch 7 | Step 3760/5125 | Loss 0.3645 | LR 3.3502e-06
2026-02-28 22:31:20 INFO Epoch 7 | Step 3780/5125 | Loss 0.3645 | LR 3.3532e-06
2026-02-28 22:32:11 INFO Epoch 7 | Step 3800/5125 | Loss 0.3643 | LR 3.3562e-06
2026-02-28 22:33:02 INFO Epoch 7 | Step 3820/5125 | Loss 0.3643 | LR 3.3592e-06
2026-02-28 22:33:52 INFO Epoch 7 | Step 3840/5125 | Loss 0.3644 | LR 3.3622e-06
2026-02-28 22:34:43 INFO Epoch 7 | Step 3860/5125 | Loss 0.3641 | LR 3.3653e-06
2026-02-28 22:35:34 INFO Epoch 7 | Step 3880/5125 | Loss 0.3641 | LR 3.3683e-06
2026-02-28 22:36:25 INFO Epoch 7 | Step 3900/5125 | Loss 0.3640 | LR 3.3713e-06
2026-02-28 22:37:16 INFO Epoch 7 | Step 3920/5125 | Loss 0.3639 | LR 3.3743e-06
2026-02-28 22:38:07 INFO Epoch 7 | Step 3940/5125 | Loss 0.3638 | LR 3.3773e-06
2026-02-28 22:38:59 INFO Epoch 7 | Step 3960/5125 | Loss 0.3639 | LR 3.3804e-06
2026-02-28 22:39:50 INFO Epoch 7 | Step 3980/5125 | Loss 0.3639 | LR 3.3834e-06
2026-02-28 22:40:42 INFO Epoch 7 | Step 4000/5125 | Loss 0.3638 | LR 3.3864e-06
2026-02-28 22:41:33 INFO Epoch 7 | Step 4020/5125 | Loss 0.3637 | LR 3.3894e-06
2026-02-28 22:42:23 INFO Epoch 7 | Step 4040/5125 | Loss 0.3638 | LR 3.3925e-06
2026-02-28 22:43:14 INFO Epoch 7 | Step 4060/5125 | Loss 0.3636 | LR 3.3955e-06
2026-02-28 22:44:05 INFO Epoch 7 | Step 4080/5125 | Loss 0.3638 | LR 3.3985e-06
2026-02-28 22:44:56 INFO Epoch 7 | Step 4100/5125 | Loss 0.3639 | LR 3.4016e-06
2026-02-28 22:45:47 INFO Epoch 7 | Step 4120/5125 | Loss 0.3639 | LR 3.4046e-06
2026-02-28 22:46:37 INFO Epoch 7 | Step 4140/5125 | Loss 0.3640 | LR 3.4076e-06
2026-02-28 22:47:28 INFO Epoch 7 | Step 4160/5125 | Loss 0.3641 | LR 3.4107e-06
2026-02-28 22:48:19 INFO Epoch 7 | Step 4180/5125 | Loss 0.3641 | LR 3.4137e-06
2026-02-28 22:49:10 INFO Epoch 7 | Step 4200/5125 | Loss 0.3640 | LR 3.4167e-06
2026-02-28 22:50:01 INFO Epoch 7 | Step 4220/5125 | Loss 0.3640 | LR 3.4198e-06
2026-02-28 22:50:52 INFO Epoch 7 | Step 4240/5125 | Loss 0.3638 | LR 3.4228e-06
2026-02-28 22:51:43 INFO Epoch 7 | Step 4260/5125 | Loss 0.3638 | LR 3.4258e-06
2026-02-28 22:52:33 INFO Epoch 7 | Step 4280/5125 | Loss 0.3636 | LR 3.4289e-06
2026-02-28 22:53:24 INFO Epoch 7 | Step 4300/5125 | Loss 0.3637 | LR 3.4319e-06
2026-02-28 22:54:15 INFO Epoch 7 | Step 4320/5125 | Loss 0.3638 | LR 3.4350e-06
2026-02-28 22:55:06 INFO Epoch 7 | Step 4340/5125 | Loss 0.3637 | LR 3.4380e-06
2026-02-28 22:55:57 INFO Epoch 7 | Step 4360/5125 | Loss 0.3636 | LR 3.4410e-06
2026-02-28 22:56:48 INFO Epoch 7 | Step 4380/5125 | Loss 0.3638 | LR 3.4441e-06
2026-02-28 22:57:38 INFO Epoch 7 | Step 4400/5125 | Loss 0.3635 | LR 3.4471e-06
2026-02-28 22:58:29 INFO Epoch 7 | Step 4420/5125 | Loss 0.3635 | LR 3.4502e-06
2026-02-28 22:59:20 INFO Epoch 7 | Step 4440/5125 | Loss 0.3634 | LR 3.4532e-06
2026-02-28 23:00:11 INFO Epoch 7 | Step 4460/5125 | Loss 0.3634 | LR 3.4562e-06
2026-02-28 23:01:02 INFO Epoch 7 | Step 4480/5125 | Loss 0.3635 | LR 3.4593e-06
2026-02-28 23:01:53 INFO Epoch 7 | Step 4500/5125 | Loss 0.3633 | LR 3.4623e-06
2026-02-28 23:02:44 INFO Epoch 7 | Step 4520/5125 | Loss 0.3631 | LR 3.4654e-06
2026-02-28 23:03:35 INFO Epoch 7 | Step 4540/5125 | Loss 0.3630 | LR 3.4684e-06
2026-02-28 23:04:25 INFO Epoch 7 | Step 4560/5125 | Loss 0.3631 | LR 3.4715e-06
2026-02-28 23:05:16 INFO Epoch 7 | Step 4580/5125 | Loss 0.3629 | LR 3.4745e-06
2026-02-28 23:06:07 INFO Epoch 7 | Step 4600/5125 | Loss 0.3630 | LR 3.4776e-06
2026-02-28 23:06:58 INFO Epoch 7 | Step 4620/5125 | Loss 0.3628 | LR 3.4806e-06
2026-02-28 23:07:49 INFO Epoch 7 | Step 4640/5125 | Loss 0.3627 | LR 3.4837e-06
2026-02-28 23:08:40 INFO Epoch 7 | Step 4660/5125 | Loss 0.3627 | LR 3.4867e-06
2026-02-28 23:09:31 INFO Epoch 7 | Step 4680/5125 | Loss 0.3626 | LR 3.4898e-06
2026-02-28 23:10:21 INFO Epoch 7 | Step 4700/5125 | Loss 0.3627 | LR 3.4929e-06
2026-02-28 23:11:12 INFO Epoch 7 | Step 4720/5125 | Loss 0.3628 | LR 3.4959e-06
2026-02-28 23:12:03 INFO Epoch 7 | Step 4740/5125 | Loss 0.3626 | LR 3.4990e-06
2026-02-28 23:12:53 INFO Epoch 7 | Step 4760/5125 | Loss 0.3627 | LR 3.5020e-06
2026-02-28 23:13:44 INFO Epoch 7 | Step 4780/5125 | Loss 0.3626 | LR 3.5051e-06
2026-02-28 23:14:34 INFO Epoch 7 | Step 4800/5125 | Loss 0.3623 | LR 3.5081e-06
2026-02-28 23:15:25 INFO Epoch 7 | Step 4820/5125 | Loss 0.3622 | LR 3.5112e-06
2026-02-28 23:16:15 INFO Epoch 7 | Step 4840/5125 | Loss 0.3622 | LR 3.5143e-06
2026-02-28 23:17:06 INFO Epoch 7 | Step 4860/5125 | Loss 0.3622 | LR 3.5173e-06
2026-02-28 23:17:57 INFO Epoch 7 | Step 4880/5125 | Loss 0.3619 | LR 3.5204e-06
2026-02-28 23:18:47 INFO Epoch 7 | Step 4900/5125 | Loss 0.3618 | LR 3.5234e-06
2026-02-28 23:19:37 INFO Epoch 7 | Step 4920/5125 | Loss 0.3618 | LR 3.5265e-06
2026-02-28 23:20:28 INFO Epoch 7 | Step 4940/5125 | Loss 0.3619 | LR 3.5296e-06
2026-02-28 23:21:18 INFO Epoch 7 | Step 4960/5125 | Loss 0.3616 | LR 3.5326e-06
2026-02-28 23:22:09 INFO Epoch 7 | Step 4980/5125 | Loss 0.3616 | LR 3.5357e-06
2026-02-28 23:22:59 INFO Epoch 7 | Step 5000/5125 | Loss 0.3616 | LR 3.5388e-06
2026-02-28 23:23:49 INFO Epoch 7 | Step 5020/5125 | Loss 0.3615 | LR 3.5418e-06
2026-02-28 23:24:40 INFO Epoch 7 | Step 5040/5125 | Loss 0.3614 | LR 3.5449e-06
2026-02-28 23:25:30 INFO Epoch 7 | Step 5060/5125 | Loss 0.3613 | LR 3.5480e-06
2026-02-28 23:26:21 INFO Epoch 7 | Step 5080/5125 | Loss 0.3612 | LR 3.5510e-06
2026-02-28 23:27:11 INFO Epoch 7 | Step 5100/5125 | Loss 0.3611 | LR 3.5541e-06
2026-02-28 23:28:02 INFO Epoch 7 | Step 5120/5125 | Loss 0.3608 | LR 3.5572e-06
2026-02-28 23:28:14 INFO Epoch 7 | Step 5125/5125 | Loss 0.3608 | LR 3.5580e-06
2026-03-01 00:16:03 INFO CSV Written | Epoch: 7
2026-03-01 00:16:03 INFO Best Saved | Epoch: 7 | Monitor: val_auprc | Value: 0.6918
2026-03-01 00:16:03 INFO Epoch Done | Epoch: 7 | Time: 15927.2819 | Train Loss: 0.3608 | Val Accuracy: 0.9845 | Val AUPRC: 0.6918 | Val Auroc: 0.9747 | Val F1: 0.6393 | Val Loss: 0.3016
2026-03-01 00:16:03 INFO Epoch Start | Epoch: 8
2026-03-01 00:16:12 INFO Epoch 8 | Step 1/5125 | Loss 0.1422 | LR 3.5581e-06
2026-03-01 00:17:01 INFO Epoch 8 | Step 20/5125 | Loss 0.3362 | LR 3.5610e-06
2026-03-01 00:17:53 INFO Epoch 8 | Step 40/5125 | Loss 0.3504 | LR 3.5641e-06
2026-03-01 00:18:44 INFO Epoch 8 | Step 60/5125 | Loss 0.3615 | LR 3.5672e-06
2026-03-01 00:19:35 INFO Epoch 8 | Step 80/5125 | Loss 0.3612 | LR 3.5702e-06
2026-03-01 00:20:26 INFO Epoch 8 | Step 100/5125 | Loss 0.3514 | LR 3.5733e-06
2026-03-01 00:21:18 INFO Epoch 8 | Step 120/5125 | Loss 0.3507 | LR 3.5764e-06
2026-03-01 00:22:09 INFO Epoch 8 | Step 140/5125 | Loss 0.3499 | LR 3.5795e-06
2026-03-01 00:23:00 INFO Epoch 8 | Step 160/5125 | Loss 0.3473 | LR 3.5826e-06
2026-03-01 00:23:51 INFO Epoch 8 | Step 180/5125 | Loss 0.3471 | LR 3.5856e-06
2026-03-01 00:24:42 INFO Epoch 8 | Step 200/5125 | Loss 0.3503 | LR 3.5887e-06
2026-03-01 00:25:34 INFO Epoch 8 | Step 220/5125 | Loss 0.3487 | LR 3.5918e-06
2026-03-01 00:26:25 INFO Epoch 8 | Step 240/5125 | Loss 0.3474 | LR 3.5949e-06
2026-03-01 00:27:16 INFO Epoch 8 | Step 260/5125 | Loss 0.3448 | LR 3.5979e-06
2026-03-01 00:28:07 INFO Epoch 8 | Step 280/5125 | Loss 0.3433 | LR 3.6010e-06
2026-03-01 00:28:59 INFO Epoch 8 | Step 300/5125 | Loss 0.3411 | LR 3.6041e-06
2026-03-01 00:29:50 INFO Epoch 8 | Step 320/5125 | Loss 0.3424 | LR 3.6072e-06
2026-03-01 00:30:41 INFO Epoch 8 | Step 340/5125 | Loss 0.3404 | LR 3.6103e-06
2026-03-01 00:31:33 INFO Epoch 8 | Step 360/5125 | Loss 0.3427 | LR 3.6134e-06
2026-03-01 00:32:24 INFO Epoch 8 | Step 380/5125 | Loss 0.3407 | LR 3.6165e-06
2026-03-01 00:33:15 INFO Epoch 8 | Step 400/5125 | Loss 0.3393 | LR 3.6195e-06
2026-03-01 00:34:06 INFO Epoch 8 | Step 420/5125 | Loss 0.3372 | LR 3.6226e-06
2026-03-01 00:34:57 INFO Epoch 8 | Step 440/5125 | Loss 0.3375 | LR 3.6257e-06
2026-03-01 00:35:48 INFO Epoch 8 | Step 460/5125 | Loss 0.3347 | LR 3.6288e-06
2026-03-01 00:36:40 INFO Epoch 8 | Step 480/5125 | Loss 0.3351 | LR 3.6319e-06
2026-03-01 00:37:31 INFO Epoch 8 | Step 500/5125 | Loss 0.3350 | LR 3.6350e-06
2026-03-01 00:38:22 INFO Epoch 8 | Step 520/5125 | Loss 0.3362 | LR 3.6381e-06
2026-03-01 00:39:14 INFO Epoch 8 | Step 540/5125 | Loss 0.3368 | LR 3.6412e-06
2026-03-01 00:40:05 INFO Epoch 8 | Step 560/5125 | Loss 0.3367 | LR 3.6443e-06
2026-03-01 00:40:56 INFO Epoch 8 | Step 580/5125 | Loss 0.3365 | LR 3.6473e-06
2026-03-01 00:41:47 INFO Epoch 8 | Step 600/5125 | Loss 0.3366 | LR 3.6504e-06
2026-03-01 00:42:38 INFO Epoch 8 | Step 620/5125 | Loss 0.3371 | LR 3.6535e-06
2026-03-01 00:43:30 INFO Epoch 8 | Step 640/5125 | Loss 0.3365 | LR 3.6566e-06
2026-03-01 00:44:21 INFO Epoch 8 | Step 660/5125 | Loss 0.3362 | LR 3.6597e-06
2026-03-01 00:45:13 INFO Epoch 8 | Step 680/5125 | Loss 0.3353 | LR 3.6628e-06
2026-03-01 00:46:04 INFO Epoch 8 | Step 700/5125 | Loss 0.3356 | LR 3.6659e-06
2026-03-01 00:46:55 INFO Epoch 8 | Step 720/5125 | Loss 0.3376 | LR 3.6690e-06
2026-03-01 00:47:46 INFO Epoch 8 | Step 740/5125 | Loss 0.3380 | LR 3.6721e-06
2026-03-01 00:48:38 INFO Epoch 8 | Step 760/5125 | Loss 0.3378 | LR 3.6752e-06
2026-03-01 00:49:29 INFO Epoch 8 | Step 780/5125 | Loss 0.3378 | LR 3.6783e-06
2026-03-01 00:50:20 INFO Epoch 8 | Step 800/5125 | Loss 0.3367 | LR 3.6814e-06
2026-03-01 00:51:11 INFO Epoch 8 | Step 820/5125 | Loss 0.3359 | LR 3.6845e-06
2026-03-01 00:52:02 INFO Epoch 8 | Step 840/5125 | Loss 0.3355 | LR 3.6876e-06
2026-03-01 00:52:54 INFO Epoch 8 | Step 860/5125 | Loss 0.3354 | LR 3.6907e-06
2026-03-01 00:53:45 INFO Epoch 8 | Step 880/5125 | Loss 0.3352 | LR 3.6938e-06
2026-03-01 00:54:36 INFO Epoch 8 | Step 900/5125 | Loss 0.3347 | LR 3.6969e-06
2026-03-01 00:55:27 INFO Epoch 8 | Step 920/5125 | Loss 0.3345 | LR 3.7000e-06
2026-03-01 00:56:18 INFO Epoch 8 | Step 940/5125 | Loss 0.3351 | LR 3.7031e-06
2026-03-01 00:57:09 INFO Epoch 8 | Step 960/5125 | Loss 0.3343 | LR 3.7062e-06
2026-03-01 00:58:00 INFO Epoch 8 | Step 980/5125 | Loss 0.3341 | LR 3.7094e-06
2026-03-01 00:58:51 INFO Epoch 8 | Step 1000/5125 | Loss 0.3352 | LR 3.7125e-06
2026-03-01 00:59:42 INFO Epoch 8 | Step 1020/5125 | Loss 0.3349 | LR 3.7156e-06
2026-03-01 01:00:33 INFO Epoch 8 | Step 1040/5125 | Loss 0.3355 | LR 3.7187e-06
2026-03-01 01:01:24 INFO Epoch 8 | Step 1060/5125 | Loss 0.3344 | LR 3.7218e-06
2026-03-01 01:02:15 INFO Epoch 8 | Step 1080/5125 | Loss 0.3342 | LR 3.7249e-06
2026-03-01 01:03:06 INFO Epoch 8 | Step 1100/5125 | Loss 0.3344 | LR 3.7280e-06
2026-03-01 01:03:57 INFO Epoch 8 | Step 1120/5125 | Loss 0.3340 | LR 3.7311e-06
2026-03-01 01:04:48 INFO Epoch 8 | Step 1140/5125 | Loss 0.3344 | LR 3.7342e-06
2026-03-01 01:05:39 INFO Epoch 8 | Step 1160/5125 | Loss 0.3338 | LR 3.7373e-06
2026-03-01 01:06:30 INFO Epoch 8 | Step 1180/5125 | Loss 0.3334 | LR 3.7405e-06
2026-03-01 01:07:21 INFO Epoch 8 | Step 1200/5125 | Loss 0.3332 | LR 3.7436e-06
2026-03-01 01:08:12 INFO Epoch 8 | Step 1220/5125 | Loss 0.3329 | LR 3.7467e-06
2026-03-01 01:09:03 INFO Epoch 8 | Step 1240/5125 | Loss 0.3324 | LR 3.7498e-06
2026-03-01 01:09:54 INFO Epoch 8 | Step 1260/5125 | Loss 0.3331 | LR 3.7529e-06
2026-03-01 01:10:45 INFO Epoch 8 | Step 1280/5125 | Loss 0.3332 | LR 3.7560e-06
2026-03-01 01:11:36 INFO Epoch 8 | Step 1300/5125 | Loss 0.3332 | LR 3.7592e-06
2026-03-01 01:12:27 INFO Epoch 8 | Step 1320/5125 | Loss 0.3334 | LR 3.7623e-06
2026-03-01 01:13:18 INFO Epoch 8 | Step 1340/5125 | Loss 0.3330 | LR 3.7654e-06
2026-03-01 01:14:09 INFO Epoch 8 | Step 1360/5125 | Loss 0.3327 | LR 3.7685e-06
2026-03-01 01:15:00 INFO Epoch 8 | Step 1380/5125 | Loss 0.3317 | LR 3.7716e-06
2026-03-01 01:15:51 INFO Epoch 8 | Step 1400/5125 | Loss 0.3315 | LR 3.7748e-06
2026-03-01 01:16:42 INFO Epoch 8 | Step 1420/5125 | Loss 0.3314 | LR 3.7779e-06
2026-03-01 01:17:33 INFO Epoch 8 | Step 1440/5125 | Loss 0.3311 | LR 3.7810e-06
2026-03-01 01:18:24 INFO Epoch 8 | Step 1460/5125 | Loss 0.3316 | LR 3.7841e-06
2026-03-01 01:19:15 INFO Epoch 8 | Step 1480/5125 | Loss 0.3314 | LR 3.7872e-06
2026-03-01 01:20:06 INFO Epoch 8 | Step 1500/5125 | Loss 0.3310 | LR 3.7904e-06
2026-03-01 01:20:57 INFO Epoch 8 | Step 1520/5125 | Loss 0.3310 | LR 3.7935e-06
2026-03-01 01:21:48 INFO Epoch 8 | Step 1540/5125 | Loss 0.3301 | LR 3.7966e-06
2026-03-01 01:22:39 INFO Epoch 8 | Step 1560/5125 | Loss 0.3298 | LR 3.7997e-06
2026-03-01 01:23:30 INFO Epoch 8 | Step 1580/5125 | Loss 0.3301 | LR 3.8029e-06
2026-03-01 01:24:22 INFO Epoch 8 | Step 1600/5125 | Loss 0.3303 | LR 3.8060e-06
2026-03-01 01:25:13 INFO Epoch 8 | Step 1620/5125 | Loss 0.3308 | LR 3.8091e-06
2026-03-01 01:26:04 INFO Epoch 8 | Step 1640/5125 | Loss 0.3307 | LR 3.8123e-06
2026-03-01 01:26:55 INFO Epoch 8 | Step 1660/5125 | Loss 0.3305 | LR 3.8154e-06
2026-03-01 01:27:46 INFO Epoch 8 | Step 1680/5125 | Loss 0.3304 | LR 3.8185e-06
2026-03-01 01:28:37 INFO Epoch 8 | Step 1700/5125 | Loss 0.3306 | LR 3.8217e-06
2026-03-01 01:29:28 INFO Epoch 8 | Step 1720/5125 | Loss 0.3311 | LR 3.8248e-06
2026-03-01 01:30:19 INFO Epoch 8 | Step 1740/5125 | Loss 0.3310 | LR 3.8279e-06
2026-03-01 01:31:10 INFO Epoch 8 | Step 1760/5125 | Loss 0.3309 | LR 3.8310e-06
2026-03-01 01:32:01 INFO Epoch 8 | Step 1780/5125 | Loss 0.3309 | LR 3.8342e-06
2026-03-01 01:32:52 INFO Epoch 8 | Step 1800/5125 | Loss 0.3306 | LR 3.8373e-06
2026-03-01 01:33:43 INFO Epoch 8 | Step 1820/5125 | Loss 0.3306 | LR 3.8405e-06
2026-03-01 01:34:34 INFO Epoch 8 | Step 1840/5125 | Loss 0.3309 | LR 3.8436e-06
2026-03-01 01:35:25 INFO Epoch 8 | Step 1860/5125 | Loss 0.3307 | LR 3.8467e-06
2026-03-01 01:36:16 INFO Epoch 8 | Step 1880/5125 | Loss 0.3302 | LR 3.8499e-06
2026-03-01 01:37:07 INFO Epoch 8 | Step 1900/5125 | Loss 0.3300 | LR 3.8530e-06
2026-03-01 01:37:58 INFO Epoch 8 | Step 1920/5125 | Loss 0.3300 | LR 3.8561e-06
2026-03-01 01:38:49 INFO Epoch 8 | Step 1940/5125 | Loss 0.3300 | LR 3.8593e-06
2026-03-01 01:39:40 INFO Epoch 8 | Step 1960/5125 | Loss 0.3301 | LR 3.8624e-06
2026-03-01 01:40:31 INFO Epoch 8 | Step 1980/5125 | Loss 0.3294 | LR 3.8656e-06
2026-03-01 01:41:21 INFO Epoch 8 | Step 2000/5125 | Loss 0.3292 | LR 3.8687e-06
2026-03-01 01:42:12 INFO Epoch 8 | Step 2020/5125 | Loss 0.3292 | LR 3.8718e-06
2026-03-01 01:43:03 INFO Epoch 8 | Step 2040/5125 | Loss 0.3288 | LR 3.8750e-06
2026-03-01 01:43:54 INFO Epoch 8 | Step 2060/5125 | Loss 0.3289 | LR 3.8781e-06
2026-03-01 01:44:45 INFO Epoch 8 | Step 2080/5125 | Loss 0.3292 | LR 3.8813e-06
2026-03-01 01:45:35 INFO Epoch 8 | Step 2100/5125 | Loss 0.3291 | LR 3.8844e-06
2026-03-01 01:46:26 INFO Epoch 8 | Step 2120/5125 | Loss 0.3287 | LR 3.8875e-06
2026-03-01 01:47:17 INFO Epoch 8 | Step 2140/5125 | Loss 0.3287 | LR 3.8907e-06
2026-03-01 01:48:08 INFO Epoch 8 | Step 2160/5125 | Loss 0.3289 | LR 3.8938e-06
2026-03-01 01:48:59 INFO Epoch 8 | Step 2180/5125 | Loss 0.3290 | LR 3.8970e-06
2026-03-01 01:49:50 INFO Epoch 8 | Step 2200/5125 | Loss 0.3288 | LR 3.9001e-06
2026-03-01 01:50:41 INFO Epoch 8 | Step 2220/5125 | Loss 0.3288 | LR 3.9033e-06
2026-03-01 01:51:32 INFO Epoch 8 | Step 2240/5125 | Loss 0.3288 | LR 3.9064e-06
2026-03-01 01:52:23 INFO Epoch 8 | Step 2260/5125 | Loss 0.3291 | LR 3.9096e-06
2026-03-01 01:53:13 INFO Epoch 8 | Step 2280/5125 | Loss 0.3292 | LR 3.9127e-06
2026-03-01 01:54:04 INFO Epoch 8 | Step 2300/5125 | Loss 0.3288 | LR 3.9159e-06
2026-03-01 01:54:55 INFO Epoch 8 | Step 2320/5125 | Loss 0.3288 | LR 3.9190e-06
2026-03-01 01:55:46 INFO Epoch 8 | Step 2340/5125 | Loss 0.3289 | LR 3.9222e-06
2026-03-01 01:56:37 INFO Epoch 8 | Step 2360/5125 | Loss 0.3292 | LR 3.9253e-06
2026-03-01 01:57:28 INFO Epoch 8 | Step 2380/5125 | Loss 0.3292 | LR 3.9285e-06
2026-03-01 01:58:19 INFO Epoch 8 | Step 2400/5125 | Loss 0.3289 | LR 3.9316e-06
2026-03-01 01:59:10 INFO Epoch 8 | Step 2420/5125 | Loss 0.3288 | LR 3.9348e-06
2026-03-01 02:00:01 INFO Epoch 8 | Step 2440/5125 | Loss 0.3286 | LR 3.9379e-06
2026-03-01 02:00:52 INFO Epoch 8 | Step 2460/5125 | Loss 0.3285 | LR 3.9411e-06
2026-03-01 02:01:43 INFO Epoch 8 | Step 2480/5125 | Loss 0.3289 | LR 3.9442e-06
2026-03-01 02:02:34 INFO Epoch 8 | Step 2500/5125 | Loss 0.3287 | LR 3.9474e-06
2026-03-01 02:03:25 INFO Epoch 8 | Step 2520/5125 | Loss 0.3284 | LR 3.9506e-06
2026-03-01 02:04:16 INFO Epoch 8 | Step 2540/5125 | Loss 0.3285 | LR 3.9537e-06
2026-03-01 02:05:07 INFO Epoch 8 | Step 2560/5125 | Loss 0.3284 | LR 3.9569e-06
2026-03-01 02:05:58 INFO Epoch 8 | Step 2580/5125 | Loss 0.3282 | LR 3.9600e-06
2026-03-01 02:06:49 INFO Epoch 8 | Step 2600/5125 | Loss 0.3284 | LR 3.9632e-06
2026-03-01 02:07:40 INFO Epoch 8 | Step 2620/5125 | Loss 0.3281 | LR 3.9663e-06
2026-03-01 02:08:30 INFO Epoch 8 | Step 2640/5125 | Loss 0.3280 | LR 3.9695e-06
2026-03-01 02:09:21 INFO Epoch 8 | Step 2660/5125 | Loss 0.3280 | LR 3.9727e-06
2026-03-01 02:10:12 INFO Epoch 8 | Step 2680/5125 | Loss 0.3282 | LR 3.9758e-06
2026-03-01 02:11:03 INFO Epoch 8 | Step 2700/5125 | Loss 0.3281 | LR 3.9790e-06
2026-03-01 02:11:54 INFO Epoch 8 | Step 2720/5125 | Loss 0.3280 | LR 3.9821e-06
2026-03-01 02:12:45 INFO Epoch 8 | Step 2740/5125 | Loss 0.3278 | LR 3.9853e-06
2026-03-01 02:13:36 INFO Epoch 8 | Step 2760/5125 | Loss 0.3276 | LR 3.9885e-06
2026-03-01 02:14:27 INFO Epoch 8 | Step 2780/5125 | Loss 0.3272 | LR 3.9916e-06
2026-03-01 02:15:18 INFO Epoch 8 | Step 2800/5125 | Loss 0.3275 | LR 3.9948e-06
2026-03-01 02:16:08 INFO Epoch 8 | Step 2820/5125 | Loss 0.3275 | LR 3.9980e-06
2026-03-01 02:16:59 INFO Epoch 8 | Step 2840/5125 | Loss 0.3277 | LR 4.0011e-06
2026-03-01 02:17:50 INFO Epoch 8 | Step 2860/5125 | Loss 0.3280 | LR 4.0043e-06
2026-03-01 02:18:41 INFO Epoch 8 | Step 2880/5125 | Loss 0.3276 | LR 4.0075e-06
2026-03-01 02:19:32 INFO Epoch 8 | Step 2900/5125 | Loss 0.3278 | LR 4.0106e-06
2026-03-01 02:20:23 INFO Epoch 8 | Step 2920/5125 | Loss 0.3275 | LR 4.0138e-06
2026-03-01 02:21:14 INFO Epoch 8 | Step 2940/5125 | Loss 0.3275 | LR 4.0170e-06
2026-03-01 02:22:04 INFO Epoch 8 | Step 2960/5125 | Loss 0.3276 | LR 4.0201e-06
2026-03-01 02:22:55 INFO Epoch 8 | Step 2980/5125 | Loss 0.3280 | LR 4.0233e-06
2026-03-01 02:23:46 INFO Epoch 8 | Step 3000/5125 | Loss 0.3279 | LR 4.0265e-06
2026-03-01 02:24:37 INFO Epoch 8 | Step 3020/5125 | Loss 0.3282 | LR 4.0296e-06
2026-03-01 02:25:28 INFO Epoch 8 | Step 3040/5125 | Loss 0.3283 | LR 4.0328e-06
2026-03-01 02:26:19 INFO Epoch 8 | Step 3060/5125 | Loss 0.3284 | LR 4.0360e-06
2026-03-01 02:27:09 INFO Epoch 8 | Step 3080/5125 | Loss 0.3284 | LR 4.0391e-06
2026-03-01 02:28:00 INFO Epoch 8 | Step 3100/5125 | Loss 0.3283 | LR 4.0423e-06
2026-03-01 02:28:51 INFO Epoch 8 | Step 3120/5125 | Loss 0.3282 | LR 4.0455e-06
2026-03-01 02:29:42 INFO Epoch 8 | Step 3140/5125 | Loss 0.3281 | LR 4.0487e-06
2026-03-01 02:30:33 INFO Epoch 8 | Step 3160/5125 | Loss 0.3281 | LR 4.0518e-06
2026-03-01 02:31:24 INFO Epoch 8 | Step 3180/5125 | Loss 0.3283 | LR 4.0550e-06
2026-03-01 02:32:14 INFO Epoch 8 | Step 3200/5125 | Loss 0.3280 | LR 4.0582e-06
2026-03-01 02:33:05 INFO Epoch 8 | Step 3220/5125 | Loss 0.3284 | LR 4.0614e-06
2026-03-01 02:33:56 INFO Epoch 8 | Step 3240/5125 | Loss 0.3285 | LR 4.0645e-06
2026-03-01 02:34:47 INFO Epoch 8 | Step 3260/5125 | Loss 0.3286 | LR 4.0677e-06
2026-03-01 02:35:38 INFO Epoch 8 | Step 3280/5125 | Loss 0.3288 | LR 4.0709e-06
2026-03-01 02:36:28 INFO Epoch 8 | Step 3300/5125 | Loss 0.3289 | LR 4.0741e-06
2026-03-01 02:37:19 INFO Epoch 8 | Step 3320/5125 | Loss 0.3288 | LR 4.0772e-06
2026-03-01 02:38:10 INFO Epoch 8 | Step 3340/5125 | Loss 0.3290 | LR 4.0804e-06
2026-03-01 02:39:01 INFO Epoch 8 | Step 3360/5125 | Loss 0.3290 | LR 4.0836e-06
2026-03-01 02:39:52 INFO Epoch 8 | Step 3380/5125 | Loss 0.3290 | LR 4.0868e-06
2026-03-01 02:40:42 INFO Epoch 8 | Step 3400/5125 | Loss 0.3290 | LR 4.0900e-06
2026-03-01 02:41:33 INFO Epoch 8 | Step 3420/5125 | Loss 0.3292 | LR 4.0931e-06
2026-03-01 02:42:24 INFO Epoch 8 | Step 3440/5125 | Loss 0.3289 | LR 4.0963e-06
2026-03-01 02:43:15 INFO Epoch 8 | Step 3460/5125 | Loss 0.3287 | LR 4.0995e-06
2026-03-01 02:44:06 INFO Epoch 8 | Step 3480/5125 | Loss 0.3286 | LR 4.1027e-06
2026-03-01 02:44:57 INFO Epoch 8 | Step 3500/5125 | Loss 0.3286 | LR 4.1059e-06
2026-03-01 02:45:48 INFO Epoch 8 | Step 3520/5125 | Loss 0.3286 | LR 4.1091e-06
2026-03-01 02:46:39 INFO Epoch 8 | Step 3540/5125 | Loss 0.3287 | LR 4.1122e-06
2026-03-01 02:47:30 INFO Epoch 8 | Step 3560/5125 | Loss 0.3286 | LR 4.1154e-06
2026-03-01 02:48:21 INFO Epoch 8 | Step 3580/5125 | Loss 0.3285 | LR 4.1186e-06
2026-03-01 02:49:12 INFO Epoch 8 | Step 3600/5125 | Loss 0.3285 | LR 4.1218e-06
2026-03-01 02:50:03 INFO Epoch 8 | Step 3620/5125 | Loss 0.3284 | LR 4.1250e-06
2026-03-01 02:50:55 INFO Epoch 8 | Step 3640/5125 | Loss 0.3283 | LR 4.1282e-06
2026-03-01 02:51:46 INFO Epoch 8 | Step 3660/5125 | Loss 0.3282 | LR 4.1314e-06
2026-03-01 02:52:37 INFO Epoch 8 | Step 3680/5125 | Loss 0.3284 | LR 4.1345e-06
2026-03-01 02:53:29 INFO Epoch 8 | Step 3700/5125 | Loss 0.3284 | LR 4.1377e-06
2026-03-01 02:54:20 INFO Epoch 8 | Step 3720/5125 | Loss 0.3285 | LR 4.1409e-06
2026-03-01 02:55:11 INFO Epoch 8 | Step 3740/5125 | Loss 0.3285 | LR 4.1441e-06
2026-03-01 02:56:02 INFO Epoch 8 | Step 3760/5125 | Loss 0.3283 | LR 4.1473e-06
2026-03-01 02:56:54 INFO Epoch 8 | Step 3780/5125 | Loss 0.3285 | LR 4.1505e-06
2026-03-01 02:57:45 INFO Epoch 8 | Step 3800/5125 | Loss 0.3286 | LR 4.1537e-06
2026-03-01 02:58:36 INFO Epoch 8 | Step 3820/5125 | Loss 0.3287 | LR 4.1569e-06
2026-03-01 02:59:28 INFO Epoch 8 | Step 3840/5125 | Loss 0.3285 | LR 4.1601e-06
2026-03-01 03:00:19 INFO Epoch 8 | Step 3860/5125 | Loss 0.3285 | LR 4.1632e-06
2026-03-01 03:01:10 INFO Epoch 8 | Step 3880/5125 | Loss 0.3284 | LR 4.1664e-06
2026-03-01 03:02:02 INFO Epoch 8 | Step 3900/5125 | Loss 0.3282 | LR 4.1696e-06
2026-03-01 03:02:53 INFO Epoch 8 | Step 3920/5125 | Loss 0.3282 | LR 4.1728e-06
2026-03-01 03:03:44 INFO Epoch 8 | Step 3940/5125 | Loss 0.3280 | LR 4.1760e-06
2026-03-01 03:04:35 INFO Epoch 8 | Step 3960/5125 | Loss 0.3280 | LR 4.1792e-06
2026-03-01 03:05:27 INFO Epoch 8 | Step 3980/5125 | Loss 0.3280 | LR 4.1824e-06
2026-03-01 03:06:18 INFO Epoch 8 | Step 4000/5125 | Loss 0.3281 | LR 4.1856e-06
2026-03-01 03:07:09 INFO Epoch 8 | Step 4020/5125 | Loss 0.3281 | LR 4.1888e-06
2026-03-01 03:08:00 INFO Epoch 8 | Step 4040/5125 | Loss 0.3282 | LR 4.1920e-06
2026-03-01 03:08:52 INFO Epoch 8 | Step 4060/5125 | Loss 0.3281 | LR 4.1952e-06
2026-03-01 03:09:43 INFO Epoch 8 | Step 4080/5125 | Loss 0.3282 | LR 4.1984e-06
2026-03-01 03:10:34 INFO Epoch 8 | Step 4100/5125 | Loss 0.3281 | LR 4.2016e-06
2026-03-01 03:11:26 INFO Epoch 8 | Step 4120/5125 | Loss 0.3279 | LR 4.2048e-06
2026-03-01 03:12:17 INFO Epoch 8 | Step 4140/5125 | Loss 0.3278 | LR 4.2080e-06
2026-03-01 03:13:08 INFO Epoch 8 | Step 4160/5125 | Loss 0.3279 | LR 4.2112e-06
2026-03-01 03:13:59 INFO Epoch 8 | Step 4180/5125 | Loss 0.3280 | LR 4.2144e-06
2026-03-01 03:14:50 INFO Epoch 8 | Step 4200/5125 | Loss 0.3277 | LR 4.2176e-06
2026-03-01 03:15:42 INFO Epoch 8 | Step 4220/5125 | Loss 0.3276 | LR 4.2208e-06
2026-03-01 03:16:33 INFO Epoch 8 | Step 4240/5125 | Loss 0.3277 | LR 4.2240e-06
2026-03-01 03:17:24 INFO Epoch 8 | Step 4260/5125 | Loss 0.3276 | LR 4.2272e-06
2026-03-01 03:18:16 INFO Epoch 8 | Step 4280/5125 | Loss 0.3275 | LR 4.2304e-06
2026-03-01 03:19:07 INFO Epoch 8 | Step 4300/5125 | Loss 0.3275 | LR 4.2336e-06
2026-03-01 03:19:58 INFO Epoch 8 | Step 4320/5125 | Loss 0.3273 | LR 4.2368e-06
2026-03-01 03:20:49 INFO Epoch 8 | Step 4340/5125 | Loss 0.3273 | LR 4.2400e-06
2026-03-01 03:21:41 INFO Epoch 8 | Step 4360/5125 | Loss 0.3274 | LR 4.2432e-06
2026-03-01 03:22:32 INFO Epoch 8 | Step 4380/5125 | Loss 0.3273 | LR 4.2464e-06
2026-03-01 03:23:23 INFO Epoch 8 | Step 4400/5125 | Loss 0.3274 | LR 4.2496e-06
2026-03-01 03:24:14 INFO Epoch 8 | Step 4420/5125 | Loss 0.3274 | LR 4.2528e-06
2026-03-01 03:25:06 INFO Epoch 8 | Step 4440/5125 | Loss 0.3275 | LR 4.2560e-06
2026-03-01 03:25:57 INFO Epoch 8 | Step 4460/5125 | Loss 0.3273 | LR 4.2592e-06
2026-03-01 03:26:48 INFO Epoch 8 | Step 4480/5125 | Loss 0.3275 | LR 4.2624e-06
2026-03-01 03:27:39 INFO Epoch 8 | Step 4500/5125 | Loss 0.3275 | LR 4.2656e-06
2026-03-01 03:28:30 INFO Epoch 8 | Step 4520/5125 | Loss 0.3275 | LR 4.2688e-06
2026-03-01 03:29:22 INFO Epoch 8 | Step 4540/5125 | Loss 0.3275 | LR 4.2720e-06
2026-03-01 03:30:13 INFO Epoch 8 | Step 4560/5125 | Loss 0.3274 | LR 4.2752e-06
2026-03-01 03:31:04 INFO Epoch 8 | Step 4580/5125 | Loss 0.3274 | LR 4.2784e-06
2026-03-01 03:31:55 INFO Epoch 8 | Step 4600/5125 | Loss 0.3271 | LR 4.2817e-06
2026-03-01 03:32:47 INFO Epoch 8 | Step 4620/5125 | Loss 0.3275 | LR 4.2849e-06
2026-03-01 03:33:38 INFO Epoch 8 | Step 4640/5125 | Loss 0.3276 | LR 4.2881e-06
2026-03-01 03:34:29 INFO Epoch 8 | Step 4660/5125 | Loss 0.3276 | LR 4.2913e-06
2026-03-01 03:35:20 INFO Epoch 8 | Step 4680/5125 | Loss 0.3277 | LR 4.2945e-06
2026-03-01 03:36:12 INFO Epoch 8 | Step 4700/5125 | Loss 0.3276 | LR 4.2977e-06
2026-03-01 03:37:03 INFO Epoch 8 | Step 4720/5125 | Loss 0.3275 | LR 4.3009e-06
2026-03-01 03:37:55 INFO Epoch 8 | Step 4740/5125 | Loss 0.3274 | LR 4.3041e-06
2026-03-01 03:38:46 INFO Epoch 8 | Step 4760/5125 | Loss 0.3272 | LR 4.3073e-06
2026-03-01 03:39:37 INFO Epoch 8 | Step 4780/5125 | Loss 0.3271 | LR 4.3106e-06
2026-03-01 03:40:28 INFO Epoch 8 | Step 4800/5125 | Loss 0.3270 | LR 4.3138e-06
2026-03-01 03:41:19 INFO Epoch 8 | Step 4820/5125 | Loss 0.3268 | LR 4.3170e-06
2026-03-01 03:42:10 INFO Epoch 8 | Step 4840/5125 | Loss 0.3268 | LR 4.3202e-06
2026-03-01 03:43:01 INFO Epoch 8 | Step 4860/5125 | Loss 0.3265 | LR 4.3234e-06
2026-03-01 03:43:52 INFO Epoch 8 | Step 4880/5125 | Loss 0.3265 | LR 4.3266e-06
2026-03-01 03:44:43 INFO Epoch 8 | Step 4900/5125 | Loss 0.3266 | LR 4.3298e-06
2026-03-01 03:45:34 INFO Epoch 8 | Step 4920/5125 | Loss 0.3268 | LR 4.3330e-06
2026-03-01 03:46:26 INFO Epoch 8 | Step 4940/5125 | Loss 0.3266 | LR 4.3363e-06
2026-03-01 03:47:17 INFO Epoch 8 | Step 4960/5125 | Loss 0.3264 | LR 4.3395e-06
2026-03-01 03:48:08 INFO Epoch 8 | Step 4980/5125 | Loss 0.3263 | LR 4.3427e-06
2026-03-01 03:48:59 INFO Epoch 8 | Step 5000/5125 | Loss 0.3262 | LR 4.3459e-06
2026-03-01 03:49:50 INFO Epoch 8 | Step 5020/5125 | Loss 0.3262 | LR 4.3491e-06
2026-03-01 03:50:41 INFO Epoch 8 | Step 5040/5125 | Loss 0.3260 | LR 4.3523e-06
2026-03-01 03:51:32 INFO Epoch 8 | Step 5060/5125 | Loss 0.3259 | LR 4.3556e-06
2026-03-01 03:52:24 INFO Epoch 8 | Step 5080/5125 | Loss 0.3259 | LR 4.3588e-06
2026-03-01 03:53:15 INFO Epoch 8 | Step 5100/5125 | Loss 0.3258 | LR 4.3620e-06
2026-03-01 03:54:06 INFO Epoch 8 | Step 5120/5125 | Loss 0.3257 | LR 4.3652e-06
2026-03-01 03:54:19 INFO Epoch 8 | Step 5125/5125 | Loss 0.3257 | LR 4.3660e-06
2026-03-01 04:42:24 INFO CSV Written | Epoch: 8
2026-03-01 04:42:24 INFO Best Saved | Epoch: 8 | Monitor: val_auprc | Value: 0.7522
2026-03-01 04:42:24 INFO Epoch Done | Epoch: 8 | Time: 15981.1788 | Train Loss: 0.3257 | Val Accuracy: 0.9866 | Val AUPRC: 0.7522 | Val Auroc: 0.9788 | Val F1: 0.6904 | Val Loss: 0.2844
2026-03-01 04:42:24 INFO Epoch Start | Epoch: 9
2026-03-01 04:42:34 INFO Epoch 9 | Step 1/5125 | Loss 0.3503 | LR 4.3662e-06
2026-03-01 04:43:23 INFO Epoch 9 | Step 20/5125 | Loss 0.3255 | LR 4.3692e-06
2026-03-01 04:44:15 INFO Epoch 9 | Step 40/5125 | Loss 0.3238 | LR 4.3725e-06
2026-03-01 04:45:07 INFO Epoch 9 | Step 60/5125 | Loss 0.3251 | LR 4.3757e-06
2026-03-01 04:45:59 INFO Epoch 9 | Step 80/5125 | Loss 0.3295 | LR 4.3789e-06
2026-03-01 04:46:51 INFO Epoch 9 | Step 100/5125 | Loss 0.3207 | LR 4.3821e-06
2026-03-01 04:47:43 INFO Epoch 9 | Step 120/5125 | Loss 0.3233 | LR 4.3853e-06
2026-03-01 04:48:35 INFO Epoch 9 | Step 140/5125 | Loss 0.3221 | LR 4.3886e-06
2026-03-01 04:49:27 INFO Epoch 9 | Step 160/5125 | Loss 0.3159 | LR 4.3918e-06
2026-03-01 04:50:20 INFO Epoch 9 | Step 180/5125 | Loss 0.3233 | LR 4.3950e-06
2026-03-01 04:51:12 INFO Epoch 9 | Step 200/5125 | Loss 0.3214 | LR 4.3982e-06
2026-03-01 04:52:04 INFO Epoch 9 | Step 220/5125 | Loss 0.3190 | LR 4.4015e-06
2026-03-01 04:52:56 INFO Epoch 9 | Step 240/5125 | Loss 0.3175 | LR 4.4047e-06
2026-03-01 04:53:48 INFO Epoch 9 | Step 260/5125 | Loss 0.3218 | LR 4.4079e-06
2026-03-01 04:54:40 INFO Epoch 9 | Step 280/5125 | Loss 0.3190 | LR 4.4111e-06
2026-03-01 04:55:33 INFO Epoch 9 | Step 300/5125 | Loss 0.3219 | LR 4.4144e-06
2026-03-01 04:56:25 INFO Epoch 9 | Step 320/5125 | Loss 0.3238 | LR 4.4176e-06
2026-03-01 04:57:17 INFO Epoch 9 | Step 340/5125 | Loss 0.3200 | LR 4.4208e-06
2026-03-01 04:58:09 INFO Epoch 9 | Step 360/5125 | Loss 0.3189 | LR 4.4240e-06
2026-03-01 04:59:01 INFO Epoch 9 | Step 380/5125 | Loss 0.3188 | LR 4.4273e-06
2026-03-01 04:59:53 INFO Epoch 9 | Step 400/5125 | Loss 0.3199 | LR 4.4305e-06
2026-03-01 05:00:46 INFO Epoch 9 | Step 420/5125 | Loss 0.3197 | LR 4.4337e-06
2026-03-01 05:01:38 INFO Epoch 9 | Step 440/5125 | Loss 0.3189 | LR 4.4369e-06
2026-03-01 05:02:30 INFO Epoch 9 | Step 460/5125 | Loss 0.3196 | LR 4.4402e-06
2026-03-01 05:03:22 INFO Epoch 9 | Step 480/5125 | Loss 0.3182 | LR 4.4434e-06
2026-03-01 05:04:15 INFO Epoch 9 | Step 500/5125 | Loss 0.3173 | LR 4.4466e-06
2026-03-01 05:05:07 INFO Epoch 9 | Step 520/5125 | Loss 0.3177 | LR 4.4498e-06
2026-03-01 05:05:59 INFO Epoch 9 | Step 540/5125 | Loss 0.3166 | LR 4.4531e-06
2026-03-01 05:06:52 INFO Epoch 9 | Step 560/5125 | Loss 0.3165 | LR 4.4563e-06
2026-03-01 05:07:44 INFO Epoch 9 | Step 580/5125 | Loss 0.3152 | LR 4.4595e-06
2026-03-01 05:08:37 INFO Epoch 9 | Step 600/5125 | Loss 0.3161 | LR 4.4628e-06
2026-03-01 05:09:29 INFO Epoch 9 | Step 620/5125 | Loss 0.3146 | LR 4.4660e-06
2026-03-01 05:10:21 INFO Epoch 9 | Step 640/5125 | Loss 0.3132 | LR 4.4692e-06
2026-03-01 05:11:14 INFO Epoch 9 | Step 660/5125 | Loss 0.3110 | LR 4.4725e-06
2026-03-01 05:12:07 INFO Epoch 9 | Step 680/5125 | Loss 0.3104 | LR 4.4757e-06
2026-03-01 05:12:59 INFO Epoch 9 | Step 700/5125 | Loss 0.3101 | LR 4.4789e-06
2026-03-01 05:13:51 INFO Epoch 9 | Step 720/5125 | Loss 0.3114 | LR 4.4822e-06
2026-03-01 05:14:43 INFO Epoch 9 | Step 740/5125 | Loss 0.3106 | LR 4.4854e-06
2026-03-01 05:15:36 INFO Epoch 9 | Step 760/5125 | Loss 0.3098 | LR 4.4886e-06
2026-03-01 05:16:28 INFO Epoch 9 | Step 780/5125 | Loss 0.3087 | LR 4.4919e-06
2026-03-01 05:17:21 INFO Epoch 9 | Step 800/5125 | Loss 0.3075 | LR 4.4951e-06
2026-03-01 05:18:13 INFO Epoch 9 | Step 820/5125 | Loss 0.3079 | LR 4.4983e-06
2026-03-01 05:19:05 INFO Epoch 9 | Step 840/5125 | Loss 0.3085 | LR 4.5016e-06
2026-03-01 05:19:58 INFO Epoch 9 | Step 860/5125 | Loss 0.3086 | LR 4.5048e-06
2026-03-01 05:20:50 INFO Epoch 9 | Step 880/5125 | Loss 0.3087 | LR 4.5080e-06
2026-03-01 05:21:42 INFO Epoch 9 | Step 900/5125 | Loss 0.3092 | LR 4.5113e-06
2026-03-01 05:22:34 INFO Epoch 9 | Step 920/5125 | Loss 0.3079 | LR 4.5145e-06
2026-03-01 05:23:27 INFO Epoch 9 | Step 940/5125 | Loss 0.3068 | LR 4.5177e-06
2026-03-01 05:24:19 INFO Epoch 9 | Step 960/5125 | Loss 0.3057 | LR 4.5210e-06
2026-03-01 05:25:10 INFO Epoch 9 | Step 980/5125 | Loss 0.3059 | LR 4.5242e-06
2026-03-01 05:26:02 INFO Epoch 9 | Step 1000/5125 | Loss 0.3064 | LR 4.5274e-06
2026-03-01 05:26:54 INFO Epoch 9 | Step 1020/5125 | Loss 0.3058 | LR 4.5307e-06
2026-03-01 05:27:46 INFO Epoch 9 | Step 1040/5125 | Loss 0.3058 | LR 4.5339e-06
2026-03-01 05:28:37 INFO Epoch 9 | Step 1060/5125 | Loss 0.3050 | LR 4.5371e-06
2026-03-01 05:29:29 INFO Epoch 9 | Step 1080/5125 | Loss 0.3048 | LR 4.5404e-06
2026-03-01 05:30:21 INFO Epoch 9 | Step 1100/5125 | Loss 0.3046 | LR 4.5436e-06
2026-03-01 05:31:13 INFO Epoch 9 | Step 1120/5125 | Loss 0.3060 | LR 4.5469e-06
2026-03-01 05:32:05 INFO Epoch 9 | Step 1140/5125 | Loss 0.3060 | LR 4.5501e-06
2026-03-01 05:32:56 INFO Epoch 9 | Step 1160/5125 | Loss 0.3055 | LR 4.5533e-06
2026-03-01 05:33:48 INFO Epoch 9 | Step 1180/5125 | Loss 0.3054 | LR 4.5566e-06
2026-03-01 05:34:40 INFO Epoch 9 | Step 1200/5125 | Loss 0.3051 | LR 4.5598e-06
2026-03-01 05:35:32 INFO Epoch 9 | Step 1220/5125 | Loss 0.3049 | LR 4.5631e-06
2026-03-01 05:36:24 INFO Epoch 9 | Step 1240/5125 | Loss 0.3058 | LR 4.5663e-06
2026-03-01 05:37:15 INFO Epoch 9 | Step 1260/5125 | Loss 0.3062 | LR 4.5695e-06
2026-03-01 05:38:07 INFO Epoch 9 | Step 1280/5125 | Loss 0.3059 | LR 4.5728e-06
2026-03-01 05:38:59 INFO Epoch 9 | Step 1300/5125 | Loss 0.3058 | LR 4.5760e-06
2026-03-01 05:39:51 INFO Epoch 9 | Step 1320/5125 | Loss 0.3058 | LR 4.5793e-06
2026-03-01 05:40:42 INFO Epoch 9 | Step 1340/5125 | Loss 0.3059 | LR 4.5825e-06
2026-03-01 05:41:34 INFO Epoch 9 | Step 1360/5125 | Loss 0.3061 | LR 4.5857e-06
2026-03-01 05:42:26 INFO Epoch 9 | Step 1380/5125 | Loss 0.3061 | LR 4.5890e-06
2026-03-01 05:43:17 INFO Epoch 9 | Step 1400/5125 | Loss 0.3067 | LR 4.5922e-06
2026-03-01 05:44:09 INFO Epoch 9 | Step 1420/5125 | Loss 0.3066 | LR 4.5955e-06
2026-03-01 05:45:01 INFO Epoch 9 | Step 1440/5125 | Loss 0.3066 | LR 4.5987e-06
2026-03-01 05:45:53 INFO Epoch 9 | Step 1460/5125 | Loss 0.3068 | LR 4.6020e-06
2026-03-01 05:46:44 INFO Epoch 9 | Step 1480/5125 | Loss 0.3064 | LR 4.6052e-06
2026-03-01 05:47:36 INFO Epoch 9 | Step 1500/5125 | Loss 0.3058 | LR 4.6084e-06
2026-03-01 05:48:28 INFO Epoch 9 | Step 1520/5125 | Loss 0.3061 | LR 4.6117e-06
2026-03-01 05:49:20 INFO Epoch 9 | Step 1540/5125 | Loss 0.3064 | LR 4.6149e-06
2026-03-01 05:50:12 INFO Epoch 9 | Step 1560/5125 | Loss 0.3066 | LR 4.6182e-06
2026-03-01 05:51:04 INFO Epoch 9 | Step 1580/5125 | Loss 0.3059 | LR 4.6214e-06
2026-03-01 05:51:56 INFO Epoch 9 | Step 1600/5125 | Loss 0.3053 | LR 4.6247e-06
2026-03-01 05:52:47 INFO Epoch 9 | Step 1620/5125 | Loss 0.3054 | LR 4.6279e-06
2026-03-01 05:53:39 INFO Epoch 9 | Step 1640/5125 | Loss 0.3055 | LR 4.6312e-06
2026-03-01 05:54:31 INFO Epoch 9 | Step 1660/5125 | Loss 0.3058 | LR 4.6344e-06
2026-03-01 05:55:23 INFO Epoch 9 | Step 1680/5125 | Loss 0.3057 | LR 4.6377e-06
2026-03-01 05:56:15 INFO Epoch 9 | Step 1700/5125 | Loss 0.3050 | LR 4.6409e-06
2026-03-01 05:57:07 INFO Epoch 9 | Step 1720/5125 | Loss 0.3052 | LR 4.6441e-06
2026-03-01 05:57:58 INFO Epoch 9 | Step 1740/5125 | Loss 0.3052 | LR 4.6474e-06
2026-03-01 05:58:50 INFO Epoch 9 | Step 1760/5125 | Loss 0.3057 | LR 4.6506e-06
2026-03-01 05:59:42 INFO Epoch 9 | Step 1780/5125 | Loss 0.3053 | LR 4.6539e-06
2026-03-01 06:00:34 INFO Epoch 9 | Step 1800/5125 | Loss 0.3058 | LR 4.6571e-06
2026-03-01 06:01:26 INFO Epoch 9 | Step 1820/5125 | Loss 0.3061 | LR 4.6604e-06
2026-03-01 06:02:17 INFO Epoch 9 | Step 1840/5125 | Loss 0.3057 | LR 4.6636e-06
2026-03-01 06:03:09 INFO Epoch 9 | Step 1860/5125 | Loss 0.3059 | LR 4.6669e-06
2026-03-01 06:04:01 INFO Epoch 9 | Step 1880/5125 | Loss 0.3063 | LR 4.6701e-06
2026-03-01 06:04:52 INFO Epoch 9 | Step 1900/5125 | Loss 0.3061 | LR 4.6734e-06
2026-03-01 06:05:44 INFO Epoch 9 | Step 1920/5125 | Loss 0.3064 | LR 4.6766e-06
2026-03-01 06:06:35 INFO Epoch 9 | Step 1940/5125 | Loss 0.3059 | LR 4.6799e-06
2026-03-01 06:07:27 INFO Epoch 9 | Step 1960/5125 | Loss 0.3061 | LR 4.6831e-06
2026-03-01 06:08:18 INFO Epoch 9 | Step 1980/5125 | Loss 0.3062 | LR 4.6864e-06
2026-03-01 06:09:10 INFO Epoch 9 | Step 2000/5125 | Loss 0.3060 | LR 4.6896e-06
2026-03-01 06:10:01 INFO Epoch 9 | Step 2020/5125 | Loss 0.3054 | LR 4.6929e-06
2026-03-01 06:10:52 INFO Epoch 9 | Step 2040/5125 | Loss 0.3053 | LR 4.6961e-06
2026-03-01 06:11:43 INFO Epoch 9 | Step 2060/5125 | Loss 0.3055 | LR 4.6994e-06
2026-03-01 06:12:35 INFO Epoch 9 | Step 2080/5125 | Loss 0.3055 | LR 4.7026e-06
2026-03-01 06:13:26 INFO Epoch 9 | Step 2100/5125 | Loss 0.3057 | LR 4.7059e-06
2026-03-01 06:14:17 INFO Epoch 9 | Step 2120/5125 | Loss 0.3058 | LR 4.7091e-06
2026-03-01 06:15:08 INFO Epoch 9 | Step 2140/5125 | Loss 0.3060 | LR 4.7124e-06
2026-03-01 06:16:00 INFO Epoch 9 | Step 2160/5125 | Loss 0.3065 | LR 4.7156e-06
2026-03-01 06:16:51 INFO Epoch 9 | Step 2180/5125 | Loss 0.3065 | LR 4.7189e-06
2026-03-01 06:17:42 INFO Epoch 9 | Step 2200/5125 | Loss 0.3061 | LR 4.7221e-06
2026-03-01 06:18:33 INFO Epoch 9 | Step 2220/5125 | Loss 0.3064 | LR 4.7254e-06
2026-03-01 06:19:25 INFO Epoch 9 | Step 2240/5125 | Loss 0.3062 | LR 4.7286e-06
2026-03-01 06:20:16 INFO Epoch 9 | Step 2260/5125 | Loss 0.3059 | LR 4.7319e-06
2026-03-01 06:21:07 INFO Epoch 9 | Step 2280/5125 | Loss 0.3061 | LR 4.7352e-06
2026-03-01 06:21:58 INFO Epoch 9 | Step 2300/5125 | Loss 0.3059 | LR 4.7384e-06
2026-03-01 06:22:50 INFO Epoch 9 | Step 2320/5125 | Loss 0.3061 | LR 4.7417e-06
2026-03-01 06:23:41 INFO Epoch 9 | Step 2340/5125 | Loss 0.3060 | LR 4.7449e-06
2026-03-01 06:24:32 INFO Epoch 9 | Step 2360/5125 | Loss 0.3057 | LR 4.7482e-06
2026-03-01 06:25:23 INFO Epoch 9 | Step 2380/5125 | Loss 0.3055 | LR 4.7514e-06
2026-03-01 06:26:14 INFO Epoch 9 | Step 2400/5125 | Loss 0.3057 | LR 4.7547e-06
2026-03-01 06:27:06 INFO Epoch 9 | Step 2420/5125 | Loss 0.3058 | LR 4.7579e-06
2026-03-01 06:27:57 INFO Epoch 9 | Step 2440/5125 | Loss 0.3054 | LR 4.7612e-06
2026-03-01 06:28:48 INFO Epoch 9 | Step 2460/5125 | Loss 0.3052 | LR 4.7644e-06
2026-03-01 06:29:39 INFO Epoch 9 | Step 2480/5125 | Loss 0.3053 | LR 4.7677e-06
2026-03-01 06:30:31 INFO Epoch 9 | Step 2500/5125 | Loss 0.3049 | LR 4.7710e-06
2026-03-01 06:31:22 INFO Epoch 9 | Step 2520/5125 | Loss 0.3048 | LR 4.7742e-06
2026-03-01 06:32:13 INFO Epoch 9 | Step 2540/5125 | Loss 0.3046 | LR 4.7775e-06
2026-03-01 06:33:04 INFO Epoch 9 | Step 2560/5125 | Loss 0.3043 | LR 4.7807e-06
2026-03-01 06:33:56 INFO Epoch 9 | Step 2580/5125 | Loss 0.3044 | LR 4.7840e-06
2026-03-01 06:34:47 INFO Epoch 9 | Step 2600/5125 | Loss 0.3045 | LR 4.7872e-06
2026-03-01 06:35:39 INFO Epoch 9 | Step 2620/5125 | Loss 0.3043 | LR 4.7905e-06
2026-03-01 06:36:30 INFO Epoch 9 | Step 2640/5125 | Loss 0.3046 | LR 4.7938e-06
2026-03-01 06:37:21 INFO Epoch 9 | Step 2660/5125 | Loss 0.3047 | LR 4.7970e-06
2026-03-01 06:38:13 INFO Epoch 9 | Step 2680/5125 | Loss 0.3048 | LR 4.8003e-06
2026-03-01 06:39:04 INFO Epoch 9 | Step 2700/5125 | Loss 0.3048 | LR 4.8035e-06
2026-03-01 06:39:55 INFO Epoch 9 | Step 2720/5125 | Loss 0.3048 | LR 4.8068e-06
2026-03-01 06:40:46 INFO Epoch 9 | Step 2740/5125 | Loss 0.3049 | LR 4.8100e-06
2026-03-01 06:41:38 INFO Epoch 9 | Step 2760/5125 | Loss 0.3047 | LR 4.8133e-06
2026-03-01 06:42:29 INFO Epoch 9 | Step 2780/5125 | Loss 0.3047 | LR 4.8166e-06
2026-03-01 06:43:20 INFO Epoch 9 | Step 2800/5125 | Loss 0.3046 | LR 4.8198e-06
2026-03-01 06:44:11 INFO Epoch 9 | Step 2820/5125 | Loss 0.3047 | LR 4.8231e-06
2026-03-01 06:45:02 INFO Epoch 9 | Step 2840/5125 | Loss 0.3047 | LR 4.8263e-06
2026-03-01 06:45:53 INFO Epoch 9 | Step 2860/5125 | Loss 0.3048 | LR 4.8296e-06
2026-03-01 06:46:44 INFO Epoch 9 | Step 2880/5125 | Loss 0.3045 | LR 4.8329e-06
2026-03-01 06:47:35 INFO Epoch 9 | Step 2900/5125 | Loss 0.3044 | LR 4.8361e-06
2026-03-01 06:48:26 INFO Epoch 9 | Step 2920/5125 | Loss 0.3044 | LR 4.8394e-06
2026-03-01 06:49:17 INFO Epoch 9 | Step 2940/5125 | Loss 0.3044 | LR 4.8426e-06
2026-03-01 06:50:08 INFO Epoch 9 | Step 2960/5125 | Loss 0.3042 | LR 4.8459e-06
2026-03-01 06:50:59 INFO Epoch 9 | Step 2980/5125 | Loss 0.3043 | LR 4.8492e-06
2026-03-01 06:51:50 INFO Epoch 9 | Step 3000/5125 | Loss 0.3039 | LR 4.8524e-06
2026-03-01 06:52:41 INFO Epoch 9 | Step 3020/5125 | Loss 0.3040 | LR 4.8557e-06
2026-03-01 06:53:32 INFO Epoch 9 | Step 3040/5125 | Loss 0.3040 | LR 4.8589e-06
2026-03-01 06:54:24 INFO Epoch 9 | Step 3060/5125 | Loss 0.3038 | LR 4.8622e-06
2026-03-01 06:55:15 INFO Epoch 9 | Step 3080/5125 | Loss 0.3038 | LR 4.8655e-06
2026-03-01 06:56:07 INFO Epoch 9 | Step 3100/5125 | Loss 0.3040 | LR 4.8687e-06
2026-03-01 06:56:58 INFO Epoch 9 | Step 3120/5125 | Loss 0.3039 | LR 4.8720e-06
2026-03-01 06:57:49 INFO Epoch 9 | Step 3140/5125 | Loss 0.3034 | LR 4.8752e-06
2026-03-01 06:58:40 INFO Epoch 9 | Step 3160/5125 | Loss 0.3034 | LR 4.8785e-06
2026-03-01 06:59:32 INFO Epoch 9 | Step 3180/5125 | Loss 0.3033 | LR 4.8818e-06
2026-03-01 07:00:23 INFO Epoch 9 | Step 3200/5125 | Loss 0.3032 | LR 4.8850e-06
2026-03-01 07:01:14 INFO Epoch 9 | Step 3220/5125 | Loss 0.3033 | LR 4.8883e-06
2026-03-01 07:02:06 INFO Epoch 9 | Step 3240/5125 | Loss 0.3030 | LR 4.8915e-06
2026-03-01 07:02:58 INFO Epoch 9 | Step 3260/5125 | Loss 0.3032 | LR 4.8948e-06
2026-03-01 07:03:50 INFO Epoch 9 | Step 3280/5125 | Loss 0.3034 | LR 4.8981e-06
2026-03-01 07:04:42 INFO Epoch 9 | Step 3300/5125 | Loss 0.3035 | LR 4.9013e-06
2026-03-01 07:05:34 INFO Epoch 9 | Step 3320/5125 | Loss 0.3035 | LR 4.9046e-06
2026-03-01 07:06:25 INFO Epoch 9 | Step 3340/5125 | Loss 0.3036 | LR 4.9079e-06
2026-03-01 07:07:17 INFO Epoch 9 | Step 3360/5125 | Loss 0.3035 | LR 4.9111e-06
2026-03-01 07:08:09 INFO Epoch 9 | Step 3380/5125 | Loss 0.3035 | LR 4.9144e-06
2026-03-01 07:09:01 INFO Epoch 9 | Step 3400/5125 | Loss 0.3033 | LR 4.9176e-06
2026-03-01 07:09:53 INFO Epoch 9 | Step 3420/5125 | Loss 0.3030 | LR 4.9209e-06
2026-03-01 07:10:44 INFO Epoch 9 | Step 3440/5125 | Loss 0.3030 | LR 4.9242e-06
2026-03-01 07:11:36 INFO Epoch 9 | Step 3460/5125 | Loss 0.3032 | LR 4.9274e-06
2026-03-01 07:12:28 INFO Epoch 9 | Step 3480/5125 | Loss 0.3028 | LR 4.9307e-06
2026-03-01 07:13:20 INFO Epoch 9 | Step 3500/5125 | Loss 0.3028 | LR 4.9340e-06
2026-03-01 07:14:12 INFO Epoch 9 | Step 3520/5125 | Loss 0.3028 | LR 4.9372e-06
2026-03-01 07:15:04 INFO Epoch 9 | Step 3540/5125 | Loss 0.3027 | LR 4.9405e-06
2026-03-01 07:15:56 INFO Epoch 9 | Step 3560/5125 | Loss 0.3025 | LR 4.9438e-06
2026-03-01 07:16:47 INFO Epoch 9 | Step 3580/5125 | Loss 0.3026 | LR 4.9470e-06
2026-03-01 07:17:39 INFO Epoch 9 | Step 3600/5125 | Loss 0.3025 | LR 4.9503e-06
2026-03-01 07:18:30 INFO Epoch 9 | Step 3620/5125 | Loss 0.3025 | LR 4.9536e-06
2026-03-01 07:19:22 INFO Epoch 9 | Step 3640/5125 | Loss 0.3025 | LR 4.9568e-06
2026-03-01 07:20:14 INFO Epoch 9 | Step 3660/5125 | Loss 0.3024 | LR 4.9601e-06
2026-03-01 07:21:05 INFO Epoch 9 | Step 3680/5125 | Loss 0.3025 | LR 4.9633e-06
2026-03-01 07:21:57 INFO Epoch 9 | Step 3700/5125 | Loss 0.3025 | LR 4.9666e-06
2026-03-01 07:22:49 INFO Epoch 9 | Step 3720/5125 | Loss 0.3022 | LR 4.9699e-06
2026-03-01 07:23:41 INFO Epoch 9 | Step 3740/5125 | Loss 0.3023 | LR 4.9731e-06
2026-03-01 07:24:32 INFO Epoch 9 | Step 3760/5125 | Loss 0.3020 | LR 4.9764e-06
2026-03-01 07:25:24 INFO Epoch 9 | Step 3780/5125 | Loss 0.3020 | LR 4.9797e-06
2026-03-01 07:26:16 INFO Epoch 9 | Step 3800/5125 | Loss 0.3018 | LR 4.9829e-06
2026-03-01 07:27:08 INFO Epoch 9 | Step 3820/5125 | Loss 0.3015 | LR 4.9862e-06
2026-03-01 07:28:00 INFO Epoch 9 | Step 3840/5125 | Loss 0.3015 | LR 4.9895e-06
2026-03-01 07:28:52 INFO Epoch 9 | Step 3860/5125 | Loss 0.3016 | LR 4.9927e-06
2026-03-01 07:29:44 INFO Epoch 9 | Step 3880/5125 | Loss 0.3019 | LR 4.9960e-06
2026-03-01 07:30:35 INFO Epoch 9 | Step 3900/5125 | Loss 0.3017 | LR 4.9993e-06
2026-03-01 07:31:27 INFO Epoch 9 | Step 3920/5125 | Loss 0.3021 | LR 5.0025e-06
2026-03-01 07:32:19 INFO Epoch 9 | Step 3940/5125 | Loss 0.3019 | LR 5.0058e-06
2026-03-01 07:33:11 INFO Epoch 9 | Step 3960/5125 | Loss 0.3020 | LR 5.0091e-06
2026-03-01 07:34:03 INFO Epoch 9 | Step 3980/5125 | Loss 0.3017 | LR 5.0123e-06
2026-03-01 07:34:54 INFO Epoch 9 | Step 4000/5125 | Loss 0.3015 | LR 5.0156e-06
2026-03-01 07:35:47 INFO Epoch 9 | Step 4020/5125 | Loss 0.3017 | LR 5.0189e-06
2026-03-01 07:36:38 INFO Epoch 9 | Step 4040/5125 | Loss 0.3018 | LR 5.0221e-06
2026-03-01 07:37:30 INFO Epoch 9 | Step 4060/5125 | Loss 0.3018 | LR 5.0254e-06
2026-03-01 07:38:22 INFO Epoch 9 | Step 4080/5125 | Loss 0.3019 | LR 5.0287e-06
2026-03-01 07:39:13 INFO Epoch 9 | Step 4100/5125 | Loss 0.3020 | LR 5.0319e-06
2026-03-01 07:40:05 INFO Epoch 9 | Step 4120/5125 | Loss 0.3017 | LR 5.0352e-06
2026-03-01 07:40:57 INFO Epoch 9 | Step 4140/5125 | Loss 0.3020 | LR 5.0385e-06
2026-03-01 07:41:49 INFO Epoch 9 | Step 4160/5125 | Loss 0.3022 | LR 5.0417e-06
2026-03-01 07:42:41 INFO Epoch 9 | Step 4180/5125 | Loss 0.3023 | LR 5.0450e-06
2026-03-01 07:43:33 INFO Epoch 9 | Step 4200/5125 | Loss 0.3020 | LR 5.0483e-06
2026-03-01 07:44:25 INFO Epoch 9 | Step 4220/5125 | Loss 0.3020 | LR 5.0515e-06
2026-03-01 07:45:16 INFO Epoch 9 | Step 4240/5125 | Loss 0.3017 | LR 5.0548e-06
2026-03-01 07:46:08 INFO Epoch 9 | Step 4260/5125 | Loss 0.3020 | LR 5.0581e-06
2026-03-01 07:47:00 INFO Epoch 9 | Step 4280/5125 | Loss 0.3018 | LR 5.0613e-06
2026-03-01 07:47:51 INFO Epoch 9 | Step 4300/5125 | Loss 0.3016 | LR 5.0646e-06
2026-03-01 07:48:43 INFO Epoch 9 | Step 4320/5125 | Loss 0.3014 | LR 5.0679e-06
2026-03-01 07:49:35 INFO Epoch 9 | Step 4340/5125 | Loss 0.3013 | LR 5.0711e-06
2026-03-01 07:50:27 INFO Epoch 9 | Step 4360/5125 | Loss 0.3013 | LR 5.0744e-06
2026-03-01 07:51:18 INFO Epoch 9 | Step 4380/5125 | Loss 0.3012 | LR 5.0777e-06
2026-03-01 07:52:10 INFO Epoch 9 | Step 4400/5125 | Loss 0.3011 | LR 5.0809e-06
2026-03-01 07:53:02 INFO Epoch 9 | Step 4420/5125 | Loss 0.3010 | LR 5.0842e-06
2026-03-01 07:53:54 INFO Epoch 9 | Step 4440/5125 | Loss 0.3010 | LR 5.0875e-06
2026-03-01 07:54:46 INFO Epoch 9 | Step 4460/5125 | Loss 0.3009 | LR 5.0907e-06
2026-03-01 07:55:37 INFO Epoch 9 | Step 4480/5125 | Loss 0.3008 | LR 5.0940e-06
2026-03-01 07:56:29 INFO Epoch 9 | Step 4500/5125 | Loss 0.3008 | LR 5.0973e-06
2026-03-01 07:57:21 INFO Epoch 9 | Step 4520/5125 | Loss 0.3007 | LR 5.1006e-06
2026-03-01 07:58:13 INFO Epoch 9 | Step 4540/5125 | Loss 0.3006 | LR 5.1038e-06
2026-03-01 07:59:04 INFO Epoch 9 | Step 4560/5125 | Loss 0.3005 | LR 5.1071e-06
2026-03-01 07:59:56 INFO Epoch 9 | Step 4580/5125 | Loss 0.3005 | LR 5.1104e-06
2026-03-01 08:00:48 INFO Epoch 9 | Step 4600/5125 | Loss 0.3006 | LR 5.1136e-06
2026-03-01 08:01:40 INFO Epoch 9 | Step 4620/5125 | Loss 0.3004 | LR 5.1169e-06
2026-03-01 08:02:32 INFO Epoch 9 | Step 4640/5125 | Loss 0.3003 | LR 5.1202e-06
2026-03-01 08:03:24 INFO Epoch 9 | Step 4660/5125 | Loss 0.3003 | LR 5.1234e-06
2026-03-01 08:04:16 INFO Epoch 9 | Step 4680/5125 | Loss 0.3004 | LR 5.1267e-06
2026-03-01 08:05:08 INFO Epoch 9 | Step 4700/5125 | Loss 0.3003 | LR 5.1300e-06
2026-03-01 08:05:59 INFO Epoch 9 | Step 4720/5125 | Loss 0.3002 | LR 5.1332e-06
2026-03-01 08:06:51 INFO Epoch 9 | Step 4740/5125 | Loss 0.3001 | LR 5.1365e-06
2026-03-01 08:07:43 INFO Epoch 9 | Step 4760/5125 | Loss 0.3000 | LR 5.1398e-06
2026-03-01 08:08:34 INFO Epoch 9 | Step 4780/5125 | Loss 0.2999 | LR 5.1430e-06
2026-03-01 08:09:26 INFO Epoch 9 | Step 4800/5125 | Loss 0.2999 | LR 5.1463e-06
2026-03-01 08:10:18 INFO Epoch 9 | Step 4820/5125 | Loss 0.3000 | LR 5.1496e-06
2026-03-01 08:11:09 INFO Epoch 9 | Step 4840/5125 | Loss 0.2999 | LR 5.1528e-06
2026-03-01 08:12:01 INFO Epoch 9 | Step 4860/5125 | Loss 0.2998 | LR 5.1561e-06
2026-03-01 08:12:53 INFO Epoch 9 | Step 4880/5125 | Loss 0.2999 | LR 5.1594e-06
2026-03-01 08:13:44 INFO Epoch 9 | Step 4900/5125 | Loss 0.2998 | LR 5.1627e-06
2026-03-01 08:14:36 INFO Epoch 9 | Step 4920/5125 | Loss 0.2997 | LR 5.1659e-06
2026-03-01 08:15:27 INFO Epoch 9 | Step 4940/5125 | Loss 0.2997 | LR 5.1692e-06
2026-03-01 08:16:19 INFO Epoch 9 | Step 4960/5125 | Loss 0.2996 | LR 5.1725e-06
2026-03-01 08:17:11 INFO Epoch 9 | Step 4980/5125 | Loss 0.2996 | LR 5.1757e-06
2026-03-01 08:18:02 INFO Epoch 9 | Step 5000/5125 | Loss 0.2996 | LR 5.1790e-06
2026-03-01 08:18:54 INFO Epoch 9 | Step 5020/5125 | Loss 0.2994 | LR 5.1823e-06
2026-03-01 08:19:45 INFO Epoch 9 | Step 5040/5125 | Loss 0.2992 | LR 5.1855e-06
2026-03-01 08:20:37 INFO Epoch 9 | Step 5060/5125 | Loss 0.2991 | LR 5.1888e-06
2026-03-01 08:21:28 INFO Epoch 9 | Step 5080/5125 | Loss 0.2990 | LR 5.1921e-06
2026-03-01 08:22:20 INFO Epoch 9 | Step 5100/5125 | Loss 0.2990 | LR 5.1953e-06
2026-03-01 08:23:12 INFO Epoch 9 | Step 5120/5125 | Loss 0.2987 | LR 5.1986e-06
2026-03-01 08:23:24 INFO Epoch 9 | Step 5125/5125 | Loss 0.2987 | LR 5.1994e-06
2026-03-01 09:11:39 INFO CSV Written | Epoch: 9
2026-03-01 09:11:39 INFO Best Saved | Epoch: 9 | Monitor: val_auprc | Value: 0.7891
2026-03-01 09:11:39 INFO Epoch Done | Epoch: 9 | Time: 16154.4396 | Train Loss: 0.2987 | Val Accuracy: 0.9881 | Val AUPRC: 0.7891 | Val Auroc: 0.9818 | Val F1: 0.7253 | Val Loss: 0.2732
2026-03-01 09:11:39 INFO Epoch Start | Epoch: 10
2026-03-01 09:11:51 INFO Epoch 10 | Step 1/5125 | Loss 0.2367 | LR 5.1996e-06
2026-03-01 09:12:40 INFO Epoch 10 | Step 20/5125 | Loss 0.2175 | LR 5.2027e-06
2026-03-01 09:13:32 INFO Epoch 10 | Step 40/5125 | Loss 0.2697 | LR 5.2060e-06
2026-03-01 09:14:24 INFO Epoch 10 | Step 60/5125 | Loss 0.2677 | LR 5.2092e-06
2026-03-01 09:15:15 INFO Epoch 10 | Step 80/5125 | Loss 0.2754 | LR 5.2125e-06
2026-03-01 09:16:07 INFO Epoch 10 | Step 100/5125 | Loss 0.2742 | LR 5.2158e-06
2026-03-01 09:16:59 INFO Epoch 10 | Step 120/5125 | Loss 0.2770 | LR 5.2190e-06
2026-03-01 09:17:51 INFO Epoch 10 | Step 140/5125 | Loss 0.2798 | LR 5.2223e-06
2026-03-01 09:18:43 INFO Epoch 10 | Step 160/5125 | Loss 0.2776 | LR 5.2256e-06
2026-03-01 09:19:35 INFO Epoch 10 | Step 180/5125 | Loss 0.2774 | LR 5.2288e-06
2026-03-01 09:20:27 INFO Epoch 10 | Step 200/5125 | Loss 0.2774 | LR 5.2321e-06
2026-03-01 09:21:18 INFO Epoch 10 | Step 220/5125 | Loss 0.2770 | LR 5.2354e-06
2026-03-01 09:22:10 INFO Epoch 10 | Step 240/5125 | Loss 0.2773 | LR 5.2387e-06
2026-03-01 09:23:02 INFO Epoch 10 | Step 260/5125 | Loss 0.2753 | LR 5.2419e-06
2026-03-01 09:23:54 INFO Epoch 10 | Step 280/5125 | Loss 0.2768 | LR 5.2452e-06
2026-03-01 09:24:46 INFO Epoch 10 | Step 300/5125 | Loss 0.2753 | LR 5.2485e-06
2026-03-01 09:25:38 INFO Epoch 10 | Step 320/5125 | Loss 0.2797 | LR 5.2517e-06
2026-03-01 09:26:30 INFO Epoch 10 | Step 340/5125 | Loss 0.2811 | LR 5.2550e-06
2026-03-01 09:27:21 INFO Epoch 10 | Step 360/5125 | Loss 0.2808 | LR 5.2583e-06
2026-03-01 09:28:13 INFO Epoch 10 | Step 380/5125 | Loss 0.2802 | LR 5.2615e-06
2026-03-01 09:29:05 INFO Epoch 10 | Step 400/5125 | Loss 0.2798 | LR 5.2648e-06
2026-03-01 09:29:57 INFO Epoch 10 | Step 420/5125 | Loss 0.2807 | LR 5.2681e-06
2026-03-01 09:30:49 INFO Epoch 10 | Step 440/5125 | Loss 0.2792 | LR 5.2713e-06
2026-03-01 09:31:41 INFO Epoch 10 | Step 460/5125 | Loss 0.2789 | LR 5.2746e-06
2026-03-01 09:32:32 INFO Epoch 10 | Step 480/5125 | Loss 0.2812 | LR 5.2779e-06
2026-03-01 09:33:24 INFO Epoch 10 | Step 500/5125 | Loss 0.2813 | LR 5.2811e-06
2026-03-01 09:34:16 INFO Epoch 10 | Step 520/5125 | Loss 0.2826 | LR 5.2844e-06
2026-03-01 09:35:08 INFO Epoch 10 | Step 540/5125 | Loss 0.2857 | LR 5.2877e-06
2026-03-01 09:36:00 INFO Epoch 10 | Step 560/5125 | Loss 0.2875 | LR 5.2910e-06
2026-03-01 09:36:52 INFO Epoch 10 | Step 580/5125 | Loss 0.2874 | LR 5.2942e-06
2026-03-01 09:37:43 INFO Epoch 10 | Step 600/5125 | Loss 0.2873 | LR 5.2975e-06
2026-03-01 09:38:35 INFO Epoch 10 | Step 620/5125 | Loss 0.2869 | LR 5.3008e-06
2026-03-01 09:39:27 INFO Epoch 10 | Step 640/5125 | Loss 0.2872 | LR 5.3040e-06
2026-03-01 09:40:19 INFO Epoch 10 | Step 660/5125 | Loss 0.2870 | LR 5.3073e-06
2026-03-01 09:41:11 INFO Epoch 10 | Step 680/5125 | Loss 0.2849 | LR 5.3106e-06
2026-03-01 09:42:03 INFO Epoch 10 | Step 700/5125 | Loss 0.2849 | LR 5.3138e-06
2026-03-01 09:42:55 INFO Epoch 10 | Step 720/5125 | Loss 0.2849 | LR 5.3171e-06
2026-03-01 09:43:46 INFO Epoch 10 | Step 740/5125 | Loss 0.2847 | LR 5.3204e-06
2026-03-01 09:44:38 INFO Epoch 10 | Step 760/5125 | Loss 0.2847 | LR 5.3236e-06
2026-03-01 09:45:30 INFO Epoch 10 | Step 780/5125 | Loss 0.2858 | LR 5.3269e-06
2026-03-01 09:46:22 INFO Epoch 10 | Step 800/5125 | Loss 0.2873 | LR 5.3302e-06
2026-03-01 09:47:14 INFO Epoch 10 | Step 820/5125 | Loss 0.2857 | LR 5.3334e-06
2026-03-01 09:48:05 INFO Epoch 10 | Step 840/5125 | Loss 0.2847 | LR 5.3367e-06
2026-03-01 09:48:57 INFO Epoch 10 | Step 860/5125 | Loss 0.2851 | LR 5.3400e-06
2026-03-01 09:49:50 INFO Epoch 10 | Step 880/5125 | Loss 0.2858 | LR 5.3432e-06
2026-03-01 09:50:42 INFO Epoch 10 | Step 900/5125 | Loss 0.2857 | LR 5.3465e-06
2026-03-01 09:51:34 INFO Epoch 10 | Step 920/5125 | Loss 0.2853 | LR 5.3498e-06
2026-03-01 09:52:26 INFO Epoch 10 | Step 940/5125 | Loss 0.2855 | LR 5.3530e-06
2026-03-01 09:53:18 INFO Epoch 10 | Step 960/5125 | Loss 0.2850 | LR 5.3563e-06
2026-03-01 09:54:09 INFO Epoch 10 | Step 980/5125 | Loss 0.2841 | LR 5.3596e-06
2026-03-01 09:55:01 INFO Epoch 10 | Step 1000/5125 | Loss 0.2843 | LR 5.3628e-06
2026-03-01 09:55:53 INFO Epoch 10 | Step 1020/5125 | Loss 0.2839 | LR 5.3661e-06
2026-03-01 09:56:45 INFO Epoch 10 | Step 1040/5125 | Loss 0.2846 | LR 5.3694e-06
2026-03-01 09:57:37 INFO Epoch 10 | Step 1060/5125 | Loss 0.2844 | LR 5.3726e-06
2026-03-01 09:58:28 INFO Epoch 10 | Step 1080/5125 | Loss 0.2848 | LR 5.3759e-06
2026-03-01 09:59:20 INFO Epoch 10 | Step 1100/5125 | Loss 0.2850 | LR 5.3792e-06
2026-03-01 10:00:11 INFO Epoch 10 | Step 1120/5125 | Loss 0.2858 | LR 5.3824e-06
2026-03-01 10:01:03 INFO Epoch 10 | Step 1140/5125 | Loss 0.2854 | LR 5.3857e-06
2026-03-01 10:01:55 INFO Epoch 10 | Step 1160/5125 | Loss 0.2850 | LR 5.3890e-06
2026-03-01 10:02:47 INFO Epoch 10 | Step 1180/5125 | Loss 0.2856 | LR 5.3922e-06
2026-03-01 10:03:38 INFO Epoch 10 | Step 1200/5125 | Loss 0.2852 | LR 5.3955e-06
2026-03-01 10:04:30 INFO Epoch 10 | Step 1220/5125 | Loss 0.2851 | LR 5.3988e-06
2026-03-01 10:05:21 INFO Epoch 10 | Step 1240/5125 | Loss 0.2857 | LR 5.4020e-06
2026-03-01 10:06:13 INFO Epoch 10 | Step 1260/5125 | Loss 0.2860 | LR 5.4053e-06
2026-03-01 10:07:05 INFO Epoch 10 | Step 1280/5125 | Loss 0.2853 | LR 5.4086e-06
2026-03-01 10:07:56 INFO Epoch 10 | Step 1300/5125 | Loss 0.2860 | LR 5.4118e-06
2026-03-01 10:08:48 INFO Epoch 10 | Step 1320/5125 | Loss 0.2864 | LR 5.4151e-06
2026-03-01 10:09:40 INFO Epoch 10 | Step 1340/5125 | Loss 0.2862 | LR 5.4184e-06
2026-03-01 10:10:31 INFO Epoch 10 | Step 1360/5125 | Loss 0.2858 | LR 5.4216e-06
2026-03-01 10:11:23 INFO Epoch 10 | Step 1380/5125 | Loss 0.2852 | LR 5.4249e-06
2026-03-01 10:12:14 INFO Epoch 10 | Step 1400/5125 | Loss 0.2847 | LR 5.4282e-06
2026-03-01 10:13:06 INFO Epoch 10 | Step 1420/5125 | Loss 0.2851 | LR 5.4314e-06
2026-03-01 10:13:58 INFO Epoch 10 | Step 1440/5125 | Loss 0.2851 | LR 5.4347e-06
2026-03-01 10:14:50 INFO Epoch 10 | Step 1460/5125 | Loss 0.2851 | LR 5.4380e-06
2026-03-01 10:15:41 INFO Epoch 10 | Step 1480/5125 | Loss 0.2851 | LR 5.4412e-06
2026-03-01 10:16:32 INFO Epoch 10 | Step 1500/5125 | Loss 0.2844 | LR 5.4445e-06
2026-03-01 10:17:23 INFO Epoch 10 | Step 1520/5125 | Loss 0.2845 | LR 5.4478e-06
2026-03-01 10:18:14 INFO Epoch 10 | Step 1540/5125 | Loss 0.2841 | LR 5.4510e-06
2026-03-01 10:19:05 INFO Epoch 10 | Step 1560/5125 | Loss 0.2843 | LR 5.4543e-06
2026-03-01 10:19:56 INFO Epoch 10 | Step 1580/5125 | Loss 0.2844 | LR 5.4575e-06
2026-03-01 10:20:47 INFO Epoch 10 | Step 1600/5125 | Loss 0.2843 | LR 5.4608e-06
2026-03-01 10:21:38 INFO Epoch 10 | Step 1620/5125 | Loss 0.2840 | LR 5.4641e-06
2026-03-01 10:22:29 INFO Epoch 10 | Step 1640/5125 | Loss 0.2839 | LR 5.4673e-06
2026-03-01 10:23:19 INFO Epoch 10 | Step 1660/5125 | Loss 0.2836 | LR 5.4706e-06
2026-03-01 10:24:11 INFO Epoch 10 | Step 1680/5125 | Loss 0.2831 | LR 5.4739e-06
2026-03-01 10:25:02 INFO Epoch 10 | Step 1700/5125 | Loss 0.2823 | LR 5.4771e-06
2026-03-01 10:25:53 INFO Epoch 10 | Step 1720/5125 | Loss 0.2826 | LR 5.4804e-06
2026-03-01 10:26:44 INFO Epoch 10 | Step 1740/5125 | Loss 0.2825 | LR 5.4837e-06
2026-03-01 10:27:34 INFO Epoch 10 | Step 1760/5125 | Loss 0.2828 | LR 5.4869e-06
2026-03-01 10:28:25 INFO Epoch 10 | Step 1780/5125 | Loss 0.2827 | LR 5.4902e-06
2026-03-01 10:29:16 INFO Epoch 10 | Step 1800/5125 | Loss 0.2825 | LR 5.4934e-06
2026-03-01 10:30:07 INFO Epoch 10 | Step 1820/5125 | Loss 0.2825 | LR 5.4967e-06
2026-03-01 10:30:58 INFO Epoch 10 | Step 1840/5125 | Loss 0.2819 | LR 5.5000e-06
2026-03-01 10:31:49 INFO Epoch 10 | Step 1860/5125 | Loss 0.2816 | LR 5.5032e-06
2026-03-01 10:32:40 INFO Epoch 10 | Step 1880/5125 | Loss 0.2817 | LR 5.5065e-06
2026-03-01 10:33:31 INFO Epoch 10 | Step 1900/5125 | Loss 0.2815 | LR 5.5098e-06
2026-03-01 10:34:22 INFO Epoch 10 | Step 1920/5125 | Loss 0.2813 | LR 5.5130e-06
2026-03-01 10:35:13 INFO Epoch 10 | Step 1940/5125 | Loss 0.2813 | LR 5.5163e-06
2026-03-01 10:36:04 INFO Epoch 10 | Step 1960/5125 | Loss 0.2810 | LR 5.5195e-06
2026-03-01 10:36:55 INFO Epoch 10 | Step 1980/5125 | Loss 0.2804 | LR 5.5228e-06
2026-03-01 10:37:46 INFO Epoch 10 | Step 2000/5125 | Loss 0.2801 | LR 5.5261e-06
2026-03-01 10:38:37 INFO Epoch 10 | Step 2020/5125 | Loss 0.2802 | LR 5.5293e-06
2026-03-01 10:39:28 INFO Epoch 10 | Step 2040/5125 | Loss 0.2804 | LR 5.5326e-06
2026-03-01 10:40:19 INFO Epoch 10 | Step 2060/5125 | Loss 0.2803 | LR 5.5359e-06
2026-03-01 10:41:10 INFO Epoch 10 | Step 2080/5125 | Loss 0.2802 | LR 5.5391e-06
2026-03-01 10:42:01 INFO Epoch 10 | Step 2100/5125 | Loss 0.2798 | LR 5.5424e-06
2026-03-01 10:42:51 INFO Epoch 10 | Step 2120/5125 | Loss 0.2796 | LR 5.5456e-06
2026-03-01 10:43:42 INFO Epoch 10 | Step 2140/5125 | Loss 0.2795 | LR 5.5489e-06
2026-03-01 10:44:33 INFO Epoch 10 | Step 2160/5125 | Loss 0.2792 | LR 5.5522e-06
2026-03-01 10:45:24 INFO Epoch 10 | Step 2180/5125 | Loss 0.2794 | LR 5.5554e-06
2026-03-01 10:46:14 INFO Epoch 10 | Step 2200/5125 | Loss 0.2794 | LR 5.5587e-06
2026-03-01 10:47:05 INFO Epoch 10 | Step 2220/5125 | Loss 0.2790 | LR 5.5619e-06
2026-03-01 10:47:56 INFO Epoch 10 | Step 2240/5125 | Loss 0.2790 | LR 5.5652e-06
2026-03-01 10:48:47 INFO Epoch 10 | Step 2260/5125 | Loss 0.2786 | LR 5.5685e-06
2026-03-01 10:49:38 INFO Epoch 10 | Step 2280/5125 | Loss 0.2782 | LR 5.5717e-06
2026-03-01 10:50:29 INFO Epoch 10 | Step 2300/5125 | Loss 0.2783 | LR 5.5750e-06
2026-03-01 10:51:20 INFO Epoch 10 | Step 2320/5125 | Loss 0.2784 | LR 5.5782e-06
2026-03-01 10:52:11 INFO Epoch 10 | Step 2340/5125 | Loss 0.2783 | LR 5.5815e-06
2026-03-01 10:53:02 INFO Epoch 10 | Step 2360/5125 | Loss 0.2783 | LR 5.5847e-06
2026-03-01 10:53:53 INFO Epoch 10 | Step 2380/5125 | Loss 0.2783 | LR 5.5880e-06
2026-03-01 10:54:44 INFO Epoch 10 | Step 2400/5125 | Loss 0.2783 | LR 5.5913e-06
2026-03-01 10:55:35 INFO Epoch 10 | Step 2420/5125 | Loss 0.2784 | LR 5.5945e-06
2026-03-01 10:56:26 INFO Epoch 10 | Step 2440/5125 | Loss 0.2783 | LR 5.5978e-06
2026-03-01 10:57:17 INFO Epoch 10 | Step 2460/5125 | Loss 0.2786 | LR 5.6010e-06
2026-03-01 10:58:08 INFO Epoch 10 | Step 2480/5125 | Loss 0.2786 | LR 5.6043e-06
2026-03-01 10:58:58 INFO Epoch 10 | Step 2500/5125 | Loss 0.2787 | LR 5.6076e-06
2026-03-01 10:59:49 INFO Epoch 10 | Step 2520/5125 | Loss 0.2787 | LR 5.6108e-06
2026-03-01 11:00:40 INFO Epoch 10 | Step 2540/5125 | Loss 0.2789 | LR 5.6141e-06
2026-03-01 11:01:31 INFO Epoch 10 | Step 2560/5125 | Loss 0.2788 | LR 5.6173e-06
2026-03-01 11:02:22 INFO Epoch 10 | Step 2580/5125 | Loss 0.2789 | LR 5.6206e-06
2026-03-01 11:03:13 INFO Epoch 10 | Step 2600/5125 | Loss 0.2790 | LR 5.6238e-06
2026-03-01 11:04:04 INFO Epoch 10 | Step 2620/5125 | Loss 0.2790 | LR 5.6271e-06
2026-03-01 11:04:55 INFO Epoch 10 | Step 2640/5125 | Loss 0.2791 | LR 5.6303e-06
2026-03-01 11:05:46 INFO Epoch 10 | Step 2660/5125 | Loss 0.2785 | LR 5.6336e-06
2026-03-01 11:06:37 INFO Epoch 10 | Step 2680/5125 | Loss 0.2785 | LR 5.6369e-06
2026-03-01 11:07:28 INFO Epoch 10 | Step 2700/5125 | Loss 0.2785 | LR 5.6401e-06
2026-03-01 11:08:19 INFO Epoch 10 | Step 2720/5125 | Loss 0.2784 | LR 5.6434e-06
2026-03-01 11:09:10 INFO Epoch 10 | Step 2740/5125 | Loss 0.2787 | LR 5.6466e-06
2026-03-01 11:10:01 INFO Epoch 10 | Step 2760/5125 | Loss 0.2790 | LR 5.6499e-06
2026-03-01 11:10:52 INFO Epoch 10 | Step 2780/5125 | Loss 0.2785 | LR 5.6531e-06
2026-03-01 11:11:43 INFO Epoch 10 | Step 2800/5125 | Loss 0.2783 | LR 5.6564e-06
2026-03-01 11:12:34 INFO Epoch 10 | Step 2820/5125 | Loss 0.2780 | LR 5.6596e-06
2026-03-01 11:13:24 INFO Epoch 10 | Step 2840/5125 | Loss 0.2780 | LR 5.6629e-06
2026-03-01 11:14:15 INFO Epoch 10 | Step 2860/5125 | Loss 0.2783 | LR 5.6661e-06
2026-03-01 11:15:06 INFO Epoch 10 | Step 2880/5125 | Loss 0.2782 | LR 5.6694e-06
2026-03-01 11:15:57 INFO Epoch 10 | Step 2900/5125 | Loss 0.2782 | LR 5.6727e-06
2026-03-01 11:16:48 INFO Epoch 10 | Step 2920/5125 | Loss 0.2782 | LR 5.6759e-06
2026-03-01 11:17:38 INFO Epoch 10 | Step 2940/5125 | Loss 0.2783 | LR 5.6792e-06
2026-03-01 11:18:29 INFO Epoch 10 | Step 2960/5125 | Loss 0.2787 | LR 5.6824e-06
2026-03-01 11:19:20 INFO Epoch 10 | Step 2980/5125 | Loss 0.2788 | LR 5.6857e-06
2026-03-01 11:20:10 INFO Epoch 10 | Step 3000/5125 | Loss 0.2788 | LR 5.6889e-06
2026-03-01 11:21:01 INFO Epoch 10 | Step 3020/5125 | Loss 0.2784 | LR 5.6922e-06
2026-03-01 11:21:51 INFO Epoch 10 | Step 3040/5125 | Loss 0.2782 | LR 5.6954e-06
2026-03-01 11:22:42 INFO Epoch 10 | Step 3060/5125 | Loss 0.2784 | LR 5.6987e-06
2026-03-01 11:23:33 INFO Epoch 10 | Step 3080/5125 | Loss 0.2781 | LR 5.7019e-06
2026-03-01 11:24:24 INFO Epoch 10 | Step 3100/5125 | Loss 0.2781 | LR 5.7052e-06
2026-03-01 11:25:15 INFO Epoch 10 | Step 3120/5125 | Loss 0.2780 | LR 5.7084e-06
2026-03-01 11:26:05 INFO Epoch 10 | Step 3140/5125 | Loss 0.2779 | LR 5.7117e-06
2026-03-01 11:26:56 INFO Epoch 10 | Step 3160/5125 | Loss 0.2779 | LR 5.7149e-06
2026-03-01 11:27:47 INFO Epoch 10 | Step 3180/5125 | Loss 0.2780 | LR 5.7182e-06
2026-03-01 11:28:37 INFO Epoch 10 | Step 3200/5125 | Loss 0.2779 | LR 5.7214e-06
2026-03-01 11:29:28 INFO Epoch 10 | Step 3220/5125 | Loss 0.2779 | LR 5.7247e-06
2026-03-01 11:30:19 INFO Epoch 10 | Step 3240/5125 | Loss 0.2776 | LR 5.7279e-06
2026-03-01 11:31:09 INFO Epoch 10 | Step 3260/5125 | Loss 0.2776 | LR 5.7312e-06
2026-03-01 11:32:00 INFO Epoch 10 | Step 3280/5125 | Loss 0.2776 | LR 5.7344e-06
2026-03-01 11:32:51 INFO Epoch 10 | Step 3300/5125 | Loss 0.2778 | LR 5.7377e-06
2026-03-01 11:33:42 INFO Epoch 10 | Step 3320/5125 | Loss 0.2775 | LR 5.7409e-06
2026-03-01 11:34:32 INFO Epoch 10 | Step 3340/5125 | Loss 0.2776 | LR 5.7442e-06
2026-03-01 11:35:23 INFO Epoch 10 | Step 3360/5125 | Loss 0.2773 | LR 5.7474e-06
2026-03-01 11:36:13 INFO Epoch 10 | Step 3380/5125 | Loss 0.2774 | LR 5.7507e-06
2026-03-01 11:37:04 INFO Epoch 10 | Step 3400/5125 | Loss 0.2772 | LR 5.7539e-06
2026-03-01 11:37:55 INFO Epoch 10 | Step 3420/5125 | Loss 0.2772 | LR 5.7572e-06
2026-03-01 11:38:46 INFO Epoch 10 | Step 3440/5125 | Loss 0.2773 | LR 5.7604e-06
2026-03-01 11:39:36 INFO Epoch 10 | Step 3460/5125 | Loss 0.2772 | LR 5.7636e-06
2026-03-01 11:40:27 INFO Epoch 10 | Step 3480/5125 | Loss 0.2775 | LR 5.7669e-06
2026-03-01 11:41:18 INFO Epoch 10 | Step 3500/5125 | Loss 0.2774 | LR 5.7701e-06
2026-03-01 11:42:08 INFO Epoch 10 | Step 3520/5125 | Loss 0.2773 | LR 5.7734e-06
2026-03-01 11:42:59 INFO Epoch 10 | Step 3540/5125 | Loss 0.2775 | LR 5.7766e-06
2026-03-01 11:43:50 INFO Epoch 10 | Step 3560/5125 | Loss 0.2771 | LR 5.7799e-06
2026-03-01 11:44:40 INFO Epoch 10 | Step 3580/5125 | Loss 0.2770 | LR 5.7831e-06
2026-03-01 11:45:31 INFO Epoch 10 | Step 3600/5125 | Loss 0.2769 | LR 5.7864e-06
2026-03-01 11:46:21 INFO Epoch 10 | Step 3620/5125 | Loss 0.2769 | LR 5.7896e-06
2026-03-01 11:47:12 INFO Epoch 10 | Step 3640/5125 | Loss 0.2770 | LR 5.7929e-06
2026-03-01 11:48:03 INFO Epoch 10 | Step 3660/5125 | Loss 0.2766 | LR 5.7961e-06
2026-03-01 11:48:53 INFO Epoch 10 | Step 3680/5125 | Loss 0.2764 | LR 5.7993e-06
2026-03-01 11:49:44 INFO Epoch 10 | Step 3700/5125 | Loss 0.2762 | LR 5.8026e-06
2026-03-01 11:50:35 INFO Epoch 10 | Step 3720/5125 | Loss 0.2761 | LR 5.8058e-06
2026-03-01 11:51:25 INFO Epoch 10 | Step 3740/5125 | Loss 0.2760 | LR 5.8091e-06
2026-03-01 11:52:16 INFO Epoch 10 | Step 3760/5125 | Loss 0.2761 | LR 5.8123e-06
2026-03-01 11:53:07 INFO Epoch 10 | Step 3780/5125 | Loss 0.2763 | LR 5.8156e-06
2026-03-01 11:53:58 INFO Epoch 10 | Step 3800/5125 | Loss 0.2762 | LR 5.8188e-06
2026-03-01 11:54:48 INFO Epoch 10 | Step 3820/5125 | Loss 0.2761 | LR 5.8220e-06
2026-03-01 11:55:39 INFO Epoch 10 | Step 3840/5125 | Loss 0.2761 | LR 5.8253e-06
2026-03-01 11:56:30 INFO Epoch 10 | Step 3860/5125 | Loss 0.2761 | LR 5.8285e-06
2026-03-01 11:57:21 INFO Epoch 10 | Step 3880/5125 | Loss 0.2760 | LR 5.8318e-06
2026-03-01 11:58:11 INFO Epoch 10 | Step 3900/5125 | Loss 0.2761 | LR 5.8350e-06
2026-03-01 11:59:02 INFO Epoch 10 | Step 3920/5125 | Loss 0.2759 | LR 5.8382e-06
2026-03-01 11:59:53 INFO Epoch 10 | Step 3940/5125 | Loss 0.2759 | LR 5.8415e-06
2026-03-01 12:00:44 INFO Epoch 10 | Step 3960/5125 | Loss 0.2758 | LR 5.8447e-06
2026-03-01 12:01:35 INFO Epoch 10 | Step 3980/5125 | Loss 0.2757 | LR 5.8480e-06
2026-03-01 12:02:26 INFO Epoch 10 | Step 4000/5125 | Loss 0.2755 | LR 5.8512e-06
2026-03-01 12:03:17 INFO Epoch 10 | Step 4020/5125 | Loss 0.2755 | LR 5.8544e-06
2026-03-01 12:04:07 INFO Epoch 10 | Step 4040/5125 | Loss 0.2755 | LR 5.8577e-06
2026-03-01 12:04:58 INFO Epoch 10 | Step 4060/5125 | Loss 0.2753 | LR 5.8609e-06
2026-03-01 12:05:49 INFO Epoch 10 | Step 4080/5125 | Loss 0.2753 | LR 5.8641e-06
2026-03-01 12:06:41 INFO Epoch 10 | Step 4100/5125 | Loss 0.2753 | LR 5.8674e-06
2026-03-01 12:07:32 INFO Epoch 10 | Step 4120/5125 | Loss 0.2755 | LR 5.8706e-06
2026-03-01 12:08:22 INFO Epoch 10 | Step 4140/5125 | Loss 0.2756 | LR 5.8739e-06
2026-03-01 12:09:13 INFO Epoch 10 | Step 4160/5125 | Loss 0.2757 | LR 5.8771e-06
2026-03-01 12:10:04 INFO Epoch 10 | Step 4180/5125 | Loss 0.2755 | LR 5.8803e-06
2026-03-01 12:10:55 INFO Epoch 10 | Step 4200/5125 | Loss 0.2753 | LR 5.8836e-06
2026-03-01 12:11:46 INFO Epoch 10 | Step 4220/5125 | Loss 0.2753 | LR 5.8868e-06
2026-03-01 12:12:37 INFO Epoch 10 | Step 4240/5125 | Loss 0.2755 | LR 5.8900e-06
2026-03-01 12:13:28 INFO Epoch 10 | Step 4260/5125 | Loss 0.2754 | LR 5.8933e-06
2026-03-01 12:14:19 INFO Epoch 10 | Step 4280/5125 | Loss 0.2754 | LR 5.8965e-06
2026-03-01 12:15:10 INFO Epoch 10 | Step 4300/5125 | Loss 0.2755 | LR 5.8997e-06
2026-03-01 12:16:01 INFO Epoch 10 | Step 4320/5125 | Loss 0.2753 | LR 5.9030e-06
2026-03-01 12:16:52 INFO Epoch 10 | Step 4340/5125 | Loss 0.2754 | LR 5.9062e-06
2026-03-01 12:17:43 INFO Epoch 10 | Step 4360/5125 | Loss 0.2757 | LR 5.9094e-06
2026-03-01 12:18:34 INFO Epoch 10 | Step 4380/5125 | Loss 0.2757 | LR 5.9127e-06
2026-03-01 12:19:25 INFO Epoch 10 | Step 4400/5125 | Loss 0.2757 | LR 5.9159e-06
2026-03-01 12:20:16 INFO Epoch 10 | Step 4420/5125 | Loss 0.2758 | LR 5.9191e-06
2026-03-01 12:21:07 INFO Epoch 10 | Step 4440/5125 | Loss 0.2758 | LR 5.9224e-06
2026-03-01 12:21:58 INFO Epoch 10 | Step 4460/5125 | Loss 0.2758 | LR 5.9256e-06
2026-03-01 12:22:48 INFO Epoch 10 | Step 4480/5125 | Loss 0.2758 | LR 5.9288e-06
2026-03-01 12:23:39 INFO Epoch 10 | Step 4500/5125 | Loss 0.2759 | LR 5.9321e-06
2026-03-01 12:24:30 INFO Epoch 10 | Step 4520/5125 | Loss 0.2760 | LR 5.9353e-06
2026-03-01 12:25:21 INFO Epoch 10 | Step 4540/5125 | Loss 0.2760 | LR 5.9385e-06
2026-03-01 12:26:12 INFO Epoch 10 | Step 4560/5125 | Loss 0.2762 | LR 5.9418e-06
2026-03-01 12:27:03 INFO Epoch 10 | Step 4580/5125 | Loss 0.2761 | LR 5.9450e-06
2026-03-01 12:27:54 INFO Epoch 10 | Step 4600/5125 | Loss 0.2760 | LR 5.9482e-06
2026-03-01 12:28:45 INFO Epoch 10 | Step 4620/5125 | Loss 0.2758 | LR 5.9514e-06
2026-03-01 12:29:35 INFO Epoch 10 | Step 4640/5125 | Loss 0.2757 | LR 5.9547e-06
2026-03-01 12:30:26 INFO Epoch 10 | Step 4660/5125 | Loss 0.2755 | LR 5.9579e-06
2026-03-01 12:31:17 INFO Epoch 10 | Step 4680/5125 | Loss 0.2755 | LR 5.9611e-06
2026-03-01 12:32:08 INFO Epoch 10 | Step 4700/5125 | Loss 0.2754 | LR 5.9644e-06
2026-03-01 12:32:58 INFO Epoch 10 | Step 4720/5125 | Loss 0.2752 | LR 5.9676e-06
2026-03-01 12:33:49 INFO Epoch 10 | Step 4740/5125 | Loss 0.2753 | LR 5.9708e-06
2026-03-01 12:34:40 INFO Epoch 10 | Step 4760/5125 | Loss 0.2754 | LR 5.9740e-06
2026-03-01 12:35:30 INFO Epoch 10 | Step 4780/5125 | Loss 0.2751 | LR 5.9773e-06
2026-03-01 12:36:21 INFO Epoch 10 | Step 4800/5125 | Loss 0.2749 | LR 5.9805e-06
2026-03-01 12:37:12 INFO Epoch 10 | Step 4820/5125 | Loss 0.2751 | LR 5.9837e-06
2026-03-01 12:38:02 INFO Epoch 10 | Step 4840/5125 | Loss 0.2750 | LR 5.9869e-06
2026-03-01 12:38:53 INFO Epoch 10 | Step 4860/5125 | Loss 0.2750 | LR 5.9902e-06
2026-03-01 12:39:43 INFO Epoch 10 | Step 4880/5125 | Loss 0.2751 | LR 5.9934e-06
2026-03-01 12:40:34 INFO Epoch 10 | Step 4900/5125 | Loss 0.2750 | LR 5.9966e-06
2026-03-01 12:41:25 INFO Epoch 10 | Step 4920/5125 | Loss 0.2750 | LR 5.9998e-06
2026-03-01 12:42:15 INFO Epoch 10 | Step 4940/5125 | Loss 0.2752 | LR 6.0031e-06
2026-03-01 12:43:06 INFO Epoch 10 | Step 4960/5125 | Loss 0.2748 | LR 6.0063e-06
2026-03-01 12:43:56 INFO Epoch 10 | Step 4980/5125 | Loss 0.2750 | LR 6.0095e-06
2026-03-01 12:44:47 INFO Epoch 10 | Step 5000/5125 | Loss 0.2749 | LR 6.0127e-06
2026-03-01 12:45:37 INFO Epoch 10 | Step 5020/5125 | Loss 0.2747 | LR 6.0159e-06
2026-03-01 12:46:28 INFO Epoch 10 | Step 5040/5125 | Loss 0.2746 | LR 6.0192e-06
2026-03-01 12:47:19 INFO Epoch 10 | Step 5060/5125 | Loss 0.2746 | LR 6.0224e-06
2026-03-01 12:48:09 INFO Epoch 10 | Step 5080/5125 | Loss 0.2745 | LR 6.0256e-06
2026-03-01 12:49:00 INFO Epoch 10 | Step 5100/5125 | Loss 0.2744 | LR 6.0288e-06
2026-03-01 12:49:50 INFO Epoch 10 | Step 5120/5125 | Loss 0.2742 | LR 6.0320e-06
2026-03-01 12:50:03 INFO Epoch 10 | Step 5125/5125 | Loss 0.2742 | LR 6.0328e-06
2026-03-01 13:37:51 INFO CSV Written | Epoch: 10
2026-03-01 13:37:51 INFO Best Saved | Epoch: 10 | Monitor: val_auprc | Value: 0.8161
2026-03-01 13:37:51 INFO Epoch Done | Epoch: 10 | Time: 15971.8714 | Train Loss: 0.2742 | Val Accuracy: 0.9897 | Val AUPRC: 0.8161 | Val Auroc: 0.9844 | Val F1: 0.7562 | Val Loss: 0.2718
2026-03-01 13:37:51 INFO Epoch Start | Epoch: 11
2026-03-01 13:38:03 INFO Epoch 11 | Step 1/5125 | Loss 0.1032 | LR 6.0330e-06
2026-03-01 13:38:52 INFO Epoch 11 | Step 20/5125 | Loss 0.2469 | LR 6.0361e-06
2026-03-01 13:39:43 INFO Epoch 11 | Step 40/5125 | Loss 0.2752 | LR 6.0393e-06
2026-03-01 13:40:34 INFO Epoch 11 | Step 60/5125 | Loss 0.2612 | LR 6.0425e-06
2026-03-01 13:41:24 INFO Epoch 11 | Step 80/5125 | Loss 0.2696 | LR 6.0457e-06
2026-03-01 13:42:15 INFO Epoch 11 | Step 100/5125 | Loss 0.2732 | LR 6.0489e-06
2026-03-01 13:43:07 INFO Epoch 11 | Step 120/5125 | Loss 0.2668 | LR 6.0522e-06
2026-03-01 13:43:58 INFO Epoch 11 | Step 140/5125 | Loss 0.2643 | LR 6.0554e-06
2026-03-01 13:44:50 INFO Epoch 11 | Step 160/5125 | Loss 0.2628 | LR 6.0586e-06
2026-03-01 13:45:42 INFO Epoch 11 | Step 180/5125 | Loss 0.2632 | LR 6.0618e-06
2026-03-01 13:46:33 INFO Epoch 11 | Step 200/5125 | Loss 0.2641 | LR 6.0650e-06
2026-03-01 13:47:25 INFO Epoch 11 | Step 220/5125 | Loss 0.2608 | LR 6.0682e-06
2026-03-01 13:48:16 INFO Epoch 11 | Step 240/5125 | Loss 0.2607 | LR 6.0715e-06
2026-03-01 13:49:08 INFO Epoch 11 | Step 260/5125 | Loss 0.2620 | LR 6.0747e-06
2026-03-01 13:49:59 INFO Epoch 11 | Step 280/5125 | Loss 0.2636 | LR 6.0779e-06
2026-03-01 13:50:50 INFO Epoch 11 | Step 300/5125 | Loss 0.2615 | LR 6.0811e-06
2026-03-01 13:51:41 INFO Epoch 11 | Step 320/5125 | Loss 0.2607 | LR 6.0843e-06
2026-03-01 13:52:32 INFO Epoch 11 | Step 340/5125 | Loss 0.2608 | LR 6.0875e-06
2026-03-01 13:53:23 INFO Epoch 11 | Step 360/5125 | Loss 0.2583 | LR 6.0907e-06
2026-03-01 13:54:14 INFO Epoch 11 | Step 380/5125 | Loss 0.2573 | LR 6.0939e-06
2026-03-01 13:55:06 INFO Epoch 11 | Step 400/5125 | Loss 0.2585 | LR 6.0972e-06
2026-03-01 13:55:57 INFO Epoch 11 | Step 420/5125 | Loss 0.2583 | LR 6.1004e-06
2026-03-01 13:56:48 INFO Epoch 11 | Step 440/5125 | Loss 0.2598 | LR 6.1036e-06
2026-03-01 13:57:39 INFO Epoch 11 | Step 460/5125 | Loss 0.2590 | LR 6.1068e-06
2026-03-01 13:58:31 INFO Epoch 11 | Step 480/5125 | Loss 0.2589 | LR 6.1100e-06
2026-03-01 13:59:22 INFO Epoch 11 | Step 500/5125 | Loss 0.2597 | LR 6.1132e-06
2026-03-01 14:00:13 INFO Epoch 11 | Step 520/5125 | Loss 0.2607 | LR 6.1164e-06
2026-03-01 14:01:05 INFO Epoch 11 | Step 540/5125 | Loss 0.2605 | LR 6.1196e-06
2026-03-01 14:01:56 INFO Epoch 11 | Step 560/5125 | Loss 0.2597 | LR 6.1228e-06
2026-03-01 14:02:47 INFO Epoch 11 | Step 580/5125 | Loss 0.2590 | LR 6.1260e-06
2026-03-01 14:03:38 INFO Epoch 11 | Step 600/5125 | Loss 0.2578 | LR 6.1292e-06
2026-03-01 14:04:29 INFO Epoch 11 | Step 620/5125 | Loss 0.2585 | LR 6.1325e-06
2026-03-01 14:05:20 INFO Epoch 11 | Step 640/5125 | Loss 0.2582 | LR 6.1357e-06
2026-03-01 14:06:12 INFO Epoch 11 | Step 660/5125 | Loss 0.2569 | LR 6.1389e-06
2026-03-01 14:07:03 INFO Epoch 11 | Step 680/5125 | Loss 0.2565 | LR 6.1421e-06
2026-03-01 14:07:54 INFO Epoch 11 | Step 700/5125 | Loss 0.2556 | LR 6.1453e-06
2026-03-01 14:08:46 INFO Epoch 11 | Step 720/5125 | Loss 0.2553 | LR 6.1485e-06
2026-03-01 14:09:37 INFO Epoch 11 | Step 740/5125 | Loss 0.2570 | LR 6.1517e-06
2026-03-01 14:10:28 INFO Epoch 11 | Step 760/5125 | Loss 0.2570 | LR 6.1549e-06
2026-03-01 14:11:19 INFO Epoch 11 | Step 780/5125 | Loss 0.2576 | LR 6.1581e-06
2026-03-01 14:12:10 INFO Epoch 11 | Step 800/5125 | Loss 0.2574 | LR 6.1613e-06
2026-03-01 14:13:02 INFO Epoch 11 | Step 820/5125 | Loss 0.2580 | LR 6.1645e-06
2026-03-01 14:13:53 INFO Epoch 11 | Step 840/5125 | Loss 0.2592 | LR 6.1677e-06
2026-03-01 14:14:44 INFO Epoch 11 | Step 860/5125 | Loss 0.2592 | LR 6.1709e-06
2026-03-01 14:15:35 INFO Epoch 11 | Step 880/5125 | Loss 0.2591 | LR 6.1741e-06
2026-03-01 14:16:27 INFO Epoch 11 | Step 900/5125 | Loss 0.2593 | LR 6.1773e-06
2026-03-01 14:17:18 INFO Epoch 11 | Step 920/5125 | Loss 0.2591 | LR 6.1805e-06
2026-03-01 14:18:09 INFO Epoch 11 | Step 940/5125 | Loss 0.2583 | LR 6.1837e-06
2026-03-01 14:19:00 INFO Epoch 11 | Step 960/5125 | Loss 0.2584 | LR 6.1869e-06
2026-03-01 14:19:51 INFO Epoch 11 | Step 980/5125 | Loss 0.2575 | LR 6.1901e-06
2026-03-01 14:20:42 INFO Epoch 11 | Step 1000/5125 | Loss 0.2571 | LR 6.1933e-06
2026-03-01 14:21:33 INFO Epoch 11 | Step 1020/5125 | Loss 0.2567 | LR 6.1965e-06
2026-03-01 14:22:25 INFO Epoch 11 | Step 1040/5125 | Loss 0.2567 | LR 6.1997e-06
2026-03-01 14:23:16 INFO Epoch 11 | Step 1060/5125 | Loss 0.2558 | LR 6.2029e-06
2026-03-01 14:24:07 INFO Epoch 11 | Step 1080/5125 | Loss 0.2560 | LR 6.2061e-06
2026-03-01 14:24:58 INFO Epoch 11 | Step 1100/5125 | Loss 0.2552 | LR 6.2093e-06
2026-03-01 14:25:49 INFO Epoch 11 | Step 1120/5125 | Loss 0.2556 | LR 6.2125e-06
2026-03-01 14:26:40 INFO Epoch 11 | Step 1140/5125 | Loss 0.2569 | LR 6.2157e-06
2026-03-01 14:27:32 INFO Epoch 11 | Step 1160/5125 | Loss 0.2584 | LR 6.2189e-06
2026-03-01 14:28:24 INFO Epoch 11 | Step 1180/5125 | Loss 0.2591 | LR 6.2221e-06
2026-03-01 14:29:16 INFO Epoch 11 | Step 1200/5125 | Loss 0.2583 | LR 6.2253e-06
2026-03-01 14:30:08 INFO Epoch 11 | Step 1220/5125 | Loss 0.2581 | LR 6.2285e-06
2026-03-01 14:31:00 INFO Epoch 11 | Step 1240/5125 | Loss 0.2580 | LR 6.2316e-06
2026-03-01 14:31:52 INFO Epoch 11 | Step 1260/5125 | Loss 0.2579 | LR 6.2348e-06
2026-03-01 14:32:44 INFO Epoch 11 | Step 1280/5125 | Loss 0.2588 | LR 6.2380e-06
2026-03-01 14:33:36 INFO Epoch 11 | Step 1300/5125 | Loss 0.2585 | LR 6.2412e-06
2026-03-01 14:34:29 INFO Epoch 11 | Step 1320/5125 | Loss 0.2581 | LR 6.2444e-06
2026-03-01 14:35:21 INFO Epoch 11 | Step 1340/5125 | Loss 0.2583 | LR 6.2476e-06
2026-03-01 14:36:13 INFO Epoch 11 | Step 1360/5125 | Loss 0.2578 | LR 6.2508e-06
2026-03-01 14:37:05 INFO Epoch 11 | Step 1380/5125 | Loss 0.2576 | LR 6.2540e-06
2026-03-01 14:37:57 INFO Epoch 11 | Step 1400/5125 | Loss 0.2578 | LR 6.2572e-06
2026-03-01 14:38:49 INFO Epoch 11 | Step 1420/5125 | Loss 0.2579 | LR 6.2604e-06
2026-03-01 14:39:41 INFO Epoch 11 | Step 1440/5125 | Loss 0.2577 | LR 6.2635e-06
2026-03-01 14:40:34 INFO Epoch 11 | Step 1460/5125 | Loss 0.2576 | LR 6.2667e-06
2026-03-01 14:41:26 INFO Epoch 11 | Step 1480/5125 | Loss 0.2576 | LR 6.2699e-06
2026-03-01 14:42:18 INFO Epoch 11 | Step 1500/5125 | Loss 0.2578 | LR 6.2731e-06
2026-03-01 14:43:10 INFO Epoch 11 | Step 1520/5125 | Loss 0.2584 | LR 6.2763e-06
2026-03-01 14:44:02 INFO Epoch 11 | Step 1540/5125 | Loss 0.2585 | LR 6.2795e-06
2026-03-01 14:44:54 INFO Epoch 11 | Step 1560/5125 | Loss 0.2595 | LR 6.2827e-06
2026-03-01 14:45:46 INFO Epoch 11 | Step 1580/5125 | Loss 0.2585 | LR 6.2858e-06
2026-03-01 14:46:38 INFO Epoch 11 | Step 1600/5125 | Loss 0.2581 | LR 6.2890e-06
2026-03-01 14:47:30 INFO Epoch 11 | Step 1620/5125 | Loss 0.2581 | LR 6.2922e-06
2026-03-01 14:48:22 INFO Epoch 11 | Step 1640/5125 | Loss 0.2578 | LR 6.2954e-06
2026-03-01 14:49:14 INFO Epoch 11 | Step 1660/5125 | Loss 0.2576 | LR 6.2986e-06
2026-03-01 14:50:06 INFO Epoch 11 | Step 1680/5125 | Loss 0.2579 | LR 6.3018e-06
2026-03-01 14:50:58 INFO Epoch 11 | Step 1700/5125 | Loss 0.2585 | LR 6.3049e-06
2026-03-01 14:51:51 INFO Epoch 11 | Step 1720/5125 | Loss 0.2586 | LR 6.3081e-06
2026-03-01 14:52:43 INFO Epoch 11 | Step 1740/5125 | Loss 0.2584 | LR 6.3113e-06
2026-03-01 14:53:35 INFO Epoch 11 | Step 1760/5125 | Loss 0.2582 | LR 6.3145e-06
2026-03-01 14:54:27 INFO Epoch 11 | Step 1780/5125 | Loss 0.2585 | LR 6.3177e-06
2026-03-01 14:55:19 INFO Epoch 11 | Step 1800/5125 | Loss 0.2583 | LR 6.3208e-06
2026-03-01 14:56:11 INFO Epoch 11 | Step 1820/5125 | Loss 0.2589 | LR 6.3240e-06
2026-03-01 14:57:03 INFO Epoch 11 | Step 1840/5125 | Loss 0.2590 | LR 6.3272e-06
2026-03-01 14:57:55 INFO Epoch 11 | Step 1860/5125 | Loss 0.2592 | LR 6.3304e-06
2026-03-01 14:58:47 INFO Epoch 11 | Step 1880/5125 | Loss 0.2589 | LR 6.3336e-06
2026-03-01 14:59:39 INFO Epoch 11 | Step 1900/5125 | Loss 0.2592 | LR 6.3367e-06
2026-03-01 15:00:31 INFO Epoch 11 | Step 1920/5125 | Loss 0.2592 | LR 6.3399e-06
2026-03-01 15:01:23 INFO Epoch 11 | Step 1940/5125 | Loss 0.2591 | LR 6.3431e-06
2026-03-01 15:02:15 INFO Epoch 11 | Step 1960/5125 | Loss 0.2592 | LR 6.3463e-06
2026-03-01 15:03:07 INFO Epoch 11 | Step 1980/5125 | Loss 0.2592 | LR 6.3494e-06
2026-03-01 15:03:59 INFO Epoch 11 | Step 2000/5125 | Loss 0.2587 | LR 6.3526e-06
2026-03-01 15:04:52 INFO Epoch 11 | Step 2020/5125 | Loss 0.2585 | LR 6.3558e-06
2026-03-01 15:05:44 INFO Epoch 11 | Step 2040/5125 | Loss 0.2584 | LR 6.3589e-06
2026-03-01 15:06:36 INFO Epoch 11 | Step 2060/5125 | Loss 0.2582 | LR 6.3621e-06
2026-03-01 15:07:29 INFO Epoch 11 | Step 2080/5125 | Loss 0.2581 | LR 6.3653e-06
2026-03-01 15:08:21 INFO Epoch 11 | Step 2100/5125 | Loss 0.2586 | LR 6.3685e-06
2026-03-01 15:09:13 INFO Epoch 11 | Step 2120/5125 | Loss 0.2588 | LR 6.3716e-06
2026-03-01 15:10:06 INFO Epoch 11 | Step 2140/5125 | Loss 0.2586 | LR 6.3748e-06
2026-03-01 15:10:58 INFO Epoch 11 | Step 2160/5125 | Loss 0.2585 | LR 6.3780e-06
2026-03-01 15:11:51 INFO Epoch 11 | Step 2180/5125 | Loss 0.2585 | LR 6.3811e-06
2026-03-01 15:12:42 INFO Epoch 11 | Step 2200/5125 | Loss 0.2587 | LR 6.3843e-06
2026-03-01 15:13:33 INFO Epoch 11 | Step 2220/5125 | Loss 0.2588 | LR 6.3875e-06
2026-03-01 15:14:25 INFO Epoch 11 | Step 2240/5125 | Loss 0.2591 | LR 6.3906e-06
2026-03-01 15:15:16 INFO Epoch 11 | Step 2260/5125 | Loss 0.2591 | LR 6.3938e-06
2026-03-01 15:16:07 INFO Epoch 11 | Step 2280/5125 | Loss 0.2589 | LR 6.3970e-06
2026-03-01 15:16:58 INFO Epoch 11 | Step 2300/5125 | Loss 0.2589 | LR 6.4001e-06
2026-03-01 15:17:49 INFO Epoch 11 | Step 2320/5125 | Loss 0.2590 | LR 6.4033e-06
2026-03-01 15:18:40 INFO Epoch 11 | Step 2340/5125 | Loss 0.2593 | LR 6.4065e-06
2026-03-01 15:19:31 INFO Epoch 11 | Step 2360/5125 | Loss 0.2595 | LR 6.4096e-06
2026-03-01 15:20:22 INFO Epoch 11 | Step 2380/5125 | Loss 0.2592 | LR 6.4128e-06
2026-03-01 15:21:13 INFO Epoch 11 | Step 2400/5125 | Loss 0.2590 | LR 6.4160e-06
2026-03-01 15:22:04 INFO Epoch 11 | Step 2420/5125 | Loss 0.2594 | LR 6.4191e-06
2026-03-01 15:22:55 INFO Epoch 11 | Step 2440/5125 | Loss 0.2590 | LR 6.4223e-06
2026-03-01 15:23:46 INFO Epoch 11 | Step 2460/5125 | Loss 0.2589 | LR 6.4254e-06
2026-03-01 15:24:37 INFO Epoch 11 | Step 2480/5125 | Loss 0.2587 | LR 6.4286e-06
2026-03-01 15:25:28 INFO Epoch 11 | Step 2500/5125 | Loss 0.2585 | LR 6.4318e-06
2026-03-01 15:26:19 INFO Epoch 11 | Step 2520/5125 | Loss 0.2583 | LR 6.4349e-06
2026-03-01 15:27:10 INFO Epoch 11 | Step 2540/5125 | Loss 0.2581 | LR 6.4381e-06
2026-03-01 15:28:01 INFO Epoch 11 | Step 2560/5125 | Loss 0.2581 | LR 6.4412e-06
2026-03-01 15:28:52 INFO Epoch 11 | Step 2580/5125 | Loss 0.2578 | LR 6.4444e-06
2026-03-01 15:29:43 INFO Epoch 11 | Step 2600/5125 | Loss 0.2576 | LR 6.4476e-06
2026-03-01 15:30:34 INFO Epoch 11 | Step 2620/5125 | Loss 0.2578 | LR 6.4507e-06
2026-03-01 15:31:25 INFO Epoch 11 | Step 2640/5125 | Loss 0.2579 | LR 6.4539e-06
2026-03-01 15:32:16 INFO Epoch 11 | Step 2660/5125 | Loss 0.2577 | LR 6.4570e-06
2026-03-01 15:33:07 INFO Epoch 11 | Step 2680/5125 | Loss 0.2574 | LR 6.4602e-06
2026-03-01 15:33:58 INFO Epoch 11 | Step 2700/5125 | Loss 0.2575 | LR 6.4633e-06
2026-03-01 15:34:49 INFO Epoch 11 | Step 2720/5125 | Loss 0.2571 | LR 6.4665e-06
2026-03-01 15:35:40 INFO Epoch 11 | Step 2740/5125 | Loss 0.2569 | LR 6.4696e-06
2026-03-01 15:36:30 INFO Epoch 11 | Step 2760/5125 | Loss 0.2572 | LR 6.4728e-06
2026-03-01 15:37:21 INFO Epoch 11 | Step 2780/5125 | Loss 0.2573 | LR 6.4759e-06
2026-03-01 15:38:12 INFO Epoch 11 | Step 2800/5125 | Loss 0.2571 | LR 6.4791e-06
2026-03-01 15:39:03 INFO Epoch 11 | Step 2820/5125 | Loss 0.2570 | LR 6.4822e-06
2026-03-01 15:39:54 INFO Epoch 11 | Step 2840/5125 | Loss 0.2570 | LR 6.4854e-06
2026-03-01 15:40:45 INFO Epoch 11 | Step 2860/5125 | Loss 0.2569 | LR 6.4885e-06
2026-03-01 15:41:36 INFO Epoch 11 | Step 2880/5125 | Loss 0.2571 | LR 6.4917e-06
2026-03-01 15:42:27 INFO Epoch 11 | Step 2900/5125 | Loss 0.2568 | LR 6.4948e-06
2026-03-01 15:43:18 INFO Epoch 11 | Step 2920/5125 | Loss 0.2565 | LR 6.4980e-06
2026-03-01 15:44:09 INFO Epoch 11 | Step 2940/5125 | Loss 0.2565 | LR 6.5011e-06
2026-03-01 15:45:00 INFO Epoch 11 | Step 2960/5125 | Loss 0.2569 | LR 6.5043e-06
2026-03-01 15:45:51 INFO Epoch 11 | Step 2980/5125 | Loss 0.2565 | LR 6.5074e-06
2026-03-01 15:46:42 INFO Epoch 11 | Step 3000/5125 | Loss 0.2566 | LR 6.5106e-06
2026-03-01 15:47:33 INFO Epoch 11 | Step 3020/5125 | Loss 0.2565 | LR 6.5137e-06
2026-03-01 15:48:24 INFO Epoch 11 | Step 3040/5125 | Loss 0.2566 | LR 6.5169e-06
2026-03-01 15:49:15 INFO Epoch 11 | Step 3060/5125 | Loss 0.2568 | LR 6.5200e-06
2026-03-01 15:50:06 INFO Epoch 11 | Step 3080/5125 | Loss 0.2570 | LR 6.5231e-06
2026-03-01 15:50:57 INFO Epoch 11 | Step 3100/5125 | Loss 0.2568 | LR 6.5263e-06
2026-03-01 15:51:48 INFO Epoch 11 | Step 3120/5125 | Loss 0.2568 | LR 6.5294e-06
2026-03-01 15:52:39 INFO Epoch 11 | Step 3140/5125 | Loss 0.2571 | LR 6.5326e-06
2026-03-01 15:53:30 INFO Epoch 11 | Step 3160/5125 | Loss 0.2573 | LR 6.5357e-06
2026-03-01 15:54:21 INFO Epoch 11 | Step 3180/5125 | Loss 0.2576 | LR 6.5388e-06
2026-03-01 15:55:12 INFO Epoch 11 | Step 3200/5125 | Loss 0.2579 | LR 6.5420e-06
2026-03-01 15:56:03 INFO Epoch 11 | Step 3220/5125 | Loss 0.2573 | LR 6.5451e-06
2026-03-01 15:56:53 INFO Epoch 11 | Step 3240/5125 | Loss 0.2575 | LR 6.5483e-06
2026-03-01 15:57:44 INFO Epoch 11 | Step 3260/5125 | Loss 0.2575 | LR 6.5514e-06
2026-03-01 15:58:35 INFO Epoch 11 | Step 3280/5125 | Loss 0.2576 | LR 6.5545e-06
2026-03-01 15:59:26 INFO Epoch 11 | Step 3300/5125 | Loss 0.2574 | LR 6.5577e-06
2026-03-01 16:00:17 INFO Epoch 11 | Step 3320/5125 | Loss 0.2575 | LR 6.5608e-06
2026-03-01 16:01:08 INFO Epoch 11 | Step 3340/5125 | Loss 0.2575 | LR 6.5639e-06
2026-03-01 16:01:59 INFO Epoch 11 | Step 3360/5125 | Loss 0.2576 | LR 6.5671e-06
2026-03-01 16:02:50 INFO Epoch 11 | Step 3380/5125 | Loss 0.2575 | LR 6.5702e-06
2026-03-01 16:03:41 INFO Epoch 11 | Step 3400/5125 | Loss 0.2574 | LR 6.5733e-06
2026-03-01 16:04:32 INFO Epoch 11 | Step 3420/5125 | Loss 0.2575 | LR 6.5765e-06
2026-03-01 16:05:23 INFO Epoch 11 | Step 3440/5125 | Loss 0.2574 | LR 6.5796e-06
2026-03-01 16:06:14 INFO Epoch 11 | Step 3460/5125 | Loss 0.2575 | LR 6.5827e-06
2026-03-01 16:07:05 INFO Epoch 11 | Step 3480/5125 | Loss 0.2575 | LR 6.5859e-06
2026-03-01 16:07:56 INFO Epoch 11 | Step 3500/5125 | Loss 0.2575 | LR 6.5890e-06
2026-03-01 16:08:47 INFO Epoch 11 | Step 3520/5125 | Loss 0.2577 | LR 6.5921e-06
2026-03-01 16:09:38 INFO Epoch 11 | Step 3540/5125 | Loss 0.2578 | LR 6.5952e-06
2026-03-01 16:10:29 INFO Epoch 11 | Step 3560/5125 | Loss 0.2579 | LR 6.5984e-06
2026-03-01 16:11:20 INFO Epoch 11 | Step 3580/5125 | Loss 0.2578 | LR 6.6015e-06
2026-03-01 16:12:11 INFO Epoch 11 | Step 3600/5125 | Loss 0.2578 | LR 6.6046e-06
2026-03-01 16:13:02 INFO Epoch 11 | Step 3620/5125 | Loss 0.2578 | LR 6.6078e-06
2026-03-01 16:13:53 INFO Epoch 11 | Step 3640/5125 | Loss 0.2577 | LR 6.6109e-06
2026-03-01 16:14:44 INFO Epoch 11 | Step 3660/5125 | Loss 0.2578 | LR 6.6140e-06
2026-03-01 16:15:35 INFO Epoch 11 | Step 3680/5125 | Loss 0.2577 | LR 6.6171e-06
2026-03-01 16:16:26 INFO Epoch 11 | Step 3700/5125 | Loss 0.2574 | LR 6.6202e-06
2026-03-01 16:17:17 INFO Epoch 11 | Step 3720/5125 | Loss 0.2575 | LR 6.6234e-06
2026-03-01 16:18:08 INFO Epoch 11 | Step 3740/5125 | Loss 0.2571 | LR 6.6265e-06
2026-03-01 16:18:58 INFO Epoch 11 | Step 3760/5125 | Loss 0.2570 | LR 6.6296e-06
2026-03-01 16:19:49 INFO Epoch 11 | Step 3780/5125 | Loss 0.2571 | LR 6.6327e-06
2026-03-01 16:20:40 INFO Epoch 11 | Step 3800/5125 | Loss 0.2571 | LR 6.6359e-06
2026-03-01 16:21:31 INFO Epoch 11 | Step 3820/5125 | Loss 0.2571 | LR 6.6390e-06
2026-03-01 16:22:21 INFO Epoch 11 | Step 3840/5125 | Loss 0.2572 | LR 6.6421e-06
2026-03-01 16:23:12 INFO Epoch 11 | Step 3860/5125 | Loss 0.2573 | LR 6.6452e-06
2026-03-01 16:24:03 INFO Epoch 11 | Step 3880/5125 | Loss 0.2575 | LR 6.6483e-06
2026-03-01 16:24:54 INFO Epoch 11 | Step 3900/5125 | Loss 0.2575 | LR 6.6514e-06
2026-03-01 16:25:44 INFO Epoch 11 | Step 3920/5125 | Loss 0.2576 | LR 6.6546e-06
2026-03-01 16:26:35 INFO Epoch 11 | Step 3940/5125 | Loss 0.2576 | LR 6.6577e-06
2026-03-01 16:27:26 INFO Epoch 11 | Step 3960/5125 | Loss 0.2574 | LR 6.6608e-06
2026-03-01 16:28:17 INFO Epoch 11 | Step 3980/5125 | Loss 0.2572 | LR 6.6639e-06
2026-03-01 16:29:07 INFO Epoch 11 | Step 4000/5125 | Loss 0.2572 | LR 6.6670e-06
2026-03-01 16:29:58 INFO Epoch 11 | Step 4020/5125 | Loss 0.2573 | LR 6.6701e-06
2026-03-01 16:30:49 INFO Epoch 11 | Step 4040/5125 | Loss 0.2574 | LR 6.6732e-06
2026-03-01 16:31:40 INFO Epoch 11 | Step 4060/5125 | Loss 0.2574 | LR 6.6763e-06
2026-03-01 16:32:31 INFO Epoch 11 | Step 4080/5125 | Loss 0.2576 | LR 6.6795e-06
2026-03-01 16:33:21 INFO Epoch 11 | Step 4100/5125 | Loss 0.2576 | LR 6.6826e-06
2026-03-01 16:34:12 INFO Epoch 11 | Step 4120/5125 | Loss 0.2576 | LR 6.6857e-06
2026-03-01 16:35:03 INFO Epoch 11 | Step 4140/5125 | Loss 0.2577 | LR 6.6888e-06
2026-03-01 16:35:54 INFO Epoch 11 | Step 4160/5125 | Loss 0.2576 | LR 6.6919e-06
2026-03-01 16:36:45 INFO Epoch 11 | Step 4180/5125 | Loss 0.2574 | LR 6.6950e-06
2026-03-01 16:37:36 INFO Epoch 11 | Step 4200/5125 | Loss 0.2574 | LR 6.6981e-06
2026-03-01 16:38:26 INFO Epoch 11 | Step 4220/5125 | Loss 0.2574 | LR 6.7012e-06
2026-03-01 16:39:17 INFO Epoch 11 | Step 4240/5125 | Loss 0.2574 | LR 6.7043e-06
2026-03-01 16:40:08 INFO Epoch 11 | Step 4260/5125 | Loss 0.2573 | LR 6.7074e-06
2026-03-01 16:40:59 INFO Epoch 11 | Step 4280/5125 | Loss 0.2576 | LR 6.7105e-06
2026-03-01 16:41:49 INFO Epoch 11 | Step 4300/5125 | Loss 0.2575 | LR 6.7136e-06
2026-03-01 16:42:40 INFO Epoch 11 | Step 4320/5125 | Loss 0.2577 | LR 6.7167e-06
2026-03-01 16:43:31 INFO Epoch 11 | Step 4340/5125 | Loss 0.2576 | LR 6.7198e-06
2026-03-01 16:44:22 INFO Epoch 11 | Step 4360/5125 | Loss 0.2575 | LR 6.7229e-06
2026-03-01 16:45:13 INFO Epoch 11 | Step 4380/5125 | Loss 0.2574 | LR 6.7260e-06
2026-03-01 16:46:03 INFO Epoch 11 | Step 4400/5125 | Loss 0.2573 | LR 6.7291e-06
2026-03-01 16:46:54 INFO Epoch 11 | Step 4420/5125 | Loss 0.2571 | LR 6.7322e-06
2026-03-01 16:47:45 INFO Epoch 11 | Step 4440/5125 | Loss 0.2573 | LR 6.7353e-06
2026-03-01 16:48:36 INFO Epoch 11 | Step 4460/5125 | Loss 0.2570 | LR 6.7384e-06
2026-03-01 16:49:27 INFO Epoch 11 | Step 4480/5125 | Loss 0.2572 | LR 6.7415e-06
2026-03-01 16:50:17 INFO Epoch 11 | Step 4500/5125 | Loss 0.2573 | LR 6.7446e-06
2026-03-01 16:51:08 INFO Epoch 11 | Step 4520/5125 | Loss 0.2573 | LR 6.7477e-06
2026-03-01 16:51:59 INFO Epoch 11 | Step 4540/5125 | Loss 0.2575 | LR 6.7508e-06
2026-03-01 16:52:50 INFO Epoch 11 | Step 4560/5125 | Loss 0.2575 | LR 6.7539e-06
2026-03-01 16:53:40 INFO Epoch 11 | Step 4580/5125 | Loss 0.2577 | LR 6.7570e-06
2026-03-01 16:54:31 INFO Epoch 11 | Step 4600/5125 | Loss 0.2578 | LR 6.7601e-06
2026-03-01 16:55:22 INFO Epoch 11 | Step 4620/5125 | Loss 0.2576 | LR 6.7632e-06
2026-03-01 16:56:13 INFO Epoch 11 | Step 4640/5125 | Loss 0.2577 | LR 6.7663e-06
2026-03-01 16:57:03 INFO Epoch 11 | Step 4660/5125 | Loss 0.2577 | LR 6.7693e-06
2026-03-01 16:57:54 INFO Epoch 11 | Step 4680/5125 | Loss 0.2576 | LR 6.7724e-06
2026-03-01 16:58:45 INFO Epoch 11 | Step 4700/5125 | Loss 0.2576 | LR 6.7755e-06
2026-03-01 16:59:36 INFO Epoch 11 | Step 4720/5125 | Loss 0.2577 | LR 6.7786e-06
2026-03-01 17:00:26 INFO Epoch 11 | Step 4740/5125 | Loss 0.2578 | LR 6.7817e-06
2026-03-01 17:01:17 INFO Epoch 11 | Step 4760/5125 | Loss 0.2577 | LR 6.7848e-06
2026-03-01 17:02:08 INFO Epoch 11 | Step 4780/5125 | Loss 0.2576 | LR 6.7879e-06
2026-03-01 17:02:59 INFO Epoch 11 | Step 4800/5125 | Loss 0.2572 | LR 6.7910e-06
2026-03-01 17:03:50 INFO Epoch 11 | Step 4820/5125 | Loss 0.2571 | LR 6.7940e-06
2026-03-01 17:04:41 INFO Epoch 11 | Step 4840/5125 | Loss 0.2572 | LR 6.7971e-06
2026-03-01 17:05:31 INFO Epoch 11 | Step 4860/5125 | Loss 0.2572 | LR 6.8002e-06
2026-03-01 17:06:23 INFO Epoch 11 | Step 4880/5125 | Loss 0.2573 | LR 6.8033e-06
2026-03-01 17:07:14 INFO Epoch 11 | Step 4900/5125 | Loss 0.2573 | LR 6.8064e-06
2026-03-01 17:08:06 INFO Epoch 11 | Step 4920/5125 | Loss 0.2573 | LR 6.8094e-06
2026-03-01 17:08:57 INFO Epoch 11 | Step 4940/5125 | Loss 0.2573 | LR 6.8125e-06
2026-03-01 17:09:47 INFO Epoch 11 | Step 4960/5125 | Loss 0.2573 | LR 6.8156e-06
2026-03-01 17:10:38 INFO Epoch 11 | Step 4980/5125 | Loss 0.2572 | LR 6.8187e-06
2026-03-01 17:11:29 INFO Epoch 11 | Step 5000/5125 | Loss 0.2569 | LR 6.8218e-06
2026-03-01 17:12:20 INFO Epoch 11 | Step 5020/5125 | Loss 0.2571 | LR 6.8248e-06
2026-03-01 17:13:11 INFO Epoch 11 | Step 5040/5125 | Loss 0.2572 | LR 6.8279e-06
2026-03-01 17:14:02 INFO Epoch 11 | Step 5060/5125 | Loss 0.2572 | LR 6.8310e-06
2026-03-01 17:14:52 INFO Epoch 11 | Step 5080/5125 | Loss 0.2571 | LR 6.8341e-06
2026-03-01 17:15:43 INFO Epoch 11 | Step 5100/5125 | Loss 0.2570 | LR 6.8371e-06
2026-03-01 17:16:34 INFO Epoch 11 | Step 5120/5125 | Loss 0.2569 | LR 6.8402e-06
2026-03-01 17:16:46 INFO Epoch 11 | Step 5125/5125 | Loss 0.2570 | LR 6.8410e-06
2026-03-01 18:04:37 INFO CSV Written | Epoch: 11
2026-03-01 18:04:37 INFO Best Saved | Epoch: 11 | Monitor: val_auprc | Value: 0.8349
2026-03-01 18:04:37 INFO Epoch Done | Epoch: 11 | Time: 16006.4057 | Train Loss: 0.2570 | Val Accuracy: 0.9908 | Val AUPRC: 0.8349 | Val Auroc: 0.9854 | Val F1: 0.7732 | Val Loss: 0.2755
2026-03-01 18:04:37 INFO Epoch Start | Epoch: 12
2026-03-01 18:04:43 INFO Epoch 12 | Step 1/5125 | Loss 0.2451 | LR 6.8411e-06
2026-03-01 18:05:31 INFO Epoch 12 | Step 20/5125 | Loss 0.2690 | LR 6.8440e-06
2026-03-01 18:06:22 INFO Epoch 12 | Step 40/5125 | Loss 0.2568 | LR 6.8471e-06
2026-03-01 18:07:13 INFO Epoch 12 | Step 60/5125 | Loss 0.2516 | LR 6.8502e-06
2026-03-01 18:08:04 INFO Epoch 12 | Step 80/5125 | Loss 0.2434 | LR 6.8533e-06
2026-03-01 18:08:55 INFO Epoch 12 | Step 100/5125 | Loss 0.2486 | LR 6.8563e-06
2026-03-01 18:09:45 INFO Epoch 12 | Step 120/5125 | Loss 0.2333 | LR 6.8594e-06
2026-03-01 18:10:36 INFO Epoch 12 | Step 140/5125 | Loss 0.2418 | LR 6.8625e-06
2026-03-01 18:11:27 INFO Epoch 12 | Step 160/5125 | Loss 0.2504 | LR 6.8655e-06
2026-03-01 18:12:18 INFO Epoch 12 | Step 180/5125 | Loss 0.2480 | LR 6.8686e-06
2026-03-01 18:13:09 INFO Epoch 12 | Step 200/5125 | Loss 0.2460 | LR 6.8717e-06
2026-03-01 18:14:00 INFO Epoch 12 | Step 220/5125 | Loss 0.2483 | LR 6.8747e-06
2026-03-01 18:14:51 INFO Epoch 12 | Step 240/5125 | Loss 0.2508 | LR 6.8778e-06
2026-03-01 18:15:42 INFO Epoch 12 | Step 260/5125 | Loss 0.2489 | LR 6.8808e-06
2026-03-01 18:16:33 INFO Epoch 12 | Step 280/5125 | Loss 0.2457 | LR 6.8839e-06
2026-03-01 18:17:24 INFO Epoch 12 | Step 300/5125 | Loss 0.2465 | LR 6.8870e-06
2026-03-01 18:18:15 INFO Epoch 12 | Step 320/5125 | Loss 0.2499 | LR 6.8900e-06
2026-03-01 18:19:06 INFO Epoch 12 | Step 340/5125 | Loss 0.2482 | LR 6.8931e-06
2026-03-01 18:19:57 INFO Epoch 12 | Step 360/5125 | Loss 0.2468 | LR 6.8961e-06
2026-03-01 18:20:48 INFO Epoch 12 | Step 380/5125 | Loss 0.2456 | LR 6.8992e-06
2026-03-01 18:21:39 INFO Epoch 12 | Step 400/5125 | Loss 0.2439 | LR 6.9023e-06
2026-03-01 18:22:31 INFO Epoch 12 | Step 420/5125 | Loss 0.2431 | LR 6.9053e-06
2026-03-01 18:23:22 INFO Epoch 12 | Step 440/5125 | Loss 0.2450 | LR 6.9084e-06
2026-03-01 18:24:12 INFO Epoch 12 | Step 460/5125 | Loss 0.2429 | LR 6.9114e-06
2026-03-01 18:25:03 INFO Epoch 12 | Step 480/5125 | Loss 0.2427 | LR 6.9145e-06
2026-03-01 18:25:55 INFO Epoch 12 | Step 500/5125 | Loss 0.2429 | LR 6.9175e-06
2026-03-01 18:26:46 INFO Epoch 12 | Step 520/5125 | Loss 0.2440 | LR 6.9206e-06
2026-03-01 18:27:37 INFO Epoch 12 | Step 540/5125 | Loss 0.2442 | LR 6.9236e-06
2026-03-01 18:28:28 INFO Epoch 12 | Step 560/5125 | Loss 0.2447 | LR 6.9267e-06
2026-03-01 18:29:20 INFO Epoch 12 | Step 580/5125 | Loss 0.2452 | LR 6.9297e-06
2026-03-01 18:30:11 INFO Epoch 12 | Step 600/5125 | Loss 0.2462 | LR 6.9328e-06
2026-03-01 18:31:02 INFO Epoch 12 | Step 620/5125 | Loss 0.2457 | LR 6.9358e-06
2026-03-01 18:31:54 INFO Epoch 12 | Step 640/5125 | Loss 0.2465 | LR 6.9389e-06
2026-03-01 18:32:45 INFO Epoch 12 | Step 660/5125 | Loss 0.2453 | LR 6.9419e-06
2026-03-01 18:33:36 INFO Epoch 12 | Step 680/5125 | Loss 0.2453 | LR 6.9450e-06
2026-03-01 18:34:28 INFO Epoch 12 | Step 700/5125 | Loss 0.2455 | LR 6.9480e-06
2026-03-01 18:35:19 INFO Epoch 12 | Step 720/5125 | Loss 0.2450 | LR 6.9511e-06
2026-03-01 18:36:10 INFO Epoch 12 | Step 740/5125 | Loss 0.2456 | LR 6.9541e-06
2026-03-01 18:37:01 INFO Epoch 12 | Step 760/5125 | Loss 0.2456 | LR 6.9571e-06
2026-03-01 18:37:53 INFO Epoch 12 | Step 780/5125 | Loss 0.2468 | LR 6.9602e-06
2026-03-01 18:38:44 INFO Epoch 12 | Step 800/5125 | Loss 0.2478 | LR 6.9632e-06
2026-03-01 18:39:35 INFO Epoch 12 | Step 820/5125 | Loss 0.2488 | LR 6.9663e-06
2026-03-01 18:40:26 INFO Epoch 12 | Step 840/5125 | Loss 0.2486 | LR 6.9693e-06
2026-03-01 18:41:17 INFO Epoch 12 | Step 860/5125 | Loss 0.2502 | LR 6.9723e-06
2026-03-01 18:42:09 INFO Epoch 12 | Step 880/5125 | Loss 0.2502 | LR 6.9754e-06
2026-03-01 18:43:00 INFO Epoch 12 | Step 900/5125 | Loss 0.2501 | LR 6.9784e-06
2026-03-01 18:43:51 INFO Epoch 12 | Step 920/5125 | Loss 0.2502 | LR 6.9815e-06
2026-03-01 18:44:43 INFO Epoch 12 | Step 940/5125 | Loss 0.2498 | LR 6.9845e-06
2026-03-01 18:45:34 INFO Epoch 12 | Step 960/5125 | Loss 0.2504 | LR 6.9875e-06
2026-03-01 18:46:25 INFO Epoch 12 | Step 980/5125 | Loss 0.2495 | LR 6.9906e-06
2026-03-01 18:47:16 INFO Epoch 12 | Step 1000/5125 | Loss 0.2486 | LR 6.9936e-06
2026-03-01 18:48:07 INFO Epoch 12 | Step 1020/5125 | Loss 0.2498 | LR 6.9966e-06
2026-03-01 18:48:58 INFO Epoch 12 | Step 1040/5125 | Loss 0.2502 | LR 6.9997e-06
2026-03-01 18:49:49 INFO Epoch 12 | Step 1060/5125 | Loss 0.2502 | LR 7.0027e-06
2026-03-01 18:50:40 INFO Epoch 12 | Step 1080/5125 | Loss 0.2498 | LR 7.0057e-06
2026-03-01 18:51:31 INFO Epoch 12 | Step 1100/5125 | Loss 0.2497 | LR 7.0087e-06
2026-03-01 18:52:22 INFO Epoch 12 | Step 1120/5125 | Loss 0.2503 | LR 7.0118e-06
2026-03-01 18:53:13 INFO Epoch 12 | Step 1140/5125 | Loss 0.2502 | LR 7.0148e-06
2026-03-01 18:54:04 INFO Epoch 12 | Step 1160/5125 | Loss 0.2498 | LR 7.0178e-06
2026-03-01 18:54:55 INFO Epoch 12 | Step 1180/5125 | Loss 0.2497 | LR 7.0208e-06
2026-03-01 18:55:46 INFO Epoch 12 | Step 1200/5125 | Loss 0.2495 | LR 7.0239e-06
2026-03-01 18:56:37 INFO Epoch 12 | Step 1220/5125 | Loss 0.2497 | LR 7.0269e-06
2026-03-01 18:57:28 INFO Epoch 12 | Step 1240/5125 | Loss 0.2493 | LR 7.0299e-06
2026-03-01 18:58:19 INFO Epoch 12 | Step 1260/5125 | Loss 0.2496 | LR 7.0329e-06
2026-03-01 18:59:11 INFO Epoch 12 | Step 1280/5125 | Loss 0.2493 | LR 7.0360e-06
2026-03-01 19:00:02 INFO Epoch 12 | Step 1300/5125 | Loss 0.2501 | LR 7.0390e-06
2026-03-01 19:00:53 INFO Epoch 12 | Step 1320/5125 | Loss 0.2502 | LR 7.0420e-06
2026-03-01 19:01:44 INFO Epoch 12 | Step 1340/5125 | Loss 0.2502 | LR 7.0450e-06
2026-03-01 19:02:35 INFO Epoch 12 | Step 1360/5125 | Loss 0.2499 | LR 7.0480e-06
2026-03-01 19:03:27 INFO Epoch 12 | Step 1380/5125 | Loss 0.2495 | LR 7.0510e-06
2026-03-01 19:04:18 INFO Epoch 12 | Step 1400/5125 | Loss 0.2496 | LR 7.0541e-06
2026-03-01 19:05:09 INFO Epoch 12 | Step 1420/5125 | Loss 0.2491 | LR 7.0571e-06
2026-03-01 19:06:00 INFO Epoch 12 | Step 1440/5125 | Loss 0.2489 | LR 7.0601e-06
2026-03-01 19:06:51 INFO Epoch 12 | Step 1460/5125 | Loss 0.2486 | LR 7.0631e-06
2026-03-01 19:07:42 INFO Epoch 12 | Step 1480/5125 | Loss 0.2489 | LR 7.0661e-06
2026-03-01 19:08:33 INFO Epoch 12 | Step 1500/5125 | Loss 0.2490 | LR 7.0691e-06
2026-03-01 19:09:25 INFO Epoch 12 | Step 1520/5125 | Loss 0.2485 | LR 7.0721e-06
2026-03-01 19:10:16 INFO Epoch 12 | Step 1540/5125 | Loss 0.2488 | LR 7.0751e-06
2026-03-01 19:11:07 INFO Epoch 12 | Step 1560/5125 | Loss 0.2487 | LR 7.0782e-06
2026-03-01 19:11:58 INFO Epoch 12 | Step 1580/5125 | Loss 0.2483 | LR 7.0812e-06
2026-03-01 19:12:49 INFO Epoch 12 | Step 1600/5125 | Loss 0.2481 | LR 7.0842e-06
2026-03-01 19:13:40 INFO Epoch 12 | Step 1620/5125 | Loss 0.2481 | LR 7.0872e-06
2026-03-01 19:14:31 INFO Epoch 12 | Step 1640/5125 | Loss 0.2478 | LR 7.0902e-06
2026-03-01 19:15:22 INFO Epoch 12 | Step 1660/5125 | Loss 0.2478 | LR 7.0932e-06
2026-03-01 19:16:13 INFO Epoch 12 | Step 1680/5125 | Loss 0.2471 | LR 7.0962e-06
2026-03-01 19:17:04 INFO Epoch 12 | Step 1700/5125 | Loss 0.2467 | LR 7.0992e-06
2026-03-01 19:17:55 INFO Epoch 12 | Step 1720/5125 | Loss 0.2465 | LR 7.1022e-06
2026-03-01 19:18:46 INFO Epoch 12 | Step 1740/5125 | Loss 0.2468 | LR 7.1052e-06
2026-03-01 19:19:38 INFO Epoch 12 | Step 1760/5125 | Loss 0.2465 | LR 7.1082e-06
2026-03-01 19:20:29 INFO Epoch 12 | Step 1780/5125 | Loss 0.2464 | LR 7.1112e-06
2026-03-01 19:21:20 INFO Epoch 12 | Step 1800/5125 | Loss 0.2462 | LR 7.1142e-06
2026-03-01 19:22:11 INFO Epoch 12 | Step 1820/5125 | Loss 0.2463 | LR 7.1172e-06
2026-03-01 19:23:02 INFO Epoch 12 | Step 1840/5125 | Loss 0.2471 | LR 7.1202e-06
2026-03-01 19:23:53 INFO Epoch 12 | Step 1860/5125 | Loss 0.2470 | LR 7.1232e-06
2026-03-01 19:24:44 INFO Epoch 12 | Step 1880/5125 | Loss 0.2466 | LR 7.1262e-06
2026-03-01 19:25:35 INFO Epoch 12 | Step 1900/5125 | Loss 0.2465 | LR 7.1292e-06
2026-03-01 19:26:27 INFO Epoch 12 | Step 1920/5125 | Loss 0.2462 | LR 7.1322e-06
2026-03-01 19:27:18 INFO Epoch 12 | Step 1940/5125 | Loss 0.2464 | LR 7.1352e-06
2026-03-01 19:28:09 INFO Epoch 12 | Step 1960/5125 | Loss 0.2465 | LR 7.1381e-06
2026-03-01 19:29:00 INFO Epoch 12 | Step 1980/5125 | Loss 0.2461 | LR 7.1411e-06
2026-03-01 19:29:51 INFO Epoch 12 | Step 2000/5125 | Loss 0.2456 | LR 7.1441e-06
2026-03-01 19:30:42 INFO Epoch 12 | Step 2020/5125 | Loss 0.2457 | LR 7.1471e-06
2026-03-01 19:31:33 INFO Epoch 12 | Step 2040/5125 | Loss 0.2460 | LR 7.1501e-06
2026-03-01 19:32:24 INFO Epoch 12 | Step 2060/5125 | Loss 0.2457 | LR 7.1531e-06
2026-03-01 19:33:15 INFO Epoch 12 | Step 2080/5125 | Loss 0.2460 | LR 7.1561e-06
2026-03-01 19:34:07 INFO Epoch 12 | Step 2100/5125 | Loss 0.2454 | LR 7.1591e-06
2026-03-01 19:34:58 INFO Epoch 12 | Step 2120/5125 | Loss 0.2452 | LR 7.1620e-06
2026-03-01 19:35:49 INFO Epoch 12 | Step 2140/5125 | Loss 0.2455 | LR 7.1650e-06
2026-03-01 19:36:40 INFO Epoch 12 | Step 2160/5125 | Loss 0.2454 | LR 7.1680e-06
2026-03-01 19:37:31 INFO Epoch 12 | Step 2180/5125 | Loss 0.2454 | LR 7.1710e-06
2026-03-01 19:38:22 INFO Epoch 12 | Step 2200/5125 | Loss 0.2449 | LR 7.1740e-06
2026-03-01 19:39:13 INFO Epoch 12 | Step 2220/5125 | Loss 0.2445 | LR 7.1769e-06
2026-03-01 19:40:04 INFO Epoch 12 | Step 2240/5125 | Loss 0.2443 | LR 7.1799e-06
2026-03-01 19:40:55 INFO Epoch 12 | Step 2260/5125 | Loss 0.2445 | LR 7.1829e-06
2026-03-01 19:41:46 INFO Epoch 12 | Step 2280/5125 | Loss 0.2450 | LR 7.1859e-06
2026-03-01 19:42:37 INFO Epoch 12 | Step 2300/5125 | Loss 0.2450 | LR 7.1889e-06
2026-03-01 19:43:29 INFO Epoch 12 | Step 2320/5125 | Loss 0.2448 | LR 7.1918e-06
2026-03-01 19:44:20 INFO Epoch 12 | Step 2340/5125 | Loss 0.2451 | LR 7.1948e-06
2026-03-01 19:45:11 INFO Epoch 12 | Step 2360/5125 | Loss 0.2450 | LR 7.1978e-06
2026-03-01 19:46:02 INFO Epoch 12 | Step 2380/5125 | Loss 0.2451 | LR 7.2007e-06
2026-03-01 19:46:54 INFO Epoch 12 | Step 2400/5125 | Loss 0.2450 | LR 7.2037e-06
2026-03-01 19:47:45 INFO Epoch 12 | Step 2420/5125 | Loss 0.2454 | LR 7.2067e-06
2026-03-01 19:48:36 INFO Epoch 12 | Step 2440/5125 | Loss 0.2453 | LR 7.2097e-06
2026-03-01 19:49:27 INFO Epoch 12 | Step 2460/5125 | Loss 0.2454 | LR 7.2126e-06
2026-03-01 19:50:18 INFO Epoch 12 | Step 2480/5125 | Loss 0.2457 | LR 7.2156e-06
2026-03-01 19:51:09 INFO Epoch 12 | Step 2500/5125 | Loss 0.2455 | LR 7.2186e-06
2026-03-01 19:52:00 INFO Epoch 12 | Step 2520/5125 | Loss 0.2459 | LR 7.2215e-06
2026-03-01 19:52:52 INFO Epoch 12 | Step 2540/5125 | Loss 0.2454 | LR 7.2245e-06
2026-03-01 19:53:43 INFO Epoch 12 | Step 2560/5125 | Loss 0.2456 | LR 7.2275e-06
2026-03-01 19:54:34 INFO Epoch 12 | Step 2580/5125 | Loss 0.2456 | LR 7.2304e-06
2026-03-01 19:55:25 INFO Epoch 12 | Step 2600/5125 | Loss 0.2455 | LR 7.2334e-06
2026-03-01 19:56:16 INFO Epoch 12 | Step 2620/5125 | Loss 0.2456 | LR 7.2363e-06
2026-03-01 19:57:07 INFO Epoch 12 | Step 2640/5125 | Loss 0.2458 | LR 7.2393e-06
2026-03-01 19:57:59 INFO Epoch 12 | Step 2660/5125 | Loss 0.2457 | LR 7.2423e-06
2026-03-01 19:58:50 INFO Epoch 12 | Step 2680/5125 | Loss 0.2457 | LR 7.2452e-06
2026-03-01 19:59:41 INFO Epoch 12 | Step 2700/5125 | Loss 0.2456 | LR 7.2482e-06
2026-03-01 20:00:32 INFO Epoch 12 | Step 2720/5125 | Loss 0.2457 | LR 7.2511e-06
2026-03-01 20:01:23 INFO Epoch 12 | Step 2740/5125 | Loss 0.2457 | LR 7.2541e-06
2026-03-01 20:02:14 INFO Epoch 12 | Step 2760/5125 | Loss 0.2454 | LR 7.2570e-06
2026-03-01 20:03:05 INFO Epoch 12 | Step 2780/5125 | Loss 0.2454 | LR 7.2600e-06
2026-03-01 20:03:56 INFO Epoch 12 | Step 2800/5125 | Loss 0.2453 | LR 7.2629e-06
2026-03-01 20:04:47 INFO Epoch 12 | Step 2820/5125 | Loss 0.2450 | LR 7.2659e-06
2026-03-01 20:05:38 INFO Epoch 12 | Step 2840/5125 | Loss 0.2452 | LR 7.2688e-06
2026-03-01 20:06:29 INFO Epoch 12 | Step 2860/5125 | Loss 0.2448 | LR 7.2718e-06
2026-03-01 20:07:20 INFO Epoch 12 | Step 2880/5125 | Loss 0.2446 | LR 7.2747e-06
2026-03-01 20:08:11 INFO Epoch 12 | Step 2900/5125 | Loss 0.2446 | LR 7.2777e-06
2026-03-01 20:09:02 INFO Epoch 12 | Step 2920/5125 | Loss 0.2444 | LR 7.2806e-06
2026-03-01 20:09:53 INFO Epoch 12 | Step 2940/5125 | Loss 0.2447 | LR 7.2836e-06
2026-03-01 20:10:44 INFO Epoch 12 | Step 2960/5125 | Loss 0.2444 | LR 7.2865e-06
2026-03-01 20:11:35 INFO Epoch 12 | Step 2980/5125 | Loss 0.2442 | LR 7.2895e-06
2026-03-01 20:12:25 INFO Epoch 12 | Step 3000/5125 | Loss 0.2443 | LR 7.2924e-06
2026-03-01 20:13:16 INFO Epoch 12 | Step 3020/5125 | Loss 0.2442 | LR 7.2953e-06
2026-03-01 20:14:07 INFO Epoch 12 | Step 3040/5125 | Loss 0.2444 | LR 7.2983e-06
2026-03-01 20:14:58 INFO Epoch 12 | Step 3060/5125 | Loss 0.2443 | LR 7.3012e-06
2026-03-01 20:15:49 INFO Epoch 12 | Step 3080/5125 | Loss 0.2447 | LR 7.3042e-06
2026-03-01 20:16:40 INFO Epoch 12 | Step 3100/5125 | Loss 0.2446 | LR 7.3071e-06
2026-03-01 20:17:31 INFO Epoch 12 | Step 3120/5125 | Loss 0.2445 | LR 7.3100e-06
2026-03-01 20:18:21 INFO Epoch 12 | Step 3140/5125 | Loss 0.2442 | LR 7.3130e-06
2026-03-01 20:19:12 INFO Epoch 12 | Step 3160/5125 | Loss 0.2440 | LR 7.3159e-06
2026-03-01 20:20:03 INFO Epoch 12 | Step 3180/5125 | Loss 0.2437 | LR 7.3188e-06
2026-03-01 20:20:54 INFO Epoch 12 | Step 3200/5125 | Loss 0.2438 | LR 7.3218e-06
2026-03-01 20:21:45 INFO Epoch 12 | Step 3220/5125 | Loss 0.2440 | LR 7.3247e-06
2026-03-01 20:22:36 INFO Epoch 12 | Step 3240/5125 | Loss 0.2438 | LR 7.3276e-06
2026-03-01 20:23:27 INFO Epoch 12 | Step 3260/5125 | Loss 0.2436 | LR 7.3306e-06
2026-03-01 20:24:18 INFO Epoch 12 | Step 3280/5125 | Loss 0.2434 | LR 7.3335e-06
2026-03-01 20:25:09 INFO Epoch 12 | Step 3300/5125 | Loss 0.2435 | LR 7.3364e-06
2026-03-01 20:26:00 INFO Epoch 12 | Step 3320/5125 | Loss 0.2432 | LR 7.3394e-06
2026-03-01 20:26:51 INFO Epoch 12 | Step 3340/5125 | Loss 0.2434 | LR 7.3423e-06
2026-03-01 20:27:42 INFO Epoch 12 | Step 3360/5125 | Loss 0.2433 | LR 7.3452e-06
2026-03-01 20:28:33 INFO Epoch 12 | Step 3380/5125 | Loss 0.2430 | LR 7.3481e-06
2026-03-01 20:29:24 INFO Epoch 12 | Step 3400/5125 | Loss 0.2429 | LR 7.3511e-06
2026-03-01 20:30:15 INFO Epoch 12 | Step 3420/5125 | Loss 0.2430 | LR 7.3540e-06
2026-03-01 20:31:06 INFO Epoch 12 | Step 3440/5125 | Loss 0.2428 | LR 7.3569e-06
2026-03-01 20:31:56 INFO Epoch 12 | Step 3460/5125 | Loss 0.2427 | LR 7.3598e-06
2026-03-01 20:32:47 INFO Epoch 12 | Step 3480/5125 | Loss 0.2422 | LR 7.3627e-06
2026-03-01 20:33:38 INFO Epoch 12 | Step 3500/5125 | Loss 0.2423 | LR 7.3657e-06
2026-03-01 20:34:29 INFO Epoch 12 | Step 3520/5125 | Loss 0.2424 | LR 7.3686e-06
2026-03-01 20:35:20 INFO Epoch 12 | Step 3540/5125 | Loss 0.2422 | LR 7.3715e-06
2026-03-01 20:36:11 INFO Epoch 12 | Step 3560/5125 | Loss 0.2424 | LR 7.3744e-06
2026-03-01 20:37:02 INFO Epoch 12 | Step 3580/5125 | Loss 0.2424 | LR 7.3773e-06
2026-03-01 20:37:53 INFO Epoch 12 | Step 3600/5125 | Loss 0.2424 | LR 7.3802e-06
2026-03-01 20:38:44 INFO Epoch 12 | Step 3620/5125 | Loss 0.2425 | LR 7.3831e-06
2026-03-01 20:39:35 INFO Epoch 12 | Step 3640/5125 | Loss 0.2427 | LR 7.3860e-06
2026-03-01 20:40:26 INFO Epoch 12 | Step 3660/5125 | Loss 0.2426 | LR 7.3890e-06
2026-03-01 20:41:17 INFO Epoch 12 | Step 3680/5125 | Loss 0.2428 | LR 7.3919e-06
2026-03-01 20:42:08 INFO Epoch 12 | Step 3700/5125 | Loss 0.2427 | LR 7.3948e-06
2026-03-01 20:42:59 INFO Epoch 12 | Step 3720/5125 | Loss 0.2428 | LR 7.3977e-06
2026-03-01 20:43:50 INFO Epoch 12 | Step 3740/5125 | Loss 0.2426 | LR 7.4006e-06
2026-03-01 20:44:41 INFO Epoch 12 | Step 3760/5125 | Loss 0.2425 | LR 7.4035e-06
2026-03-01 20:45:32 INFO Epoch 12 | Step 3780/5125 | Loss 0.2425 | LR 7.4064e-06
2026-03-01 20:46:23 INFO Epoch 12 | Step 3800/5125 | Loss 0.2425 | LR 7.4093e-06
2026-03-01 20:47:13 INFO Epoch 12 | Step 3820/5125 | Loss 0.2424 | LR 7.4122e-06
2026-03-01 20:48:04 INFO Epoch 12 | Step 3840/5125 | Loss 0.2423 | LR 7.4151e-06
2026-03-01 20:48:55 INFO Epoch 12 | Step 3860/5125 | Loss 0.2422 | LR 7.4180e-06
2026-03-01 20:49:46 INFO Epoch 12 | Step 3880/5125 | Loss 0.2422 | LR 7.4209e-06
2026-03-01 20:50:37 INFO Epoch 12 | Step 3900/5125 | Loss 0.2421 | LR 7.4238e-06
2026-03-01 20:51:28 INFO Epoch 12 | Step 3920/5125 | Loss 0.2420 | LR 7.4267e-06
2026-03-01 20:52:19 INFO Epoch 12 | Step 3940/5125 | Loss 0.2419 | LR 7.4296e-06
2026-03-01 20:53:10 INFO Epoch 12 | Step 3960/5125 | Loss 0.2420 | LR 7.4325e-06
2026-03-01 20:54:01 INFO Epoch 12 | Step 3980/5125 | Loss 0.2420 | LR 7.4354e-06
2026-03-01 20:54:52 INFO Epoch 12 | Step 4000/5125 | Loss 0.2417 | LR 7.4383e-06
2026-03-01 20:55:43 INFO Epoch 12 | Step 4020/5125 | Loss 0.2417 | LR 7.4412e-06
2026-03-01 20:56:34 INFO Epoch 12 | Step 4040/5125 | Loss 0.2416 | LR 7.4440e-06
2026-03-01 20:57:25 INFO Epoch 12 | Step 4060/5125 | Loss 0.2415 | LR 7.4469e-06
2026-03-01 20:58:16 INFO Epoch 12 | Step 4080/5125 | Loss 0.2414 | LR 7.4498e-06
2026-03-01 20:59:07 INFO Epoch 12 | Step 4100/5125 | Loss 0.2417 | LR 7.4527e-06
2026-03-01 20:59:58 INFO Epoch 12 | Step 4120/5125 | Loss 0.2415 | LR 7.4556e-06
2026-03-01 21:00:50 INFO Epoch 12 | Step 4140/5125 | Loss 0.2418 | LR 7.4585e-06
2026-03-01 21:01:41 INFO Epoch 12 | Step 4160/5125 | Loss 0.2418 | LR 7.4614e-06
2026-03-01 21:02:32 INFO Epoch 12 | Step 4180/5125 | Loss 0.2417 | LR 7.4642e-06
2026-03-01 21:03:23 INFO Epoch 12 | Step 4200/5125 | Loss 0.2418 | LR 7.4671e-06
2026-03-01 21:04:14 INFO Epoch 12 | Step 4220/5125 | Loss 0.2418 | LR 7.4700e-06
2026-03-01 21:05:05 INFO Epoch 12 | Step 4240/5125 | Loss 0.2420 | LR 7.4729e-06
2026-03-01 21:05:56 INFO Epoch 12 | Step 4260/5125 | Loss 0.2421 | LR 7.4758e-06
2026-03-01 21:06:47 INFO Epoch 12 | Step 4280/5125 | Loss 0.2423 | LR 7.4786e-06
2026-03-01 21:07:38 INFO Epoch 12 | Step 4300/5125 | Loss 0.2423 | LR 7.4815e-06
2026-03-01 21:08:29 INFO Epoch 12 | Step 4320/5125 | Loss 0.2421 | LR 7.4844e-06
2026-03-01 21:09:20 INFO Epoch 12 | Step 4340/5125 | Loss 0.2421 | LR 7.4873e-06
2026-03-01 21:10:11 INFO Epoch 12 | Step 4360/5125 | Loss 0.2422 | LR 7.4901e-06
2026-03-01 21:11:02 INFO Epoch 12 | Step 4380/5125 | Loss 0.2423 | LR 7.4930e-06
2026-03-01 21:11:53 INFO Epoch 12 | Step 4400/5125 | Loss 0.2427 | LR 7.4959e-06
2026-03-01 21:12:44 INFO Epoch 12 | Step 4420/5125 | Loss 0.2426 | LR 7.4988e-06
2026-03-01 21:13:35 INFO Epoch 12 | Step 4440/5125 | Loss 0.2425 | LR 7.5016e-06
2026-03-01 21:14:26 INFO Epoch 12 | Step 4460/5125 | Loss 0.2425 | LR 7.5045e-06
2026-03-01 21:15:17 INFO Epoch 12 | Step 4480/5125 | Loss 0.2423 | LR 7.5074e-06
2026-03-01 21:16:08 INFO Epoch 12 | Step 4500/5125 | Loss 0.2423 | LR 7.5102e-06
2026-03-01 21:16:59 INFO Epoch 12 | Step 4520/5125 | Loss 0.2423 | LR 7.5131e-06
2026-03-01 21:17:50 INFO Epoch 12 | Step 4540/5125 | Loss 0.2423 | LR 7.5160e-06
2026-03-01 21:18:41 INFO Epoch 12 | Step 4560/5125 | Loss 0.2422 | LR 7.5188e-06
2026-03-01 21:19:32 INFO Epoch 12 | Step 4580/5125 | Loss 0.2424 | LR 7.5217e-06
2026-03-01 21:20:23 INFO Epoch 12 | Step 4600/5125 | Loss 0.2422 | LR 7.5245e-06
2026-03-01 21:21:14 INFO Epoch 12 | Step 4620/5125 | Loss 0.2423 | LR 7.5274e-06
2026-03-01 21:22:05 INFO Epoch 12 | Step 4640/5125 | Loss 0.2424 | LR 7.5303e-06
2026-03-01 21:22:56 INFO Epoch 12 | Step 4660/5125 | Loss 0.2422 | LR 7.5331e-06
2026-03-01 21:23:47 INFO Epoch 12 | Step 4680/5125 | Loss 0.2422 | LR 7.5360e-06
2026-03-01 21:24:38 INFO Epoch 12 | Step 4700/5125 | Loss 0.2420 | LR 7.5388e-06
2026-03-01 21:25:29 INFO Epoch 12 | Step 4720/5125 | Loss 0.2423 | LR 7.5417e-06
2026-03-01 21:26:19 INFO Epoch 12 | Step 4740/5125 | Loss 0.2422 | LR 7.5445e-06
2026-03-01 21:27:10 INFO Epoch 12 | Step 4760/5125 | Loss 0.2422 | LR 7.5474e-06
2026-03-01 21:28:00 INFO Epoch 12 | Step 4780/5125 | Loss 0.2420 | LR 7.5502e-06
2026-03-01 21:28:51 INFO Epoch 12 | Step 4800/5125 | Loss 0.2420 | LR 7.5531e-06
2026-03-01 21:29:42 INFO Epoch 12 | Step 4820/5125 | Loss 0.2418 | LR 7.5559e-06
2026-03-01 21:30:33 INFO Epoch 12 | Step 4840/5125 | Loss 0.2416 | LR 7.5588e-06
2026-03-01 21:31:25 INFO Epoch 12 | Step 4860/5125 | Loss 0.2416 | LR 7.5616e-06
2026-03-01 21:32:15 INFO Epoch 12 | Step 4880/5125 | Loss 0.2415 | LR 7.5645e-06
2026-03-01 21:33:06 INFO Epoch 12 | Step 4900/5125 | Loss 0.2415 | LR 7.5673e-06
2026-03-01 21:33:57 INFO Epoch 12 | Step 4920/5125 | Loss 0.2415 | LR 7.5702e-06
2026-03-01 21:34:49 INFO Epoch 12 | Step 4940/5125 | Loss 0.2415 | LR 7.5730e-06
2026-03-01 21:35:40 INFO Epoch 12 | Step 4960/5125 | Loss 0.2415 | LR 7.5758e-06
2026-03-01 21:36:31 INFO Epoch 12 | Step 4980/5125 | Loss 0.2415 | LR 7.5787e-06
2026-03-01 21:37:22 INFO Epoch 12 | Step 5000/5125 | Loss 0.2418 | LR 7.5815e-06
2026-03-01 21:38:13 INFO Epoch 12 | Step 5020/5125 | Loss 0.2418 | LR 7.5844e-06
2026-03-01 21:39:04 INFO Epoch 12 | Step 5040/5125 | Loss 0.2418 | LR 7.5872e-06
2026-03-01 21:39:55 INFO Epoch 12 | Step 5060/5125 | Loss 0.2419 | LR 7.5900e-06
2026-03-01 21:40:46 INFO Epoch 12 | Step 5080/5125 | Loss 0.2418 | LR 7.5929e-06
2026-03-01 21:41:36 INFO Epoch 12 | Step 5100/5125 | Loss 0.2416 | LR 7.5957e-06
2026-03-01 21:42:27 INFO Epoch 12 | Step 5120/5125 | Loss 0.2416 | LR 7.5985e-06
2026-03-01 21:42:39 INFO Epoch 12 | Step 5125/5125 | Loss 0.2417 | LR 7.5992e-06
2026-03-01 22:30:28 INFO CSV Written | Epoch: 12
2026-03-01 22:30:28 INFO Best Saved | Epoch: 12 | Monitor: val_auprc | Value: 0.8522
2026-03-01 22:30:28 INFO Epoch Done | Epoch: 12 | Time: 15951.2363 | Train Loss: 0.2417 | Val Accuracy: 0.9917 | Val AUPRC: 0.8522 | Val Auroc: 0.9874 | Val F1: 0.7968 | Val Loss: 0.2659
2026-03-01 22:30:28 INFO Epoch Start | Epoch: 13
2026-03-01 22:30:36 INFO Epoch 13 | Step 1/5125 | Loss 0.2668 | LR 7.5994e-06
2026-03-01 22:31:24 INFO Epoch 13 | Step 20/5125 | Loss 0.2446 | LR 7.6021e-06
2026-03-01 22:32:16 INFO Epoch 13 | Step 40/5125 | Loss 0.2404 | LR 7.6049e-06
2026-03-01 22:33:08 INFO Epoch 13 | Step 60/5125 | Loss 0.2506 | LR 7.6077e-06
2026-03-01 22:33:59 INFO Epoch 13 | Step 80/5125 | Loss 0.2484 | LR 7.6106e-06
2026-03-01 22:34:51 INFO Epoch 13 | Step 100/5125 | Loss 0.2566 | LR 7.6134e-06
2026-03-01 22:35:43 INFO Epoch 13 | Step 120/5125 | Loss 0.2426 | LR 7.6162e-06
2026-03-01 22:36:35 INFO Epoch 13 | Step 140/5125 | Loss 0.2426 | LR 7.6190e-06
2026-03-01 22:37:27 INFO Epoch 13 | Step 160/5125 | Loss 0.2425 | LR 7.6219e-06
2026-03-01 22:38:19 INFO Epoch 13 | Step 180/5125 | Loss 0.2387 | LR 7.6247e-06
2026-03-01 22:39:10 INFO Epoch 13 | Step 200/5125 | Loss 0.2381 | LR 7.6275e-06
2026-03-01 22:40:02 INFO Epoch 13 | Step 220/5125 | Loss 0.2372 | LR 7.6303e-06
2026-03-01 22:40:53 INFO Epoch 13 | Step 240/5125 | Loss 0.2390 | LR 7.6331e-06
2026-03-01 22:41:45 INFO Epoch 13 | Step 260/5125 | Loss 0.2385 | LR 7.6360e-06
2026-03-01 22:42:37 INFO Epoch 13 | Step 280/5125 | Loss 0.2397 | LR 7.6388e-06
2026-03-01 22:43:29 INFO Epoch 13 | Step 300/5125 | Loss 0.2394 | LR 7.6416e-06
2026-03-01 22:44:20 INFO Epoch 13 | Step 320/5125 | Loss 0.2360 | LR 7.6444e-06
2026-03-01 22:45:12 INFO Epoch 13 | Step 340/5125 | Loss 0.2355 | LR 7.6472e-06
2026-03-01 22:46:05 INFO Epoch 13 | Step 360/5125 | Loss 0.2340 | LR 7.6500e-06
2026-03-01 22:46:57 INFO Epoch 13 | Step 380/5125 | Loss 0.2334 | LR 7.6528e-06
2026-03-01 22:47:50 INFO Epoch 13 | Step 400/5125 | Loss 0.2335 | LR 7.6556e-06
2026-03-01 22:48:43 INFO Epoch 13 | Step 420/5125 | Loss 0.2337 | LR 7.6585e-06
2026-03-01 22:49:36 INFO Epoch 13 | Step 440/5125 | Loss 0.2320 | LR 7.6613e-06
2026-03-01 22:50:28 INFO Epoch 13 | Step 460/5125 | Loss 0.2308 | LR 7.6641e-06
2026-03-01 22:51:21 INFO Epoch 13 | Step 480/5125 | Loss 0.2331 | LR 7.6669e-06
2026-03-01 22:52:13 INFO Epoch 13 | Step 500/5125 | Loss 0.2324 | LR 7.6697e-06
2026-03-01 22:53:06 INFO Epoch 13 | Step 520/5125 | Loss 0.2306 | LR 7.6725e-06
2026-03-01 22:53:58 INFO Epoch 13 | Step 540/5125 | Loss 0.2308 | LR 7.6753e-06
2026-03-01 22:54:51 INFO Epoch 13 | Step 560/5125 | Loss 0.2292 | LR 7.6781e-06
2026-03-01 22:55:44 INFO Epoch 13 | Step 580/5125 | Loss 0.2301 | LR 7.6809e-06
2026-03-01 22:56:36 INFO Epoch 13 | Step 600/5125 | Loss 0.2295 | LR 7.6837e-06
2026-03-01 22:57:29 INFO Epoch 13 | Step 620/5125 | Loss 0.2319 | LR 7.6865e-06
2026-03-01 22:58:22 INFO Epoch 13 | Step 640/5125 | Loss 0.2324 | LR 7.6893e-06
2026-03-01 22:59:15 INFO Epoch 13 | Step 660/5125 | Loss 0.2333 | LR 7.6921e-06
2026-03-01 23:00:07 INFO Epoch 13 | Step 680/5125 | Loss 0.2330 | LR 7.6949e-06
2026-03-01 23:01:00 INFO Epoch 13 | Step 700/5125 | Loss 0.2327 | LR 7.6976e-06
2026-03-01 23:01:52 INFO Epoch 13 | Step 720/5125 | Loss 0.2319 | LR 7.7004e-06
2026-03-01 23:02:45 INFO Epoch 13 | Step 740/5125 | Loss 0.2316 | LR 7.7032e-06
2026-03-01 23:03:38 INFO Epoch 13 | Step 760/5125 | Loss 0.2313 | LR 7.7060e-06
2026-03-01 23:04:30 INFO Epoch 13 | Step 780/5125 | Loss 0.2307 | LR 7.7088e-06
2026-03-01 23:05:23 INFO Epoch 13 | Step 800/5125 | Loss 0.2312 | LR 7.7116e-06
2026-03-01 23:06:16 INFO Epoch 13 | Step 820/5125 | Loss 0.2329 | LR 7.7144e-06
2026-03-01 23:07:08 INFO Epoch 13 | Step 840/5125 | Loss 0.2333 | LR 7.7172e-06
2026-03-01 23:08:01 INFO Epoch 13 | Step 860/5125 | Loss 0.2336 | LR 7.7199e-06
2026-03-01 23:08:53 INFO Epoch 13 | Step 880/5125 | Loss 0.2331 | LR 7.7227e-06
2026-03-01 23:09:46 INFO Epoch 13 | Step 900/5125 | Loss 0.2331 | LR 7.7255e-06
2026-03-01 23:10:39 INFO Epoch 13 | Step 920/5125 | Loss 0.2332 | LR 7.7283e-06
2026-03-01 23:11:31 INFO Epoch 13 | Step 940/5125 | Loss 0.2328 | LR 7.7311e-06
2026-03-01 23:12:23 INFO Epoch 13 | Step 960/5125 | Loss 0.2328 | LR 7.7338e-06
2026-03-01 23:13:16 INFO Epoch 13 | Step 980/5125 | Loss 0.2322 | LR 7.7366e-06
2026-03-01 23:14:08 INFO Epoch 13 | Step 1000/5125 | Loss 0.2315 | LR 7.7394e-06
2026-03-01 23:15:01 INFO Epoch 13 | Step 1020/5125 | Loss 0.2317 | LR 7.7422e-06
2026-03-01 23:15:53 INFO Epoch 13 | Step 1040/5125 | Loss 0.2312 | LR 7.7449e-06
2026-03-01 23:16:46 INFO Epoch 13 | Step 1060/5125 | Loss 0.2310 | LR 7.7477e-06
2026-03-01 23:17:38 INFO Epoch 13 | Step 1080/5125 | Loss 0.2304 | LR 7.7505e-06
2026-03-01 23:18:30 INFO Epoch 13 | Step 1100/5125 | Loss 0.2308 | LR 7.7532e-06
2026-03-01 23:19:22 INFO Epoch 13 | Step 1120/5125 | Loss 0.2302 | LR 7.7560e-06
2026-03-01 23:20:14 INFO Epoch 13 | Step 1140/5125 | Loss 0.2302 | LR 7.7588e-06
2026-03-01 23:21:07 INFO Epoch 13 | Step 1160/5125 | Loss 0.2297 | LR 7.7615e-06
2026-03-01 23:21:59 INFO Epoch 13 | Step 1180/5125 | Loss 0.2293 | LR 7.7643e-06
2026-03-01 23:22:52 INFO Epoch 13 | Step 1200/5125 | Loss 0.2296 | LR 7.7671e-06
2026-03-01 23:23:44 INFO Epoch 13 | Step 1220/5125 | Loss 0.2295 | LR 7.7698e-06
2026-03-01 23:24:36 INFO Epoch 13 | Step 1240/5125 | Loss 0.2297 | LR 7.7726e-06
2026-03-01 23:25:29 INFO Epoch 13 | Step 1260/5125 | Loss 0.2292 | LR 7.7754e-06
2026-03-01 23:26:21 INFO Epoch 13 | Step 1280/5125 | Loss 0.2294 | LR 7.7781e-06
2026-03-01 23:27:13 INFO Epoch 13 | Step 1300/5125 | Loss 0.2300 | LR 7.7809e-06
2026-03-01 23:28:06 INFO Epoch 13 | Step 1320/5125 | Loss 0.2297 | LR 7.7836e-06
2026-03-01 23:28:58 INFO Epoch 13 | Step 1340/5125 | Loss 0.2296 | LR 7.7864e-06
2026-03-01 23:29:50 INFO Epoch 13 | Step 1360/5125 | Loss 0.2292 | LR 7.7891e-06
2026-03-01 23:30:43 INFO Epoch 13 | Step 1380/5125 | Loss 0.2294 | LR 7.7919e-06
2026-03-01 23:31:34 INFO Epoch 13 | Step 1400/5125 | Loss 0.2296 | LR 7.7946e-06
2026-03-01 23:32:25 INFO Epoch 13 | Step 1420/5125 | Loss 0.2293 | LR 7.7974e-06
2026-03-01 23:33:16 INFO Epoch 13 | Step 1440/5125 | Loss 0.2294 | LR 7.8001e-06
2026-03-01 23:34:08 INFO Epoch 13 | Step 1460/5125 | Loss 0.2303 | LR 7.8029e-06
2026-03-01 23:34:59 INFO Epoch 13 | Step 1480/5125 | Loss 0.2299 | LR 7.8056e-06
2026-03-01 23:35:50 INFO Epoch 13 | Step 1500/5125 | Loss 0.2299 | LR 7.8084e-06
2026-03-01 23:36:42 INFO Epoch 13 | Step 1520/5125 | Loss 0.2303 | LR 7.8111e-06
2026-03-01 23:37:33 INFO Epoch 13 | Step 1540/5125 | Loss 0.2300 | LR 7.8139e-06
2026-03-01 23:38:24 INFO Epoch 13 | Step 1560/5125 | Loss 0.2301 | LR 7.8166e-06
2026-03-01 23:39:16 INFO Epoch 13 | Step 1580/5125 | Loss 0.2305 | LR 7.8193e-06
2026-03-01 23:40:07 INFO Epoch 13 | Step 1600/5125 | Loss 0.2304 | LR 7.8221e-06
2026-03-01 23:40:59 INFO Epoch 13 | Step 1620/5125 | Loss 0.2302 | LR 7.8248e-06
2026-03-01 23:41:50 INFO Epoch 13 | Step 1640/5125 | Loss 0.2299 | LR 7.8275e-06
2026-03-01 23:42:42 INFO Epoch 13 | Step 1660/5125 | Loss 0.2299 | LR 7.8303e-06
2026-03-01 23:43:33 INFO Epoch 13 | Step 1680/5125 | Loss 0.2295 | LR 7.8330e-06
2026-03-01 23:44:24 INFO Epoch 13 | Step 1700/5125 | Loss 0.2294 | LR 7.8357e-06
2026-03-01 23:45:16 INFO Epoch 13 | Step 1720/5125 | Loss 0.2299 | LR 7.8385e-06
2026-03-01 23:46:07 INFO Epoch 13 | Step 1740/5125 | Loss 0.2301 | LR 7.8412e-06
2026-03-01 23:46:58 INFO Epoch 13 | Step 1760/5125 | Loss 0.2300 | LR 7.8439e-06
2026-03-01 23:47:50 INFO Epoch 13 | Step 1780/5125 | Loss 0.2294 | LR 7.8467e-06
2026-03-01 23:48:41 INFO Epoch 13 | Step 1800/5125 | Loss 0.2288 | LR 7.8494e-06
2026-03-01 23:49:33 INFO Epoch 13 | Step 1820/5125 | Loss 0.2289 | LR 7.8521e-06
2026-03-01 23:50:24 INFO Epoch 13 | Step 1840/5125 | Loss 0.2288 | LR 7.8548e-06
2026-03-01 23:51:15 INFO Epoch 13 | Step 1860/5125 | Loss 0.2287 | LR 7.8576e-06
2026-03-01 23:52:07 INFO Epoch 13 | Step 1880/5125 | Loss 0.2289 | LR 7.8603e-06
2026-03-01 23:52:58 INFO Epoch 13 | Step 1900/5125 | Loss 0.2286 | LR 7.8630e-06
2026-03-01 23:53:49 INFO Epoch 13 | Step 1920/5125 | Loss 0.2283 | LR 7.8657e-06
2026-03-01 23:54:41 INFO Epoch 13 | Step 1940/5125 | Loss 0.2279 | LR 7.8684e-06
2026-03-01 23:55:32 INFO Epoch 13 | Step 1960/5125 | Loss 0.2281 | LR 7.8712e-06
2026-03-01 23:56:24 INFO Epoch 13 | Step 1980/5125 | Loss 0.2281 | LR 7.8739e-06
2026-03-01 23:57:15 INFO Epoch 13 | Step 2000/5125 | Loss 0.2286 | LR 7.8766e-06
2026-03-01 23:58:06 INFO Epoch 13 | Step 2020/5125 | Loss 0.2286 | LR 7.8793e-06
2026-03-01 23:58:58 INFO Epoch 13 | Step 2040/5125 | Loss 0.2285 | LR 7.8820e-06
2026-03-01 23:59:49 INFO Epoch 13 | Step 2060/5125 | Loss 0.2284 | LR 7.8847e-06
2026-03-02 00:00:40 INFO Epoch 13 | Step 2080/5125 | Loss 0.2283 | LR 7.8874e-06
2026-03-02 00:01:32 INFO Epoch 13 | Step 2100/5125 | Loss 0.2283 | LR 7.8901e-06
2026-03-02 00:02:23 INFO Epoch 13 | Step 2120/5125 | Loss 0.2289 | LR 7.8928e-06
2026-03-02 00:03:14 INFO Epoch 13 | Step 2140/5125 | Loss 0.2289 | LR 7.8956e-06
2026-03-02 00:04:06 INFO Epoch 13 | Step 2160/5125 | Loss 0.2294 | LR 7.8983e-06
2026-03-02 00:04:57 INFO Epoch 13 | Step 2180/5125 | Loss 0.2298 | LR 7.9010e-06
2026-03-02 00:05:48 INFO Epoch 13 | Step 2200/5125 | Loss 0.2297 | LR 7.9037e-06
2026-03-02 00:06:40 INFO Epoch 13 | Step 2220/5125 | Loss 0.2296 | LR 7.9064e-06
2026-03-02 00:07:31 INFO Epoch 13 | Step 2240/5125 | Loss 0.2297 | LR 7.9091e-06
2026-03-02 00:08:23 INFO Epoch 13 | Step 2260/5125 | Loss 0.2300 | LR 7.9118e-06
2026-03-02 00:09:14 INFO Epoch 13 | Step 2280/5125 | Loss 0.2300 | LR 7.9145e-06
2026-03-02 00:10:06 INFO Epoch 13 | Step 2300/5125 | Loss 0.2300 | LR 7.9172e-06
2026-03-02 00:10:57 INFO Epoch 13 | Step 2320/5125 | Loss 0.2299 | LR 7.9198e-06
2026-03-02 00:11:49 INFO Epoch 13 | Step 2340/5125 | Loss 0.2299 | LR 7.9225e-06
2026-03-02 00:12:40 INFO Epoch 13 | Step 2360/5125 | Loss 0.2300 | LR 7.9252e-06
2026-03-02 00:13:31 INFO Epoch 13 | Step 2380/5125 | Loss 0.2301 | LR 7.9279e-06
2026-03-02 00:14:23 INFO Epoch 13 | Step 2400/5125 | Loss 0.2301 | LR 7.9306e-06
2026-03-02 00:15:14 INFO Epoch 13 | Step 2420/5125 | Loss 0.2304 | LR 7.9333e-06
2026-03-02 00:16:06 INFO Epoch 13 | Step 2440/5125 | Loss 0.2304 | LR 7.9360e-06
2026-03-02 00:16:57 INFO Epoch 13 | Step 2460/5125 | Loss 0.2306 | LR 7.9387e-06
2026-03-02 00:17:49 INFO Epoch 13 | Step 2480/5125 | Loss 0.2310 | LR 7.9414e-06
2026-03-02 00:18:40 INFO Epoch 13 | Step 2500/5125 | Loss 0.2304 | LR 7.9440e-06
2026-03-02 00:19:32 INFO Epoch 13 | Step 2520/5125 | Loss 0.2303 | LR 7.9467e-06
2026-03-02 00:20:23 INFO Epoch 13 | Step 2540/5125 | Loss 0.2300 | LR 7.9494e-06
2026-03-02 00:21:14 INFO Epoch 13 | Step 2560/5125 | Loss 0.2299 | LR 7.9521e-06
2026-03-02 00:22:06 INFO Epoch 13 | Step 2580/5125 | Loss 0.2298 | LR 7.9548e-06
2026-03-02 00:22:57 INFO Epoch 13 | Step 2600/5125 | Loss 0.2296 | LR 7.9574e-06
2026-03-02 00:23:49 INFO Epoch 13 | Step 2620/5125 | Loss 0.2297 | LR 7.9601e-06
2026-03-02 00:24:40 INFO Epoch 13 | Step 2640/5125 | Loss 0.2294 | LR 7.9628e-06
2026-03-02 00:25:32 INFO Epoch 13 | Step 2660/5125 | Loss 0.2294 | LR 7.9655e-06
2026-03-02 00:26:23 INFO Epoch 13 | Step 2680/5125 | Loss 0.2294 | LR 7.9681e-06
2026-03-02 00:27:14 INFO Epoch 13 | Step 2700/5125 | Loss 0.2292 | LR 7.9708e-06
2026-03-02 00:28:06 INFO Epoch 13 | Step 2720/5125 | Loss 0.2294 | LR 7.9735e-06
2026-03-02 00:28:57 INFO Epoch 13 | Step 2740/5125 | Loss 0.2294 | LR 7.9761e-06
2026-03-02 00:29:49 INFO Epoch 13 | Step 2760/5125 | Loss 0.2296 | LR 7.9788e-06
2026-03-02 00:30:41 INFO Epoch 13 | Step 2780/5125 | Loss 0.2292 | LR 7.9815e-06
2026-03-02 00:31:32 INFO Epoch 13 | Step 2800/5125 | Loss 0.2294 | LR 7.9841e-06
2026-03-02 00:32:24 INFO Epoch 13 | Step 2820/5125 | Loss 0.2293 | LR 7.9868e-06
2026-03-02 00:33:15 INFO Epoch 13 | Step 2840/5125 | Loss 0.2295 | LR 7.9894e-06
2026-03-02 00:34:06 INFO Epoch 13 | Step 2860/5125 | Loss 0.2292 | LR 7.9921e-06
2026-03-02 00:34:57 INFO Epoch 13 | Step 2880/5125 | Loss 0.2292 | LR 7.9948e-06
2026-03-02 00:35:48 INFO Epoch 13 | Step 2900/5125 | Loss 0.2295 | LR 7.9974e-06
2026-03-02 00:36:40 INFO Epoch 13 | Step 2920/5125 | Loss 0.2301 | LR 8.0001e-06
2026-03-02 00:37:31 INFO Epoch 13 | Step 2940/5125 | Loss 0.2300 | LR 8.0027e-06
2026-03-02 00:38:22 INFO Epoch 13 | Step 2960/5125 | Loss 0.2300 | LR 8.0054e-06
2026-03-02 00:39:13 INFO Epoch 13 | Step 2980/5125 | Loss 0.2301 | LR 8.0080e-06
2026-03-02 00:40:04 INFO Epoch 13 | Step 3000/5125 | Loss 0.2296 | LR 8.0107e-06
2026-03-02 00:40:55 INFO Epoch 13 | Step 3020/5125 | Loss 0.2296 | LR 8.0133e-06
2026-03-02 00:41:47 INFO Epoch 13 | Step 3040/5125 | Loss 0.2295 | LR 8.0160e-06
2026-03-02 00:42:38 INFO Epoch 13 | Step 3060/5125 | Loss 0.2294 | LR 8.0186e-06
2026-03-02 00:43:29 INFO Epoch 13 | Step 3080/5125 | Loss 0.2294 | LR 8.0213e-06
2026-03-02 00:44:20 INFO Epoch 13 | Step 3100/5125 | Loss 0.2293 | LR 8.0239e-06
2026-03-02 00:45:11 INFO Epoch 13 | Step 3120/5125 | Loss 0.2292 | LR 8.0266e-06
2026-03-02 00:46:02 INFO Epoch 13 | Step 3140/5125 | Loss 0.2291 | LR 8.0292e-06
2026-03-02 00:46:53 INFO Epoch 13 | Step 3160/5125 | Loss 0.2290 | LR 8.0318e-06
2026-03-02 00:47:44 INFO Epoch 13 | Step 3180/5125 | Loss 0.2287 | LR 8.0345e-06
2026-03-02 00:48:35 INFO Epoch 13 | Step 3200/5125 | Loss 0.2284 | LR 8.0371e-06
2026-03-02 00:49:27 INFO Epoch 13 | Step 3220/5125 | Loss 0.2283 | LR 8.0398e-06
2026-03-02 00:50:18 INFO Epoch 13 | Step 3240/5125 | Loss 0.2281 | LR 8.0424e-06
2026-03-02 00:51:09 INFO Epoch 13 | Step 3260/5125 | Loss 0.2279 | LR 8.0450e-06
2026-03-02 00:52:00 INFO Epoch 13 | Step 3280/5125 | Loss 0.2281 | LR 8.0477e-06
2026-03-02 00:52:51 INFO Epoch 13 | Step 3300/5125 | Loss 0.2283 | LR 8.0503e-06
2026-03-02 00:53:42 INFO Epoch 13 | Step 3320/5125 | Loss 0.2283 | LR 8.0529e-06
2026-03-02 00:54:33 INFO Epoch 13 | Step 3340/5125 | Loss 0.2283 | LR 8.0555e-06
2026-03-02 00:55:24 INFO Epoch 13 | Step 3360/5125 | Loss 0.2284 | LR 8.0582e-06
2026-03-02 00:56:16 INFO Epoch 13 | Step 3380/5125 | Loss 0.2283 | LR 8.0608e-06
2026-03-02 00:57:07 INFO Epoch 13 | Step 3400/5125 | Loss 0.2283 | LR 8.0634e-06
2026-03-02 00:57:58 INFO Epoch 13 | Step 3420/5125 | Loss 0.2284 | LR 8.0660e-06
2026-03-02 00:58:49 INFO Epoch 13 | Step 3440/5125 | Loss 0.2286 | LR 8.0687e-06
2026-03-02 00:59:41 INFO Epoch 13 | Step 3460/5125 | Loss 0.2287 | LR 8.0713e-06
2026-03-02 01:00:32 INFO Epoch 13 | Step 3480/5125 | Loss 0.2286 | LR 8.0739e-06
2026-03-02 01:01:23 INFO Epoch 13 | Step 3500/5125 | Loss 0.2284 | LR 8.0765e-06
2026-03-02 01:02:14 INFO Epoch 13 | Step 3520/5125 | Loss 0.2283 | LR 8.0791e-06
2026-03-02 01:03:05 INFO Epoch 13 | Step 3540/5125 | Loss 0.2287 | LR 8.0818e-06
2026-03-02 01:03:57 INFO Epoch 13 | Step 3560/5125 | Loss 0.2285 | LR 8.0844e-06
2026-03-02 01:04:48 INFO Epoch 13 | Step 3580/5125 | Loss 0.2283 | LR 8.0870e-06
2026-03-02 01:05:39 INFO Epoch 13 | Step 3600/5125 | Loss 0.2284 | LR 8.0896e-06
2026-03-02 01:06:30 INFO Epoch 13 | Step 3620/5125 | Loss 0.2286 | LR 8.0922e-06
2026-03-02 01:07:21 INFO Epoch 13 | Step 3640/5125 | Loss 0.2283 | LR 8.0948e-06
2026-03-02 01:08:13 INFO Epoch 13 | Step 3660/5125 | Loss 0.2285 | LR 8.0974e-06
2026-03-02 01:09:04 INFO Epoch 13 | Step 3680/5125 | Loss 0.2283 | LR 8.1000e-06
2026-03-02 01:09:55 INFO Epoch 13 | Step 3700/5125 | Loss 0.2282 | LR 8.1026e-06
2026-03-02 01:10:46 INFO Epoch 13 | Step 3720/5125 | Loss 0.2285 | LR 8.1052e-06
2026-03-02 01:11:37 INFO Epoch 13 | Step 3740/5125 | Loss 0.2286 | LR 8.1078e-06
2026-03-02 01:12:28 INFO Epoch 13 | Step 3760/5125 | Loss 0.2288 | LR 8.1104e-06
2026-03-02 01:13:19 INFO Epoch 13 | Step 3780/5125 | Loss 0.2289 | LR 8.1130e-06
2026-03-02 01:14:10 INFO Epoch 13 | Step 3800/5125 | Loss 0.2289 | LR 8.1156e-06
2026-03-02 01:15:01 INFO Epoch 13 | Step 3820/5125 | Loss 0.2290 | LR 8.1182e-06
2026-03-02 01:15:52 INFO Epoch 13 | Step 3840/5125 | Loss 0.2291 | LR 8.1208e-06
2026-03-02 01:16:43 INFO Epoch 13 | Step 3860/5125 | Loss 0.2293 | LR 8.1234e-06
2026-03-02 01:17:34 INFO Epoch 13 | Step 3880/5125 | Loss 0.2292 | LR 8.1260e-06
2026-03-02 01:18:25 INFO Epoch 13 | Step 3900/5125 | Loss 0.2295 | LR 8.1286e-06
2026-03-02 01:19:16 INFO Epoch 13 | Step 3920/5125 | Loss 0.2294 | LR 8.1312e-06
2026-03-02 01:20:07 INFO Epoch 13 | Step 3940/5125 | Loss 0.2294 | LR 8.1338e-06
2026-03-02 01:20:58 INFO Epoch 13 | Step 3960/5125 | Loss 0.2295 | LR 8.1364e-06
2026-03-02 01:21:49 INFO Epoch 13 | Step 3980/5125 | Loss 0.2293 | LR 8.1389e-06
2026-03-02 01:22:40 INFO Epoch 13 | Step 4000/5125 | Loss 0.2294 | LR 8.1415e-06
2026-03-02 01:23:31 INFO Epoch 13 | Step 4020/5125 | Loss 0.2291 | LR 8.1441e-06
2026-03-02 01:24:21 INFO Epoch 13 | Step 4040/5125 | Loss 0.2292 | LR 8.1467e-06
2026-03-02 01:25:12 INFO Epoch 13 | Step 4060/5125 | Loss 0.2297 | LR 8.1493e-06
2026-03-02 01:26:03 INFO Epoch 13 | Step 4080/5125 | Loss 0.2299 | LR 8.1518e-06
2026-03-02 01:26:54 INFO Epoch 13 | Step 4100/5125 | Loss 0.2300 | LR 8.1544e-06
2026-03-02 01:27:46 INFO Epoch 13 | Step 4120/5125 | Loss 0.2299 | LR 8.1570e-06
2026-03-02 01:28:38 INFO Epoch 13 | Step 4140/5125 | Loss 0.2299 | LR 8.1596e-06
2026-03-02 01:29:29 INFO Epoch 13 | Step 4160/5125 | Loss 0.2298 | LR 8.1621e-06
2026-03-02 01:30:21 INFO Epoch 13 | Step 4180/5125 | Loss 0.2298 | LR 8.1647e-06
2026-03-02 01:31:13 INFO Epoch 13 | Step 4200/5125 | Loss 0.2297 | LR 8.1673e-06
2026-03-02 01:32:05 INFO Epoch 13 | Step 4220/5125 | Loss 0.2295 | LR 8.1699e-06
2026-03-02 01:32:57 INFO Epoch 13 | Step 4240/5125 | Loss 0.2293 | LR 8.1724e-06
2026-03-02 01:33:48 INFO Epoch 13 | Step 4260/5125 | Loss 0.2291 | LR 8.1750e-06
2026-03-02 01:34:40 INFO Epoch 13 | Step 4280/5125 | Loss 0.2289 | LR 8.1776e-06
2026-03-02 01:35:31 INFO Epoch 13 | Step 4300/5125 | Loss 0.2291 | LR 8.1801e-06
2026-03-02 01:36:23 INFO Epoch 13 | Step 4320/5125 | Loss 0.2290 | LR 8.1827e-06
2026-03-02 01:37:14 INFO Epoch 13 | Step 4340/5125 | Loss 0.2289 | LR 8.1852e-06
2026-03-02 01:38:05 INFO Epoch 13 | Step 4360/5125 | Loss 0.2289 | LR 8.1878e-06
2026-03-02 01:38:56 INFO Epoch 13 | Step 4380/5125 | Loss 0.2289 | LR 8.1904e-06
2026-03-02 01:39:47 INFO Epoch 13 | Step 4400/5125 | Loss 0.2292 | LR 8.1929e-06
2026-03-02 01:40:38 INFO Epoch 13 | Step 4420/5125 | Loss 0.2292 | LR 8.1955e-06
2026-03-02 01:41:29 INFO Epoch 13 | Step 4440/5125 | Loss 0.2292 | LR 8.1980e-06
2026-03-02 01:42:20 INFO Epoch 13 | Step 4460/5125 | Loss 0.2292 | LR 8.2006e-06
2026-03-02 01:43:11 INFO Epoch 13 | Step 4480/5125 | Loss 0.2293 | LR 8.2031e-06
2026-03-02 01:44:03 INFO Epoch 13 | Step 4500/5125 | Loss 0.2294 | LR 8.2057e-06
2026-03-02 01:44:54 INFO Epoch 13 | Step 4520/5125 | Loss 0.2295 | LR 8.2082e-06
2026-03-02 01:45:45 INFO Epoch 13 | Step 4540/5125 | Loss 0.2294 | LR 8.2108e-06
2026-03-02 01:46:36 INFO Epoch 13 | Step 4560/5125 | Loss 0.2294 | LR 8.2133e-06
2026-03-02 01:47:27 INFO Epoch 13 | Step 4580/5125 | Loss 0.2295 | LR 8.2159e-06
2026-03-02 01:48:18 INFO Epoch 13 | Step 4600/5125 | Loss 0.2296 | LR 8.2184e-06
2026-03-02 01:49:09 INFO Epoch 13 | Step 4620/5125 | Loss 0.2296 | LR 8.2209e-06
2026-03-02 01:50:00 INFO Epoch 13 | Step 4640/5125 | Loss 0.2294 | LR 8.2235e-06
2026-03-02 01:50:51 INFO Epoch 13 | Step 4660/5125 | Loss 0.2295 | LR 8.2260e-06
2026-03-02 01:51:42 INFO Epoch 13 | Step 4680/5125 | Loss 0.2295 | LR 8.2286e-06
2026-03-02 01:52:33 INFO Epoch 13 | Step 4700/5125 | Loss 0.2297 | LR 8.2311e-06
2026-03-02 01:53:24 INFO Epoch 13 | Step 4720/5125 | Loss 0.2297 | LR 8.2336e-06
2026-03-02 01:54:15 INFO Epoch 13 | Step 4740/5125 | Loss 0.2295 | LR 8.2362e-06
2026-03-02 01:55:05 INFO Epoch 13 | Step 4760/5125 | Loss 0.2294 | LR 8.2387e-06
2026-03-02 01:55:56 INFO Epoch 13 | Step 4780/5125 | Loss 0.2293 | LR 8.2412e-06
2026-03-02 01:56:47 INFO Epoch 13 | Step 4800/5125 | Loss 0.2293 | LR 8.2437e-06
2026-03-02 01:57:37 INFO Epoch 13 | Step 4820/5125 | Loss 0.2294 | LR 8.2463e-06
2026-03-02 01:58:28 INFO Epoch 13 | Step 4840/5125 | Loss 0.2294 | LR 8.2488e-06
2026-03-02 01:59:18 INFO Epoch 13 | Step 4860/5125 | Loss 0.2295 | LR 8.2513e-06
2026-03-02 02:00:09 INFO Epoch 13 | Step 4880/5125 | Loss 0.2294 | LR 8.2538e-06
2026-03-02 02:00:59 INFO Epoch 13 | Step 4900/5125 | Loss 0.2294 | LR 8.2564e-06
2026-03-02 02:01:50 INFO Epoch 13 | Step 4920/5125 | Loss 0.2294 | LR 8.2589e-06
2026-03-02 02:02:40 INFO Epoch 13 | Step 4940/5125 | Loss 0.2295 | LR 8.2614e-06
2026-03-02 02:03:31 INFO Epoch 13 | Step 4960/5125 | Loss 0.2295 | LR 8.2639e-06
2026-03-02 02:04:21 INFO Epoch 13 | Step 4980/5125 | Loss 0.2295 | LR 8.2664e-06
2026-03-02 02:05:12 INFO Epoch 13 | Step 5000/5125 | Loss 0.2294 | LR 8.2690e-06
2026-03-02 02:06:02 INFO Epoch 13 | Step 5020/5125 | Loss 0.2294 | LR 8.2715e-06
2026-03-02 02:06:53 INFO Epoch 13 | Step 5040/5125 | Loss 0.2293 | LR 8.2740e-06
2026-03-02 02:07:44 INFO Epoch 13 | Step 5060/5125 | Loss 0.2293 | LR 8.2765e-06
2026-03-02 02:08:34 INFO Epoch 13 | Step 5080/5125 | Loss 0.2292 | LR 8.2790e-06
2026-03-02 02:09:25 INFO Epoch 13 | Step 5100/5125 | Loss 0.2292 | LR 8.2815e-06
2026-03-02 02:10:15 INFO Epoch 13 | Step 5120/5125 | Loss 0.2291 | LR 8.2840e-06
2026-03-02 02:10:28 INFO Epoch 13 | Step 5125/5125 | Loss 0.2292 | LR 8.2846e-06
2026-03-02 02:58:23 INFO CSV Written | Epoch: 13
2026-03-02 02:58:23 INFO Best Saved | Epoch: 13 | Monitor: val_auprc | Value: 0.8651
2026-03-02 02:58:23 INFO Epoch Done | Epoch: 13 | Time: 16074.8933 | Train Loss: 0.2292 | Val Accuracy: 0.9923 | Val AUPRC: 0.8651 | Val Auroc: 0.9883 | Val F1: 0.8118 | Val Loss: 0.2659
2026-03-02 02:58:23 INFO Epoch Start | Epoch: 14
2026-03-02 02:58:29 INFO Epoch 14 | Step 1/5125 | Loss 0.0563 | LR 8.2848e-06
2026-03-02 02:59:19 INFO Epoch 14 | Step 20/5125 | Loss 0.1889 | LR 8.2871e-06
2026-03-02 03:00:11 INFO Epoch 14 | Step 40/5125 | Loss 0.2083 | LR 8.2896e-06
2026-03-02 03:01:03 INFO Epoch 14 | Step 60/5125 | Loss 0.2219 | LR 8.2921e-06
2026-03-02 03:01:55 INFO Epoch 14 | Step 80/5125 | Loss 0.2288 | LR 8.2946e-06
2026-03-02 03:02:47 INFO Epoch 14 | Step 100/5125 | Loss 0.2322 | LR 8.2971e-06
2026-03-02 03:03:39 INFO Epoch 14 | Step 120/5125 | Loss 0.2342 | LR 8.2996e-06
2026-03-02 03:04:31 INFO Epoch 14 | Step 140/5125 | Loss 0.2218 | LR 8.3021e-06
2026-03-02 03:05:23 INFO Epoch 14 | Step 160/5125 | Loss 0.2187 | LR 8.3046e-06
2026-03-02 03:06:15 INFO Epoch 14 | Step 180/5125 | Loss 0.2166 | LR 8.3071e-06
2026-03-02 03:07:06 INFO Epoch 14 | Step 200/5125 | Loss 0.2169 | LR 8.3096e-06
2026-03-02 03:07:58 INFO Epoch 14 | Step 220/5125 | Loss 0.2209 | LR 8.3121e-06
2026-03-02 03:08:50 INFO Epoch 14 | Step 240/5125 | Loss 0.2204 | LR 8.3146e-06
2026-03-02 03:09:42 INFO Epoch 14 | Step 260/5125 | Loss 0.2222 | LR 8.3171e-06
2026-03-02 03:10:33 INFO Epoch 14 | Step 280/5125 | Loss 0.2212 | LR 8.3196e-06
2026-03-02 03:11:25 INFO Epoch 14 | Step 300/5125 | Loss 0.2237 | LR 8.3220e-06
2026-03-02 03:12:17 INFO Epoch 14 | Step 320/5125 | Loss 0.2216 | LR 8.3245e-06
2026-03-02 03:13:08 INFO Epoch 14 | Step 340/5125 | Loss 0.2195 | LR 8.3270e-06
2026-03-02 03:14:00 INFO Epoch 14 | Step 360/5125 | Loss 0.2194 | LR 8.3295e-06
2026-03-02 03:14:52 INFO Epoch 14 | Step 380/5125 | Loss 0.2197 | LR 8.3320e-06
2026-03-02 03:15:43 INFO Epoch 14 | Step 400/5125 | Loss 0.2179 | LR 8.3344e-06
2026-03-02 03:16:35 INFO Epoch 14 | Step 420/5125 | Loss 0.2187 | LR 8.3369e-06
2026-03-02 03:17:27 INFO Epoch 14 | Step 440/5125 | Loss 0.2199 | LR 8.3394e-06
2026-03-02 03:18:18 INFO Epoch 14 | Step 460/5125 | Loss 0.2174 | LR 8.3419e-06
2026-03-02 03:19:10 INFO Epoch 14 | Step 480/5125 | Loss 0.2194 | LR 8.3443e-06
2026-03-02 03:20:01 INFO Epoch 14 | Step 500/5125 | Loss 0.2193 | LR 8.3468e-06
2026-03-02 03:20:53 INFO Epoch 14 | Step 520/5125 | Loss 0.2215 | LR 8.3493e-06
2026-03-02 03:21:45 INFO Epoch 14 | Step 540/5125 | Loss 0.2216 | LR 8.3517e-06
2026-03-02 03:22:36 INFO Epoch 14 | Step 560/5125 | Loss 0.2217 | LR 8.3542e-06
2026-03-02 03:23:28 INFO Epoch 14 | Step 580/5125 | Loss 0.2230 | LR 8.3567e-06
2026-03-02 03:24:20 INFO Epoch 14 | Step 600/5125 | Loss 0.2244 | LR 8.3591e-06
2026-03-02 03:25:11 INFO Epoch 14 | Step 620/5125 | Loss 0.2235 | LR 8.3616e-06
2026-03-02 03:26:03 INFO Epoch 14 | Step 640/5125 | Loss 0.2223 | LR 8.3640e-06
2026-03-02 03:26:55 INFO Epoch 14 | Step 660/5125 | Loss 0.2233 | LR 8.3665e-06
2026-03-02 03:27:46 INFO Epoch 14 | Step 680/5125 | Loss 0.2229 | LR 8.3690e-06
2026-03-02 03:28:38 INFO Epoch 14 | Step 700/5125 | Loss 0.2224 | LR 8.3714e-06
2026-03-02 03:29:30 INFO Epoch 14 | Step 720/5125 | Loss 0.2218 | LR 8.3739e-06
2026-03-02 03:30:22 INFO Epoch 14 | Step 740/5125 | Loss 0.2223 | LR 8.3763e-06
2026-03-02 03:31:13 INFO Epoch 14 | Step 760/5125 | Loss 0.2231 | LR 8.3788e-06
2026-03-02 03:32:05 INFO Epoch 14 | Step 780/5125 | Loss 0.2232 | LR 8.3812e-06
2026-03-02 03:32:57 INFO Epoch 14 | Step 800/5125 | Loss 0.2233 | LR 8.3837e-06
2026-03-02 03:33:49 INFO Epoch 14 | Step 820/5125 | Loss 0.2232 | LR 8.3861e-06
2026-03-02 03:34:40 INFO Epoch 14 | Step 840/5125 | Loss 0.2236 | LR 8.3886e-06
2026-03-02 03:35:32 INFO Epoch 14 | Step 860/5125 | Loss 0.2244 | LR 8.3910e-06
2026-03-02 03:36:23 INFO Epoch 14 | Step 880/5125 | Loss 0.2250 | LR 8.3934e-06
2026-03-02 03:37:15 INFO Epoch 14 | Step 900/5125 | Loss 0.2239 | LR 8.3959e-06
2026-03-02 03:38:07 INFO Epoch 14 | Step 920/5125 | Loss 0.2233 | LR 8.3983e-06
2026-03-02 03:38:59 INFO Epoch 14 | Step 940/5125 | Loss 0.2234 | LR 8.4008e-06
2026-03-02 03:39:50 INFO Epoch 14 | Step 960/5125 | Loss 0.2228 | LR 8.4032e-06
2026-03-02 03:40:42 INFO Epoch 14 | Step 980/5125 | Loss 0.2224 | LR 8.4056e-06
2026-03-02 03:41:33 INFO Epoch 14 | Step 1000/5125 | Loss 0.2222 | LR 8.4081e-06
2026-03-02 03:42:24 INFO Epoch 14 | Step 1020/5125 | Loss 0.2220 | LR 8.4105e-06
2026-03-02 03:43:15 INFO Epoch 14 | Step 1040/5125 | Loss 0.2223 | LR 8.4129e-06
2026-03-02 03:44:06 INFO Epoch 14 | Step 1060/5125 | Loss 0.2212 | LR 8.4153e-06
2026-03-02 03:44:58 INFO Epoch 14 | Step 1080/5125 | Loss 0.2209 | LR 8.4178e-06
2026-03-02 03:45:49 INFO Epoch 14 | Step 1100/5125 | Loss 0.2202 | LR 8.4202e-06
2026-03-02 03:46:40 INFO Epoch 14 | Step 1120/5125 | Loss 0.2205 | LR 8.4226e-06
2026-03-02 03:47:31 INFO Epoch 14 | Step 1140/5125 | Loss 0.2210 | LR 8.4250e-06
2026-03-02 03:48:22 INFO Epoch 14 | Step 1160/5125 | Loss 0.2207 | LR 8.4275e-06
2026-03-02 03:49:13 INFO Epoch 14 | Step 1180/5125 | Loss 0.2203 | LR 8.4299e-06
2026-03-02 03:50:04 INFO Epoch 14 | Step 1200/5125 | Loss 0.2206 | LR 8.4323e-06
2026-03-02 03:50:55 INFO Epoch 14 | Step 1220/5125 | Loss 0.2202 | LR 8.4347e-06
2026-03-02 03:51:46 INFO Epoch 14 | Step 1240/5125 | Loss 0.2200 | LR 8.4371e-06
2026-03-02 03:52:37 INFO Epoch 14 | Step 1260/5125 | Loss 0.2204 | LR 8.4395e-06
2026-03-02 03:53:28 INFO Epoch 14 | Step 1280/5125 | Loss 0.2203 | LR 8.4419e-06
2026-03-02 03:54:19 INFO Epoch 14 | Step 1300/5125 | Loss 0.2208 | LR 8.4444e-06
2026-03-02 03:55:10 INFO Epoch 14 | Step 1320/5125 | Loss 0.2210 | LR 8.4468e-06
2026-03-02 03:56:01 INFO Epoch 14 | Step 1340/5125 | Loss 0.2204 | LR 8.4492e-06
2026-03-02 03:56:52 INFO Epoch 14 | Step 1360/5125 | Loss 0.2203 | LR 8.4516e-06
2026-03-02 03:57:43 INFO Epoch 14 | Step 1380/5125 | Loss 0.2201 | LR 8.4540e-06
2026-03-02 03:58:34 INFO Epoch 14 | Step 1400/5125 | Loss 0.2198 | LR 8.4564e-06
2026-03-02 03:59:25 INFO Epoch 14 | Step 1420/5125 | Loss 0.2200 | LR 8.4588e-06
2026-03-02 04:00:16 INFO Epoch 14 | Step 1440/5125 | Loss 0.2205 | LR 8.4612e-06
2026-03-02 04:01:07 INFO Epoch 14 | Step 1460/5125 | Loss 0.2203 | LR 8.4636e-06
2026-03-02 04:01:58 INFO Epoch 14 | Step 1480/5125 | Loss 0.2211 | LR 8.4660e-06
2026-03-02 04:02:49 INFO Epoch 14 | Step 1500/5125 | Loss 0.2214 | LR 8.4684e-06
2026-03-02 04:03:40 INFO Epoch 14 | Step 1520/5125 | Loss 0.2213 | LR 8.4708e-06
2026-03-02 04:04:31 INFO Epoch 14 | Step 1540/5125 | Loss 0.2209 | LR 8.4732e-06
2026-03-02 04:05:23 INFO Epoch 14 | Step 1560/5125 | Loss 0.2204 | LR 8.4755e-06
2026-03-02 04:06:14 INFO Epoch 14 | Step 1580/5125 | Loss 0.2201 | LR 8.4779e-06
2026-03-02 04:07:05 INFO Epoch 14 | Step 1600/5125 | Loss 0.2201 | LR 8.4803e-06
2026-03-02 04:07:56 INFO Epoch 14 | Step 1620/5125 | Loss 0.2198 | LR 8.4827e-06
2026-03-02 04:08:47 INFO Epoch 14 | Step 1640/5125 | Loss 0.2196 | LR 8.4851e-06
2026-03-02 04:09:38 INFO Epoch 14 | Step 1660/5125 | Loss 0.2202 | LR 8.4875e-06
2026-03-02 04:10:29 INFO Epoch 14 | Step 1680/5125 | Loss 0.2200 | LR 8.4899e-06
2026-03-02 04:11:20 INFO Epoch 14 | Step 1700/5125 | Loss 0.2199 | LR 8.4922e-06
2026-03-02 04:12:11 INFO Epoch 14 | Step 1720/5125 | Loss 0.2201 | LR 8.4946e-06
2026-03-02 04:13:03 INFO Epoch 14 | Step 1740/5125 | Loss 0.2197 | LR 8.4970e-06
2026-03-02 04:13:54 INFO Epoch 14 | Step 1760/5125 | Loss 0.2196 | LR 8.4994e-06
2026-03-02 04:14:45 INFO Epoch 14 | Step 1780/5125 | Loss 0.2198 | LR 8.5017e-06
2026-03-02 04:15:36 INFO Epoch 14 | Step 1800/5125 | Loss 0.2193 | LR 8.5041e-06
2026-03-02 04:16:27 INFO Epoch 14 | Step 1820/5125 | Loss 0.2190 | LR 8.5065e-06
2026-03-02 04:17:18 INFO Epoch 14 | Step 1840/5125 | Loss 0.2193 | LR 8.5089e-06
2026-03-02 04:18:09 INFO Epoch 14 | Step 1860/5125 | Loss 0.2195 | LR 8.5112e-06
2026-03-02 04:19:00 INFO Epoch 14 | Step 1880/5125 | Loss 0.2196 | LR 8.5136e-06
2026-03-02 04:19:51 INFO Epoch 14 | Step 1900/5125 | Loss 0.2189 | LR 8.5159e-06
2026-03-02 04:20:42 INFO Epoch 14 | Step 1920/5125 | Loss 0.2187 | LR 8.5183e-06
2026-03-02 04:21:33 INFO Epoch 14 | Step 1940/5125 | Loss 0.2185 | LR 8.5207e-06
2026-03-02 04:22:24 INFO Epoch 14 | Step 1960/5125 | Loss 0.2186 | LR 8.5230e-06
2026-03-02 04:23:15 INFO Epoch 14 | Step 1980/5125 | Loss 0.2190 | LR 8.5254e-06
2026-03-02 04:24:06 INFO Epoch 14 | Step 2000/5125 | Loss 0.2187 | LR 8.5277e-06
2026-03-02 04:24:57 INFO Epoch 14 | Step 2020/5125 | Loss 0.2186 | LR 8.5301e-06
2026-03-02 04:25:48 INFO Epoch 14 | Step 2040/5125 | Loss 0.2185 | LR 8.5325e-06
2026-03-02 04:26:39 INFO Epoch 14 | Step 2060/5125 | Loss 0.2187 | LR 8.5348e-06
2026-03-02 04:27:30 INFO Epoch 14 | Step 2080/5125 | Loss 0.2192 | LR 8.5372e-06
2026-03-02 04:28:21 INFO Epoch 14 | Step 2100/5125 | Loss 0.2189 | LR 8.5395e-06
2026-03-02 04:29:11 INFO Epoch 14 | Step 2120/5125 | Loss 0.2187 | LR 8.5419e-06
2026-03-02 04:30:02 INFO Epoch 14 | Step 2140/5125 | Loss 0.2182 | LR 8.5442e-06
2026-03-02 04:30:54 INFO Epoch 14 | Step 2160/5125 | Loss 0.2185 | LR 8.5465e-06
2026-03-02 04:31:44 INFO Epoch 14 | Step 2180/5125 | Loss 0.2188 | LR 8.5489e-06
2026-03-02 04:32:35 INFO Epoch 14 | Step 2200/5125 | Loss 0.2189 | LR 8.5512e-06
2026-03-02 04:33:26 INFO Epoch 14 | Step 2220/5125 | Loss 0.2192 | LR 8.5536e-06
2026-03-02 04:34:18 INFO Epoch 14 | Step 2240/5125 | Loss 0.2194 | LR 8.5559e-06
2026-03-02 04:35:09 INFO Epoch 14 | Step 2260/5125 | Loss 0.2196 | LR 8.5582e-06
2026-03-02 04:36:00 INFO Epoch 14 | Step 2280/5125 | Loss 0.2195 | LR 8.5606e-06
2026-03-02 04:36:51 INFO Epoch 14 | Step 2300/5125 | Loss 0.2197 | LR 8.5629e-06
2026-03-02 04:37:42 INFO Epoch 14 | Step 2320/5125 | Loss 0.2196 | LR 8.5652e-06
2026-03-02 04:38:33 INFO Epoch 14 | Step 2340/5125 | Loss 0.2199 | LR 8.5676e-06
2026-03-02 04:39:24 INFO Epoch 14 | Step 2360/5125 | Loss 0.2196 | LR 8.5699e-06
2026-03-02 04:40:15 INFO Epoch 14 | Step 2380/5125 | Loss 0.2195 | LR 8.5722e-06
2026-03-02 04:41:06 INFO Epoch 14 | Step 2400/5125 | Loss 0.2194 | LR 8.5746e-06
2026-03-02 04:41:57 INFO Epoch 14 | Step 2420/5125 | Loss 0.2199 | LR 8.5769e-06
2026-03-02 04:42:48 INFO Epoch 14 | Step 2440/5125 | Loss 0.2200 | LR 8.5792e-06
2026-03-02 04:43:39 INFO Epoch 14 | Step 2460/5125 | Loss 0.2200 | LR 8.5815e-06
2026-03-02 04:44:30 INFO Epoch 14 | Step 2480/5125 | Loss 0.2201 | LR 8.5838e-06
2026-03-02 04:45:21 INFO Epoch 14 | Step 2500/5125 | Loss 0.2199 | LR 8.5862e-06
2026-03-02 04:46:11 INFO Epoch 14 | Step 2520/5125 | Loss 0.2201 | LR 8.5885e-06
2026-03-02 04:47:02 INFO Epoch 14 | Step 2540/5125 | Loss 0.2201 | LR 8.5908e-06
2026-03-02 04:47:53 INFO Epoch 14 | Step 2560/5125 | Loss 0.2198 | LR 8.5931e-06
2026-03-02 04:48:44 INFO Epoch 14 | Step 2580/5125 | Loss 0.2195 | LR 8.5954e-06
2026-03-02 04:49:35 INFO Epoch 14 | Step 2600/5125 | Loss 0.2195 | LR 8.5977e-06
2026-03-02 04:50:26 INFO Epoch 14 | Step 2620/5125 | Loss 0.2198 | LR 8.6000e-06
2026-03-02 04:51:17 INFO Epoch 14 | Step 2640/5125 | Loss 0.2201 | LR 8.6023e-06
2026-03-02 04:52:08 INFO Epoch 14 | Step 2660/5125 | Loss 0.2199 | LR 8.6046e-06
2026-03-02 04:52:59 INFO Epoch 14 | Step 2680/5125 | Loss 0.2200 | LR 8.6069e-06
2026-03-02 04:53:50 INFO Epoch 14 | Step 2700/5125 | Loss 0.2200 | LR 8.6092e-06
2026-03-02 04:54:41 INFO Epoch 14 | Step 2720/5125 | Loss 0.2198 | LR 8.6115e-06
2026-03-02 04:55:32 INFO Epoch 14 | Step 2740/5125 | Loss 0.2197 | LR 8.6138e-06
2026-03-02 04:56:23 INFO Epoch 14 | Step 2760/5125 | Loss 0.2198 | LR 8.6161e-06
2026-03-02 04:57:14 INFO Epoch 14 | Step 2780/5125 | Loss 0.2198 | LR 8.6184e-06
2026-03-02 04:58:05 INFO Epoch 14 | Step 2800/5125 | Loss 0.2202 | LR 8.6207e-06
2026-03-02 04:58:55 INFO Epoch 14 | Step 2820/5125 | Loss 0.2200 | LR 8.6230e-06
2026-03-02 04:59:46 INFO Epoch 14 | Step 2840/5125 | Loss 0.2202 | LR 8.6253e-06
2026-03-02 05:00:37 INFO Epoch 14 | Step 2860/5125 | Loss 0.2201 | LR 8.6276e-06
2026-03-02 05:01:28 INFO Epoch 14 | Step 2880/5125 | Loss 0.2204 | LR 8.6299e-06
2026-03-02 05:02:18 INFO Epoch 14 | Step 2900/5125 | Loss 0.2205 | LR 8.6322e-06
2026-03-02 05:03:09 INFO Epoch 14 | Step 2920/5125 | Loss 0.2204 | LR 8.6345e-06
2026-03-02 05:04:00 INFO Epoch 14 | Step 2940/5125 | Loss 0.2205 | LR 8.6367e-06
2026-03-02 05:04:51 INFO Epoch 14 | Step 2960/5125 | Loss 0.2206 | LR 8.6390e-06
2026-03-02 05:05:42 INFO Epoch 14 | Step 2980/5125 | Loss 0.2205 | LR 8.6413e-06
2026-03-02 05:06:33 INFO Epoch 14 | Step 3000/5125 | Loss 0.2204 | LR 8.6436e-06
2026-03-02 05:07:24 INFO Epoch 14 | Step 3020/5125 | Loss 0.2203 | LR 8.6459e-06
2026-03-02 05:08:14 INFO Epoch 14 | Step 3040/5125 | Loss 0.2205 | LR 8.6481e-06
2026-03-02 05:09:05 INFO Epoch 14 | Step 3060/5125 | Loss 0.2204 | LR 8.6504e-06
2026-03-02 05:09:56 INFO Epoch 14 | Step 3080/5125 | Loss 0.2207 | LR 8.6527e-06
2026-03-02 05:10:47 INFO Epoch 14 | Step 3100/5125 | Loss 0.2207 | LR 8.6550e-06
2026-03-02 05:11:38 INFO Epoch 14 | Step 3120/5125 | Loss 0.2208 | LR 8.6572e-06
2026-03-02 05:12:29 INFO Epoch 14 | Step 3140/5125 | Loss 0.2208 | LR 8.6595e-06
2026-03-02 05:13:19 INFO Epoch 14 | Step 3160/5125 | Loss 0.2207 | LR 8.6618e-06
2026-03-02 05:14:10 INFO Epoch 14 | Step 3180/5125 | Loss 0.2209 | LR 8.6640e-06
2026-03-02 05:15:01 INFO Epoch 14 | Step 3200/5125 | Loss 0.2206 | LR 8.6663e-06
2026-03-02 05:15:52 INFO Epoch 14 | Step 3220/5125 | Loss 0.2207 | LR 8.6685e-06
2026-03-02 05:16:43 INFO Epoch 14 | Step 3240/5125 | Loss 0.2206 | LR 8.6708e-06
2026-03-02 05:17:34 INFO Epoch 14 | Step 3260/5125 | Loss 0.2205 | LR 8.6731e-06
2026-03-02 05:18:24 INFO Epoch 14 | Step 3280/5125 | Loss 0.2206 | LR 8.6753e-06
2026-03-02 05:19:15 INFO Epoch 14 | Step 3300/5125 | Loss 0.2205 | LR 8.6776e-06
2026-03-02 05:20:06 INFO Epoch 14 | Step 3320/5125 | Loss 0.2206 | LR 8.6798e-06
2026-03-02 05:20:57 INFO Epoch 14 | Step 3340/5125 | Loss 0.2208 | LR 8.6821e-06
2026-03-02 05:21:48 INFO Epoch 14 | Step 3360/5125 | Loss 0.2205 | LR 8.6843e-06
2026-03-02 05:22:39 INFO Epoch 14 | Step 3380/5125 | Loss 0.2205 | LR 8.6866e-06
2026-03-02 05:23:30 INFO Epoch 14 | Step 3400/5125 | Loss 0.2205 | LR 8.6888e-06
2026-03-02 05:24:20 INFO Epoch 14 | Step 3420/5125 | Loss 0.2208 | LR 8.6911e-06
2026-03-02 05:25:11 INFO Epoch 14 | Step 3440/5125 | Loss 0.2209 | LR 8.6933e-06
2026-03-02 05:26:02 INFO Epoch 14 | Step 3460/5125 | Loss 0.2205 | LR 8.6955e-06
2026-03-02 05:26:53 INFO Epoch 14 | Step 3480/5125 | Loss 0.2203 | LR 8.6978e-06
2026-03-02 05:27:43 INFO Epoch 14 | Step 3500/5125 | Loss 0.2201 | LR 8.7000e-06
2026-03-02 05:28:34 INFO Epoch 14 | Step 3520/5125 | Loss 0.2200 | LR 8.7023e-06
2026-03-02 05:29:25 INFO Epoch 14 | Step 3540/5125 | Loss 0.2201 | LR 8.7045e-06
2026-03-02 05:30:16 INFO Epoch 14 | Step 3560/5125 | Loss 0.2202 | LR 8.7067e-06
2026-03-02 05:31:07 INFO Epoch 14 | Step 3580/5125 | Loss 0.2205 | LR 8.7090e-06
2026-03-02 05:31:58 INFO Epoch 14 | Step 3600/5125 | Loss 0.2205 | LR 8.7112e-06
2026-03-02 05:32:48 INFO Epoch 14 | Step 3620/5125 | Loss 0.2205 | LR 8.7134e-06
2026-03-02 05:33:39 INFO Epoch 14 | Step 3640/5125 | Loss 0.2205 | LR 8.7156e-06
2026-03-02 05:34:30 INFO Epoch 14 | Step 3660/5125 | Loss 0.2205 | LR 8.7179e-06
2026-03-02 05:35:21 INFO Epoch 14 | Step 3680/5125 | Loss 0.2202 | LR 8.7201e-06
2026-03-02 05:36:12 INFO Epoch 14 | Step 3700/5125 | Loss 0.2205 | LR 8.7223e-06
2026-03-02 05:37:02 INFO Epoch 14 | Step 3720/5125 | Loss 0.2206 | LR 8.7245e-06
2026-03-02 05:37:53 INFO Epoch 14 | Step 3740/5125 | Loss 0.2207 | LR 8.7267e-06
2026-03-02 05:38:44 INFO Epoch 14 | Step 3760/5125 | Loss 0.2207 | LR 8.7290e-06
2026-03-02 05:39:35 INFO Epoch 14 | Step 3780/5125 | Loss 0.2207 | LR 8.7312e-06
2026-03-02 05:40:26 INFO Epoch 14 | Step 3800/5125 | Loss 0.2208 | LR 8.7334e-06
2026-03-02 05:41:17 INFO Epoch 14 | Step 3820/5125 | Loss 0.2208 | LR 8.7356e-06
2026-03-02 05:42:08 INFO Epoch 14 | Step 3840/5125 | Loss 0.2207 | LR 8.7378e-06
2026-03-02 05:42:59 INFO Epoch 14 | Step 3860/5125 | Loss 0.2206 | LR 8.7400e-06
2026-03-02 05:43:50 INFO Epoch 14 | Step 3880/5125 | Loss 0.2205 | LR 8.7422e-06
2026-03-02 05:44:41 INFO Epoch 14 | Step 3900/5125 | Loss 0.2203 | LR 8.7444e-06
2026-03-02 05:45:32 INFO Epoch 14 | Step 3920/5125 | Loss 0.2204 | LR 8.7466e-06
2026-03-02 05:46:23 INFO Epoch 14 | Step 3940/5125 | Loss 0.2203 | LR 8.7488e-06
2026-03-02 05:47:14 INFO Epoch 14 | Step 3960/5125 | Loss 0.2202 | LR 8.7510e-06
2026-03-02 05:48:05 INFO Epoch 14 | Step 3980/5125 | Loss 0.2203 | LR 8.7532e-06
2026-03-02 05:48:56 INFO Epoch 14 | Step 4000/5125 | Loss 0.2202 | LR 8.7554e-06
2026-03-02 05:49:47 INFO Epoch 14 | Step 4020/5125 | Loss 0.2203 | LR 8.7576e-06
2026-03-02 05:50:38 INFO Epoch 14 | Step 4040/5125 | Loss 0.2203 | LR 8.7598e-06
2026-03-02 05:51:29 INFO Epoch 14 | Step 4060/5125 | Loss 0.2203 | LR 8.7620e-06
2026-03-02 05:52:20 INFO Epoch 14 | Step 4080/5125 | Loss 0.2204 | LR 8.7642e-06
2026-03-02 05:53:11 INFO Epoch 14 | Step 4100/5125 | Loss 0.2203 | LR 8.7664e-06
2026-03-02 05:54:02 INFO Epoch 14 | Step 4120/5125 | Loss 0.2202 | LR 8.7686e-06
2026-03-02 05:54:53 INFO Epoch 14 | Step 4140/5125 | Loss 0.2201 | LR 8.7708e-06
2026-03-02 05:55:44 INFO Epoch 14 | Step 4160/5125 | Loss 0.2200 | LR 8.7729e-06
2026-03-02 05:56:35 INFO Epoch 14 | Step 4180/5125 | Loss 0.2200 | LR 8.7751e-06
2026-03-02 05:57:26 INFO Epoch 14 | Step 4200/5125 | Loss 0.2199 | LR 8.7773e-06
2026-03-02 05:58:17 INFO Epoch 14 | Step 4220/5125 | Loss 0.2195 | LR 8.7795e-06
2026-03-02 05:59:08 INFO Epoch 14 | Step 4240/5125 | Loss 0.2195 | LR 8.7817e-06
2026-03-02 05:59:59 INFO Epoch 14 | Step 4260/5125 | Loss 0.2192 | LR 8.7838e-06
2026-03-02 06:00:50 INFO Epoch 14 | Step 4280/5125 | Loss 0.2189 | LR 8.7860e-06
2026-03-02 06:01:42 INFO Epoch 14 | Step 4300/5125 | Loss 0.2188 | LR 8.7882e-06
2026-03-02 06:02:33 INFO Epoch 14 | Step 4320/5125 | Loss 0.2188 | LR 8.7904e-06
2026-03-02 06:03:24 INFO Epoch 14 | Step 4340/5125 | Loss 0.2189 | LR 8.7925e-06
2026-03-02 06:04:15 INFO Epoch 14 | Step 4360/5125 | Loss 0.2188 | LR 8.7947e-06
2026-03-02 06:05:06 INFO Epoch 14 | Step 4380/5125 | Loss 0.2189 | LR 8.7969e-06
2026-03-02 06:05:57 INFO Epoch 14 | Step 4400/5125 | Loss 0.2188 | LR 8.7990e-06
2026-03-02 06:06:48 INFO Epoch 14 | Step 4420/5125 | Loss 0.2189 | LR 8.8012e-06
2026-03-02 06:07:39 INFO Epoch 14 | Step 4440/5125 | Loss 0.2189 | LR 8.8033e-06
2026-03-02 06:08:30 INFO Epoch 14 | Step 4460/5125 | Loss 0.2187 | LR 8.8055e-06
2026-03-02 06:09:21 INFO Epoch 14 | Step 4480/5125 | Loss 0.2186 | LR 8.8077e-06
2026-03-02 06:10:12 INFO Epoch 14 | Step 4500/5125 | Loss 0.2182 | LR 8.8098e-06
2026-03-02 06:11:03 INFO Epoch 14 | Step 4520/5125 | Loss 0.2184 | LR 8.8120e-06
2026-03-02 06:11:54 INFO Epoch 14 | Step 4540/5125 | Loss 0.2181 | LR 8.8141e-06
2026-03-02 06:12:45 INFO Epoch 14 | Step 4560/5125 | Loss 0.2183 | LR 8.8163e-06
2026-03-02 06:13:36 INFO Epoch 14 | Step 4580/5125 | Loss 0.2183 | LR 8.8184e-06
2026-03-02 06:14:27 INFO Epoch 14 | Step 4600/5125 | Loss 0.2182 | LR 8.8206e-06
2026-03-02 06:15:18 INFO Epoch 14 | Step 4620/5125 | Loss 0.2181 | LR 8.8227e-06
2026-03-02 06:16:09 INFO Epoch 14 | Step 4640/5125 | Loss 0.2180 | LR 8.8249e-06
2026-03-02 06:17:00 INFO Epoch 14 | Step 4660/5125 | Loss 0.2180 | LR 8.8270e-06
2026-03-02 06:17:51 INFO Epoch 14 | Step 4680/5125 | Loss 0.2180 | LR 8.8291e-06
2026-03-02 06:18:42 INFO Epoch 14 | Step 4700/5125 | Loss 0.2181 | LR 8.8313e-06
2026-03-02 06:19:33 INFO Epoch 14 | Step 4720/5125 | Loss 0.2182 | LR 8.8334e-06
2026-03-02 06:20:24 INFO Epoch 14 | Step 4740/5125 | Loss 0.2180 | LR 8.8356e-06
2026-03-02 06:21:15 INFO Epoch 14 | Step 4760/5125 | Loss 0.2181 | LR 8.8377e-06
2026-03-02 06:22:05 INFO Epoch 14 | Step 4780/5125 | Loss 0.2178 | LR 8.8398e-06
2026-03-02 06:22:56 INFO Epoch 14 | Step 4800/5125 | Loss 0.2178 | LR 8.8419e-06
2026-03-02 06:23:47 INFO Epoch 14 | Step 4820/5125 | Loss 0.2179 | LR 8.8441e-06
2026-03-02 06:24:37 INFO Epoch 14 | Step 4840/5125 | Loss 0.2177 | LR 8.8462e-06
2026-03-02 06:25:28 INFO Epoch 14 | Step 4860/5125 | Loss 0.2177 | LR 8.8483e-06
2026-03-02 06:26:19 INFO Epoch 14 | Step 4880/5125 | Loss 0.2176 | LR 8.8505e-06
2026-03-02 06:27:09 INFO Epoch 14 | Step 4900/5125 | Loss 0.2175 | LR 8.8526e-06
2026-03-02 06:28:00 INFO Epoch 14 | Step 4920/5125 | Loss 0.2174 | LR 8.8547e-06
2026-03-02 06:28:51 INFO Epoch 14 | Step 4940/5125 | Loss 0.2173 | LR 8.8568e-06
2026-03-02 06:29:41 INFO Epoch 14 | Step 4960/5125 | Loss 0.2173 | LR 8.8589e-06
2026-03-02 06:30:32 INFO Epoch 14 | Step 4980/5125 | Loss 0.2172 | LR 8.8610e-06
2026-03-02 06:31:23 INFO Epoch 14 | Step 5000/5125 | Loss 0.2174 | LR 8.8632e-06
2026-03-02 06:32:13 INFO Epoch 14 | Step 5020/5125 | Loss 0.2175 | LR 8.8653e-06
2026-03-02 06:33:04 INFO Epoch 14 | Step 5040/5125 | Loss 0.2174 | LR 8.8674e-06
2026-03-02 06:33:55 INFO Epoch 14 | Step 5060/5125 | Loss 0.2173 | LR 8.8695e-06
2026-03-02 06:34:45 INFO Epoch 14 | Step 5080/5125 | Loss 0.2174 | LR 8.8716e-06
2026-03-02 06:35:36 INFO Epoch 14 | Step 5100/5125 | Loss 0.2176 | LR 8.8737e-06
2026-03-02 06:36:27 INFO Epoch 14 | Step 5120/5125 | Loss 0.2175 | LR 8.8758e-06
2026-03-02 06:36:39 INFO Epoch 14 | Step 5125/5125 | Loss 0.2175 | LR 8.8763e-06
2026-03-02 07:24:33 INFO CSV Written | Epoch: 14
2026-03-02 07:24:33 INFO Best Saved | Epoch: 14 | Monitor: val_auprc | Value: 0.8739
2026-03-02 07:24:33 INFO Epoch Done | Epoch: 14 | Time: 15969.5196 | Train Loss: 0.2175 | Val Accuracy: 0.9926 | Val AUPRC: 0.8739 | Val Auroc: 0.9892 | Val F1: 0.8139 | Val Loss: 0.2746
2026-03-02 07:24:33 INFO Epoch Start | Epoch: 15
2026-03-02 07:24:39 INFO Epoch 15 | Step 1/5125 | Loss 0.1161 | LR 8.8764e-06
2026-03-02 07:25:27 INFO Epoch 15 | Step 20/5125 | Loss 0.1900 | LR 8.8784e-06
2026-03-02 07:26:18 INFO Epoch 15 | Step 40/5125 | Loss 0.2076 | LR 8.8805e-06
2026-03-02 07:27:09 INFO Epoch 15 | Step 60/5125 | Loss 0.1897 | LR 8.8826e-06
2026-03-02 07:28:00 INFO Epoch 15 | Step 80/5125 | Loss 0.1948 | LR 8.8847e-06
2026-03-02 07:28:51 INFO Epoch 15 | Step 100/5125 | Loss 0.2003 | LR 8.8868e-06
2026-03-02 07:29:42 INFO Epoch 15 | Step 120/5125 | Loss 0.1993 | LR 8.8889e-06
2026-03-02 07:30:33 INFO Epoch 15 | Step 140/5125 | Loss 0.2004 | LR 8.8910e-06
2026-03-02 07:31:24 INFO Epoch 15 | Step 160/5125 | Loss 0.1955 | LR 8.8931e-06
2026-03-02 07:32:15 INFO Epoch 15 | Step 180/5125 | Loss 0.1948 | LR 8.8952e-06
2026-03-02 07:33:06 INFO Epoch 15 | Step 200/5125 | Loss 0.1957 | LR 8.8973e-06
2026-03-02 07:33:58 INFO Epoch 15 | Step 220/5125 | Loss 0.1972 | LR 8.8993e-06
2026-03-02 07:34:49 INFO Epoch 15 | Step 240/5125 | Loss 0.1961 | LR 8.9014e-06
2026-03-02 07:35:40 INFO Epoch 15 | Step 260/5125 | Loss 0.1939 | LR 8.9035e-06
2026-03-02 07:36:31 INFO Epoch 15 | Step 280/5125 | Loss 0.1929 | LR 8.9056e-06
2026-03-02 07:37:22 INFO Epoch 15 | Step 300/5125 | Loss 0.1917 | LR 8.9077e-06
2026-03-02 07:38:14 INFO Epoch 15 | Step 320/5125 | Loss 0.1951 | LR 8.9097e-06
2026-03-02 07:39:05 INFO Epoch 15 | Step 340/5125 | Loss 0.1944 | LR 8.9118e-06
2026-03-02 07:39:56 INFO Epoch 15 | Step 360/5125 | Loss 0.1945 | LR 8.9139e-06
2026-03-02 07:40:47 INFO Epoch 15 | Step 380/5125 | Loss 0.1937 | LR 8.9159e-06
2026-03-02 07:41:38 INFO Epoch 15 | Step 400/5125 | Loss 0.1931 | LR 8.9180e-06
2026-03-02 07:42:29 INFO Epoch 15 | Step 420/5125 | Loss 0.1949 | LR 8.9201e-06
2026-03-02 07:43:20 INFO Epoch 15 | Step 440/5125 | Loss 0.1945 | LR 8.9221e-06
2026-03-02 07:44:12 INFO Epoch 15 | Step 460/5125 | Loss 0.1957 | LR 8.9242e-06
2026-03-02 07:45:03 INFO Epoch 15 | Step 480/5125 | Loss 0.1970 | LR 8.9263e-06
2026-03-02 07:45:54 INFO Epoch 15 | Step 500/5125 | Loss 0.1971 | LR 8.9283e-06
2026-03-02 07:46:45 INFO Epoch 15 | Step 520/5125 | Loss 0.1971 | LR 8.9304e-06
2026-03-02 07:47:36 INFO Epoch 15 | Step 540/5125 | Loss 0.1980 | LR 8.9324e-06
2026-03-02 07:48:27 INFO Epoch 15 | Step 560/5125 | Loss 0.1969 | LR 8.9345e-06
2026-03-02 07:49:18 INFO Epoch 15 | Step 580/5125 | Loss 0.1980 | LR 8.9366e-06
2026-03-02 07:50:09 INFO Epoch 15 | Step 600/5125 | Loss 0.1993 | LR 8.9386e-06
2026-03-02 07:51:00 INFO Epoch 15 | Step 620/5125 | Loss 0.1995 | LR 8.9407e-06
2026-03-02 07:51:51 INFO Epoch 15 | Step 640/5125 | Loss 0.2001 | LR 8.9427e-06
2026-03-02 07:52:42 INFO Epoch 15 | Step 660/5125 | Loss 0.2003 | LR 8.9447e-06
2026-03-02 07:53:33 INFO Epoch 15 | Step 680/5125 | Loss 0.2007 | LR 8.9468e-06
2026-03-02 07:54:24 INFO Epoch 15 | Step 700/5125 | Loss 0.2010 | LR 8.9488e-06
2026-03-02 07:55:15 INFO Epoch 15 | Step 720/5125 | Loss 0.2014 | LR 8.9509e-06
2026-03-02 07:56:06 INFO Epoch 15 | Step 740/5125 | Loss 0.2024 | LR 8.9529e-06
2026-03-02 07:56:57 INFO Epoch 15 | Step 760/5125 | Loss 0.2018 | LR 8.9550e-06
2026-03-02 07:57:48 INFO Epoch 15 | Step 780/5125 | Loss 0.2024 | LR 8.9570e-06
2026-03-02 07:58:40 INFO Epoch 15 | Step 800/5125 | Loss 0.2026 | LR 8.9590e-06
2026-03-02 07:59:32 INFO Epoch 15 | Step 820/5125 | Loss 0.2022 | LR 8.9611e-06
2026-03-02 08:00:24 INFO Epoch 15 | Step 840/5125 | Loss 0.2019 | LR 8.9631e-06
2026-03-02 08:01:16 INFO Epoch 15 | Step 860/5125 | Loss 0.2028 | LR 8.9651e-06
2026-03-02 08:02:08 INFO Epoch 15 | Step 880/5125 | Loss 0.2039 | LR 8.9671e-06
2026-03-02 08:02:59 INFO Epoch 15 | Step 900/5125 | Loss 0.2031 | LR 8.9692e-06
2026-03-02 08:03:50 INFO Epoch 15 | Step 920/5125 | Loss 0.2037 | LR 8.9712e-06
2026-03-02 08:04:41 INFO Epoch 15 | Step 940/5125 | Loss 0.2033 | LR 8.9732e-06
2026-03-02 08:05:32 INFO Epoch 15 | Step 960/5125 | Loss 0.2028 | LR 8.9752e-06
2026-03-02 08:06:23 INFO Epoch 15 | Step 980/5125 | Loss 0.2025 | LR 8.9772e-06
2026-03-02 08:07:14 INFO Epoch 15 | Step 1000/5125 | Loss 0.2036 | LR 8.9793e-06
2026-03-02 08:08:06 INFO Epoch 15 | Step 1020/5125 | Loss 0.2042 | LR 8.9813e-06
2026-03-02 08:08:57 INFO Epoch 15 | Step 1040/5125 | Loss 0.2047 | LR 8.9833e-06
2026-03-02 08:09:48 INFO Epoch 15 | Step 1060/5125 | Loss 0.2047 | LR 8.9853e-06
2026-03-02 08:10:39 INFO Epoch 15 | Step 1080/5125 | Loss 0.2065 | LR 8.9873e-06
2026-03-02 08:11:30 INFO Epoch 15 | Step 1100/5125 | Loss 0.2059 | LR 8.9893e-06
2026-03-02 08:12:21 INFO Epoch 15 | Step 1120/5125 | Loss 0.2061 | LR 8.9913e-06
2026-03-02 08:13:13 INFO Epoch 15 | Step 1140/5125 | Loss 0.2064 | LR 8.9933e-06
2026-03-02 08:14:04 INFO Epoch 15 | Step 1160/5125 | Loss 0.2073 | LR 8.9953e-06
2026-03-02 08:14:55 INFO Epoch 15 | Step 1180/5125 | Loss 0.2073 | LR 8.9973e-06
2026-03-02 08:15:46 INFO Epoch 15 | Step 1200/5125 | Loss 0.2074 | LR 8.9993e-06
2026-03-02 08:16:37 INFO Epoch 15 | Step 1220/5125 | Loss 0.2076 | LR 9.0013e-06
2026-03-02 08:17:28 INFO Epoch 15 | Step 1240/5125 | Loss 0.2078 | LR 9.0033e-06
2026-03-02 08:18:20 INFO Epoch 15 | Step 1260/5125 | Loss 0.2085 | LR 9.0053e-06
2026-03-02 08:19:11 INFO Epoch 15 | Step 1280/5125 | Loss 0.2087 | LR 9.0073e-06
2026-03-02 08:20:02 INFO Epoch 15 | Step 1300/5125 | Loss 0.2082 | LR 9.0093e-06
2026-03-02 08:20:53 INFO Epoch 15 | Step 1320/5125 | Loss 0.2084 | LR 9.0113e-06
2026-03-02 08:21:44 INFO Epoch 15 | Step 1340/5125 | Loss 0.2086 | LR 9.0133e-06
2026-03-02 08:22:35 INFO Epoch 15 | Step 1360/5125 | Loss 0.2089 | LR 9.0153e-06
2026-03-02 08:23:26 INFO Epoch 15 | Step 1380/5125 | Loss 0.2092 | LR 9.0172e-06
2026-03-02 08:24:18 INFO Epoch 15 | Step 1400/5125 | Loss 0.2088 | LR 9.0192e-06
2026-03-02 08:25:09 INFO Epoch 15 | Step 1420/5125 | Loss 0.2085 | LR 9.0212e-06
2026-03-02 08:26:00 INFO Epoch 15 | Step 1440/5125 | Loss 0.2089 | LR 9.0232e-06
2026-03-02 08:26:51 INFO Epoch 15 | Step 1460/5125 | Loss 0.2090 | LR 9.0251e-06
2026-03-02 08:27:42 INFO Epoch 15 | Step 1480/5125 | Loss 0.2091 | LR 9.0271e-06
2026-03-02 08:28:34 INFO Epoch 15 | Step 1500/5125 | Loss 0.2087 | LR 9.0291e-06
2026-03-02 08:29:25 INFO Epoch 15 | Step 1520/5125 | Loss 0.2102 | LR 9.0311e-06
2026-03-02 08:30:16 INFO Epoch 15 | Step 1540/5125 | Loss 0.2105 | LR 9.0330e-06
2026-03-02 08:31:07 INFO Epoch 15 | Step 1560/5125 | Loss 0.2107 | LR 9.0350e-06
2026-03-02 08:31:58 INFO Epoch 15 | Step 1580/5125 | Loss 0.2102 | LR 9.0370e-06
2026-03-02 08:32:49 INFO Epoch 15 | Step 1600/5125 | Loss 0.2102 | LR 9.0389e-06
2026-03-02 08:33:41 INFO Epoch 15 | Step 1620/5125 | Loss 0.2096 | LR 9.0409e-06
2026-03-02 08:34:32 INFO Epoch 15 | Step 1640/5125 | Loss 0.2098 | LR 9.0428e-06
2026-03-02 08:35:23 INFO Epoch 15 | Step 1660/5125 | Loss 0.2100 | LR 9.0448e-06
2026-03-02 08:36:14 INFO Epoch 15 | Step 1680/5125 | Loss 0.2097 | LR 9.0468e-06
2026-03-02 08:37:05 INFO Epoch 15 | Step 1700/5125 | Loss 0.2097 | LR 9.0487e-06
2026-03-02 08:37:57 INFO Epoch 15 | Step 1720/5125 | Loss 0.2100 | LR 9.0507e-06
2026-03-02 08:38:48 INFO Epoch 15 | Step 1740/5125 | Loss 0.2095 | LR 9.0526e-06
2026-03-02 08:39:39 INFO Epoch 15 | Step 1760/5125 | Loss 0.2095 | LR 9.0546e-06
2026-03-02 08:40:30 INFO Epoch 15 | Step 1780/5125 | Loss 0.2096 | LR 9.0565e-06
2026-03-02 08:41:20 INFO Epoch 15 | Step 1800/5125 | Loss 0.2096 | LR 9.0585e-06
2026-03-02 08:42:12 INFO Epoch 15 | Step 1820/5125 | Loss 0.2094 | LR 9.0604e-06
2026-03-02 08:43:03 INFO Epoch 15 | Step 1840/5125 | Loss 0.2095 | LR 9.0623e-06
2026-03-02 08:43:54 INFO Epoch 15 | Step 1860/5125 | Loss 0.2094 | LR 9.0643e-06
2026-03-02 08:44:45 INFO Epoch 15 | Step 1880/5125 | Loss 0.2090 | LR 9.0662e-06
2026-03-02 08:45:36 INFO Epoch 15 | Step 1900/5125 | Loss 0.2088 | LR 9.0682e-06
2026-03-02 08:46:27 INFO Epoch 15 | Step 1920/5125 | Loss 0.2087 | LR 9.0701e-06
2026-03-02 08:47:18 INFO Epoch 15 | Step 1940/5125 | Loss 0.2082 | LR 9.0720e-06
2026-03-02 08:48:09 INFO Epoch 15 | Step 1960/5125 | Loss 0.2083 | LR 9.0740e-06
2026-03-02 08:49:00 INFO Epoch 15 | Step 1980/5125 | Loss 0.2085 | LR 9.0759e-06
2026-03-02 08:49:50 INFO Epoch 15 | Step 2000/5125 | Loss 0.2082 | LR 9.0778e-06
2026-03-02 08:50:41 INFO Epoch 15 | Step 2020/5125 | Loss 0.2082 | LR 9.0797e-06
2026-03-02 08:51:32 INFO Epoch 15 | Step 2040/5125 | Loss 0.2083 | LR 9.0817e-06
2026-03-02 08:52:23 INFO Epoch 15 | Step 2060/5125 | Loss 0.2080 | LR 9.0836e-06
2026-03-02 08:53:14 INFO Epoch 15 | Step 2080/5125 | Loss 0.2085 | LR 9.0855e-06
2026-03-02 08:54:05 INFO Epoch 15 | Step 2100/5125 | Loss 0.2086 | LR 9.0874e-06
2026-03-02 08:54:56 INFO Epoch 15 | Step 2120/5125 | Loss 0.2086 | LR 9.0893e-06
2026-03-02 08:55:47 INFO Epoch 15 | Step 2140/5125 | Loss 0.2085 | LR 9.0913e-06
2026-03-02 08:56:37 INFO Epoch 15 | Step 2160/5125 | Loss 0.2083 | LR 9.0932e-06
2026-03-02 08:57:29 INFO Epoch 15 | Step 2180/5125 | Loss 0.2082 | LR 9.0951e-06
2026-03-02 08:58:20 INFO Epoch 15 | Step 2200/5125 | Loss 0.2085 | LR 9.0970e-06
2026-03-02 08:59:11 INFO Epoch 15 | Step 2220/5125 | Loss 0.2086 | LR 9.0989e-06
2026-03-02 09:00:02 INFO Epoch 15 | Step 2240/5125 | Loss 0.2082 | LR 9.1008e-06
2026-03-02 09:00:53 INFO Epoch 15 | Step 2260/5125 | Loss 0.2086 | LR 9.1027e-06
2026-03-02 09:01:44 INFO Epoch 15 | Step 2280/5125 | Loss 0.2085 | LR 9.1046e-06
2026-03-02 09:02:35 INFO Epoch 15 | Step 2300/5125 | Loss 0.2082 | LR 9.1065e-06
2026-03-02 09:03:27 INFO Epoch 15 | Step 2320/5125 | Loss 0.2082 | LR 9.1084e-06
2026-03-02 09:04:18 INFO Epoch 15 | Step 2340/5125 | Loss 0.2081 | LR 9.1103e-06
2026-03-02 09:05:09 INFO Epoch 15 | Step 2360/5125 | Loss 0.2083 | LR 9.1122e-06
2026-03-02 09:06:00 INFO Epoch 15 | Step 2380/5125 | Loss 0.2086 | LR 9.1141e-06
2026-03-02 09:06:51 INFO Epoch 15 | Step 2400/5125 | Loss 0.2088 | LR 9.1160e-06
2026-03-02 09:07:43 INFO Epoch 15 | Step 2420/5125 | Loss 0.2087 | LR 9.1179e-06
2026-03-02 09:08:34 INFO Epoch 15 | Step 2440/5125 | Loss 0.2090 | LR 9.1198e-06
2026-03-02 09:09:25 INFO Epoch 15 | Step 2460/5125 | Loss 0.2094 | LR 9.1217e-06
2026-03-02 09:10:16 INFO Epoch 15 | Step 2480/5125 | Loss 0.2096 | LR 9.1235e-06
2026-03-02 09:11:07 INFO Epoch 15 | Step 2500/5125 | Loss 0.2094 | LR 9.1254e-06
2026-03-02 09:11:58 INFO Epoch 15 | Step 2520/5125 | Loss 0.2096 | LR 9.1273e-06
2026-03-02 09:12:49 INFO Epoch 15 | Step 2540/5125 | Loss 0.2096 | LR 9.1292e-06
2026-03-02 09:13:41 INFO Epoch 15 | Step 2560/5125 | Loss 0.2096 | LR 9.1311e-06
2026-03-02 09:14:32 INFO Epoch 15 | Step 2580/5125 | Loss 0.2092 | LR 9.1329e-06
2026-03-02 09:15:23 INFO Epoch 15 | Step 2600/5125 | Loss 0.2092 | LR 9.1348e-06
2026-03-02 09:16:14 INFO Epoch 15 | Step 2620/5125 | Loss 0.2093 | LR 9.1367e-06
2026-03-02 09:17:05 INFO Epoch 15 | Step 2640/5125 | Loss 0.2093 | LR 9.1385e-06
2026-03-02 09:17:57 INFO Epoch 15 | Step 2660/5125 | Loss 0.2093 | LR 9.1404e-06
2026-03-02 09:18:48 INFO Epoch 15 | Step 2680/5125 | Loss 0.2094 | LR 9.1423e-06
2026-03-02 09:19:39 INFO Epoch 15 | Step 2700/5125 | Loss 0.2093 | LR 9.1441e-06
2026-03-02 09:20:30 INFO Epoch 15 | Step 2720/5125 | Loss 0.2093 | LR 9.1460e-06
2026-03-02 09:21:21 INFO Epoch 15 | Step 2740/5125 | Loss 0.2095 | LR 9.1479e-06
2026-03-02 09:22:13 INFO Epoch 15 | Step 2760/5125 | Loss 0.2093 | LR 9.1497e-06
2026-03-02 09:23:04 INFO Epoch 15 | Step 2780/5125 | Loss 0.2092 | LR 9.1516e-06
2026-03-02 09:23:55 INFO Epoch 15 | Step 2800/5125 | Loss 0.2092 | LR 9.1534e-06
2026-03-02 09:24:46 INFO Epoch 15 | Step 2820/5125 | Loss 0.2092 | LR 9.1553e-06
2026-03-02 09:25:37 INFO Epoch 15 | Step 2840/5125 | Loss 0.2092 | LR 9.1571e-06
2026-03-02 09:26:28 INFO Epoch 15 | Step 2860/5125 | Loss 0.2093 | LR 9.1590e-06
2026-03-02 09:27:19 INFO Epoch 15 | Step 2880/5125 | Loss 0.2092 | LR 9.1608e-06
2026-03-02 09:28:10 INFO Epoch 15 | Step 2900/5125 | Loss 0.2089 | LR 9.1627e-06
2026-03-02 09:29:01 INFO Epoch 15 | Step 2920/5125 | Loss 0.2090 | LR 9.1645e-06
2026-03-02 09:29:52 INFO Epoch 15 | Step 2940/5125 | Loss 0.2091 | LR 9.1664e-06
2026-03-02 09:30:42 INFO Epoch 15 | Step 2960/5125 | Loss 0.2086 | LR 9.1682e-06
2026-03-02 09:31:33 INFO Epoch 15 | Step 2980/5125 | Loss 0.2085 | LR 9.1700e-06
2026-03-02 09:32:24 INFO Epoch 15 | Step 3000/5125 | Loss 0.2086 | LR 9.1719e-06
2026-03-02 09:33:15 INFO Epoch 15 | Step 3020/5125 | Loss 0.2089 | LR 9.1737e-06
2026-03-02 09:34:06 INFO Epoch 15 | Step 3040/5125 | Loss 0.2090 | LR 9.1755e-06
2026-03-02 09:34:57 INFO Epoch 15 | Step 3060/5125 | Loss 0.2091 | LR 9.1774e-06
2026-03-02 09:35:48 INFO Epoch 15 | Step 3080/5125 | Loss 0.2088 | LR 9.1792e-06
2026-03-02 09:36:39 INFO Epoch 15 | Step 3100/5125 | Loss 0.2087 | LR 9.1810e-06
2026-03-02 09:37:30 INFO Epoch 15 | Step 3120/5125 | Loss 0.2088 | LR 9.1829e-06
2026-03-02 09:38:21 INFO Epoch 15 | Step 3140/5125 | Loss 0.2087 | LR 9.1847e-06
2026-03-02 09:39:11 INFO Epoch 15 | Step 3160/5125 | Loss 0.2084 | LR 9.1865e-06
2026-03-02 09:40:02 INFO Epoch 15 | Step 3180/5125 | Loss 0.2084 | LR 9.1883e-06
2026-03-02 09:40:53 INFO Epoch 15 | Step 3200/5125 | Loss 0.2087 | LR 9.1901e-06
2026-03-02 09:41:44 INFO Epoch 15 | Step 3220/5125 | Loss 0.2089 | LR 9.1920e-06
2026-03-02 09:42:34 INFO Epoch 15 | Step 3240/5125 | Loss 0.2085 | LR 9.1938e-06
2026-03-02 09:43:25 INFO Epoch 15 | Step 3260/5125 | Loss 0.2087 | LR 9.1956e-06
2026-03-02 09:44:16 INFO Epoch 15 | Step 3280/5125 | Loss 0.2089 | LR 9.1974e-06
2026-03-02 09:45:07 INFO Epoch 15 | Step 3300/5125 | Loss 0.2091 | LR 9.1992e-06
2026-03-02 09:45:58 INFO Epoch 15 | Step 3320/5125 | Loss 0.2090 | LR 9.2010e-06
2026-03-02 09:46:49 INFO Epoch 15 | Step 3340/5125 | Loss 0.2090 | LR 9.2028e-06
2026-03-02 09:47:40 INFO Epoch 15 | Step 3360/5125 | Loss 0.2090 | LR 9.2046e-06
2026-03-02 09:48:31 INFO Epoch 15 | Step 3380/5125 | Loss 0.2091 | LR 9.2064e-06
2026-03-02 09:49:21 INFO Epoch 15 | Step 3400/5125 | Loss 0.2093 | LR 9.2082e-06
2026-03-02 09:50:12 INFO Epoch 15 | Step 3420/5125 | Loss 0.2094 | LR 9.2100e-06
2026-03-02 09:51:03 INFO Epoch 15 | Step 3440/5125 | Loss 0.2095 | LR 9.2118e-06
2026-03-02 09:51:54 INFO Epoch 15 | Step 3460/5125 | Loss 0.2099 | LR 9.2136e-06
2026-03-02 09:52:45 INFO Epoch 15 | Step 3480/5125 | Loss 0.2101 | LR 9.2154e-06
2026-03-02 09:53:36 INFO Epoch 15 | Step 3500/5125 | Loss 0.2099 | LR 9.2172e-06
2026-03-02 09:54:27 INFO Epoch 15 | Step 3520/5125 | Loss 0.2102 | LR 9.2190e-06
2026-03-02 09:55:18 INFO Epoch 15 | Step 3540/5125 | Loss 0.2102 | LR 9.2208e-06
2026-03-02 09:56:09 INFO Epoch 15 | Step 3560/5125 | Loss 0.2101 | LR 9.2225e-06
2026-03-02 09:57:00 INFO Epoch 15 | Step 3580/5125 | Loss 0.2098 | LR 9.2243e-06
2026-03-02 09:57:51 INFO Epoch 15 | Step 3600/5125 | Loss 0.2096 | LR 9.2261e-06
2026-03-02 09:58:42 INFO Epoch 15 | Step 3620/5125 | Loss 0.2098 | LR 9.2279e-06
2026-03-02 09:59:33 INFO Epoch 15 | Step 3640/5125 | Loss 0.2097 | LR 9.2297e-06
2026-03-02 10:00:24 INFO Epoch 15 | Step 3660/5125 | Loss 0.2096 | LR 9.2314e-06
2026-03-02 10:01:15 INFO Epoch 15 | Step 3680/5125 | Loss 0.2097 | LR 9.2332e-06
2026-03-02 10:02:06 INFO Epoch 15 | Step 3700/5125 | Loss 0.2096 | LR 9.2350e-06
2026-03-02 10:02:57 INFO Epoch 15 | Step 3720/5125 | Loss 0.2094 | LR 9.2368e-06
2026-03-02 10:03:48 INFO Epoch 15 | Step 3740/5125 | Loss 0.2094 | LR 9.2385e-06
2026-03-02 10:04:38 INFO Epoch 15 | Step 3760/5125 | Loss 0.2093 | LR 9.2403e-06
2026-03-02 10:05:29 INFO Epoch 15 | Step 3780/5125 | Loss 0.2092 | LR 9.2421e-06
2026-03-02 10:06:20 INFO Epoch 15 | Step 3800/5125 | Loss 0.2094 | LR 9.2438e-06
2026-03-02 10:07:11 INFO Epoch 15 | Step 3820/5125 | Loss 0.2093 | LR 9.2456e-06
2026-03-02 10:08:01 INFO Epoch 15 | Step 3840/5125 | Loss 0.2091 | LR 9.2473e-06
2026-03-02 10:08:52 INFO Epoch 15 | Step 3860/5125 | Loss 0.2092 | LR 9.2491e-06
2026-03-02 10:09:43 INFO Epoch 15 | Step 3880/5125 | Loss 0.2091 | LR 9.2508e-06
2026-03-02 10:10:34 INFO Epoch 15 | Step 3900/5125 | Loss 0.2090 | LR 9.2526e-06
2026-03-02 10:11:25 INFO Epoch 15 | Step 3920/5125 | Loss 0.2091 | LR 9.2543e-06
2026-03-02 10:12:17 INFO Epoch 15 | Step 3940/5125 | Loss 0.2090 | LR 9.2561e-06
2026-03-02 10:13:09 INFO Epoch 15 | Step 3960/5125 | Loss 0.2090 | LR 9.2578e-06
2026-03-02 10:14:00 INFO Epoch 15 | Step 3980/5125 | Loss 0.2090 | LR 9.2596e-06
2026-03-02 10:14:52 INFO Epoch 15 | Step 4000/5125 | Loss 0.2091 | LR 9.2613e-06
2026-03-02 10:15:44 INFO Epoch 15 | Step 4020/5125 | Loss 0.2093 | LR 9.2631e-06
2026-03-02 10:16:35 INFO Epoch 15 | Step 4040/5125 | Loss 0.2095 | LR 9.2648e-06
2026-03-02 10:17:26 INFO Epoch 15 | Step 4060/5125 | Loss 0.2095 | LR 9.2666e-06
2026-03-02 10:18:17 INFO Epoch 15 | Step 4080/5125 | Loss 0.2098 | LR 9.2683e-06
2026-03-02 10:19:08 INFO Epoch 15 | Step 4100/5125 | Loss 0.2096 | LR 9.2700e-06
2026-03-02 10:19:59 INFO Epoch 15 | Step 4120/5125 | Loss 0.2098 | LR 9.2718e-06
2026-03-02 10:20:50 INFO Epoch 15 | Step 4140/5125 | Loss 0.2098 | LR 9.2735e-06
2026-03-02 10:21:41 INFO Epoch 15 | Step 4160/5125 | Loss 0.2098 | LR 9.2752e-06
2026-03-02 10:22:32 INFO Epoch 15 | Step 4180/5125 | Loss 0.2097 | LR 9.2769e-06
2026-03-02 10:23:23 INFO Epoch 15 | Step 4200/5125 | Loss 0.2097 | LR 9.2787e-06
2026-03-02 10:24:13 INFO Epoch 15 | Step 4220/5125 | Loss 0.2098 | LR 9.2804e-06
2026-03-02 10:25:04 INFO Epoch 15 | Step 4240/5125 | Loss 0.2097 | LR 9.2821e-06
2026-03-02 10:25:55 INFO Epoch 15 | Step 4260/5125 | Loss 0.2097 | LR 9.2838e-06
2026-03-02 10:26:46 INFO Epoch 15 | Step 4280/5125 | Loss 0.2094 | LR 9.2855e-06
2026-03-02 10:27:37 INFO Epoch 15 | Step 4300/5125 | Loss 0.2093 | LR 9.2873e-06
2026-03-02 10:28:27 INFO Epoch 15 | Step 4320/5125 | Loss 0.2094 | LR 9.2890e-06
2026-03-02 10:29:18 INFO Epoch 15 | Step 4340/5125 | Loss 0.2095 | LR 9.2907e-06
2026-03-02 10:30:09 INFO Epoch 15 | Step 4360/5125 | Loss 0.2097 | LR 9.2924e-06
2026-03-02 10:31:00 INFO Epoch 15 | Step 4380/5125 | Loss 0.2099 | LR 9.2941e-06
2026-03-02 10:31:50 INFO Epoch 15 | Step 4400/5125 | Loss 0.2098 | LR 9.2958e-06
2026-03-02 10:32:41 INFO Epoch 15 | Step 4420/5125 | Loss 0.2098 | LR 9.2975e-06
2026-03-02 10:33:32 INFO Epoch 15 | Step 4440/5125 | Loss 0.2099 | LR 9.2992e-06
2026-03-02 10:34:23 INFO Epoch 15 | Step 4460/5125 | Loss 0.2098 | LR 9.3009e-06
2026-03-02 10:35:14 INFO Epoch 15 | Step 4480/5125 | Loss 0.2097 | LR 9.3026e-06
2026-03-02 10:36:04 INFO Epoch 15 | Step 4500/5125 | Loss 0.2096 | LR 9.3043e-06
2026-03-02 10:36:55 INFO Epoch 15 | Step 4520/5125 | Loss 0.2097 | LR 9.3060e-06
2026-03-02 10:37:46 INFO Epoch 15 | Step 4540/5125 | Loss 0.2097 | LR 9.3077e-06
2026-03-02 10:38:37 INFO Epoch 15 | Step 4560/5125 | Loss 0.2096 | LR 9.3094e-06
2026-03-02 10:39:27 INFO Epoch 15 | Step 4580/5125 | Loss 0.2096 | LR 9.3111e-06
2026-03-02 10:40:18 INFO Epoch 15 | Step 4600/5125 | Loss 0.2094 | LR 9.3128e-06
2026-03-02 10:41:09 INFO Epoch 15 | Step 4620/5125 | Loss 0.2094 | LR 9.3144e-06
2026-03-02 10:42:00 INFO Epoch 15 | Step 4640/5125 | Loss 0.2093 | LR 9.3161e-06
2026-03-02 10:42:51 INFO Epoch 15 | Step 4660/5125 | Loss 0.2091 | LR 9.3178e-06
2026-03-02 10:43:41 INFO Epoch 15 | Step 4680/5125 | Loss 0.2088 | LR 9.3195e-06
2026-03-02 10:44:32 INFO Epoch 15 | Step 4700/5125 | Loss 0.2087 | LR 9.3212e-06
2026-03-02 10:45:23 INFO Epoch 15 | Step 4720/5125 | Loss 0.2088 | LR 9.3228e-06
2026-03-02 10:46:13 INFO Epoch 15 | Step 4740/5125 | Loss 0.2087 | LR 9.3245e-06
2026-03-02 10:47:04 INFO Epoch 15 | Step 4760/5125 | Loss 0.2086 | LR 9.3262e-06
2026-03-02 10:47:54 INFO Epoch 15 | Step 4780/5125 | Loss 0.2085 | LR 9.3278e-06
2026-03-02 10:48:45 INFO Epoch 15 | Step 4800/5125 | Loss 0.2084 | LR 9.3295e-06
2026-03-02 10:49:35 INFO Epoch 15 | Step 4820/5125 | Loss 0.2084 | LR 9.3312e-06
2026-03-02 10:50:26 INFO Epoch 15 | Step 4840/5125 | Loss 0.2084 | LR 9.3328e-06
2026-03-02 10:51:16 INFO Epoch 15 | Step 4860/5125 | Loss 0.2085 | LR 9.3345e-06
2026-03-02 10:52:07 INFO Epoch 15 | Step 4880/5125 | Loss 0.2086 | LR 9.3362e-06
2026-03-02 10:52:58 INFO Epoch 15 | Step 4900/5125 | Loss 0.2086 | LR 9.3378e-06
2026-03-02 10:53:48 INFO Epoch 15 | Step 4920/5125 | Loss 0.2086 | LR 9.3395e-06
2026-03-02 10:54:39 INFO Epoch 15 | Step 4940/5125 | Loss 0.2086 | LR 9.3411e-06
2026-03-02 10:55:30 INFO Epoch 15 | Step 4960/5125 | Loss 0.2085 | LR 9.3428e-06
2026-03-02 10:56:20 INFO Epoch 15 | Step 4980/5125 | Loss 0.2087 | LR 9.3444e-06
2026-03-02 10:57:11 INFO Epoch 15 | Step 5000/5125 | Loss 0.2089 | LR 9.3461e-06
2026-03-02 10:58:01 INFO Epoch 15 | Step 5020/5125 | Loss 0.2090 | LR 9.3477e-06
2026-03-02 10:58:52 INFO Epoch 15 | Step 5040/5125 | Loss 0.2090 | LR 9.3494e-06
2026-03-02 10:59:43 INFO Epoch 15 | Step 5060/5125 | Loss 0.2089 | LR 9.3510e-06
2026-03-02 11:00:33 INFO Epoch 15 | Step 5080/5125 | Loss 0.2089 | LR 9.3527e-06
2026-03-02 11:01:24 INFO Epoch 15 | Step 5100/5125 | Loss 0.2090 | LR 9.3543e-06
2026-03-02 11:02:14 INFO Epoch 15 | Step 5120/5125 | Loss 0.2090 | LR 9.3559e-06
2026-03-02 11:02:27 INFO Epoch 15 | Step 5125/5125 | Loss 0.2090 | LR 9.3563e-06
2026-03-02 11:50:35 INFO CSV Written | Epoch: 15
2026-03-02 11:50:35 INFO Best Saved | Epoch: 15 | Monitor: val_auprc | Value: 0.8798
2026-03-02 11:50:35 INFO Epoch Done | Epoch: 15 | Time: 15961.7741 | Train Loss: 0.2090 | Val Accuracy: 0.9928 | Val AUPRC: 0.8798 | Val Auroc: 0.9894 | Val F1: 0.8275 | Val Loss: 0.2581
2026-03-02 11:50:35 INFO Epoch Start | Epoch: 16
2026-03-02 11:50:41 INFO Epoch 16 | Step 1/5125 | Loss 0.1628 | LR 9.3564e-06
2026-03-02 11:51:30 INFO Epoch 16 | Step 20/5125 | Loss 0.1950 | LR 9.3580e-06
2026-03-02 11:52:23 INFO Epoch 16 | Step 40/5125 | Loss 0.1978 | LR 9.3596e-06
2026-03-02 11:53:15 INFO Epoch 16 | Step 60/5125 | Loss 0.2069 | LR 9.3612e-06
2026-03-02 11:54:08 INFO Epoch 16 | Step 80/5125 | Loss 0.2164 | LR 9.3629e-06
2026-03-02 11:55:00 INFO Epoch 16 | Step 100/5125 | Loss 0.2154 | LR 9.3645e-06
2026-03-02 11:55:52 INFO Epoch 16 | Step 120/5125 | Loss 0.2090 | LR 9.3661e-06
2026-03-02 11:56:45 INFO Epoch 16 | Step 140/5125 | Loss 0.2096 | LR 9.3677e-06
2026-03-02 11:57:38 INFO Epoch 16 | Step 160/5125 | Loss 0.2095 | LR 9.3694e-06
2026-03-02 11:58:30 INFO Epoch 16 | Step 180/5125 | Loss 0.2106 | LR 9.3710e-06
2026-03-02 11:59:23 INFO Epoch 16 | Step 200/5125 | Loss 0.2083 | LR 9.3726e-06
2026-03-02 12:00:15 INFO Epoch 16 | Step 220/5125 | Loss 0.2080 | LR 9.3742e-06
2026-03-02 12:01:08 INFO Epoch 16 | Step 240/5125 | Loss 0.2106 | LR 9.3758e-06
2026-03-02 12:02:00 INFO Epoch 16 | Step 260/5125 | Loss 0.2086 | LR 9.3774e-06
2026-03-02 12:02:52 INFO Epoch 16 | Step 280/5125 | Loss 0.2106 | LR 9.3790e-06
2026-03-02 12:03:44 INFO Epoch 16 | Step 300/5125 | Loss 0.2089 | LR 9.3806e-06
2026-03-02 12:04:36 INFO Epoch 16 | Step 320/5125 | Loss 0.2076 | LR 9.3823e-06
2026-03-02 12:05:28 INFO Epoch 16 | Step 340/5125 | Loss 0.2064 | LR 9.3839e-06
2026-03-02 12:06:20 INFO Epoch 16 | Step 360/5125 | Loss 0.2071 | LR 9.3855e-06
2026-03-02 12:07:13 INFO Epoch 16 | Step 380/5125 | Loss 0.2083 | LR 9.3871e-06
2026-03-02 12:08:05 INFO Epoch 16 | Step 400/5125 | Loss 0.2073 | LR 9.3887e-06
2026-03-02 12:08:57 INFO Epoch 16 | Step 420/5125 | Loss 0.2055 | LR 9.3902e-06
2026-03-02 12:09:49 INFO Epoch 16 | Step 440/5125 | Loss 0.2071 | LR 9.3918e-06
2026-03-02 12:10:41 INFO Epoch 16 | Step 460/5125 | Loss 0.2048 | LR 9.3934e-06
2026-03-02 12:11:33 INFO Epoch 16 | Step 480/5125 | Loss 0.2040 | LR 9.3950e-06
2026-03-02 12:12:25 INFO Epoch 16 | Step 500/5125 | Loss 0.2034 | LR 9.3966e-06
2026-03-02 12:13:17 INFO Epoch 16 | Step 520/5125 | Loss 0.2013 | LR 9.3982e-06
2026-03-02 12:14:09 INFO Epoch 16 | Step 540/5125 | Loss 0.2023 | LR 9.3998e-06
2026-03-02 12:15:01 INFO Epoch 16 | Step 560/5125 | Loss 0.2031 | LR 9.4014e-06
2026-03-02 12:15:53 INFO Epoch 16 | Step 580/5125 | Loss 0.2040 | LR 9.4029e-06
2026-03-02 12:16:45 INFO Epoch 16 | Step 600/5125 | Loss 0.2028 | LR 9.4045e-06
2026-03-02 12:17:37 INFO Epoch 16 | Step 620/5125 | Loss 0.2027 | LR 9.4061e-06
2026-03-02 12:18:28 INFO Epoch 16 | Step 640/5125 | Loss 0.2024 | LR 9.4077e-06
2026-03-02 12:19:20 INFO Epoch 16 | Step 660/5125 | Loss 0.2025 | LR 9.4092e-06
2026-03-02 12:20:12 INFO Epoch 16 | Step 680/5125 | Loss 0.2022 | LR 9.4108e-06
2026-03-02 12:21:04 INFO Epoch 16 | Step 700/5125 | Loss 0.2025 | LR 9.4124e-06
2026-03-02 12:21:56 INFO Epoch 16 | Step 720/5125 | Loss 0.2017 | LR 9.4139e-06
2026-03-02 12:22:47 INFO Epoch 16 | Step 740/5125 | Loss 0.2010 | LR 9.4155e-06
2026-03-02 12:23:39 INFO Epoch 16 | Step 760/5125 | Loss 0.2010 | LR 9.4171e-06
2026-03-02 12:24:31 INFO Epoch 16 | Step 780/5125 | Loss 0.2018 | LR 9.4186e-06
2026-03-02 12:25:23 INFO Epoch 16 | Step 800/5125 | Loss 0.2020 | LR 9.4202e-06
2026-03-02 12:26:15 INFO Epoch 16 | Step 820/5125 | Loss 0.2023 | LR 9.4217e-06
2026-03-02 12:27:07 INFO Epoch 16 | Step 840/5125 | Loss 0.2025 | LR 9.4233e-06
2026-03-02 12:27:59 INFO Epoch 16 | Step 860/5125 | Loss 0.2039 | LR 9.4249e-06
2026-03-02 12:28:51 INFO Epoch 16 | Step 880/5125 | Loss 0.2042 | LR 9.4264e-06
2026-03-02 12:29:44 INFO Epoch 16 | Step 900/5125 | Loss 0.2041 | LR 9.4280e-06
2026-03-02 12:30:36 INFO Epoch 16 | Step 920/5125 | Loss 0.2026 | LR 9.4295e-06
2026-03-02 12:31:28 INFO Epoch 16 | Step 940/5125 | Loss 0.2020 | LR 9.4310e-06
2026-03-02 12:32:19 INFO Epoch 16 | Step 960/5125 | Loss 0.2006 | LR 9.4326e-06
2026-03-02 12:33:11 INFO Epoch 16 | Step 980/5125 | Loss 0.2015 | LR 9.4341e-06
2026-03-02 12:34:02 INFO Epoch 16 | Step 1000/5125 | Loss 0.2020 | LR 9.4357e-06
2026-03-02 12:34:54 INFO Epoch 16 | Step 1020/5125 | Loss 0.2016 | LR 9.4372e-06
2026-03-02 12:35:45 INFO Epoch 16 | Step 1040/5125 | Loss 0.2009 | LR 9.4387e-06
2026-03-02 12:36:36 INFO Epoch 16 | Step 1060/5125 | Loss 0.2004 | LR 9.4403e-06
2026-03-02 12:37:28 INFO Epoch 16 | Step 1080/5125 | Loss 0.2008 | LR 9.4418e-06
2026-03-02 12:38:19 INFO Epoch 16 | Step 1100/5125 | Loss 0.2011 | LR 9.4433e-06
2026-03-02 12:39:11 INFO Epoch 16 | Step 1120/5125 | Loss 0.2017 | LR 9.4449e-06
2026-03-02 12:40:02 INFO Epoch 16 | Step 1140/5125 | Loss 0.2025 | LR 9.4464e-06
2026-03-02 12:40:53 INFO Epoch 16 | Step 1160/5125 | Loss 0.2026 | LR 9.4479e-06
2026-03-02 12:41:45 INFO Epoch 16 | Step 1180/5125 | Loss 0.2023 | LR 9.4494e-06
2026-03-02 12:42:36 INFO Epoch 16 | Step 1200/5125 | Loss 0.2018 | LR 9.4509e-06
2026-03-02 12:43:28 INFO Epoch 16 | Step 1220/5125 | Loss 0.2022 | LR 9.4525e-06
2026-03-02 12:44:19 INFO Epoch 16 | Step 1240/5125 | Loss 0.2020 | LR 9.4540e-06
2026-03-02 12:45:10 INFO Epoch 16 | Step 1260/5125 | Loss 0.2024 | LR 9.4555e-06
2026-03-02 12:46:02 INFO Epoch 16 | Step 1280/5125 | Loss 0.2024 | LR 9.4570e-06
2026-03-02 12:46:53 INFO Epoch 16 | Step 1300/5125 | Loss 0.2017 | LR 9.4585e-06
2026-03-02 12:47:45 INFO Epoch 16 | Step 1320/5125 | Loss 0.2018 | LR 9.4600e-06
2026-03-02 12:48:36 INFO Epoch 16 | Step 1340/5125 | Loss 0.2035 | LR 9.4615e-06
2026-03-02 12:49:27 INFO Epoch 16 | Step 1360/5125 | Loss 0.2032 | LR 9.4630e-06
2026-03-02 12:50:19 INFO Epoch 16 | Step 1380/5125 | Loss 0.2034 | LR 9.4645e-06
2026-03-02 12:51:10 INFO Epoch 16 | Step 1400/5125 | Loss 0.2039 | LR 9.4660e-06
2026-03-02 12:52:02 INFO Epoch 16 | Step 1420/5125 | Loss 0.2037 | LR 9.4675e-06
2026-03-02 12:52:53 INFO Epoch 16 | Step 1440/5125 | Loss 0.2035 | LR 9.4690e-06
2026-03-02 12:53:44 INFO Epoch 16 | Step 1460/5125 | Loss 0.2035 | LR 9.4705e-06
2026-03-02 12:54:36 INFO Epoch 16 | Step 1480/5125 | Loss 0.2032 | LR 9.4720e-06
2026-03-02 12:55:27 INFO Epoch 16 | Step 1500/5125 | Loss 0.2029 | LR 9.4735e-06
2026-03-02 12:56:18 INFO Epoch 16 | Step 1520/5125 | Loss 0.2029 | LR 9.4750e-06
2026-03-02 12:57:09 INFO Epoch 16 | Step 1540/5125 | Loss 0.2023 | LR 9.4765e-06
2026-03-02 12:58:00 INFO Epoch 16 | Step 1560/5125 | Loss 0.2025 | LR 9.4780e-06
2026-03-02 12:58:52 INFO Epoch 16 | Step 1580/5125 | Loss 0.2023 | LR 9.4794e-06
2026-03-02 12:59:43 INFO Epoch 16 | Step 1600/5125 | Loss 0.2017 | LR 9.4809e-06
2026-03-02 13:00:34 INFO Epoch 16 | Step 1620/5125 | Loss 0.2019 | LR 9.4824e-06
2026-03-02 13:01:26 INFO Epoch 16 | Step 1640/5125 | Loss 0.2019 | LR 9.4839e-06
2026-03-02 13:02:17 INFO Epoch 16 | Step 1660/5125 | Loss 0.2019 | LR 9.4853e-06
2026-03-02 13:03:08 INFO Epoch 16 | Step 1680/5125 | Loss 0.2023 | LR 9.4868e-06
2026-03-02 13:04:00 INFO Epoch 16 | Step 1700/5125 | Loss 0.2022 | LR 9.4883e-06
2026-03-02 13:04:51 INFO Epoch 16 | Step 1720/5125 | Loss 0.2025 | LR 9.4898e-06
2026-03-02 13:05:42 INFO Epoch 16 | Step 1740/5125 | Loss 0.2022 | LR 9.4912e-06
2026-03-02 13:06:34 INFO Epoch 16 | Step 1760/5125 | Loss 0.2025 | LR 9.4927e-06
2026-03-02 13:07:25 INFO Epoch 16 | Step 1780/5125 | Loss 0.2021 | LR 9.4941e-06
2026-03-02 13:08:16 INFO Epoch 16 | Step 1800/5125 | Loss 0.2021 | LR 9.4956e-06
2026-03-02 13:09:07 INFO Epoch 16 | Step 1820/5125 | Loss 0.2016 | LR 9.4971e-06
2026-03-02 13:09:59 INFO Epoch 16 | Step 1840/5125 | Loss 0.2023 | LR 9.4985e-06
2026-03-02 13:10:50 INFO Epoch 16 | Step 1860/5125 | Loss 0.2022 | LR 9.5000e-06
2026-03-02 13:11:41 INFO Epoch 16 | Step 1880/5125 | Loss 0.2029 | LR 9.5014e-06
2026-03-02 13:12:32 INFO Epoch 16 | Step 1900/5125 | Loss 0.2037 | LR 9.5029e-06
2026-03-02 13:13:23 INFO Epoch 16 | Step 1920/5125 | Loss 0.2040 | LR 9.5043e-06
2026-03-02 13:14:14 INFO Epoch 16 | Step 1940/5125 | Loss 0.2040 | LR 9.5058e-06
2026-03-02 13:15:05 INFO Epoch 16 | Step 1960/5125 | Loss 0.2037 | LR 9.5072e-06
2026-03-02 13:15:56 INFO Epoch 16 | Step 1980/5125 | Loss 0.2040 | LR 9.5086e-06
2026-03-02 13:16:47 INFO Epoch 16 | Step 2000/5125 | Loss 0.2036 | LR 9.5101e-06
2026-03-02 13:17:38 INFO Epoch 16 | Step 2020/5125 | Loss 0.2040 | LR 9.5115e-06
2026-03-02 13:18:29 INFO Epoch 16 | Step 2040/5125 | Loss 0.2037 | LR 9.5130e-06
2026-03-02 13:19:20 INFO Epoch 16 | Step 2060/5125 | Loss 0.2037 | LR 9.5144e-06
2026-03-02 13:20:10 INFO Epoch 16 | Step 2080/5125 | Loss 0.2035 | LR 9.5158e-06
2026-03-02 13:21:01 INFO Epoch 16 | Step 2100/5125 | Loss 0.2033 | LR 9.5173e-06
2026-03-02 13:21:52 INFO Epoch 16 | Step 2120/5125 | Loss 0.2035 | LR 9.5187e-06
2026-03-02 13:22:43 INFO Epoch 16 | Step 2140/5125 | Loss 0.2033 | LR 9.5201e-06
2026-03-02 13:23:34 INFO Epoch 16 | Step 2160/5125 | Loss 0.2036 | LR 9.5215e-06
2026-03-02 13:24:25 INFO Epoch 16 | Step 2180/5125 | Loss 0.2042 | LR 9.5230e-06
2026-03-02 13:25:16 INFO Epoch 16 | Step 2200/5125 | Loss 0.2040 | LR 9.5244e-06
2026-03-02 13:26:07 INFO Epoch 16 | Step 2220/5125 | Loss 0.2036 | LR 9.5258e-06
2026-03-02 13:26:58 INFO Epoch 16 | Step 2240/5125 | Loss 0.2040 | LR 9.5272e-06
2026-03-02 13:27:49 INFO Epoch 16 | Step 2260/5125 | Loss 0.2038 | LR 9.5286e-06
2026-03-02 13:28:40 INFO Epoch 16 | Step 2280/5125 | Loss 0.2041 | LR 9.5300e-06
2026-03-02 13:29:31 INFO Epoch 16 | Step 2300/5125 | Loss 0.2038 | LR 9.5314e-06
2026-03-02 13:30:23 INFO Epoch 16 | Step 2320/5125 | Loss 0.2037 | LR 9.5329e-06
2026-03-02 13:31:14 INFO Epoch 16 | Step 2340/5125 | Loss 0.2036 | LR 9.5343e-06
2026-03-02 13:32:05 INFO Epoch 16 | Step 2360/5125 | Loss 0.2037 | LR 9.5357e-06
2026-03-02 13:32:56 INFO Epoch 16 | Step 2380/5125 | Loss 0.2040 | LR 9.5371e-06
2026-03-02 13:33:47 INFO Epoch 16 | Step 2400/5125 | Loss 0.2041 | LR 9.5385e-06
2026-03-02 13:34:38 INFO Epoch 16 | Step 2420/5125 | Loss 0.2038 | LR 9.5399e-06
2026-03-02 13:35:29 INFO Epoch 16 | Step 2440/5125 | Loss 0.2034 | LR 9.5413e-06
2026-03-02 13:36:21 INFO Epoch 16 | Step 2460/5125 | Loss 0.2032 | LR 9.5427e-06
2026-03-02 13:37:12 INFO Epoch 16 | Step 2480/5125 | Loss 0.2033 | LR 9.5440e-06
2026-03-02 13:38:03 INFO Epoch 16 | Step 2500/5125 | Loss 0.2034 | LR 9.5454e-06
2026-03-02 13:38:54 INFO Epoch 16 | Step 2520/5125 | Loss 0.2036 | LR 9.5468e-06
2026-03-02 13:39:45 INFO Epoch 16 | Step 2540/5125 | Loss 0.2031 | LR 9.5482e-06
2026-03-02 13:40:37 INFO Epoch 16 | Step 2560/5125 | Loss 0.2027 | LR 9.5496e-06
2026-03-02 13:41:28 INFO Epoch 16 | Step 2580/5125 | Loss 0.2029 | LR 9.5510e-06
2026-03-02 13:42:19 INFO Epoch 16 | Step 2600/5125 | Loss 0.2030 | LR 9.5523e-06
2026-03-02 13:43:10 INFO Epoch 16 | Step 2620/5125 | Loss 0.2026 | LR 9.5537e-06
2026-03-02 13:44:01 INFO Epoch 16 | Step 2640/5125 | Loss 0.2027 | LR 9.5551e-06
2026-03-02 13:44:52 INFO Epoch 16 | Step 2660/5125 | Loss 0.2029 | LR 9.5565e-06
2026-03-02 13:45:44 INFO Epoch 16 | Step 2680/5125 | Loss 0.2028 | LR 9.5578e-06
2026-03-02 13:46:35 INFO Epoch 16 | Step 2700/5125 | Loss 0.2028 | LR 9.5592e-06
2026-03-02 13:47:26 INFO Epoch 16 | Step 2720/5125 | Loss 0.2026 | LR 9.5606e-06
2026-03-02 13:48:17 INFO Epoch 16 | Step 2740/5125 | Loss 0.2024 | LR 9.5619e-06
2026-03-02 13:49:08 INFO Epoch 16 | Step 2760/5125 | Loss 0.2022 | LR 9.5633e-06
2026-03-02 13:49:59 INFO Epoch 16 | Step 2780/5125 | Loss 0.2021 | LR 9.5647e-06
2026-03-02 13:50:50 INFO Epoch 16 | Step 2800/5125 | Loss 0.2022 | LR 9.5660e-06
2026-03-02 13:51:42 INFO Epoch 16 | Step 2820/5125 | Loss 0.2023 | LR 9.5674e-06
2026-03-02 13:52:33 INFO Epoch 16 | Step 2840/5125 | Loss 0.2022 | LR 9.5687e-06
2026-03-02 13:53:24 INFO Epoch 16 | Step 2860/5125 | Loss 0.2021 | LR 9.5701e-06
2026-03-02 13:54:15 INFO Epoch 16 | Step 2880/5125 | Loss 0.2021 | LR 9.5714e-06
2026-03-02 13:55:06 INFO Epoch 16 | Step 2900/5125 | Loss 0.2019 | LR 9.5728e-06
2026-03-02 13:55:58 INFO Epoch 16 | Step 2920/5125 | Loss 0.2019 | LR 9.5741e-06
2026-03-02 13:56:49 INFO Epoch 16 | Step 2940/5125 | Loss 0.2019 | LR 9.5755e-06
2026-03-02 13:57:40 INFO Epoch 16 | Step 2960/5125 | Loss 0.2018 | LR 9.5768e-06
2026-03-02 13:58:32 INFO Epoch 16 | Step 2980/5125 | Loss 0.2018 | LR 9.5782e-06
2026-03-02 13:59:23 INFO Epoch 16 | Step 3000/5125 | Loss 0.2015 | LR 9.5795e-06
2026-03-02 14:00:15 INFO Epoch 16 | Step 3020/5125 | Loss 0.2017 | LR 9.5809e-06
2026-03-02 14:01:06 INFO Epoch 16 | Step 3040/5125 | Loss 0.2016 | LR 9.5822e-06
2026-03-02 14:01:58 INFO Epoch 16 | Step 3060/5125 | Loss 0.2016 | LR 9.5835e-06
2026-03-02 14:02:49 INFO Epoch 16 | Step 3080/5125 | Loss 0.2013 | LR 9.5848e-06
2026-03-02 14:03:41 INFO Epoch 16 | Step 3100/5125 | Loss 0.2017 | LR 9.5862e-06
2026-03-02 14:04:32 INFO Epoch 16 | Step 3120/5125 | Loss 0.2018 | LR 9.5875e-06
2026-03-02 14:05:23 INFO Epoch 16 | Step 3140/5125 | Loss 0.2021 | LR 9.5888e-06
2026-03-02 14:06:14 INFO Epoch 16 | Step 3160/5125 | Loss 0.2023 | LR 9.5902e-06
2026-03-02 14:07:06 INFO Epoch 16 | Step 3180/5125 | Loss 0.2022 | LR 9.5915e-06
2026-03-02 14:07:57 INFO Epoch 16 | Step 3200/5125 | Loss 0.2020 | LR 9.5928e-06
2026-03-02 14:08:49 INFO Epoch 16 | Step 3220/5125 | Loss 0.2022 | LR 9.5941e-06
2026-03-02 14:09:40 INFO Epoch 16 | Step 3240/5125 | Loss 0.2022 | LR 9.5954e-06
2026-03-02 14:10:31 INFO Epoch 16 | Step 3260/5125 | Loss 0.2018 | LR 9.5967e-06
2026-03-02 14:11:22 INFO Epoch 16 | Step 3280/5125 | Loss 0.2017 | LR 9.5980e-06
2026-03-02 14:12:14 INFO Epoch 16 | Step 3300/5125 | Loss 0.2017 | LR 9.5994e-06
2026-03-02 14:13:05 INFO Epoch 16 | Step 3320/5125 | Loss 0.2017 | LR 9.6007e-06
2026-03-02 14:13:56 INFO Epoch 16 | Step 3340/5125 | Loss 0.2016 | LR 9.6020e-06
2026-03-02 14:14:47 INFO Epoch 16 | Step 3360/5125 | Loss 0.2016 | LR 9.6033e-06
2026-03-02 14:15:39 INFO Epoch 16 | Step 3380/5125 | Loss 0.2016 | LR 9.6046e-06
2026-03-02 14:16:30 INFO Epoch 16 | Step 3400/5125 | Loss 0.2017 | LR 9.6059e-06
2026-03-02 14:17:21 INFO Epoch 16 | Step 3420/5125 | Loss 0.2017 | LR 9.6072e-06
2026-03-02 14:18:13 INFO Epoch 16 | Step 3440/5125 | Loss 0.2018 | LR 9.6085e-06
2026-03-02 14:19:04 INFO Epoch 16 | Step 3460/5125 | Loss 0.2020 | LR 9.6097e-06
2026-03-02 14:19:56 INFO Epoch 16 | Step 3480/5125 | Loss 0.2020 | LR 9.6110e-06
2026-03-02 14:20:47 INFO Epoch 16 | Step 3500/5125 | Loss 0.2019 | LR 9.6123e-06
2026-03-02 14:21:39 INFO Epoch 16 | Step 3520/5125 | Loss 0.2018 | LR 9.6136e-06
2026-03-02 14:22:31 INFO Epoch 16 | Step 3540/5125 | Loss 0.2017 | LR 9.6149e-06
2026-03-02 14:23:23 INFO Epoch 16 | Step 3560/5125 | Loss 0.2019 | LR 9.6162e-06
2026-03-02 14:24:15 INFO Epoch 16 | Step 3580/5125 | Loss 0.2019 | LR 9.6175e-06
2026-03-02 14:25:07 INFO Epoch 16 | Step 3600/5125 | Loss 0.2020 | LR 9.6187e-06
2026-03-02 14:25:59 INFO Epoch 16 | Step 3620/5125 | Loss 0.2022 | LR 9.6200e-06
2026-03-02 14:26:51 INFO Epoch 16 | Step 3640/5125 | Loss 0.2021 | LR 9.6213e-06
2026-03-02 14:27:42 INFO Epoch 16 | Step 3660/5125 | Loss 0.2024 | LR 9.6226e-06
2026-03-02 14:28:33 INFO Epoch 16 | Step 3680/5125 | Loss 0.2022 | LR 9.6238e-06
2026-03-02 14:29:25 INFO Epoch 16 | Step 3700/5125 | Loss 0.2021 | LR 9.6251e-06
2026-03-02 14:30:16 INFO Epoch 16 | Step 3720/5125 | Loss 0.2026 | LR 9.6264e-06
2026-03-02 14:31:07 INFO Epoch 16 | Step 3740/5125 | Loss 0.2029 | LR 9.6276e-06
2026-03-02 14:31:59 INFO Epoch 16 | Step 3760/5125 | Loss 0.2028 | LR 9.6289e-06
2026-03-02 14:32:50 INFO Epoch 16 | Step 3780/5125 | Loss 0.2028 | LR 9.6301e-06
2026-03-02 14:33:40 INFO Epoch 16 | Step 3800/5125 | Loss 0.2028 | LR 9.6314e-06
2026-03-02 14:34:31 INFO Epoch 16 | Step 3820/5125 | Loss 0.2025 | LR 9.6327e-06
2026-03-02 14:35:22 INFO Epoch 16 | Step 3840/5125 | Loss 0.2024 | LR 9.6339e-06
2026-03-02 14:36:13 INFO Epoch 16 | Step 3860/5125 | Loss 0.2024 | LR 9.6352e-06
2026-03-02 14:37:04 INFO Epoch 16 | Step 3880/5125 | Loss 0.2023 | LR 9.6364e-06
2026-03-02 14:37:55 INFO Epoch 16 | Step 3900/5125 | Loss 0.2026 | LR 9.6377e-06
2026-03-02 14:38:46 INFO Epoch 16 | Step 3920/5125 | Loss 0.2025 | LR 9.6389e-06
2026-03-02 14:39:37 INFO Epoch 16 | Step 3940/5125 | Loss 0.2027 | LR 9.6401e-06
2026-03-02 14:40:28 INFO Epoch 16 | Step 3960/5125 | Loss 0.2027 | LR 9.6414e-06
2026-03-02 14:41:19 INFO Epoch 16 | Step 3980/5125 | Loss 0.2026 | LR 9.6426e-06
2026-03-02 14:42:10 INFO Epoch 16 | Step 4000/5125 | Loss 0.2025 | LR 9.6439e-06
2026-03-02 14:43:01 INFO Epoch 16 | Step 4020/5125 | Loss 0.2025 | LR 9.6451e-06
2026-03-02 14:43:52 INFO Epoch 16 | Step 4040/5125 | Loss 0.2025 | LR 9.6463e-06
2026-03-02 14:44:43 INFO Epoch 16 | Step 4060/5125 | Loss 0.2028 | LR 9.6476e-06
2026-03-02 14:45:33 INFO Epoch 16 | Step 4080/5125 | Loss 0.2028 | LR 9.6488e-06
2026-03-02 14:46:25 INFO Epoch 16 | Step 4100/5125 | Loss 0.2029 | LR 9.6500e-06
2026-03-02 14:47:15 INFO Epoch 16 | Step 4120/5125 | Loss 0.2026 | LR 9.6512e-06
2026-03-02 14:48:06 INFO Epoch 16 | Step 4140/5125 | Loss 0.2026 | LR 9.6525e-06
2026-03-02 14:48:57 INFO Epoch 16 | Step 4160/5125 | Loss 0.2026 | LR 9.6537e-06
2026-03-02 14:49:48 INFO Epoch 16 | Step 4180/5125 | Loss 0.2026 | LR 9.6549e-06
2026-03-02 14:50:39 INFO Epoch 16 | Step 4200/5125 | Loss 0.2024 | LR 9.6561e-06
2026-03-02 14:51:30 INFO Epoch 16 | Step 4220/5125 | Loss 0.2023 | LR 9.6573e-06
2026-03-02 14:52:21 INFO Epoch 16 | Step 4240/5125 | Loss 0.2026 | LR 9.6585e-06
2026-03-02 14:53:12 INFO Epoch 16 | Step 4260/5125 | Loss 0.2023 | LR 9.6598e-06
2026-03-02 14:54:03 INFO Epoch 16 | Step 4280/5125 | Loss 0.2022 | LR 9.6610e-06
2026-03-02 14:54:54 INFO Epoch 16 | Step 4300/5125 | Loss 0.2023 | LR 9.6622e-06
2026-03-02 14:55:45 INFO Epoch 16 | Step 4320/5125 | Loss 0.2024 | LR 9.6634e-06
2026-03-02 14:56:36 INFO Epoch 16 | Step 4340/5125 | Loss 0.2023 | LR 9.6646e-06
2026-03-02 14:57:27 INFO Epoch 16 | Step 4360/5125 | Loss 0.2023 | LR 9.6658e-06
2026-03-02 14:58:18 INFO Epoch 16 | Step 4380/5125 | Loss 0.2022 | LR 9.6670e-06
2026-03-02 14:59:09 INFO Epoch 16 | Step 4400/5125 | Loss 0.2022 | LR 9.6682e-06
2026-03-02 15:00:00 INFO Epoch 16 | Step 4420/5125 | Loss 0.2021 | LR 9.6694e-06
2026-03-02 15:00:51 INFO Epoch 16 | Step 4440/5125 | Loss 0.2020 | LR 9.6705e-06
2026-03-02 15:01:42 INFO Epoch 16 | Step 4460/5125 | Loss 0.2018 | LR 9.6717e-06
2026-03-02 15:02:33 INFO Epoch 16 | Step 4480/5125 | Loss 0.2016 | LR 9.6729e-06
2026-03-02 15:03:24 INFO Epoch 16 | Step 4500/5125 | Loss 0.2015 | LR 9.6741e-06
2026-03-02 15:04:15 INFO Epoch 16 | Step 4520/5125 | Loss 0.2017 | LR 9.6753e-06
2026-03-02 15:05:06 INFO Epoch 16 | Step 4540/5125 | Loss 0.2016 | LR 9.6765e-06
2026-03-02 15:05:57 INFO Epoch 16 | Step 4560/5125 | Loss 0.2015 | LR 9.6776e-06
2026-03-02 15:06:48 INFO Epoch 16 | Step 4580/5125 | Loss 0.2014 | LR 9.6788e-06
2026-03-02 15:07:39 INFO Epoch 16 | Step 4600/5125 | Loss 0.2014 | LR 9.6800e-06
2026-03-02 15:08:30 INFO Epoch 16 | Step 4620/5125 | Loss 0.2015 | LR 9.6812e-06
2026-03-02 15:09:20 INFO Epoch 16 | Step 4640/5125 | Loss 0.2013 | LR 9.6823e-06
2026-03-02 15:10:12 INFO Epoch 16 | Step 4660/5125 | Loss 0.2016 | LR 9.6835e-06
2026-03-02 15:11:03 INFO Epoch 16 | Step 4680/5125 | Loss 0.2016 | LR 9.6847e-06
2026-03-02 15:11:54 INFO Epoch 16 | Step 4700/5125 | Loss 0.2017 | LR 9.6858e-06
2026-03-02 15:12:45 INFO Epoch 16 | Step 4720/5125 | Loss 0.2016 | LR 9.6870e-06
2026-03-02 15:13:35 INFO Epoch 16 | Step 4740/5125 | Loss 0.2015 | LR 9.6882e-06
2026-03-02 15:14:26 INFO Epoch 16 | Step 4760/5125 | Loss 0.2018 | LR 9.6893e-06
2026-03-02 15:15:17 INFO Epoch 16 | Step 4780/5125 | Loss 0.2018 | LR 9.6905e-06
2026-03-02 15:16:08 INFO Epoch 16 | Step 4800/5125 | Loss 0.2017 | LR 9.6916e-06
2026-03-02 15:16:58 INFO Epoch 16 | Step 4820/5125 | Loss 0.2015 | LR 9.6928e-06
2026-03-02 15:17:49 INFO Epoch 16 | Step 4840/5125 | Loss 0.2017 | LR 9.6939e-06
2026-03-02 15:18:40 INFO Epoch 16 | Step 4860/5125 | Loss 0.2019 | LR 9.6951e-06
2026-03-02 15:19:31 INFO Epoch 16 | Step 4880/5125 | Loss 0.2019 | LR 9.6962e-06
2026-03-02 15:20:22 INFO Epoch 16 | Step 4900/5125 | Loss 0.2020 | LR 9.6974e-06
2026-03-02 15:21:12 INFO Epoch 16 | Step 4920/5125 | Loss 0.2019 | LR 9.6985e-06
2026-03-02 15:22:03 INFO Epoch 16 | Step 4940/5125 | Loss 0.2018 | LR 9.6997e-06
2026-03-02 15:22:54 INFO Epoch 16 | Step 4960/5125 | Loss 0.2018 | LR 9.7008e-06
2026-03-02 15:23:45 INFO Epoch 16 | Step 4980/5125 | Loss 0.2016 | LR 9.7019e-06
2026-03-02 15:24:36 INFO Epoch 16 | Step 5000/5125 | Loss 0.2017 | LR 9.7031e-06
2026-03-02 15:25:26 INFO Epoch 16 | Step 5020/5125 | Loss 0.2017 | LR 9.7042e-06
2026-03-02 15:26:17 INFO Epoch 16 | Step 5040/5125 | Loss 0.2015 | LR 9.7053e-06
2026-03-02 15:27:08 INFO Epoch 16 | Step 5060/5125 | Loss 0.2015 | LR 9.7064e-06
2026-03-02 15:27:59 INFO Epoch 16 | Step 5080/5125 | Loss 0.2014 | LR 9.7076e-06
2026-03-02 15:28:50 INFO Epoch 16 | Step 5100/5125 | Loss 0.2014 | LR 9.7087e-06
2026-03-02 15:29:40 INFO Epoch 16 | Step 5120/5125 | Loss 0.2016 | LR 9.7098e-06
2026-03-02 15:29:53 INFO Epoch 16 | Step 5125/5125 | Loss 0.2017 | LR 9.7101e-06
2026-03-02 16:17:46 INFO CSV Written | Epoch: 16
2026-03-02 16:17:46 INFO Best Saved | Epoch: 16 | Monitor: val_auprc | Value: 0.8862
2026-03-02 16:17:46 INFO Epoch Done | Epoch: 16 | Time: 16031.5817 | Train Loss: 0.2017 | Val Accuracy: 0.9932 | Val AUPRC: 0.8862 | Val Auroc: 0.9904 | Val F1: 0.8340 | Val Loss: 0.2631
2026-03-02 16:17:46 INFO Epoch Start | Epoch: 17
2026-03-02 16:17:53 INFO Epoch 17 | Step 1/5125 | Loss 0.3108 | LR 9.7101e-06
2026-03-02 16:18:42 INFO Epoch 17 | Step 20/5125 | Loss 0.2229 | LR 9.7112e-06
2026-03-02 16:19:33 INFO Epoch 17 | Step 40/5125 | Loss 0.2127 | LR 9.7123e-06
2026-03-02 16:20:24 INFO Epoch 17 | Step 60/5125 | Loss 0.2210 | LR 9.7134e-06
2026-03-02 16:21:15 INFO Epoch 17 | Step 80/5125 | Loss 0.2243 | LR 9.7145e-06
2026-03-02 16:22:06 INFO Epoch 17 | Step 100/5125 | Loss 0.2180 | LR 9.7157e-06
2026-03-02 16:22:57 INFO Epoch 17 | Step 120/5125 | Loss 0.2167 | LR 9.7168e-06
2026-03-02 16:23:49 INFO Epoch 17 | Step 140/5125 | Loss 0.2217 | LR 9.7179e-06
2026-03-02 16:24:40 INFO Epoch 17 | Step 160/5125 | Loss 0.2151 | LR 9.7190e-06
2026-03-02 16:25:31 INFO Epoch 17 | Step 180/5125 | Loss 0.2119 | LR 9.7201e-06
2026-03-02 16:26:22 INFO Epoch 17 | Step 200/5125 | Loss 0.2089 | LR 9.7212e-06
2026-03-02 16:27:13 INFO Epoch 17 | Step 220/5125 | Loss 0.2092 | LR 9.7223e-06
2026-03-02 16:28:05 INFO Epoch 17 | Step 240/5125 | Loss 0.2065 | LR 9.7234e-06
2026-03-02 16:28:56 INFO Epoch 17 | Step 260/5125 | Loss 0.2058 | LR 9.7245e-06
2026-03-02 16:29:48 INFO Epoch 17 | Step 280/5125 | Loss 0.2064 | LR 9.7255e-06
2026-03-02 16:30:39 INFO Epoch 17 | Step 300/5125 | Loss 0.2060 | LR 9.7266e-06
2026-03-02 16:31:31 INFO Epoch 17 | Step 320/5125 | Loss 0.2068 | LR 9.7277e-06
2026-03-02 16:32:22 INFO Epoch 17 | Step 340/5125 | Loss 0.2073 | LR 9.7288e-06
2026-03-02 16:33:13 INFO Epoch 17 | Step 360/5125 | Loss 0.2066 | LR 9.7299e-06
2026-03-02 16:34:05 INFO Epoch 17 | Step 380/5125 | Loss 0.2051 | LR 9.7310e-06
2026-03-02 16:34:56 INFO Epoch 17 | Step 400/5125 | Loss 0.2031 | LR 9.7320e-06
2026-03-02 16:35:47 INFO Epoch 17 | Step 420/5125 | Loss 0.2024 | LR 9.7331e-06
2026-03-02 16:36:39 INFO Epoch 17 | Step 440/5125 | Loss 0.2015 | LR 9.7342e-06
2026-03-02 16:37:30 INFO Epoch 17 | Step 460/5125 | Loss 0.2020 | LR 9.7353e-06
2026-03-02 16:38:21 INFO Epoch 17 | Step 480/5125 | Loss 0.2019 | LR 9.7363e-06
2026-03-02 16:39:12 INFO Epoch 17 | Step 500/5125 | Loss 0.2008 | LR 9.7374e-06
2026-03-02 16:40:03 INFO Epoch 17 | Step 520/5125 | Loss 0.1990 | LR 9.7385e-06
2026-03-02 16:40:54 INFO Epoch 17 | Step 540/5125 | Loss 0.1981 | LR 9.7395e-06
2026-03-02 16:41:45 INFO Epoch 17 | Step 560/5125 | Loss 0.1965 | LR 9.7406e-06
2026-03-02 16:42:37 INFO Epoch 17 | Step 580/5125 | Loss 0.1975 | LR 9.7417e-06
2026-03-02 16:43:28 INFO Epoch 17 | Step 600/5125 | Loss 0.1977 | LR 9.7427e-06
2026-03-02 16:44:19 INFO Epoch 17 | Step 620/5125 | Loss 0.1986 | LR 9.7438e-06
2026-03-02 16:45:11 INFO Epoch 17 | Step 640/5125 | Loss 0.1985 | LR 9.7448e-06
2026-03-02 16:46:02 INFO Epoch 17 | Step 660/5125 | Loss 0.1982 | LR 9.7459e-06
2026-03-02 16:46:54 INFO Epoch 17 | Step 680/5125 | Loss 0.1975 | LR 9.7469e-06
2026-03-02 16:47:45 INFO Epoch 17 | Step 700/5125 | Loss 0.1977 | LR 9.7480e-06
2026-03-02 16:48:37 INFO Epoch 17 | Step 720/5125 | Loss 0.1981 | LR 9.7490e-06
2026-03-02 16:49:28 INFO Epoch 17 | Step 740/5125 | Loss 0.1989 | LR 9.7501e-06
2026-03-02 16:50:20 INFO Epoch 17 | Step 760/5125 | Loss 0.1986 | LR 9.7511e-06
2026-03-02 16:51:11 INFO Epoch 17 | Step 780/5125 | Loss 0.1991 | LR 9.7521e-06
2026-03-02 16:52:02 INFO Epoch 17 | Step 800/5125 | Loss 0.1993 | LR 9.7532e-06
2026-03-02 16:52:54 INFO Epoch 17 | Step 820/5125 | Loss 0.1994 | LR 9.7542e-06
2026-03-02 16:53:45 INFO Epoch 17 | Step 840/5125 | Loss 0.1995 | LR 9.7552e-06
2026-03-02 16:54:37 INFO Epoch 17 | Step 860/5125 | Loss 0.1998 | LR 9.7563e-06
2026-03-02 16:55:28 INFO Epoch 17 | Step 880/5125 | Loss 0.1995 | LR 9.7573e-06
2026-03-02 16:56:19 INFO Epoch 17 | Step 900/5125 | Loss 0.1997 | LR 9.7583e-06
2026-03-02 16:57:11 INFO Epoch 17 | Step 920/5125 | Loss 0.1991 | LR 9.7593e-06
2026-03-02 16:58:02 INFO Epoch 17 | Step 940/5125 | Loss 0.1993 | LR 9.7604e-06
2026-03-02 16:58:53 INFO Epoch 17 | Step 960/5125 | Loss 0.2001 | LR 9.7614e-06
2026-03-02 16:59:45 INFO Epoch 17 | Step 980/5125 | Loss 0.2004 | LR 9.7624e-06
2026-03-02 17:00:36 INFO Epoch 17 | Step 1000/5125 | Loss 0.2001 | LR 9.7634e-06
2026-03-02 17:01:27 INFO Epoch 17 | Step 1020/5125 | Loss 0.2000 | LR 9.7644e-06
2026-03-02 17:02:19 INFO Epoch 17 | Step 1040/5125 | Loss 0.1999 | LR 9.7654e-06
2026-03-02 17:03:10 INFO Epoch 17 | Step 1060/5125 | Loss 0.1990 | LR 9.7664e-06
2026-03-02 17:04:01 INFO Epoch 17 | Step 1080/5125 | Loss 0.1988 | LR 9.7674e-06
2026-03-02 17:04:52 INFO Epoch 17 | Step 1100/5125 | Loss 0.1989 | LR 9.7684e-06
2026-03-02 17:05:43 INFO Epoch 17 | Step 1120/5125 | Loss 0.1984 | LR 9.7695e-06
2026-03-02 17:06:35 INFO Epoch 17 | Step 1140/5125 | Loss 0.1979 | LR 9.7705e-06
2026-03-02 17:07:26 INFO Epoch 17 | Step 1160/5125 | Loss 0.1984 | LR 9.7714e-06
2026-03-02 17:08:17 INFO Epoch 17 | Step 1180/5125 | Loss 0.1985 | LR 9.7724e-06
2026-03-02 17:09:08 INFO Epoch 17 | Step 1200/5125 | Loss 0.1984 | LR 9.7734e-06
2026-03-02 17:10:00 INFO Epoch 17 | Step 1220/5125 | Loss 0.1973 | LR 9.7744e-06
2026-03-02 17:10:51 INFO Epoch 17 | Step 1240/5125 | Loss 0.1969 | LR 9.7754e-06
2026-03-02 17:11:42 INFO Epoch 17 | Step 1260/5125 | Loss 0.1962 | LR 9.7764e-06
2026-03-02 17:12:33 INFO Epoch 17 | Step 1280/5125 | Loss 0.1965 | LR 9.7774e-06
2026-03-02 17:13:24 INFO Epoch 17 | Step 1300/5125 | Loss 0.1967 | LR 9.7784e-06
2026-03-02 17:14:15 INFO Epoch 17 | Step 1320/5125 | Loss 0.1965 | LR 9.7794e-06
2026-03-02 17:15:07 INFO Epoch 17 | Step 1340/5125 | Loss 0.1968 | LR 9.7803e-06
2026-03-02 17:15:58 INFO Epoch 17 | Step 1360/5125 | Loss 0.1966 | LR 9.7813e-06
2026-03-02 17:16:49 INFO Epoch 17 | Step 1380/5125 | Loss 0.1969 | LR 9.7823e-06
2026-03-02 17:17:40 INFO Epoch 17 | Step 1400/5125 | Loss 0.1970 | LR 9.7833e-06
2026-03-02 17:18:31 INFO Epoch 17 | Step 1420/5125 | Loss 0.1966 | LR 9.7842e-06
2026-03-02 17:19:22 INFO Epoch 17 | Step 1440/5125 | Loss 0.1966 | LR 9.7852e-06
2026-03-02 17:20:13 INFO Epoch 17 | Step 1460/5125 | Loss 0.1961 | LR 9.7862e-06
2026-03-02 17:21:05 INFO Epoch 17 | Step 1480/5125 | Loss 0.1958 | LR 9.7871e-06
2026-03-02 17:21:56 INFO Epoch 17 | Step 1500/5125 | Loss 0.1953 | LR 9.7881e-06
2026-03-02 17:22:47 INFO Epoch 17 | Step 1520/5125 | Loss 0.1954 | LR 9.7890e-06
2026-03-02 17:23:38 INFO Epoch 17 | Step 1540/5125 | Loss 0.1954 | LR 9.7900e-06
2026-03-02 17:24:29 INFO Epoch 17 | Step 1560/5125 | Loss 0.1953 | LR 9.7910e-06
2026-03-02 17:25:20 INFO Epoch 17 | Step 1580/5125 | Loss 0.1950 | LR 9.7919e-06
2026-03-02 17:26:11 INFO Epoch 17 | Step 1600/5125 | Loss 0.1950 | LR 9.7929e-06
2026-03-02 17:27:03 INFO Epoch 17 | Step 1620/5125 | Loss 0.1953 | LR 9.7938e-06
2026-03-02 17:27:54 INFO Epoch 17 | Step 1640/5125 | Loss 0.1948 | LR 9.7948e-06
2026-03-02 17:28:45 INFO Epoch 17 | Step 1660/5125 | Loss 0.1944 | LR 9.7957e-06
2026-03-02 17:29:36 INFO Epoch 17 | Step 1680/5125 | Loss 0.1952 | LR 9.7966e-06
2026-03-02 17:30:27 INFO Epoch 17 | Step 1700/5125 | Loss 0.1954 | LR 9.7976e-06
2026-03-02 17:31:19 INFO Epoch 17 | Step 1720/5125 | Loss 0.1954 | LR 9.7985e-06
2026-03-02 17:32:10 INFO Epoch 17 | Step 1740/5125 | Loss 0.1953 | LR 9.7995e-06
2026-03-02 17:33:01 INFO Epoch 17 | Step 1760/5125 | Loss 0.1948 | LR 9.8004e-06
2026-03-02 17:33:52 INFO Epoch 17 | Step 1780/5125 | Loss 0.1952 | LR 9.8013e-06
2026-03-02 17:34:43 INFO Epoch 17 | Step 1800/5125 | Loss 0.1953 | LR 9.8023e-06
2026-03-02 17:35:34 INFO Epoch 17 | Step 1820/5125 | Loss 0.1950 | LR 9.8032e-06
2026-03-02 17:36:25 INFO Epoch 17 | Step 1840/5125 | Loss 0.1949 | LR 9.8041e-06
2026-03-02 17:37:16 INFO Epoch 17 | Step 1860/5125 | Loss 0.1947 | LR 9.8050e-06
2026-03-02 17:38:07 INFO Epoch 17 | Step 1880/5125 | Loss 0.1950 | LR 9.8060e-06
2026-03-02 17:38:58 INFO Epoch 17 | Step 1900/5125 | Loss 0.1954 | LR 9.8069e-06
2026-03-02 17:39:49 INFO Epoch 17 | Step 1920/5125 | Loss 0.1954 | LR 9.8078e-06
2026-03-02 17:40:40 INFO Epoch 17 | Step 1940/5125 | Loss 0.1954 | LR 9.8087e-06
2026-03-02 17:41:31 INFO Epoch 17 | Step 1960/5125 | Loss 0.1955 | LR 9.8096e-06
2026-03-02 17:42:22 INFO Epoch 17 | Step 1980/5125 | Loss 0.1955 | LR 9.8105e-06
2026-03-02 17:43:13 INFO Epoch 17 | Step 2000/5125 | Loss 0.1952 | LR 9.8114e-06
2026-03-02 17:44:04 INFO Epoch 17 | Step 2020/5125 | Loss 0.1952 | LR 9.8123e-06
2026-03-02 17:44:55 INFO Epoch 17 | Step 2040/5125 | Loss 0.1951 | LR 9.8132e-06
2026-03-02 17:45:46 INFO Epoch 17 | Step 2060/5125 | Loss 0.1958 | LR 9.8141e-06
2026-03-02 17:46:37 INFO Epoch 17 | Step 2080/5125 | Loss 0.1956 | LR 9.8150e-06
2026-03-02 17:47:28 INFO Epoch 17 | Step 2100/5125 | Loss 0.1958 | LR 9.8159e-06
2026-03-02 17:48:19 INFO Epoch 17 | Step 2120/5125 | Loss 0.1957 | LR 9.8168e-06
2026-03-02 17:49:10 INFO Epoch 17 | Step 2140/5125 | Loss 0.1957 | LR 9.8177e-06
2026-03-02 17:50:01 INFO Epoch 17 | Step 2160/5125 | Loss 0.1957 | LR 9.8186e-06
2026-03-02 17:50:52 INFO Epoch 17 | Step 2180/5125 | Loss 0.1960 | LR 9.8195e-06
2026-03-02 17:51:43 INFO Epoch 17 | Step 2200/5125 | Loss 0.1965 | LR 9.8204e-06
2026-03-02 17:52:35 INFO Epoch 17 | Step 2220/5125 | Loss 0.1963 | LR 9.8213e-06
2026-03-02 17:53:26 INFO Epoch 17 | Step 2240/5125 | Loss 0.1964 | LR 9.8222e-06
2026-03-02 17:54:17 INFO Epoch 17 | Step 2260/5125 | Loss 0.1963 | LR 9.8230e-06
2026-03-02 17:55:08 INFO Epoch 17 | Step 2280/5125 | Loss 0.1962 | LR 9.8239e-06
2026-03-02 17:55:59 INFO Epoch 17 | Step 2300/5125 | Loss 0.1962 | LR 9.8248e-06
2026-03-02 17:56:50 INFO Epoch 17 | Step 2320/5125 | Loss 0.1957 | LR 9.8257e-06
2026-03-02 17:57:41 INFO Epoch 17 | Step 2340/5125 | Loss 0.1956 | LR 9.8265e-06
2026-03-02 17:58:32 INFO Epoch 17 | Step 2360/5125 | Loss 0.1956 | LR 9.8274e-06
2026-03-02 17:59:24 INFO Epoch 17 | Step 2380/5125 | Loss 0.1954 | LR 9.8283e-06
2026-03-02 18:00:15 INFO Epoch 17 | Step 2400/5125 | Loss 0.1956 | LR 9.8291e-06
2026-03-02 18:01:06 INFO Epoch 17 | Step 2420/5125 | Loss 0.1956 | LR 9.8300e-06
2026-03-02 18:01:57 INFO Epoch 17 | Step 2440/5125 | Loss 0.1956 | LR 9.8309e-06
2026-03-02 18:02:48 INFO Epoch 17 | Step 2460/5125 | Loss 0.1959 | LR 9.8317e-06
2026-03-02 18:03:39 INFO Epoch 17 | Step 2480/5125 | Loss 0.1959 | LR 9.8326e-06
2026-03-02 18:04:31 INFO Epoch 17 | Step 2500/5125 | Loss 0.1961 | LR 9.8334e-06
2026-03-02 18:05:22 INFO Epoch 17 | Step 2520/5125 | Loss 0.1959 | LR 9.8343e-06
2026-03-02 18:06:13 INFO Epoch 17 | Step 2540/5125 | Loss 0.1962 | LR 9.8351e-06
2026-03-02 18:07:04 INFO Epoch 17 | Step 2560/5125 | Loss 0.1964 | LR 9.8360e-06
2026-03-02 18:07:56 INFO Epoch 17 | Step 2580/5125 | Loss 0.1964 | LR 9.8368e-06
2026-03-02 18:08:47 INFO Epoch 17 | Step 2600/5125 | Loss 0.1967 | LR 9.8377e-06
2026-03-02 18:09:39 INFO Epoch 17 | Step 2620/5125 | Loss 0.1967 | LR 9.8385e-06
2026-03-02 18:10:31 INFO Epoch 17 | Step 2640/5125 | Loss 0.1966 | LR 9.8394e-06
2026-03-02 18:11:23 INFO Epoch 17 | Step 2660/5125 | Loss 0.1965 | LR 9.8402e-06
2026-03-02 18:12:15 INFO Epoch 17 | Step 2680/5125 | Loss 0.1965 | LR 9.8410e-06
2026-03-02 18:13:06 INFO Epoch 17 | Step 2700/5125 | Loss 0.1966 | LR 9.8419e-06
2026-03-02 18:13:57 INFO Epoch 17 | Step 2720/5125 | Loss 0.1968 | LR 9.8427e-06
2026-03-02 18:14:49 INFO Epoch 17 | Step 2740/5125 | Loss 0.1968 | LR 9.8435e-06
2026-03-02 18:15:40 INFO Epoch 17 | Step 2760/5125 | Loss 0.1966 | LR 9.8444e-06
2026-03-02 18:16:31 INFO Epoch 17 | Step 2780/5125 | Loss 0.1968 | LR 9.8452e-06
2026-03-02 18:17:22 INFO Epoch 17 | Step 2800/5125 | Loss 0.1969 | LR 9.8460e-06
2026-03-02 18:18:13 INFO Epoch 17 | Step 2820/5125 | Loss 0.1966 | LR 9.8468e-06
2026-03-02 18:19:04 INFO Epoch 17 | Step 2840/5125 | Loss 0.1965 | LR 9.8476e-06
2026-03-02 18:19:55 INFO Epoch 17 | Step 2860/5125 | Loss 0.1966 | LR 9.8485e-06
2026-03-02 18:20:46 INFO Epoch 17 | Step 2880/5125 | Loss 0.1967 | LR 9.8493e-06
2026-03-02 18:21:37 INFO Epoch 17 | Step 2900/5125 | Loss 0.1964 | LR 9.8501e-06
2026-03-02 18:22:28 INFO Epoch 17 | Step 2920/5125 | Loss 0.1964 | LR 9.8509e-06
2026-03-02 18:23:19 INFO Epoch 17 | Step 2940/5125 | Loss 0.1965 | LR 9.8517e-06
2026-03-02 18:24:10 INFO Epoch 17 | Step 2960/5125 | Loss 0.1961 | LR 9.8525e-06
2026-03-02 18:25:01 INFO Epoch 17 | Step 2980/5125 | Loss 0.1960 | LR 9.8533e-06
2026-03-02 18:25:52 INFO Epoch 17 | Step 3000/5125 | Loss 0.1959 | LR 9.8541e-06
2026-03-02 18:26:42 INFO Epoch 17 | Step 3020/5125 | Loss 0.1959 | LR 9.8549e-06
2026-03-02 18:27:33 INFO Epoch 17 | Step 3040/5125 | Loss 0.1959 | LR 9.8557e-06
2026-03-02 18:28:24 INFO Epoch 17 | Step 3060/5125 | Loss 0.1956 | LR 9.8565e-06
2026-03-02 18:29:15 INFO Epoch 17 | Step 3080/5125 | Loss 0.1956 | LR 9.8573e-06
2026-03-02 18:30:06 INFO Epoch 17 | Step 3100/5125 | Loss 0.1956 | LR 9.8581e-06
2026-03-02 18:30:57 INFO Epoch 17 | Step 3120/5125 | Loss 0.1959 | LR 9.8589e-06
2026-03-02 18:31:48 INFO Epoch 17 | Step 3140/5125 | Loss 0.1957 | LR 9.8597e-06
2026-03-02 18:32:39 INFO Epoch 17 | Step 3160/5125 | Loss 0.1956 | LR 9.8604e-06
2026-03-02 18:33:30 INFO Epoch 17 | Step 3180/5125 | Loss 0.1957 | LR 9.8612e-06
2026-03-02 18:34:21 INFO Epoch 17 | Step 3200/5125 | Loss 0.1956 | LR 9.8620e-06
2026-03-02 18:35:11 INFO Epoch 17 | Step 3220/5125 | Loss 0.1958 | LR 9.8628e-06
2026-03-02 18:36:02 INFO Epoch 17 | Step 3240/5125 | Loss 0.1958 | LR 9.8636e-06
2026-03-02 18:36:53 INFO Epoch 17 | Step 3260/5125 | Loss 0.1955 | LR 9.8643e-06
2026-03-02 18:37:44 INFO Epoch 17 | Step 3280/5125 | Loss 0.1956 | LR 9.8651e-06
2026-03-02 18:38:35 INFO Epoch 17 | Step 3300/5125 | Loss 0.1956 | LR 9.8659e-06
2026-03-02 18:39:26 INFO Epoch 17 | Step 3320/5125 | Loss 0.1959 | LR 9.8666e-06
2026-03-02 18:40:17 INFO Epoch 17 | Step 3340/5125 | Loss 0.1963 | LR 9.8674e-06
2026-03-02 18:41:08 INFO Epoch 17 | Step 3360/5125 | Loss 0.1961 | LR 9.8682e-06
2026-03-02 18:41:59 INFO Epoch 17 | Step 3380/5125 | Loss 0.1962 | LR 9.8689e-06
2026-03-02 18:42:50 INFO Epoch 17 | Step 3400/5125 | Loss 0.1960 | LR 9.8697e-06
2026-03-02 18:43:41 INFO Epoch 17 | Step 3420/5125 | Loss 0.1959 | LR 9.8704e-06
2026-03-02 18:44:32 INFO Epoch 17 | Step 3440/5125 | Loss 0.1956 | LR 9.8712e-06
2026-03-02 18:45:23 INFO Epoch 17 | Step 3460/5125 | Loss 0.1957 | LR 9.8719e-06
2026-03-02 18:46:14 INFO Epoch 17 | Step 3480/5125 | Loss 0.1959 | LR 9.8727e-06
2026-03-02 18:47:05 INFO Epoch 17 | Step 3500/5125 | Loss 0.1959 | LR 9.8734e-06
2026-03-02 18:47:56 INFO Epoch 17 | Step 3520/5125 | Loss 0.1957 | LR 9.8742e-06
2026-03-02 18:48:46 INFO Epoch 17 | Step 3540/5125 | Loss 0.1955 | LR 9.8749e-06
2026-03-02 18:49:37 INFO Epoch 17 | Step 3560/5125 | Loss 0.1956 | LR 9.8757e-06
2026-03-02 18:50:28 INFO Epoch 17 | Step 3580/5125 | Loss 0.1954 | LR 9.8764e-06
2026-03-02 18:51:20 INFO Epoch 17 | Step 3600/5125 | Loss 0.1951 | LR 9.8771e-06
2026-03-02 18:52:11 INFO Epoch 17 | Step 3620/5125 | Loss 0.1950 | LR 9.8779e-06
2026-03-02 18:53:01 INFO Epoch 17 | Step 3640/5125 | Loss 0.1949 | LR 9.8786e-06
2026-03-02 18:53:52 INFO Epoch 17 | Step 3660/5125 | Loss 0.1948 | LR 9.8793e-06
2026-03-02 18:54:43 INFO Epoch 17 | Step 3680/5125 | Loss 0.1949 | LR 9.8801e-06
2026-03-02 18:55:34 INFO Epoch 17 | Step 3700/5125 | Loss 0.1948 | LR 9.8808e-06
2026-03-02 18:56:25 INFO Epoch 17 | Step 3720/5125 | Loss 0.1951 | LR 9.8815e-06
2026-03-02 18:57:16 INFO Epoch 17 | Step 3740/5125 | Loss 0.1952 | LR 9.8822e-06
2026-03-02 18:58:07 INFO Epoch 17 | Step 3760/5125 | Loss 0.1951 | LR 9.8829e-06
2026-03-02 18:58:58 INFO Epoch 17 | Step 3780/5125 | Loss 0.1952 | LR 9.8837e-06
2026-03-02 18:59:49 INFO Epoch 17 | Step 3800/5125 | Loss 0.1952 | LR 9.8844e-06
2026-03-02 19:00:40 INFO Epoch 17 | Step 3820/5125 | Loss 0.1951 | LR 9.8851e-06
2026-03-02 19:01:31 INFO Epoch 17 | Step 3840/5125 | Loss 0.1952 | LR 9.8858e-06
2026-03-02 19:02:22 INFO Epoch 17 | Step 3860/5125 | Loss 0.1954 | LR 9.8865e-06
2026-03-02 19:03:14 INFO Epoch 17 | Step 3880/5125 | Loss 0.1954 | LR 9.8872e-06
2026-03-02 19:04:05 INFO Epoch 17 | Step 3900/5125 | Loss 0.1954 | LR 9.8879e-06
2026-03-02 19:04:56 INFO Epoch 17 | Step 3920/5125 | Loss 0.1952 | LR 9.8886e-06
2026-03-02 19:05:47 INFO Epoch 17 | Step 3940/5125 | Loss 0.1948 | LR 9.8893e-06
2026-03-02 19:06:38 INFO Epoch 17 | Step 3960/5125 | Loss 0.1951 | LR 9.8900e-06
2026-03-02 19:07:29 INFO Epoch 17 | Step 3980/5125 | Loss 0.1954 | LR 9.8907e-06
2026-03-02 19:08:20 INFO Epoch 17 | Step 4000/5125 | Loss 0.1952 | LR 9.8914e-06
2026-03-02 19:09:11 INFO Epoch 17 | Step 4020/5125 | Loss 0.1952 | LR 9.8921e-06
2026-03-02 19:10:02 INFO Epoch 17 | Step 4040/5125 | Loss 0.1953 | LR 9.8928e-06
2026-03-02 19:10:53 INFO Epoch 17 | Step 4060/5125 | Loss 0.1951 | LR 9.8935e-06
2026-03-02 19:11:44 INFO Epoch 17 | Step 4080/5125 | Loss 0.1951 | LR 9.8941e-06
2026-03-02 19:12:35 INFO Epoch 17 | Step 4100/5125 | Loss 0.1951 | LR 9.8948e-06
2026-03-02 19:13:26 INFO Epoch 17 | Step 4120/5125 | Loss 0.1949 | LR 9.8955e-06
2026-03-02 19:14:18 INFO Epoch 17 | Step 4140/5125 | Loss 0.1949 | LR 9.8962e-06
2026-03-02 19:15:09 INFO Epoch 17 | Step 4160/5125 | Loss 0.1949 | LR 9.8969e-06
2026-03-02 19:16:00 INFO Epoch 17 | Step 4180/5125 | Loss 0.1953 | LR 9.8975e-06
2026-03-02 19:16:51 INFO Epoch 17 | Step 4200/5125 | Loss 0.1951 | LR 9.8982e-06
2026-03-02 19:17:42 INFO Epoch 17 | Step 4220/5125 | Loss 0.1950 | LR 9.8989e-06
2026-03-02 19:18:33 INFO Epoch 17 | Step 4240/5125 | Loss 0.1948 | LR 9.8995e-06
2026-03-02 19:19:24 INFO Epoch 17 | Step 4260/5125 | Loss 0.1951 | LR 9.9002e-06
2026-03-02 19:20:15 INFO Epoch 17 | Step 4280/5125 | Loss 0.1949 | LR 9.9009e-06
2026-03-02 19:21:06 INFO Epoch 17 | Step 4300/5125 | Loss 0.1949 | LR 9.9015e-06
2026-03-02 19:21:57 INFO Epoch 17 | Step 4320/5125 | Loss 0.1948 | LR 9.9022e-06
2026-03-02 19:22:49 INFO Epoch 17 | Step 4340/5125 | Loss 0.1948 | LR 9.9028e-06
2026-03-02 19:23:40 INFO Epoch 17 | Step 4360/5125 | Loss 0.1948 | LR 9.9035e-06
2026-03-02 19:24:30 INFO Epoch 17 | Step 4380/5125 | Loss 0.1948 | LR 9.9041e-06
2026-03-02 19:25:21 INFO Epoch 17 | Step 4400/5125 | Loss 0.1951 | LR 9.9048e-06
2026-03-02 19:26:12 INFO Epoch 17 | Step 4420/5125 | Loss 0.1951 | LR 9.9054e-06
2026-03-02 19:27:03 INFO Epoch 17 | Step 4440/5125 | Loss 0.1952 | LR 9.9061e-06
2026-03-02 19:27:54 INFO Epoch 17 | Step 4460/5125 | Loss 0.1952 | LR 9.9067e-06
2026-03-02 19:28:45 INFO Epoch 17 | Step 4480/5125 | Loss 0.1952 | LR 9.9074e-06
2026-03-02 19:29:36 INFO Epoch 17 | Step 4500/5125 | Loss 0.1953 | LR 9.9080e-06
2026-03-02 19:30:27 INFO Epoch 17 | Step 4520/5125 | Loss 0.1954 | LR 9.9086e-06
2026-03-02 19:31:18 INFO Epoch 17 | Step 4540/5125 | Loss 0.1954 | LR 9.9093e-06
2026-03-02 19:32:09 INFO Epoch 17 | Step 4560/5125 | Loss 0.1955 | LR 9.9099e-06
2026-03-02 19:33:01 INFO Epoch 17 | Step 4580/5125 | Loss 0.1954 | LR 9.9105e-06
2026-03-02 19:33:52 INFO Epoch 17 | Step 4600/5125 | Loss 0.1954 | LR 9.9112e-06
2026-03-02 19:34:43 INFO Epoch 17 | Step 4620/5125 | Loss 0.1953 | LR 9.9118e-06
2026-03-02 19:35:34 INFO Epoch 17 | Step 4640/5125 | Loss 0.1953 | LR 9.9124e-06
2026-03-02 19:36:26 INFO Epoch 17 | Step 4660/5125 | Loss 0.1954 | LR 9.9130e-06
2026-03-02 19:37:17 INFO Epoch 17 | Step 4680/5125 | Loss 0.1954 | LR 9.9136e-06
2026-03-02 19:38:08 INFO Epoch 17 | Step 4700/5125 | Loss 0.1956 | LR 9.9143e-06
2026-03-02 19:38:59 INFO Epoch 17 | Step 4720/5125 | Loss 0.1956 | LR 9.9149e-06
2026-03-02 19:39:50 INFO Epoch 17 | Step 4740/5125 | Loss 0.1959 | LR 9.9155e-06
2026-03-02 19:40:41 INFO Epoch 17 | Step 4760/5125 | Loss 0.1959 | LR 9.9161e-06
2026-03-02 19:41:32 INFO Epoch 17 | Step 4780/5125 | Loss 0.1958 | LR 9.9167e-06
2026-03-02 19:42:23 INFO Epoch 17 | Step 4800/5125 | Loss 0.1958 | LR 9.9173e-06
2026-03-02 19:43:14 INFO Epoch 17 | Step 4820/5125 | Loss 0.1960 | LR 9.9179e-06
2026-03-02 19:44:05 INFO Epoch 17 | Step 4840/5125 | Loss 0.1959 | LR 9.9185e-06
2026-03-02 19:44:56 INFO Epoch 17 | Step 4860/5125 | Loss 0.1959 | LR 9.9191e-06
2026-03-02 19:45:47 INFO Epoch 17 | Step 4880/5125 | Loss 0.1958 | LR 9.9197e-06
2026-03-02 19:46:38 INFO Epoch 17 | Step 4900/5125 | Loss 0.1957 | LR 9.9203e-06
2026-03-02 19:47:29 INFO Epoch 17 | Step 4920/5125 | Loss 0.1956 | LR 9.9209e-06
2026-03-02 19:48:20 INFO Epoch 17 | Step 4940/5125 | Loss 0.1956 | LR 9.9215e-06
2026-03-02 19:49:11 INFO Epoch 17 | Step 4960/5125 | Loss 0.1957 | LR 9.9221e-06
2026-03-02 19:50:02 INFO Epoch 17 | Step 4980/5125 | Loss 0.1955 | LR 9.9227e-06
2026-03-02 19:50:53 INFO Epoch 17 | Step 5000/5125 | Loss 0.1955 | LR 9.9232e-06
2026-03-02 19:51:44 INFO Epoch 17 | Step 5020/5125 | Loss 0.1955 | LR 9.9238e-06
2026-03-02 19:52:35 INFO Epoch 17 | Step 5040/5125 | Loss 0.1954 | LR 9.9244e-06
2026-03-02 19:53:25 INFO Epoch 17 | Step 5060/5125 | Loss 0.1954 | LR 9.9250e-06
2026-03-02 19:54:16 INFO Epoch 17 | Step 5080/5125 | Loss 0.1954 | LR 9.9256e-06
2026-03-02 19:55:08 INFO Epoch 17 | Step 5100/5125 | Loss 0.1953 | LR 9.9261e-06
2026-03-02 19:55:58 INFO Epoch 17 | Step 5120/5125 | Loss 0.1954 | LR 9.9267e-06
2026-03-02 19:56:11 INFO Epoch 17 | Step 5125/5125 | Loss 0.1954 | LR 9.9268e-06
2026-03-02 20:44:04 INFO CSV Written | Epoch: 17
2026-03-02 20:44:04 INFO Best Saved | Epoch: 17 | Monitor: val_auprc | Value: 0.8891
2026-03-02 20:44:04 INFO Epoch Done | Epoch: 17 | Time: 15977.2991 | Train Loss: 0.1954 | Val Accuracy: 0.9933 | Val AUPRC: 0.8891 | Val Auroc: 0.9906 | Val F1: 0.8372 | Val Loss: 0.2659
2026-03-02 20:44:04 INFO Epoch Start | Epoch: 18
2026-03-02 20:44:12 INFO Epoch 18 | Step 1/5125 | Loss 0.0610 | LR 9.9269e-06
2026-03-02 20:45:00 INFO Epoch 18 | Step 20/5125 | Loss 0.2052 | LR 9.9274e-06
2026-03-02 20:45:51 INFO Epoch 18 | Step 40/5125 | Loss 0.2128 | LR 9.9280e-06
2026-03-02 20:46:43 INFO Epoch 18 | Step 60/5125 | Loss 0.2162 | LR 9.9285e-06
2026-03-02 20:47:34 INFO Epoch 18 | Step 80/5125 | Loss 0.2038 | LR 9.9291e-06
2026-03-02 20:48:25 INFO Epoch 18 | Step 100/5125 | Loss 0.2073 | LR 9.9297e-06
2026-03-02 20:49:16 INFO Epoch 18 | Step 120/5125 | Loss 0.2042 | LR 9.9302e-06
2026-03-02 20:50:08 INFO Epoch 18 | Step 140/5125 | Loss 0.1972 | LR 9.9308e-06
2026-03-02 20:50:59 INFO Epoch 18 | Step 160/5125 | Loss 0.1977 | LR 9.9313e-06
2026-03-02 20:51:50 INFO Epoch 18 | Step 180/5125 | Loss 0.1976 | LR 9.9319e-06
2026-03-02 20:52:42 INFO Epoch 18 | Step 200/5125 | Loss 0.1978 | LR 9.9324e-06
2026-03-02 20:53:33 INFO Epoch 18 | Step 220/5125 | Loss 0.1971 | LR 9.9330e-06
2026-03-02 20:54:25 INFO Epoch 18 | Step 240/5125 | Loss 0.1960 | LR 9.9335e-06
2026-03-02 20:55:16 INFO Epoch 18 | Step 260/5125 | Loss 0.1974 | LR 9.9340e-06
2026-03-02 20:56:07 INFO Epoch 18 | Step 280/5125 | Loss 0.1981 | LR 9.9346e-06
2026-03-02 20:56:58 INFO Epoch 18 | Step 300/5125 | Loss 0.1982 | LR 9.9351e-06
2026-03-02 20:57:50 INFO Epoch 18 | Step 320/5125 | Loss 0.1972 | LR 9.9357e-06
2026-03-02 20:58:41 INFO Epoch 18 | Step 340/5125 | Loss 0.1977 | LR 9.9362e-06
2026-03-02 20:59:33 INFO Epoch 18 | Step 360/5125 | Loss 0.1963 | LR 9.9367e-06
2026-03-02 21:00:24 INFO Epoch 18 | Step 380/5125 | Loss 0.1984 | LR 9.9372e-06
2026-03-02 21:01:15 INFO Epoch 18 | Step 400/5125 | Loss 0.1974 | LR 9.9378e-06
2026-03-02 21:02:06 INFO Epoch 18 | Step 420/5125 | Loss 0.1976 | LR 9.9383e-06
2026-03-02 21:02:58 INFO Epoch 18 | Step 440/5125 | Loss 0.1961 | LR 9.9388e-06
2026-03-02 21:03:49 INFO Epoch 18 | Step 460/5125 | Loss 0.1977 | LR 9.9393e-06
2026-03-02 21:04:40 INFO Epoch 18 | Step 480/5125 | Loss 0.1966 | LR 9.9399e-06
2026-03-02 21:05:31 INFO Epoch 18 | Step 500/5125 | Loss 0.1953 | LR 9.9404e-06
2026-03-02 21:06:23 INFO Epoch 18 | Step 520/5125 | Loss 0.1949 | LR 9.9409e-06
2026-03-02 21:07:14 INFO Epoch 18 | Step 540/5125 | Loss 0.1941 | LR 9.9414e-06
2026-03-02 21:08:06 INFO Epoch 18 | Step 560/5125 | Loss 0.1941 | LR 9.9419e-06
2026-03-02 21:08:57 INFO Epoch 18 | Step 580/5125 | Loss 0.1936 | LR 9.9424e-06
2026-03-02 21:09:48 INFO Epoch 18 | Step 600/5125 | Loss 0.1938 | LR 9.9429e-06
2026-03-02 21:10:40 INFO Epoch 18 | Step 620/5125 | Loss 0.1953 | LR 9.9434e-06
2026-03-02 21:11:31 INFO Epoch 18 | Step 640/5125 | Loss 0.1957 | LR 9.9439e-06
2026-03-02 21:12:23 INFO Epoch 18 | Step 660/5125 | Loss 0.1965 | LR 9.9444e-06
2026-03-02 21:13:14 INFO Epoch 18 | Step 680/5125 | Loss 0.1958 | LR 9.9449e-06
2026-03-02 21:14:06 INFO Epoch 18 | Step 700/5125 | Loss 0.1942 | LR 9.9454e-06
2026-03-02 21:14:57 INFO Epoch 18 | Step 720/5125 | Loss 0.1921 | LR 9.9459e-06
2026-03-02 21:15:48 INFO Epoch 18 | Step 740/5125 | Loss 0.1922 | LR 9.9464e-06
2026-03-02 21:16:40 INFO Epoch 18 | Step 760/5125 | Loss 0.1924 | LR 9.9469e-06
2026-03-02 21:17:31 INFO Epoch 18 | Step 780/5125 | Loss 0.1926 | LR 9.9473e-06
2026-03-02 21:18:22 INFO Epoch 18 | Step 800/5125 | Loss 0.1917 | LR 9.9478e-06
2026-03-02 21:19:14 INFO Epoch 18 | Step 820/5125 | Loss 0.1925 | LR 9.9483e-06
2026-03-02 21:20:05 INFO Epoch 18 | Step 840/5125 | Loss 0.1922 | LR 9.9488e-06
2026-03-02 21:20:56 INFO Epoch 18 | Step 860/5125 | Loss 0.1922 | LR 9.9493e-06
2026-03-02 21:21:48 INFO Epoch 18 | Step 880/5125 | Loss 0.1919 | LR 9.9497e-06
2026-03-02 21:22:39 INFO Epoch 18 | Step 900/5125 | Loss 0.1918 | LR 9.9502e-06
2026-03-02 21:23:30 INFO Epoch 18 | Step 920/5125 | Loss 0.1918 | LR 9.9507e-06
2026-03-02 21:24:21 INFO Epoch 18 | Step 940/5125 | Loss 0.1913 | LR 9.9511e-06
2026-03-02 21:25:12 INFO Epoch 18 | Step 960/5125 | Loss 0.1908 | LR 9.9516e-06
2026-03-02 21:26:04 INFO Epoch 18 | Step 980/5125 | Loss 0.1903 | LR 9.9521e-06
2026-03-02 21:26:55 INFO Epoch 18 | Step 1000/5125 | Loss 0.1912 | LR 9.9525e-06
2026-03-02 21:27:46 INFO Epoch 18 | Step 1020/5125 | Loss 0.1913 | LR 9.9530e-06
2026-03-02 21:28:37 INFO Epoch 18 | Step 1040/5125 | Loss 0.1908 | LR 9.9534e-06
2026-03-02 21:29:28 INFO Epoch 18 | Step 1060/5125 | Loss 0.1909 | LR 9.9539e-06
2026-03-02 21:30:20 INFO Epoch 18 | Step 1080/5125 | Loss 0.1911 | LR 9.9543e-06
2026-03-02 21:31:11 INFO Epoch 18 | Step 1100/5125 | Loss 0.1916 | LR 9.9548e-06
2026-03-02 21:32:02 INFO Epoch 18 | Step 1120/5125 | Loss 0.1912 | LR 9.9552e-06
2026-03-02 21:32:53 INFO Epoch 18 | Step 1140/5125 | Loss 0.1913 | LR 9.9557e-06
2026-03-02 21:33:44 INFO Epoch 18 | Step 1160/5125 | Loss 0.1913 | LR 9.9561e-06
2026-03-02 21:34:36 INFO Epoch 18 | Step 1180/5125 | Loss 0.1915 | LR 9.9566e-06
2026-03-02 21:35:27 INFO Epoch 18 | Step 1200/5125 | Loss 0.1912 | LR 9.9570e-06
2026-03-02 21:36:18 INFO Epoch 18 | Step 1220/5125 | Loss 0.1908 | LR 9.9574e-06
2026-03-02 21:37:09 INFO Epoch 18 | Step 1240/5125 | Loss 0.1914 | LR 9.9579e-06
2026-03-02 21:38:00 INFO Epoch 18 | Step 1260/5125 | Loss 0.1913 | LR 9.9583e-06
2026-03-02 21:38:51 INFO Epoch 18 | Step 1280/5125 | Loss 0.1904 | LR 9.9587e-06
2026-03-02 21:39:43 INFO Epoch 18 | Step 1300/5125 | Loss 0.1910 | LR 9.9592e-06
2026-03-02 21:40:34 INFO Epoch 18 | Step 1320/5125 | Loss 0.1903 | LR 9.9596e-06
2026-03-02 21:41:25 INFO Epoch 18 | Step 1340/5125 | Loss 0.1907 | LR 9.9600e-06
2026-03-02 21:42:16 INFO Epoch 18 | Step 1360/5125 | Loss 0.1900 | LR 9.9604e-06
2026-03-02 21:43:08 INFO Epoch 18 | Step 1380/5125 | Loss 0.1904 | LR 9.9608e-06
2026-03-02 21:43:59 INFO Epoch 18 | Step 1400/5125 | Loss 0.1903 | LR 9.9613e-06
2026-03-02 21:44:50 INFO Epoch 18 | Step 1420/5125 | Loss 0.1905 | LR 9.9617e-06
2026-03-02 21:45:41 INFO Epoch 18 | Step 1440/5125 | Loss 0.1902 | LR 9.9621e-06
2026-03-02 21:46:33 INFO Epoch 18 | Step 1460/5125 | Loss 0.1903 | LR 9.9625e-06
2026-03-02 21:47:24 INFO Epoch 18 | Step 1480/5125 | Loss 0.1903 | LR 9.9629e-06
2026-03-02 21:48:15 INFO Epoch 18 | Step 1500/5125 | Loss 0.1903 | LR 9.9633e-06
2026-03-02 21:49:06 INFO Epoch 18 | Step 1520/5125 | Loss 0.1904 | LR 9.9637e-06
2026-03-02 21:49:57 INFO Epoch 18 | Step 1540/5125 | Loss 0.1907 | LR 9.9641e-06
2026-03-02 21:50:49 INFO Epoch 18 | Step 1560/5125 | Loss 0.1911 | LR 9.9645e-06
2026-03-02 21:51:40 INFO Epoch 18 | Step 1580/5125 | Loss 0.1913 | LR 9.9649e-06
2026-03-02 21:52:31 INFO Epoch 18 | Step 1600/5125 | Loss 0.1923 | LR 9.9653e-06
2026-03-02 21:53:22 INFO Epoch 18 | Step 1620/5125 | Loss 0.1921 | LR 9.9657e-06
2026-03-02 21:54:14 INFO Epoch 18 | Step 1640/5125 | Loss 0.1920 | LR 9.9661e-06
2026-03-02 21:55:05 INFO Epoch 18 | Step 1660/5125 | Loss 0.1924 | LR 9.9665e-06
2026-03-02 21:55:56 INFO Epoch 18 | Step 1680/5125 | Loss 0.1924 | LR 9.9668e-06
2026-03-02 21:56:47 INFO Epoch 18 | Step 1700/5125 | Loss 0.1919 | LR 9.9672e-06
2026-03-02 21:57:38 INFO Epoch 18 | Step 1720/5125 | Loss 0.1919 | LR 9.9676e-06
2026-03-02 21:58:29 INFO Epoch 18 | Step 1740/5125 | Loss 0.1920 | LR 9.9680e-06
2026-03-02 21:59:21 INFO Epoch 18 | Step 1760/5125 | Loss 0.1917 | LR 9.9684e-06
2026-03-02 22:00:12 INFO Epoch 18 | Step 1780/5125 | Loss 0.1916 | LR 9.9687e-06
2026-03-02 22:01:04 INFO Epoch 18 | Step 1800/5125 | Loss 0.1915 | LR 9.9691e-06
2026-03-02 22:01:56 INFO Epoch 18 | Step 1820/5125 | Loss 0.1912 | LR 9.9695e-06
2026-03-02 22:02:48 INFO Epoch 18 | Step 1840/5125 | Loss 0.1913 | LR 9.9698e-06
2026-03-02 22:03:39 INFO Epoch 18 | Step 1860/5125 | Loss 0.1914 | LR 9.9702e-06
2026-03-02 22:04:31 INFO Epoch 18 | Step 1880/5125 | Loss 0.1908 | LR 9.9706e-06
2026-03-02 22:05:23 INFO Epoch 18 | Step 1900/5125 | Loss 0.1908 | LR 9.9709e-06
2026-03-02 22:06:14 INFO Epoch 18 | Step 1920/5125 | Loss 0.1904 | LR 9.9713e-06
2026-03-02 22:07:06 INFO Epoch 18 | Step 1940/5125 | Loss 0.1904 | LR 9.9716e-06
2026-03-02 22:07:57 INFO Epoch 18 | Step 1960/5125 | Loss 0.1901 | LR 9.9720e-06
2026-03-02 22:08:49 INFO Epoch 18 | Step 1980/5125 | Loss 0.1908 | LR 9.9723e-06
2026-03-02 22:09:40 INFO Epoch 18 | Step 2000/5125 | Loss 0.1903 | LR 9.9727e-06
2026-03-02 22:10:32 INFO Epoch 18 | Step 2020/5125 | Loss 0.1901 | LR 9.9730e-06
2026-03-02 22:11:23 INFO Epoch 18 | Step 2040/5125 | Loss 0.1899 | LR 9.9734e-06
2026-03-02 22:12:15 INFO Epoch 18 | Step 2060/5125 | Loss 0.1906 | LR 9.9737e-06
2026-03-02 22:13:06 INFO Epoch 18 | Step 2080/5125 | Loss 0.1907 | LR 9.9741e-06
2026-03-02 22:13:58 INFO Epoch 18 | Step 2100/5125 | Loss 0.1911 | LR 9.9744e-06
2026-03-02 22:14:49 INFO Epoch 18 | Step 2120/5125 | Loss 0.1910 | LR 9.9747e-06
2026-03-02 22:15:41 INFO Epoch 18 | Step 2140/5125 | Loss 0.1912 | LR 9.9751e-06
2026-03-02 22:16:33 INFO Epoch 18 | Step 2160/5125 | Loss 0.1921 | LR 9.9754e-06
2026-03-02 22:17:24 INFO Epoch 18 | Step 2180/5125 | Loss 0.1920 | LR 9.9757e-06
2026-03-02 22:18:16 INFO Epoch 18 | Step 2200/5125 | Loss 0.1921 | LR 9.9761e-06
2026-03-02 22:19:07 INFO Epoch 18 | Step 2220/5125 | Loss 0.1920 | LR 9.9764e-06
2026-03-02 22:19:59 INFO Epoch 18 | Step 2240/5125 | Loss 0.1923 | LR 9.9767e-06
2026-03-02 22:20:50 INFO Epoch 18 | Step 2260/5125 | Loss 0.1923 | LR 9.9770e-06
2026-03-02 22:21:42 INFO Epoch 18 | Step 2280/5125 | Loss 0.1922 | LR 9.9774e-06
2026-03-02 22:22:34 INFO Epoch 18 | Step 2300/5125 | Loss 0.1925 | LR 9.9777e-06
2026-03-02 22:23:25 INFO Epoch 18 | Step 2320/5125 | Loss 0.1927 | LR 9.9780e-06
2026-03-02 22:24:17 INFO Epoch 18 | Step 2340/5125 | Loss 0.1927 | LR 9.9783e-06
2026-03-02 22:25:08 INFO Epoch 18 | Step 2360/5125 | Loss 0.1927 | LR 9.9786e-06
2026-03-02 22:26:00 INFO Epoch 18 | Step 2380/5125 | Loss 0.1926 | LR 9.9789e-06
2026-03-02 22:26:51 INFO Epoch 18 | Step 2400/5125 | Loss 0.1926 | LR 9.9792e-06
2026-03-02 22:27:43 INFO Epoch 18 | Step 2420/5125 | Loss 0.1923 | LR 9.9795e-06
2026-03-02 22:28:34 INFO Epoch 18 | Step 2440/5125 | Loss 0.1926 | LR 9.9798e-06
2026-03-02 22:29:26 INFO Epoch 18 | Step 2460/5125 | Loss 0.1927 | LR 9.9801e-06
2026-03-02 22:30:17 INFO Epoch 18 | Step 2480/5125 | Loss 0.1926 | LR 9.9804e-06
2026-03-02 22:31:09 INFO Epoch 18 | Step 2500/5125 | Loss 0.1929 | LR 9.9807e-06
2026-03-02 22:32:00 INFO Epoch 18 | Step 2520/5125 | Loss 0.1928 | LR 9.9810e-06
2026-03-02 22:32:52 INFO Epoch 18 | Step 2540/5125 | Loss 0.1927 | LR 9.9813e-06
2026-03-02 22:33:44 INFO Epoch 18 | Step 2560/5125 | Loss 0.1927 | LR 9.9816e-06
2026-03-02 22:34:35 INFO Epoch 18 | Step 2580/5125 | Loss 0.1927 | LR 9.9819e-06
2026-03-02 22:35:27 INFO Epoch 18 | Step 2600/5125 | Loss 0.1927 | LR 9.9821e-06
2026-03-02 22:36:18 INFO Epoch 18 | Step 2620/5125 | Loss 0.1926 | LR 9.9824e-06
2026-03-02 22:37:10 INFO Epoch 18 | Step 2640/5125 | Loss 0.1928 | LR 9.9827e-06
2026-03-02 22:38:02 INFO Epoch 18 | Step 2660/5125 | Loss 0.1925 | LR 9.9830e-06
2026-03-02 22:38:53 INFO Epoch 18 | Step 2680/5125 | Loss 0.1923 | LR 9.9833e-06
2026-03-02 22:39:44 INFO Epoch 18 | Step 2700/5125 | Loss 0.1924 | LR 9.9835e-06
2026-03-02 22:40:36 INFO Epoch 18 | Step 2720/5125 | Loss 0.1923 | LR 9.9838e-06
2026-03-02 22:41:27 INFO Epoch 18 | Step 2740/5125 | Loss 0.1925 | LR 9.9841e-06
2026-03-02 22:42:18 INFO Epoch 18 | Step 2760/5125 | Loss 0.1927 | LR 9.9843e-06
2026-03-02 22:43:09 INFO Epoch 18 | Step 2780/5125 | Loss 0.1926 | LR 9.9846e-06
2026-03-02 22:44:00 INFO Epoch 18 | Step 2800/5125 | Loss 0.1926 | LR 9.9848e-06
2026-03-02 22:44:51 INFO Epoch 18 | Step 2820/5125 | Loss 0.1927 | LR 9.9851e-06
2026-03-02 22:45:42 INFO Epoch 18 | Step 2840/5125 | Loss 0.1925 | LR 9.9854e-06
2026-03-02 22:46:33 INFO Epoch 18 | Step 2860/5125 | Loss 0.1926 | LR 9.9856e-06
2026-03-02 22:47:24 INFO Epoch 18 | Step 2880/5125 | Loss 0.1925 | LR 9.9859e-06
2026-03-02 22:48:15 INFO Epoch 18 | Step 2900/5125 | Loss 0.1926 | LR 9.9861e-06
2026-03-02 22:49:06 INFO Epoch 18 | Step 2920/5125 | Loss 0.1927 | LR 9.9864e-06
2026-03-02 22:49:57 INFO Epoch 18 | Step 2940/5125 | Loss 0.1925 | LR 9.9866e-06
2026-03-02 22:50:48 INFO Epoch 18 | Step 2960/5125 | Loss 0.1924 | LR 9.9869e-06
2026-03-02 22:51:39 INFO Epoch 18 | Step 2980/5125 | Loss 0.1926 | LR 9.9871e-06
2026-03-02 22:52:30 INFO Epoch 18 | Step 3000/5125 | Loss 0.1925 | LR 9.9873e-06
2026-03-02 22:53:21 INFO Epoch 18 | Step 3020/5125 | Loss 0.1923 | LR 9.9876e-06
2026-03-02 22:54:12 INFO Epoch 18 | Step 3040/5125 | Loss 0.1923 | LR 9.9878e-06
2026-03-02 22:55:03 INFO Epoch 18 | Step 3060/5125 | Loss 0.1921 | LR 9.9880e-06
2026-03-02 22:55:54 INFO Epoch 18 | Step 3080/5125 | Loss 0.1919 | LR 9.9883e-06
2026-03-02 22:56:45 INFO Epoch 18 | Step 3100/5125 | Loss 0.1920 | LR 9.9885e-06
2026-03-02 22:57:36 INFO Epoch 18 | Step 3120/5125 | Loss 0.1920 | LR 9.9887e-06
2026-03-02 22:58:27 INFO Epoch 18 | Step 3140/5125 | Loss 0.1917 | LR 9.9889e-06
2026-03-02 22:59:18 INFO Epoch 18 | Step 3160/5125 | Loss 0.1920 | LR 9.9892e-06
2026-03-02 23:00:09 INFO Epoch 18 | Step 3180/5125 | Loss 0.1924 | LR 9.9894e-06
2026-03-02 23:01:00 INFO Epoch 18 | Step 3200/5125 | Loss 0.1925 | LR 9.9896e-06
2026-03-02 23:01:51 INFO Epoch 18 | Step 3220/5125 | Loss 0.1926 | LR 9.9898e-06
2026-03-02 23:02:42 INFO Epoch 18 | Step 3240/5125 | Loss 0.1923 | LR 9.9900e-06
2026-03-02 23:03:33 INFO Epoch 18 | Step 3260/5125 | Loss 0.1921 | LR 9.9902e-06
2026-03-02 23:04:24 INFO Epoch 18 | Step 3280/5125 | Loss 0.1920 | LR 9.9904e-06
2026-03-02 23:05:15 INFO Epoch 18 | Step 3300/5125 | Loss 0.1918 | LR 9.9906e-06
2026-03-02 23:06:06 INFO Epoch 18 | Step 3320/5125 | Loss 0.1919 | LR 9.9908e-06
2026-03-02 23:06:57 INFO Epoch 18 | Step 3340/5125 | Loss 0.1917 | LR 9.9910e-06
2026-03-02 23:07:48 INFO Epoch 18 | Step 3360/5125 | Loss 0.1919 | LR 9.9912e-06
2026-03-02 23:08:39 INFO Epoch 18 | Step 3380/5125 | Loss 0.1918 | LR 9.9914e-06
2026-03-02 23:09:30 INFO Epoch 18 | Step 3400/5125 | Loss 0.1919 | LR 9.9916e-06
2026-03-02 23:10:21 INFO Epoch 18 | Step 3420/5125 | Loss 0.1917 | LR 9.9918e-06
2026-03-02 23:11:12 INFO Epoch 18 | Step 3440/5125 | Loss 0.1917 | LR 9.9920e-06
2026-03-02 23:12:03 INFO Epoch 18 | Step 3460/5125 | Loss 0.1916 | LR 9.9922e-06
2026-03-02 23:12:54 INFO Epoch 18 | Step 3480/5125 | Loss 0.1916 | LR 9.9924e-06
2026-03-02 23:13:45 INFO Epoch 18 | Step 3500/5125 | Loss 0.1915 | LR 9.9926e-06
2026-03-02 23:14:36 INFO Epoch 18 | Step 3520/5125 | Loss 0.1913 | LR 9.9928e-06
2026-03-02 23:15:27 INFO Epoch 18 | Step 3540/5125 | Loss 0.1914 | LR 9.9929e-06
2026-03-02 23:16:18 INFO Epoch 18 | Step 3560/5125 | Loss 0.1913 | LR 9.9931e-06
2026-03-02 23:17:08 INFO Epoch 18 | Step 3580/5125 | Loss 0.1913 | LR 9.9933e-06
2026-03-02 23:17:59 INFO Epoch 18 | Step 3600/5125 | Loss 0.1915 | LR 9.9935e-06
2026-03-02 23:18:50 INFO Epoch 18 | Step 3620/5125 | Loss 0.1917 | LR 9.9936e-06
2026-03-02 23:19:41 INFO Epoch 18 | Step 3640/5125 | Loss 0.1918 | LR 9.9938e-06
2026-03-02 23:20:32 INFO Epoch 18 | Step 3660/5125 | Loss 0.1916 | LR 9.9940e-06
2026-03-02 23:21:23 INFO Epoch 18 | Step 3680/5125 | Loss 0.1914 | LR 9.9941e-06
2026-03-02 23:22:14 INFO Epoch 18 | Step 3700/5125 | Loss 0.1914 | LR 9.9943e-06
2026-03-02 23:23:05 INFO Epoch 18 | Step 3720/5125 | Loss 0.1915 | LR 9.9944e-06
2026-03-02 23:23:56 INFO Epoch 18 | Step 3740/5125 | Loss 0.1914 | LR 9.9946e-06
2026-03-02 23:24:46 INFO Epoch 18 | Step 3760/5125 | Loss 0.1916 | LR 9.9947e-06
2026-03-02 23:25:37 INFO Epoch 18 | Step 3780/5125 | Loss 0.1916 | LR 9.9949e-06
2026-03-02 23:26:28 INFO Epoch 18 | Step 3800/5125 | Loss 0.1917 | LR 9.9950e-06
2026-03-02 23:27:18 INFO Epoch 18 | Step 3820/5125 | Loss 0.1917 | LR 9.9952e-06
2026-03-02 23:28:09 INFO Epoch 18 | Step 3840/5125 | Loss 0.1918 | LR 9.9953e-06
2026-03-02 23:29:00 INFO Epoch 18 | Step 3860/5125 | Loss 0.1916 | LR 9.9955e-06
2026-03-02 23:29:51 INFO Epoch 18 | Step 3880/5125 | Loss 0.1916 | LR 9.9956e-06
2026-03-02 23:30:41 INFO Epoch 18 | Step 3900/5125 | Loss 0.1915 | LR 9.9958e-06
2026-03-02 23:31:32 INFO Epoch 18 | Step 3920/5125 | Loss 0.1916 | LR 9.9959e-06
2026-03-02 23:32:22 INFO Epoch 18 | Step 3940/5125 | Loss 0.1916 | LR 9.9960e-06
2026-03-02 23:33:13 INFO Epoch 18 | Step 3960/5125 | Loss 0.1915 | LR 9.9962e-06
2026-03-02 23:34:04 INFO Epoch 18 | Step 3980/5125 | Loss 0.1915 | LR 9.9963e-06
2026-03-02 23:34:55 INFO Epoch 18 | Step 4000/5125 | Loss 0.1916 | LR 9.9964e-06
2026-03-02 23:35:45 INFO Epoch 18 | Step 4020/5125 | Loss 0.1917 | LR 9.9965e-06
2026-03-02 23:36:36 INFO Epoch 18 | Step 4040/5125 | Loss 0.1918 | LR 9.9967e-06
2026-03-02 23:37:27 INFO Epoch 18 | Step 4060/5125 | Loss 0.1918 | LR 9.9968e-06
2026-03-02 23:38:18 INFO Epoch 18 | Step 4080/5125 | Loss 0.1919 | LR 9.9969e-06
2026-03-02 23:39:08 INFO Epoch 18 | Step 4100/5125 | Loss 0.1920 | LR 9.9970e-06
2026-03-02 23:39:59 INFO Epoch 18 | Step 4120/5125 | Loss 0.1922 | LR 9.9971e-06
2026-03-02 23:40:50 INFO Epoch 18 | Step 4140/5125 | Loss 0.1921 | LR 9.9973e-06
2026-03-02 23:41:40 INFO Epoch 18 | Step 4160/5125 | Loss 0.1920 | LR 9.9974e-06
2026-03-02 23:42:31 INFO Epoch 18 | Step 4180/5125 | Loss 0.1919 | LR 9.9975e-06
2026-03-02 23:43:22 INFO Epoch 18 | Step 4200/5125 | Loss 0.1918 | LR 9.9976e-06
2026-03-02 23:44:13 INFO Epoch 18 | Step 4220/5125 | Loss 0.1918 | LR 9.9977e-06
2026-03-02 23:45:03 INFO Epoch 18 | Step 4240/5125 | Loss 0.1919 | LR 9.9978e-06
2026-03-02 23:45:54 INFO Epoch 18 | Step 4260/5125 | Loss 0.1919 | LR 9.9979e-06
2026-03-02 23:46:45 INFO Epoch 18 | Step 4280/5125 | Loss 0.1919 | LR 9.9980e-06
2026-03-02 23:47:36 INFO Epoch 18 | Step 4300/5125 | Loss 0.1919 | LR 9.9981e-06
2026-03-02 23:48:26 INFO Epoch 18 | Step 4320/5125 | Loss 0.1917 | LR 9.9982e-06
2026-03-02 23:49:17 INFO Epoch 18 | Step 4340/5125 | Loss 0.1917 | LR 9.9982e-06
2026-03-02 23:50:08 INFO Epoch 18 | Step 4360/5125 | Loss 0.1916 | LR 9.9983e-06
2026-03-02 23:50:59 INFO Epoch 18 | Step 4380/5125 | Loss 0.1915 | LR 9.9984e-06
2026-03-02 23:51:49 INFO Epoch 18 | Step 4400/5125 | Loss 0.1916 | LR 9.9985e-06
2026-03-02 23:52:40 INFO Epoch 18 | Step 4420/5125 | Loss 0.1914 | LR 9.9986e-06
2026-03-02 23:53:31 INFO Epoch 18 | Step 4440/5125 | Loss 0.1915 | LR 9.9987e-06
2026-03-02 23:54:22 INFO Epoch 18 | Step 4460/5125 | Loss 0.1914 | LR 9.9987e-06
2026-03-02 23:55:12 INFO Epoch 18 | Step 4480/5125 | Loss 0.1914 | LR 9.9988e-06
2026-03-02 23:56:03 INFO Epoch 18 | Step 4500/5125 | Loss 0.1913 | LR 9.9989e-06
2026-03-02 23:56:54 INFO Epoch 18 | Step 4520/5125 | Loss 0.1912 | LR 9.9990e-06
2026-03-02 23:57:44 INFO Epoch 18 | Step 4540/5125 | Loss 0.1912 | LR 9.9990e-06
2026-03-02 23:58:35 INFO Epoch 18 | Step 4560/5125 | Loss 0.1911 | LR 9.9991e-06
2026-03-02 23:59:26 INFO Epoch 18 | Step 4580/5125 | Loss 0.1910 | LR 9.9991e-06
2026-03-03 00:00:16 INFO Epoch 18 | Step 4600/5125 | Loss 0.1908 | LR 9.9992e-06
2026-03-03 00:01:07 INFO Epoch 18 | Step 4620/5125 | Loss 0.1908 | LR 9.9993e-06
2026-03-03 00:01:58 INFO Epoch 18 | Step 4640/5125 | Loss 0.1907 | LR 9.9993e-06
2026-03-03 00:02:48 INFO Epoch 18 | Step 4660/5125 | Loss 0.1907 | LR 9.9994e-06
2026-03-03 00:03:39 INFO Epoch 18 | Step 4680/5125 | Loss 0.1909 | LR 9.9994e-06
2026-03-03 00:04:30 INFO Epoch 18 | Step 4700/5125 | Loss 0.1909 | LR 9.9995e-06
2026-03-03 00:05:20 INFO Epoch 18 | Step 4720/5125 | Loss 0.1910 | LR 9.9995e-06
2026-03-03 00:06:11 INFO Epoch 18 | Step 4740/5125 | Loss 0.1908 | LR 9.9996e-06
2026-03-03 00:07:02 INFO Epoch 18 | Step 4760/5125 | Loss 0.1909 | LR 9.9996e-06
2026-03-03 00:07:52 INFO Epoch 18 | Step 4780/5125 | Loss 0.1909 | LR 9.9997e-06
2026-03-03 00:08:43 INFO Epoch 18 | Step 4800/5125 | Loss 0.1909 | LR 9.9997e-06
2026-03-03 00:09:34 INFO Epoch 18 | Step 4820/5125 | Loss 0.1909 | LR 9.9997e-06
2026-03-03 00:10:24 INFO Epoch 18 | Step 4840/5125 | Loss 0.1910 | LR 9.9998e-06
2026-03-03 00:11:15 INFO Epoch 18 | Step 4860/5125 | Loss 0.1908 | LR 9.9998e-06
2026-03-03 00:12:06 INFO Epoch 18 | Step 4880/5125 | Loss 0.1906 | LR 9.9998e-06
2026-03-03 00:12:56 INFO Epoch 18 | Step 4900/5125 | Loss 0.1906 | LR 9.9998e-06
2026-03-03 00:13:47 INFO Epoch 18 | Step 4920/5125 | Loss 0.1907 | LR 9.9999e-06
2026-03-03 00:14:37 INFO Epoch 18 | Step 4940/5125 | Loss 0.1905 | LR 9.9999e-06
2026-03-03 00:15:28 INFO Epoch 18 | Step 4960/5125 | Loss 0.1904 | LR 9.9999e-06
2026-03-03 00:16:19 INFO Epoch 18 | Step 4980/5125 | Loss 0.1905 | LR 9.9999e-06
2026-03-03 00:17:09 INFO Epoch 18 | Step 5000/5125 | Loss 0.1904 | LR 1.0000e-05
2026-03-03 00:18:00 INFO Epoch 18 | Step 5020/5125 | Loss 0.1904 | LR 1.0000e-05
2026-03-03 00:18:50 INFO Epoch 18 | Step 5040/5125 | Loss 0.1904 | LR 1.0000e-05
2026-03-03 00:19:41 INFO Epoch 18 | Step 5060/5125 | Loss 0.1903 | LR 1.0000e-05
2026-03-03 00:20:32 INFO Epoch 18 | Step 5080/5125 | Loss 0.1905 | LR 1.0000e-05
2026-03-03 00:21:22 INFO Epoch 18 | Step 5100/5125 | Loss 0.1904 | LR 1.0000e-05
2026-03-03 00:22:13 INFO Epoch 18 | Step 5120/5125 | Loss 0.1903 | LR 1.0000e-05
2026-03-03 00:22:25 INFO Epoch 18 | Step 5125/5125 | Loss 0.1902 | LR 1.0000e-05
2026-03-03 01:10:13 INFO CSV Written | Epoch: 18
2026-03-03 01:10:13 INFO Best Saved | Epoch: 18 | Monitor: val_auprc | Value: 0.8939
2026-03-03 01:10:13 INFO Epoch Done | Epoch: 18 | Time: 15969.4525 | Train Loss: 0.1902 | Val Accuracy: 0.9934 | Val AUPRC: 0.8939 | Val Auroc: 0.9912 | Val F1: 0.8366 | Val Loss: 0.2729
2026-03-03 01:10:13 INFO Epoch Start | Epoch: 19
2026-03-03 01:10:21 INFO Epoch 19 | Step 1/5125 | Loss 0.1177 | LR 1.0000e-05
2026-03-03 01:11:09 INFO Epoch 19 | Step 20/5125 | Loss 0.2221 | LR 1.0000e-05
2026-03-03 01:12:00 INFO Epoch 19 | Step 40/5125 | Loss 0.1843 | LR 1.0000e-05
2026-03-03 01:12:51 INFO Epoch 19 | Step 60/5125 | Loss 0.1741 | LR 1.0000e-05
2026-03-03 01:13:42 INFO Epoch 19 | Step 80/5125 | Loss 0.1744 | LR 1.0000e-05
2026-03-03 01:14:34 INFO Epoch 19 | Step 100/5125 | Loss 0.1721 | LR 1.0000e-05
2026-03-03 01:15:25 INFO Epoch 19 | Step 120/5125 | Loss 0.1783 | LR 1.0000e-05
2026-03-03 01:16:16 INFO Epoch 19 | Step 140/5125 | Loss 0.1777 | LR 1.0000e-05
2026-03-03 01:17:07 INFO Epoch 19 | Step 160/5125 | Loss 0.1839 | LR 1.0000e-05
2026-03-03 01:17:58 INFO Epoch 19 | Step 180/5125 | Loss 0.1844 | LR 1.0000e-05
2026-03-03 01:18:49 INFO Epoch 19 | Step 200/5125 | Loss 0.1839 | LR 1.0000e-05
2026-03-03 01:19:40 INFO Epoch 19 | Step 220/5125 | Loss 0.1839 | LR 1.0000e-05
2026-03-03 01:20:31 INFO Epoch 19 | Step 240/5125 | Loss 0.1842 | LR 1.0000e-05
2026-03-03 01:21:23 INFO Epoch 19 | Step 260/5125 | Loss 0.1858 | LR 1.0000e-05
2026-03-03 01:22:14 INFO Epoch 19 | Step 280/5125 | Loss 0.1867 | LR 1.0000e-05
2026-03-03 01:23:05 INFO Epoch 19 | Step 300/5125 | Loss 0.1849 | LR 1.0000e-05
2026-03-03 01:23:56 INFO Epoch 19 | Step 320/5125 | Loss 0.1849 | LR 1.0000e-05
2026-03-03 01:24:47 INFO Epoch 19 | Step 340/5125 | Loss 0.1853 | LR 1.0000e-05
2026-03-03 01:25:38 INFO Epoch 19 | Step 360/5125 | Loss 0.1854 | LR 1.0000e-05
2026-03-03 01:26:30 INFO Epoch 19 | Step 380/5125 | Loss 0.1873 | LR 1.0000e-05
2026-03-03 01:27:21 INFO Epoch 19 | Step 400/5125 | Loss 0.1850 | LR 1.0000e-05
2026-03-03 01:28:12 INFO Epoch 19 | Step 420/5125 | Loss 0.1836 | LR 1.0000e-05
2026-03-03 01:29:03 INFO Epoch 19 | Step 440/5125 | Loss 0.1831 | LR 1.0000e-05
2026-03-03 01:29:55 INFO Epoch 19 | Step 460/5125 | Loss 0.1830 | LR 1.0000e-05
2026-03-03 01:30:47 INFO Epoch 19 | Step 480/5125 | Loss 0.1828 | LR 1.0000e-05
2026-03-03 01:31:38 INFO Epoch 19 | Step 500/5125 | Loss 0.1830 | LR 1.0000e-05
2026-03-03 01:32:30 INFO Epoch 19 | Step 520/5125 | Loss 0.1824 | LR 1.0000e-05
2026-03-03 01:33:21 INFO Epoch 19 | Step 540/5125 | Loss 0.1823 | LR 9.9999e-06
2026-03-03 01:34:12 INFO Epoch 19 | Step 560/5125 | Loss 0.1828 | LR 9.9999e-06
2026-03-03 01:35:04 INFO Epoch 19 | Step 580/5125 | Loss 0.1824 | LR 9.9999e-06
2026-03-03 01:35:55 INFO Epoch 19 | Step 600/5125 | Loss 0.1832 | LR 9.9999e-06
2026-03-03 01:36:46 INFO Epoch 19 | Step 620/5125 | Loss 0.1834 | LR 9.9999e-06
2026-03-03 01:37:38 INFO Epoch 19 | Step 640/5125 | Loss 0.1836 | LR 9.9999e-06
2026-03-03 01:38:29 INFO Epoch 19 | Step 660/5125 | Loss 0.1842 | LR 9.9999e-06
2026-03-03 01:39:20 INFO Epoch 19 | Step 680/5125 | Loss 0.1848 | LR 9.9999e-06
2026-03-03 01:40:11 INFO Epoch 19 | Step 700/5125 | Loss 0.1852 | LR 9.9999e-06
2026-03-03 01:41:02 INFO Epoch 19 | Step 720/5125 | Loss 0.1858 | LR 9.9999e-06
2026-03-03 01:41:54 INFO Epoch 19 | Step 740/5125 | Loss 0.1875 | LR 9.9999e-06
2026-03-03 01:42:45 INFO Epoch 19 | Step 760/5125 | Loss 0.1884 | LR 9.9999e-06
2026-03-03 01:43:36 INFO Epoch 19 | Step 780/5125 | Loss 0.1888 | LR 9.9999e-06
2026-03-03 01:44:28 INFO Epoch 19 | Step 800/5125 | Loss 0.1877 | LR 9.9999e-06
2026-03-03 01:45:19 INFO Epoch 19 | Step 820/5125 | Loss 0.1874 | LR 9.9999e-06
2026-03-03 01:46:10 INFO Epoch 19 | Step 840/5125 | Loss 0.1863 | LR 9.9999e-06
2026-03-03 01:47:02 INFO Epoch 19 | Step 860/5125 | Loss 0.1869 | LR 9.9999e-06
2026-03-03 01:47:53 INFO Epoch 19 | Step 880/5125 | Loss 0.1865 | LR 9.9999e-06
2026-03-03 01:48:44 INFO Epoch 19 | Step 900/5125 | Loss 0.1861 | LR 9.9999e-06
2026-03-03 01:49:36 INFO Epoch 19 | Step 920/5125 | Loss 0.1862 | LR 9.9998e-06
2026-03-03 01:50:27 INFO Epoch 19 | Step 940/5125 | Loss 0.1870 | LR 9.9998e-06
2026-03-03 01:51:19 INFO Epoch 19 | Step 960/5125 | Loss 0.1879 | LR 9.9998e-06
2026-03-03 01:52:10 INFO Epoch 19 | Step 980/5125 | Loss 0.1876 | LR 9.9998e-06
2026-03-03 01:53:01 INFO Epoch 19 | Step 1000/5125 | Loss 0.1876 | LR 9.9998e-06
2026-03-03 01:53:52 INFO Epoch 19 | Step 1020/5125 | Loss 0.1874 | LR 9.9998e-06
2026-03-03 01:54:44 INFO Epoch 19 | Step 1040/5125 | Loss 0.1871 | LR 9.9998e-06
2026-03-03 01:55:35 INFO Epoch 19 | Step 1060/5125 | Loss 0.1876 | LR 9.9998e-06
2026-03-03 01:56:26 INFO Epoch 19 | Step 1080/5125 | Loss 0.1869 | LR 9.9998e-06
2026-03-03 01:57:18 INFO Epoch 19 | Step 1100/5125 | Loss 0.1869 | LR 9.9998e-06
2026-03-03 01:58:09 INFO Epoch 19 | Step 1120/5125 | Loss 0.1867 | LR 9.9998e-06
2026-03-03 01:59:00 INFO Epoch 19 | Step 1140/5125 | Loss 0.1869 | LR 9.9998e-06
2026-03-03 01:59:52 INFO Epoch 19 | Step 1160/5125 | Loss 0.1869 | LR 9.9998e-06
2026-03-03 02:00:43 INFO Epoch 19 | Step 1180/5125 | Loss 0.1883 | LR 9.9998e-06
2026-03-03 02:01:34 INFO Epoch 19 | Step 1200/5125 | Loss 0.1883 | LR 9.9997e-06
2026-03-03 02:02:26 INFO Epoch 19 | Step 1220/5125 | Loss 0.1877 | LR 9.9997e-06
2026-03-03 02:03:17 INFO Epoch 19 | Step 1240/5125 | Loss 0.1877 | LR 9.9997e-06
2026-03-03 02:04:08 INFO Epoch 19 | Step 1260/5125 | Loss 0.1871 | LR 9.9997e-06
2026-03-03 02:04:59 INFO Epoch 19 | Step 1280/5125 | Loss 0.1872 | LR 9.9997e-06
2026-03-03 02:05:51 INFO Epoch 19 | Step 1300/5125 | Loss 0.1868 | LR 9.9997e-06
2026-03-03 02:06:42 INFO Epoch 19 | Step 1320/5125 | Loss 0.1872 | LR 9.9997e-06
2026-03-03 02:07:33 INFO Epoch 19 | Step 1340/5125 | Loss 0.1867 | LR 9.9997e-06
2026-03-03 02:08:24 INFO Epoch 19 | Step 1360/5125 | Loss 0.1867 | LR 9.9997e-06
2026-03-03 02:09:16 INFO Epoch 19 | Step 1380/5125 | Loss 0.1869 | LR 9.9997e-06
2026-03-03 02:10:07 INFO Epoch 19 | Step 1400/5125 | Loss 0.1869 | LR 9.9996e-06
2026-03-03 02:10:58 INFO Epoch 19 | Step 1420/5125 | Loss 0.1868 | LR 9.9996e-06
2026-03-03 02:11:50 INFO Epoch 19 | Step 1440/5125 | Loss 0.1864 | LR 9.9996e-06
2026-03-03 02:12:41 INFO Epoch 19 | Step 1460/5125 | Loss 0.1869 | LR 9.9996e-06
2026-03-03 02:13:32 INFO Epoch 19 | Step 1480/5125 | Loss 0.1867 | LR 9.9996e-06
2026-03-03 02:14:23 INFO Epoch 19 | Step 1500/5125 | Loss 0.1861 | LR 9.9996e-06
2026-03-03 02:15:15 INFO Epoch 19 | Step 1520/5125 | Loss 0.1855 | LR 9.9996e-06
2026-03-03 02:16:06 INFO Epoch 19 | Step 1540/5125 | Loss 0.1850 | LR 9.9996e-06
2026-03-03 02:16:57 INFO Epoch 19 | Step 1560/5125 | Loss 0.1849 | LR 9.9996e-06
2026-03-03 02:17:49 INFO Epoch 19 | Step 1580/5125 | Loss 0.1851 | LR 9.9996e-06
2026-03-03 02:18:40 INFO Epoch 19 | Step 1600/5125 | Loss 0.1856 | LR 9.9995e-06
2026-03-03 02:19:32 INFO Epoch 19 | Step 1620/5125 | Loss 0.1851 | LR 9.9995e-06
2026-03-03 02:20:23 INFO Epoch 19 | Step 1640/5125 | Loss 0.1849 | LR 9.9995e-06
2026-03-03 02:21:14 INFO Epoch 19 | Step 1660/5125 | Loss 0.1843 | LR 9.9995e-06
2026-03-03 02:22:05 INFO Epoch 19 | Step 1680/5125 | Loss 0.1838 | LR 9.9995e-06
2026-03-03 02:22:57 INFO Epoch 19 | Step 1700/5125 | Loss 0.1835 | LR 9.9995e-06
2026-03-03 02:23:48 INFO Epoch 19 | Step 1720/5125 | Loss 0.1838 | LR 9.9995e-06
2026-03-03 02:24:39 INFO Epoch 19 | Step 1740/5125 | Loss 0.1839 | LR 9.9995e-06
2026-03-03 02:25:30 INFO Epoch 19 | Step 1760/5125 | Loss 0.1837 | LR 9.9994e-06
2026-03-03 02:26:22 INFO Epoch 19 | Step 1780/5125 | Loss 0.1838 | LR 9.9994e-06
2026-03-03 02:27:13 INFO Epoch 19 | Step 1800/5125 | Loss 0.1836 | LR 9.9994e-06
2026-03-03 02:28:04 INFO Epoch 19 | Step 1820/5125 | Loss 0.1833 | LR 9.9994e-06
2026-03-03 02:28:55 INFO Epoch 19 | Step 1840/5125 | Loss 0.1836 | LR 9.9994e-06
2026-03-03 02:29:46 INFO Epoch 19 | Step 1860/5125 | Loss 0.1843 | LR 9.9994e-06
2026-03-03 02:30:38 INFO Epoch 19 | Step 1880/5125 | Loss 0.1837 | LR 9.9994e-06
2026-03-03 02:31:29 INFO Epoch 19 | Step 1900/5125 | Loss 0.1836 | LR 9.9994e-06
2026-03-03 02:32:20 INFO Epoch 19 | Step 1920/5125 | Loss 0.1837 | LR 9.9993e-06
2026-03-03 02:33:11 INFO Epoch 19 | Step 1940/5125 | Loss 0.1835 | LR 9.9993e-06
2026-03-03 02:34:02 INFO Epoch 19 | Step 1960/5125 | Loss 0.1833 | LR 9.9993e-06
2026-03-03 02:34:53 INFO Epoch 19 | Step 1980/5125 | Loss 0.1835 | LR 9.9993e-06
2026-03-03 02:35:44 INFO Epoch 19 | Step 2000/5125 | Loss 0.1839 | LR 9.9993e-06
2026-03-03 02:36:35 INFO Epoch 19 | Step 2020/5125 | Loss 0.1841 | LR 9.9993e-06
2026-03-03 02:37:26 INFO Epoch 19 | Step 2040/5125 | Loss 0.1839 | LR 9.9993e-06
2026-03-03 02:38:17 INFO Epoch 19 | Step 2060/5125 | Loss 0.1847 | LR 9.9992e-06
2026-03-03 02:39:08 INFO Epoch 19 | Step 2080/5125 | Loss 0.1844 | LR 9.9992e-06
2026-03-03 02:39:59 INFO Epoch 19 | Step 2100/5125 | Loss 0.1845 | LR 9.9992e-06
2026-03-03 02:40:50 INFO Epoch 19 | Step 2120/5125 | Loss 0.1850 | LR 9.9992e-06
2026-03-03 02:41:41 INFO Epoch 19 | Step 2140/5125 | Loss 0.1847 | LR 9.9992e-06
2026-03-03 02:42:32 INFO Epoch 19 | Step 2160/5125 | Loss 0.1849 | LR 9.9992e-06
2026-03-03 02:43:23 INFO Epoch 19 | Step 2180/5125 | Loss 0.1850 | LR 9.9991e-06
2026-03-03 02:44:14 INFO Epoch 19 | Step 2200/5125 | Loss 0.1847 | LR 9.9991e-06
2026-03-03 02:45:05 INFO Epoch 19 | Step 2220/5125 | Loss 0.1848 | LR 9.9991e-06
2026-03-03 02:45:57 INFO Epoch 19 | Step 2240/5125 | Loss 0.1849 | LR 9.9991e-06
2026-03-03 02:46:47 INFO Epoch 19 | Step 2260/5125 | Loss 0.1850 | LR 9.9991e-06
2026-03-03 02:47:39 INFO Epoch 19 | Step 2280/5125 | Loss 0.1848 | LR 9.9991e-06
2026-03-03 02:48:29 INFO Epoch 19 | Step 2300/5125 | Loss 0.1848 | LR 9.9990e-06
2026-03-03 02:49:21 INFO Epoch 19 | Step 2320/5125 | Loss 0.1847 | LR 9.9990e-06
2026-03-03 02:50:12 INFO Epoch 19 | Step 2340/5125 | Loss 0.1845 | LR 9.9990e-06
2026-03-03 02:51:03 INFO Epoch 19 | Step 2360/5125 | Loss 0.1846 | LR 9.9990e-06
2026-03-03 02:51:54 INFO Epoch 19 | Step 2380/5125 | Loss 0.1848 | LR 9.9990e-06
2026-03-03 02:52:45 INFO Epoch 19 | Step 2400/5125 | Loss 0.1846 | LR 9.9990e-06
2026-03-03 02:53:36 INFO Epoch 19 | Step 2420/5125 | Loss 0.1842 | LR 9.9989e-06
2026-03-03 02:54:27 INFO Epoch 19 | Step 2440/5125 | Loss 0.1843 | LR 9.9989e-06
2026-03-03 02:55:18 INFO Epoch 19 | Step 2460/5125 | Loss 0.1843 | LR 9.9989e-06
2026-03-03 02:56:09 INFO Epoch 19 | Step 2480/5125 | Loss 0.1843 | LR 9.9989e-06
2026-03-03 02:57:00 INFO Epoch 19 | Step 2500/5125 | Loss 0.1846 | LR 9.9989e-06
2026-03-03 02:57:51 INFO Epoch 19 | Step 2520/5125 | Loss 0.1849 | LR 9.9989e-06
2026-03-03 02:58:43 INFO Epoch 19 | Step 2540/5125 | Loss 0.1849 | LR 9.9988e-06
2026-03-03 02:59:34 INFO Epoch 19 | Step 2560/5125 | Loss 0.1852 | LR 9.9988e-06
2026-03-03 03:00:26 INFO Epoch 19 | Step 2580/5125 | Loss 0.1851 | LR 9.9988e-06
2026-03-03 03:01:17 INFO Epoch 19 | Step 2600/5125 | Loss 0.1853 | LR 9.9988e-06
2026-03-03 03:02:08 INFO Epoch 19 | Step 2620/5125 | Loss 0.1853 | LR 9.9988e-06
2026-03-03 03:02:59 INFO Epoch 19 | Step 2640/5125 | Loss 0.1852 | LR 9.9987e-06
2026-03-03 03:03:50 INFO Epoch 19 | Step 2660/5125 | Loss 0.1850 | LR 9.9987e-06
2026-03-03 03:04:41 INFO Epoch 19 | Step 2680/5125 | Loss 0.1849 | LR 9.9987e-06
2026-03-03 03:05:32 INFO Epoch 19 | Step 2700/5125 | Loss 0.1848 | LR 9.9987e-06
2026-03-03 03:06:24 INFO Epoch 19 | Step 2720/5125 | Loss 0.1846 | LR 9.9987e-06
2026-03-03 03:07:15 INFO Epoch 19 | Step 2740/5125 | Loss 0.1850 | LR 9.9986e-06
2026-03-03 03:08:06 INFO Epoch 19 | Step 2760/5125 | Loss 0.1853 | LR 9.9986e-06
2026-03-03 03:08:57 INFO Epoch 19 | Step 2780/5125 | Loss 0.1856 | LR 9.9986e-06
2026-03-03 03:09:49 INFO Epoch 19 | Step 2800/5125 | Loss 0.1853 | LR 9.9986e-06
2026-03-03 03:10:40 INFO Epoch 19 | Step 2820/5125 | Loss 0.1853 | LR 9.9986e-06
2026-03-03 03:11:31 INFO Epoch 19 | Step 2840/5125 | Loss 0.1852 | LR 9.9985e-06
2026-03-03 03:12:22 INFO Epoch 19 | Step 2860/5125 | Loss 0.1850 | LR 9.9985e-06
2026-03-03 03:13:13 INFO Epoch 19 | Step 2880/5125 | Loss 0.1852 | LR 9.9985e-06
2026-03-03 03:14:04 INFO Epoch 19 | Step 2900/5125 | Loss 0.1852 | LR 9.9985e-06
2026-03-03 03:14:55 INFO Epoch 19 | Step 2920/5125 | Loss 0.1849 | LR 9.9985e-06
2026-03-03 03:15:46 INFO Epoch 19 | Step 2940/5125 | Loss 0.1849 | LR 9.9984e-06
2026-03-03 03:16:38 INFO Epoch 19 | Step 2960/5125 | Loss 0.1847 | LR 9.9984e-06
2026-03-03 03:17:29 INFO Epoch 19 | Step 2980/5125 | Loss 0.1847 | LR 9.9984e-06
2026-03-03 03:18:20 INFO Epoch 19 | Step 3000/5125 | Loss 0.1846 | LR 9.9984e-06
2026-03-03 03:19:11 INFO Epoch 19 | Step 3020/5125 | Loss 0.1845 | LR 9.9984e-06
2026-03-03 03:20:02 INFO Epoch 19 | Step 3040/5125 | Loss 0.1846 | LR 9.9983e-06
2026-03-03 03:20:53 INFO Epoch 19 | Step 3060/5125 | Loss 0.1848 | LR 9.9983e-06
2026-03-03 03:21:44 INFO Epoch 19 | Step 3080/5125 | Loss 0.1851 | LR 9.9983e-06
2026-03-03 03:22:35 INFO Epoch 19 | Step 3100/5125 | Loss 0.1851 | LR 9.9983e-06
2026-03-03 03:23:26 INFO Epoch 19 | Step 3120/5125 | Loss 0.1852 | LR 9.9982e-06
2026-03-03 03:24:17 INFO Epoch 19 | Step 3140/5125 | Loss 0.1851 | LR 9.9982e-06
2026-03-03 03:25:08 INFO Epoch 19 | Step 3160/5125 | Loss 0.1850 | LR 9.9982e-06
2026-03-03 03:25:59 INFO Epoch 19 | Step 3180/5125 | Loss 0.1853 | LR 9.9982e-06
2026-03-03 03:26:50 INFO Epoch 19 | Step 3200/5125 | Loss 0.1854 | LR 9.9982e-06
2026-03-03 03:27:41 INFO Epoch 19 | Step 3220/5125 | Loss 0.1852 | LR 9.9981e-06
2026-03-03 03:28:32 INFO Epoch 19 | Step 3240/5125 | Loss 0.1852 | LR 9.9981e-06
2026-03-03 03:29:23 INFO Epoch 19 | Step 3260/5125 | Loss 0.1851 | LR 9.9981e-06
2026-03-03 03:30:14 INFO Epoch 19 | Step 3280/5125 | Loss 0.1853 | LR 9.9981e-06
2026-03-03 03:31:05 INFO Epoch 19 | Step 3300/5125 | Loss 0.1855 | LR 9.9980e-06
2026-03-03 03:31:56 INFO Epoch 19 | Step 3320/5125 | Loss 0.1853 | LR 9.9980e-06
2026-03-03 03:32:47 INFO Epoch 19 | Step 3340/5125 | Loss 0.1850 | LR 9.9980e-06
2026-03-03 03:33:38 INFO Epoch 19 | Step 3360/5125 | Loss 0.1850 | LR 9.9980e-06
2026-03-03 03:34:29 INFO Epoch 19 | Step 3380/5125 | Loss 0.1850 | LR 9.9979e-06
2026-03-03 03:35:21 INFO Epoch 19 | Step 3400/5125 | Loss 0.1850 | LR 9.9979e-06
2026-03-03 03:36:12 INFO Epoch 19 | Step 3420/5125 | Loss 0.1848 | LR 9.9979e-06
2026-03-03 03:37:03 INFO Epoch 19 | Step 3440/5125 | Loss 0.1847 | LR 9.9979e-06
2026-03-03 03:37:54 INFO Epoch 19 | Step 3460/5125 | Loss 0.1850 | LR 9.9978e-06
2026-03-03 03:38:45 INFO Epoch 19 | Step 3480/5125 | Loss 0.1848 | LR 9.9978e-06
2026-03-03 03:39:36 INFO Epoch 19 | Step 3500/5125 | Loss 0.1848 | LR 9.9978e-06
2026-03-03 03:40:27 INFO Epoch 19 | Step 3520/5125 | Loss 0.1849 | LR 9.9978e-06
2026-03-03 03:41:18 INFO Epoch 19 | Step 3540/5125 | Loss 0.1851 | LR 9.9977e-06
2026-03-03 03:42:09 INFO Epoch 19 | Step 3560/5125 | Loss 0.1856 | LR 9.9977e-06
2026-03-03 03:43:00 INFO Epoch 19 | Step 3580/5125 | Loss 0.1856 | LR 9.9977e-06
2026-03-03 03:43:51 INFO Epoch 19 | Step 3600/5125 | Loss 0.1853 | LR 9.9977e-06
2026-03-03 03:44:42 INFO Epoch 19 | Step 3620/5125 | Loss 0.1851 | LR 9.9976e-06
2026-03-03 03:45:33 INFO Epoch 19 | Step 3640/5125 | Loss 0.1852 | LR 9.9976e-06
2026-03-03 03:46:24 INFO Epoch 19 | Step 3660/5125 | Loss 0.1853 | LR 9.9976e-06
2026-03-03 03:47:15 INFO Epoch 19 | Step 3680/5125 | Loss 0.1855 | LR 9.9976e-06
2026-03-03 03:48:06 INFO Epoch 19 | Step 3700/5125 | Loss 0.1855 | LR 9.9975e-06
2026-03-03 03:48:57 INFO Epoch 19 | Step 3720/5125 | Loss 0.1856 | LR 9.9975e-06
2026-03-03 03:49:48 INFO Epoch 19 | Step 3740/5125 | Loss 0.1854 | LR 9.9975e-06
2026-03-03 03:50:40 INFO Epoch 19 | Step 3760/5125 | Loss 0.1856 | LR 9.9975e-06
2026-03-03 03:51:30 INFO Epoch 19 | Step 3780/5125 | Loss 0.1855 | LR 9.9974e-06
2026-03-03 03:52:21 INFO Epoch 19 | Step 3800/5125 | Loss 0.1857 | LR 9.9974e-06
2026-03-03 03:53:12 INFO Epoch 19 | Step 3820/5125 | Loss 0.1857 | LR 9.9974e-06
2026-03-03 03:54:03 INFO Epoch 19 | Step 3840/5125 | Loss 0.1858 | LR 9.9973e-06
2026-03-03 03:54:54 INFO Epoch 19 | Step 3860/5125 | Loss 0.1859 | LR 9.9973e-06
2026-03-03 03:55:45 INFO Epoch 19 | Step 3880/5125 | Loss 0.1860 | LR 9.9973e-06
2026-03-03 03:56:36 INFO Epoch 19 | Step 3900/5125 | Loss 0.1863 | LR 9.9973e-06
2026-03-03 03:57:27 INFO Epoch 19 | Step 3920/5125 | Loss 0.1865 | LR 9.9972e-06
2026-03-03 03:58:18 INFO Epoch 19 | Step 3940/5125 | Loss 0.1864 | LR 9.9972e-06
2026-03-03 03:59:08 INFO Epoch 19 | Step 3960/5125 | Loss 0.1865 | LR 9.9972e-06
2026-03-03 03:59:59 INFO Epoch 19 | Step 3980/5125 | Loss 0.1867 | LR 9.9971e-06
2026-03-03 04:00:50 INFO Epoch 19 | Step 4000/5125 | Loss 0.1867 | LR 9.9971e-06
2026-03-03 04:01:41 INFO Epoch 19 | Step 4020/5125 | Loss 0.1869 | LR 9.9971e-06
2026-03-03 04:02:32 INFO Epoch 19 | Step 4040/5125 | Loss 0.1869 | LR 9.9971e-06
2026-03-03 04:03:23 INFO Epoch 19 | Step 4060/5125 | Loss 0.1869 | LR 9.9970e-06
2026-03-03 04:04:14 INFO Epoch 19 | Step 4080/5125 | Loss 0.1872 | LR 9.9970e-06
2026-03-03 04:05:05 INFO Epoch 19 | Step 4100/5125 | Loss 0.1872 | LR 9.9970e-06
2026-03-03 04:05:56 INFO Epoch 19 | Step 4120/5125 | Loss 0.1871 | LR 9.9969e-06
2026-03-03 04:06:47 INFO Epoch 19 | Step 4140/5125 | Loss 0.1870 | LR 9.9969e-06
2026-03-03 04:07:38 INFO Epoch 19 | Step 4160/5125 | Loss 0.1869 | LR 9.9969e-06
2026-03-03 04:08:29 INFO Epoch 19 | Step 4180/5125 | Loss 0.1867 | LR 9.9968e-06
2026-03-03 04:09:20 INFO Epoch 19 | Step 4200/5125 | Loss 0.1866 | LR 9.9968e-06
2026-03-03 04:10:11 INFO Epoch 19 | Step 4220/5125 | Loss 0.1866 | LR 9.9968e-06
2026-03-03 04:11:01 INFO Epoch 19 | Step 4240/5125 | Loss 0.1864 | LR 9.9968e-06
2026-03-03 04:11:53 INFO Epoch 19 | Step 4260/5125 | Loss 0.1864 | LR 9.9967e-06
2026-03-03 04:12:44 INFO Epoch 19 | Step 4280/5125 | Loss 0.1864 | LR 9.9967e-06
2026-03-03 04:13:35 INFO Epoch 19 | Step 4300/5125 | Loss 0.1865 | LR 9.9967e-06
2026-03-03 04:14:26 INFO Epoch 19 | Step 4320/5125 | Loss 0.1864 | LR 9.9966e-06
2026-03-03 04:15:17 INFO Epoch 19 | Step 4340/5125 | Loss 0.1864 | LR 9.9966e-06
2026-03-03 04:16:08 INFO Epoch 19 | Step 4360/5125 | Loss 0.1864 | LR 9.9966e-06
2026-03-03 04:16:59 INFO Epoch 19 | Step 4380/5125 | Loss 0.1864 | LR 9.9965e-06
2026-03-03 04:17:50 INFO Epoch 19 | Step 4400/5125 | Loss 0.1865 | LR 9.9965e-06
2026-03-03 04:18:41 INFO Epoch 19 | Step 4420/5125 | Loss 0.1863 | LR 9.9965e-06
2026-03-03 04:19:32 INFO Epoch 19 | Step 4440/5125 | Loss 0.1861 | LR 9.9964e-06
2026-03-03 04:20:23 INFO Epoch 19 | Step 4460/5125 | Loss 0.1862 | LR 9.9964e-06
2026-03-03 04:21:14 INFO Epoch 19 | Step 4480/5125 | Loss 0.1861 | LR 9.9964e-06
2026-03-03 04:22:05 INFO Epoch 19 | Step 4500/5125 | Loss 0.1862 | LR 9.9963e-06
2026-03-03 04:22:56 INFO Epoch 19 | Step 4520/5125 | Loss 0.1861 | LR 9.9963e-06
2026-03-03 04:23:47 INFO Epoch 19 | Step 4540/5125 | Loss 0.1860 | LR 9.9963e-06
2026-03-03 04:24:38 INFO Epoch 19 | Step 4560/5125 | Loss 0.1859 | LR 9.9962e-06
2026-03-03 04:25:28 INFO Epoch 19 | Step 4580/5125 | Loss 0.1861 | LR 9.9962e-06
2026-03-03 04:26:19 INFO Epoch 19 | Step 4600/5125 | Loss 0.1862 | LR 9.9962e-06
2026-03-03 04:27:10 INFO Epoch 19 | Step 4620/5125 | Loss 0.1862 | LR 9.9961e-06
2026-03-03 04:28:01 INFO Epoch 19 | Step 4640/5125 | Loss 0.1862 | LR 9.9961e-06
2026-03-03 04:28:52 INFO Epoch 19 | Step 4660/5125 | Loss 0.1861 | LR 9.9961e-06
2026-03-03 04:29:43 INFO Epoch 19 | Step 4680/5125 | Loss 0.1859 | LR 9.9960e-06
2026-03-03 04:30:34 INFO Epoch 19 | Step 4700/5125 | Loss 0.1859 | LR 9.9960e-06
2026-03-03 04:31:25 INFO Epoch 19 | Step 4720/5125 | Loss 0.1856 | LR 9.9960e-06
2026-03-03 04:32:16 INFO Epoch 19 | Step 4740/5125 | Loss 0.1856 | LR 9.9959e-06
2026-03-03 04:33:06 INFO Epoch 19 | Step 4760/5125 | Loss 0.1855 | LR 9.9959e-06
2026-03-03 04:33:57 INFO Epoch 19 | Step 4780/5125 | Loss 0.1856 | LR 9.9959e-06
2026-03-03 04:34:48 INFO Epoch 19 | Step 4800/5125 | Loss 0.1857 | LR 9.9958e-06
2026-03-03 04:35:38 INFO Epoch 19 | Step 4820/5125 | Loss 0.1859 | LR 9.9958e-06
2026-03-03 04:36:29 INFO Epoch 19 | Step 4840/5125 | Loss 0.1858 | LR 9.9958e-06
2026-03-03 04:37:20 INFO Epoch 19 | Step 4860/5125 | Loss 0.1859 | LR 9.9957e-06
2026-03-03 04:38:11 INFO Epoch 19 | Step 4880/5125 | Loss 0.1857 | LR 9.9957e-06
2026-03-03 04:39:01 INFO Epoch 19 | Step 4900/5125 | Loss 0.1858 | LR 9.9957e-06
2026-03-03 04:39:52 INFO Epoch 19 | Step 4920/5125 | Loss 0.1860 | LR 9.9956e-06
2026-03-03 04:40:43 INFO Epoch 19 | Step 4940/5125 | Loss 0.1859 | LR 9.9956e-06
2026-03-03 04:41:34 INFO Epoch 19 | Step 4960/5125 | Loss 0.1859 | LR 9.9956e-06
2026-03-03 04:42:24 INFO Epoch 19 | Step 4980/5125 | Loss 0.1859 | LR 9.9955e-06
2026-03-03 04:43:15 INFO Epoch 19 | Step 5000/5125 | Loss 0.1859 | LR 9.9955e-06
2026-03-03 04:44:07 INFO Epoch 19 | Step 5020/5125 | Loss 0.1861 | LR 9.9955e-06
2026-03-03 04:44:58 INFO Epoch 19 | Step 5040/5125 | Loss 0.1861 | LR 9.9954e-06
2026-03-03 04:45:49 INFO Epoch 19 | Step 5060/5125 | Loss 0.1860 | LR 9.9954e-06
2026-03-03 04:46:40 INFO Epoch 19 | Step 5080/5125 | Loss 0.1861 | LR 9.9953e-06
2026-03-03 04:47:30 INFO Epoch 19 | Step 5100/5125 | Loss 0.1862 | LR 9.9953e-06
2026-03-03 04:48:21 INFO Epoch 19 | Step 5120/5125 | Loss 0.1860 | LR 9.9953e-06
2026-03-03 04:48:34 INFO Epoch 19 | Step 5125/5125 | Loss 0.1861 | LR 9.9953e-06
2026-03-03 05:36:22 INFO CSV Written | Epoch: 19
2026-03-03 05:36:22 INFO Best Saved | Epoch: 19 | Monitor: val_auprc | Value: 0.8956
2026-03-03 05:36:22 INFO Epoch Done | Epoch: 19 | Time: 15968.4450 | Train Loss: 0.1861 | Val Accuracy: 0.9935 | Val AUPRC: 0.8956 | Val Auroc: 0.9914 | Val F1: 0.8421 | Val Loss: 0.2643
2026-03-03 05:36:22 INFO Epoch Start | Epoch: 20
2026-03-03 05:36:29 INFO Epoch 20 | Step 1/5125 | Loss 0.1734 | LR 9.9953e-06
2026-03-03 05:37:17 INFO Epoch 20 | Step 20/5125 | Loss 0.2260 | LR 9.9952e-06
2026-03-03 05:38:08 INFO Epoch 20 | Step 40/5125 | Loss 0.2099 | LR 9.9952e-06
2026-03-03 05:39:00 INFO Epoch 20 | Step 60/5125 | Loss 0.2018 | LR 9.9951e-06
2026-03-03 05:39:51 INFO Epoch 20 | Step 80/5125 | Loss 0.1899 | LR 9.9951e-06
2026-03-03 05:40:42 INFO Epoch 20 | Step 100/5125 | Loss 0.1851 | LR 9.9951e-06
2026-03-03 05:41:33 INFO Epoch 20 | Step 120/5125 | Loss 0.1820 | LR 9.9950e-06
2026-03-03 05:42:24 INFO Epoch 20 | Step 140/5125 | Loss 0.1954 | LR 9.9950e-06
2026-03-03 05:43:15 INFO Epoch 20 | Step 160/5125 | Loss 0.1898 | LR 9.9950e-06
2026-03-03 05:44:06 INFO Epoch 20 | Step 180/5125 | Loss 0.1848 | LR 9.9949e-06
2026-03-03 05:44:57 INFO Epoch 20 | Step 200/5125 | Loss 0.1837 | LR 9.9949e-06
2026-03-03 05:45:48 INFO Epoch 20 | Step 220/5125 | Loss 0.1825 | LR 9.9948e-06
2026-03-03 05:46:39 INFO Epoch 20 | Step 240/5125 | Loss 0.1807 | LR 9.9948e-06
2026-03-03 05:47:31 INFO Epoch 20 | Step 260/5125 | Loss 0.1846 | LR 9.9948e-06
2026-03-03 05:48:22 INFO Epoch 20 | Step 280/5125 | Loss 0.1836 | LR 9.9947e-06
2026-03-03 05:49:13 INFO Epoch 20 | Step 300/5125 | Loss 0.1841 | LR 9.9947e-06
2026-03-03 05:50:04 INFO Epoch 20 | Step 320/5125 | Loss 0.1825 | LR 9.9946e-06
2026-03-03 05:50:55 INFO Epoch 20 | Step 340/5125 | Loss 0.1827 | LR 9.9946e-06
2026-03-03 05:51:46 INFO Epoch 20 | Step 360/5125 | Loss 0.1821 | LR 9.9946e-06
2026-03-03 05:52:38 INFO Epoch 20 | Step 380/5125 | Loss 0.1836 | LR 9.9945e-06
2026-03-03 05:53:29 INFO Epoch 20 | Step 400/5125 | Loss 0.1831 | LR 9.9945e-06
2026-03-03 05:54:20 INFO Epoch 20 | Step 420/5125 | Loss 0.1826 | LR 9.9944e-06
2026-03-03 05:55:11 INFO Epoch 20 | Step 440/5125 | Loss 0.1834 | LR 9.9944e-06
2026-03-03 05:56:02 INFO Epoch 20 | Step 460/5125 | Loss 0.1823 | LR 9.9944e-06
2026-03-03 05:56:53 INFO Epoch 20 | Step 480/5125 | Loss 0.1817 | LR 9.9943e-06
2026-03-03 05:57:44 INFO Epoch 20 | Step 500/5125 | Loss 0.1846 | LR 9.9943e-06
2026-03-03 05:58:36 INFO Epoch 20 | Step 520/5125 | Loss 0.1828 | LR 9.9942e-06
2026-03-03 05:59:27 INFO Epoch 20 | Step 540/5125 | Loss 0.1814 | LR 9.9942e-06
2026-03-03 06:00:18 INFO Epoch 20 | Step 560/5125 | Loss 0.1810 | LR 9.9942e-06
2026-03-03 06:01:09 INFO Epoch 20 | Step 580/5125 | Loss 0.1804 | LR 9.9941e-06
2026-03-03 06:02:00 INFO Epoch 20 | Step 600/5125 | Loss 0.1795 | LR 9.9941e-06
2026-03-03 06:02:51 INFO Epoch 20 | Step 620/5125 | Loss 0.1791 | LR 9.9940e-06
2026-03-03 06:03:42 INFO Epoch 20 | Step 640/5125 | Loss 0.1797 | LR 9.9940e-06
2026-03-03 06:04:33 INFO Epoch 20 | Step 660/5125 | Loss 0.1792 | LR 9.9940e-06
2026-03-03 06:05:24 INFO Epoch 20 | Step 680/5125 | Loss 0.1784 | LR 9.9939e-06
2026-03-03 06:06:15 INFO Epoch 20 | Step 700/5125 | Loss 0.1786 | LR 9.9939e-06
2026-03-03 06:07:07 INFO Epoch 20 | Step 720/5125 | Loss 0.1777 | LR 9.9938e-06
2026-03-03 06:07:58 INFO Epoch 20 | Step 740/5125 | Loss 0.1780 | LR 9.9938e-06
2026-03-03 06:08:49 INFO Epoch 20 | Step 760/5125 | Loss 0.1764 | LR 9.9937e-06
2026-03-03 06:09:40 INFO Epoch 20 | Step 780/5125 | Loss 0.1765 | LR 9.9937e-06
2026-03-03 06:10:31 INFO Epoch 20 | Step 800/5125 | Loss 0.1769 | LR 9.9937e-06
2026-03-03 06:11:22 INFO Epoch 20 | Step 820/5125 | Loss 0.1760 | LR 9.9936e-06
2026-03-03 06:12:13 INFO Epoch 20 | Step 840/5125 | Loss 0.1768 | LR 9.9936e-06
2026-03-03 06:13:04 INFO Epoch 20 | Step 860/5125 | Loss 0.1767 | LR 9.9935e-06
2026-03-03 06:13:55 INFO Epoch 20 | Step 880/5125 | Loss 0.1769 | LR 9.9935e-06
2026-03-03 06:14:46 INFO Epoch 20 | Step 900/5125 | Loss 0.1767 | LR 9.9934e-06
2026-03-03 06:15:37 INFO Epoch 20 | Step 920/5125 | Loss 0.1770 | LR 9.9934e-06
2026-03-03 06:16:28 INFO Epoch 20 | Step 940/5125 | Loss 0.1762 | LR 9.9934e-06
2026-03-03 06:17:18 INFO Epoch 20 | Step 960/5125 | Loss 0.1761 | LR 9.9933e-06
2026-03-03 06:18:09 INFO Epoch 20 | Step 980/5125 | Loss 0.1754 | LR 9.9933e-06
2026-03-03 06:19:00 INFO Epoch 20 | Step 1000/5125 | Loss 0.1750 | LR 9.9932e-06
2026-03-03 06:19:51 INFO Epoch 20 | Step 1020/5125 | Loss 0.1749 | LR 9.9932e-06
2026-03-03 06:20:42 INFO Epoch 20 | Step 1040/5125 | Loss 0.1747 | LR 9.9931e-06
2026-03-03 06:21:33 INFO Epoch 20 | Step 1060/5125 | Loss 0.1751 | LR 9.9931e-06
2026-03-03 06:22:24 INFO Epoch 20 | Step 1080/5125 | Loss 0.1749 | LR 9.9930e-06
2026-03-03 06:23:14 INFO Epoch 20 | Step 1100/5125 | Loss 0.1747 | LR 9.9930e-06
2026-03-03 06:24:05 INFO Epoch 20 | Step 1120/5125 | Loss 0.1745 | LR 9.9930e-06
2026-03-03 06:24:56 INFO Epoch 20 | Step 1140/5125 | Loss 0.1746 | LR 9.9929e-06
2026-03-03 06:25:47 INFO Epoch 20 | Step 1160/5125 | Loss 0.1747 | LR 9.9929e-06
2026-03-03 06:26:38 INFO Epoch 20 | Step 1180/5125 | Loss 0.1745 | LR 9.9928e-06
2026-03-03 06:27:28 INFO Epoch 20 | Step 1200/5125 | Loss 0.1741 | LR 9.9928e-06
2026-03-03 06:28:19 INFO Epoch 20 | Step 1220/5125 | Loss 0.1737 | LR 9.9927e-06
2026-03-03 06:29:10 INFO Epoch 20 | Step 1240/5125 | Loss 0.1738 | LR 9.9927e-06
2026-03-03 06:30:01 INFO Epoch 20 | Step 1260/5125 | Loss 0.1745 | LR 9.9926e-06
2026-03-03 06:30:52 INFO Epoch 20 | Step 1280/5125 | Loss 0.1747 | LR 9.9926e-06
2026-03-03 06:31:43 INFO Epoch 20 | Step 1300/5125 | Loss 0.1749 | LR 9.9925e-06
2026-03-03 06:32:34 INFO Epoch 20 | Step 1320/5125 | Loss 0.1750 | LR 9.9925e-06
2026-03-03 06:33:25 INFO Epoch 20 | Step 1340/5125 | Loss 0.1755 | LR 9.9925e-06
2026-03-03 06:34:16 INFO Epoch 20 | Step 1360/5125 | Loss 0.1759 | LR 9.9924e-06
2026-03-03 06:35:06 INFO Epoch 20 | Step 1380/5125 | Loss 0.1760 | LR 9.9924e-06
2026-03-03 06:35:57 INFO Epoch 20 | Step 1400/5125 | Loss 0.1766 | LR 9.9923e-06
2026-03-03 06:36:48 INFO Epoch 20 | Step 1420/5125 | Loss 0.1762 | LR 9.9923e-06
2026-03-03 06:37:39 INFO Epoch 20 | Step 1440/5125 | Loss 0.1763 | LR 9.9922e-06
2026-03-03 06:38:30 INFO Epoch 20 | Step 1460/5125 | Loss 0.1766 | LR 9.9922e-06
2026-03-03 06:39:21 INFO Epoch 20 | Step 1480/5125 | Loss 0.1768 | LR 9.9921e-06
2026-03-03 06:40:12 INFO Epoch 20 | Step 1500/5125 | Loss 0.1768 | LR 9.9921e-06
2026-03-03 06:41:03 INFO Epoch 20 | Step 1520/5125 | Loss 0.1778 | LR 9.9920e-06
2026-03-03 06:41:54 INFO Epoch 20 | Step 1540/5125 | Loss 0.1784 | LR 9.9920e-06
2026-03-03 06:42:44 INFO Epoch 20 | Step 1560/5125 | Loss 0.1783 | LR 9.9919e-06
2026-03-03 06:43:35 INFO Epoch 20 | Step 1580/5125 | Loss 0.1785 | LR 9.9919e-06
2026-03-03 06:44:26 INFO Epoch 20 | Step 1600/5125 | Loss 0.1780 | LR 9.9918e-06
2026-03-03 06:45:17 INFO Epoch 20 | Step 1620/5125 | Loss 0.1788 | LR 9.9918e-06
2026-03-03 06:46:08 INFO Epoch 20 | Step 1640/5125 | Loss 0.1787 | LR 9.9917e-06
2026-03-03 06:46:59 INFO Epoch 20 | Step 1660/5125 | Loss 0.1782 | LR 9.9917e-06
2026-03-03 06:47:50 INFO Epoch 20 | Step 1680/5125 | Loss 0.1780 | LR 9.9916e-06
2026-03-03 06:48:41 INFO Epoch 20 | Step 1700/5125 | Loss 0.1786 | LR 9.9916e-06
2026-03-03 06:49:32 INFO Epoch 20 | Step 1720/5125 | Loss 0.1787 | LR 9.9915e-06
2026-03-03 06:50:22 INFO Epoch 20 | Step 1740/5125 | Loss 0.1785 | LR 9.9915e-06
2026-03-03 06:51:13 INFO Epoch 20 | Step 1760/5125 | Loss 0.1788 | LR 9.9914e-06
2026-03-03 06:52:04 INFO Epoch 20 | Step 1780/5125 | Loss 0.1792 | LR 9.9914e-06
2026-03-03 06:52:55 INFO Epoch 20 | Step 1800/5125 | Loss 0.1789 | LR 9.9913e-06
2026-03-03 06:53:46 INFO Epoch 20 | Step 1820/5125 | Loss 0.1789 | LR 9.9913e-06
2026-03-03 06:54:37 INFO Epoch 20 | Step 1840/5125 | Loss 0.1786 | LR 9.9912e-06
2026-03-03 06:55:27 INFO Epoch 20 | Step 1860/5125 | Loss 0.1787 | LR 9.9912e-06
2026-03-03 06:56:18 INFO Epoch 20 | Step 1880/5125 | Loss 0.1785 | LR 9.9911e-06
2026-03-03 06:57:09 INFO Epoch 20 | Step 1900/5125 | Loss 0.1782 | LR 9.9911e-06
2026-03-03 06:58:00 INFO Epoch 20 | Step 1920/5125 | Loss 0.1784 | LR 9.9910e-06
2026-03-03 06:58:50 INFO Epoch 20 | Step 1940/5125 | Loss 0.1787 | LR 9.9910e-06
2026-03-03 06:59:41 INFO Epoch 20 | Step 1960/5125 | Loss 0.1787 | LR 9.9909e-06
2026-03-03 07:00:32 INFO Epoch 20 | Step 1980/5125 | Loss 0.1791 | LR 9.9909e-06
2026-03-03 07:01:22 INFO Epoch 20 | Step 2000/5125 | Loss 0.1795 | LR 9.9908e-06
2026-03-03 07:02:13 INFO Epoch 20 | Step 2020/5125 | Loss 0.1791 | LR 9.9908e-06
2026-03-03 07:03:04 INFO Epoch 20 | Step 2040/5125 | Loss 0.1792 | LR 9.9907e-06
2026-03-03 07:03:54 INFO Epoch 20 | Step 2060/5125 | Loss 0.1800 | LR 9.9907e-06
2026-03-03 07:04:45 INFO Epoch 20 | Step 2080/5125 | Loss 0.1804 | LR 9.9906e-06
2026-03-03 07:05:36 INFO Epoch 20 | Step 2100/5125 | Loss 0.1802 | LR 9.9906e-06
2026-03-03 07:06:27 INFO Epoch 20 | Step 2120/5125 | Loss 0.1806 | LR 9.9905e-06
2026-03-03 07:07:17 INFO Epoch 20 | Step 2140/5125 | Loss 0.1806 | LR 9.9905e-06
2026-03-03 07:08:08 INFO Epoch 20 | Step 2160/5125 | Loss 0.1810 | LR 9.9904e-06
2026-03-03 07:08:59 INFO Epoch 20 | Step 2180/5125 | Loss 0.1811 | LR 9.9904e-06
2026-03-03 07:09:49 INFO Epoch 20 | Step 2200/5125 | Loss 0.1812 | LR 9.9903e-06
2026-03-03 07:10:40 INFO Epoch 20 | Step 2220/5125 | Loss 0.1812 | LR 9.9903e-06
2026-03-03 07:11:31 INFO Epoch 20 | Step 2240/5125 | Loss 0.1813 | LR 9.9902e-06
2026-03-03 07:12:22 INFO Epoch 20 | Step 2260/5125 | Loss 0.1810 | LR 9.9901e-06
2026-03-03 07:13:14 INFO Epoch 20 | Step 2280/5125 | Loss 0.1807 | LR 9.9901e-06
2026-03-03 07:14:05 INFO Epoch 20 | Step 2300/5125 | Loss 0.1806 | LR 9.9900e-06
2026-03-03 07:14:56 INFO Epoch 20 | Step 2320/5125 | Loss 0.1807 | LR 9.9900e-06
2026-03-03 07:15:48 INFO Epoch 20 | Step 2340/5125 | Loss 0.1808 | LR 9.9899e-06
2026-03-03 07:16:39 INFO Epoch 20 | Step 2360/5125 | Loss 0.1806 | LR 9.9899e-06
2026-03-03 07:17:31 INFO Epoch 20 | Step 2380/5125 | Loss 0.1806 | LR 9.9898e-06
2026-03-03 07:18:22 INFO Epoch 20 | Step 2400/5125 | Loss 0.1806 | LR 9.9898e-06
2026-03-03 07:19:14 INFO Epoch 20 | Step 2420/5125 | Loss 0.1807 | LR 9.9897e-06
2026-03-03 07:20:05 INFO Epoch 20 | Step 2440/5125 | Loss 0.1805 | LR 9.9897e-06
2026-03-03 07:20:57 INFO Epoch 20 | Step 2460/5125 | Loss 0.1804 | LR 9.9896e-06
2026-03-03 07:21:48 INFO Epoch 20 | Step 2480/5125 | Loss 0.1805 | LR 9.9896e-06
2026-03-03 07:22:39 INFO Epoch 20 | Step 2500/5125 | Loss 0.1805 | LR 9.9895e-06
2026-03-03 07:23:31 INFO Epoch 20 | Step 2520/5125 | Loss 0.1805 | LR 9.9894e-06
2026-03-03 07:24:22 INFO Epoch 20 | Step 2540/5125 | Loss 0.1807 | LR 9.9894e-06
2026-03-03 07:25:14 INFO Epoch 20 | Step 2560/5125 | Loss 0.1806 | LR 9.9893e-06
2026-03-03 07:26:05 INFO Epoch 20 | Step 2580/5125 | Loss 0.1803 | LR 9.9893e-06
2026-03-03 07:26:57 INFO Epoch 20 | Step 2600/5125 | Loss 0.1809 | LR 9.9892e-06
2026-03-03 07:27:48 INFO Epoch 20 | Step 2620/5125 | Loss 0.1811 | LR 9.9892e-06
2026-03-03 07:28:39 INFO Epoch 20 | Step 2640/5125 | Loss 0.1812 | LR 9.9891e-06
2026-03-03 07:29:31 INFO Epoch 20 | Step 2660/5125 | Loss 0.1811 | LR 9.9890e-06
2026-03-03 07:30:22 INFO Epoch 20 | Step 2680/5125 | Loss 0.1809 | LR 9.9890e-06
2026-03-03 07:31:14 INFO Epoch 20 | Step 2700/5125 | Loss 0.1809 | LR 9.9889e-06
2026-03-03 07:32:05 INFO Epoch 20 | Step 2720/5125 | Loss 0.1809 | LR 9.9889e-06
2026-03-03 07:32:56 INFO Epoch 20 | Step 2740/5125 | Loss 0.1811 | LR 9.9888e-06
2026-03-03 07:33:48 INFO Epoch 20 | Step 2760/5125 | Loss 0.1809 | LR 9.9888e-06
2026-03-03 07:34:39 INFO Epoch 20 | Step 2780/5125 | Loss 0.1810 | LR 9.9887e-06
2026-03-03 07:35:29 INFO Epoch 20 | Step 2800/5125 | Loss 0.1811 | LR 9.9887e-06
2026-03-03 07:36:20 INFO Epoch 20 | Step 2820/5125 | Loss 0.1810 | LR 9.9886e-06
2026-03-03 07:37:11 INFO Epoch 20 | Step 2840/5125 | Loss 0.1811 | LR 9.9885e-06
2026-03-03 07:38:01 INFO Epoch 20 | Step 2860/5125 | Loss 0.1813 | LR 9.9885e-06
2026-03-03 07:38:52 INFO Epoch 20 | Step 2880/5125 | Loss 0.1812 | LR 9.9884e-06
2026-03-03 07:39:43 INFO Epoch 20 | Step 2900/5125 | Loss 0.1810 | LR 9.9884e-06
2026-03-03 07:40:33 INFO Epoch 20 | Step 2920/5125 | Loss 0.1809 | LR 9.9883e-06
2026-03-03 07:41:24 INFO Epoch 20 | Step 2940/5125 | Loss 0.1809 | LR 9.9882e-06
2026-03-03 07:42:15 INFO Epoch 20 | Step 2960/5125 | Loss 0.1808 | LR 9.9882e-06
2026-03-03 07:43:06 INFO Epoch 20 | Step 2980/5125 | Loss 0.1810 | LR 9.9881e-06
2026-03-03 07:43:56 INFO Epoch 20 | Step 3000/5125 | Loss 0.1811 | LR 9.9881e-06
2026-03-03 07:44:47 INFO Epoch 20 | Step 3020/5125 | Loss 0.1812 | LR 9.9880e-06
2026-03-03 07:45:38 INFO Epoch 20 | Step 3040/5125 | Loss 0.1811 | LR 9.9880e-06
2026-03-03 07:46:28 INFO Epoch 20 | Step 3060/5125 | Loss 0.1811 | LR 9.9879e-06
2026-03-03 07:47:19 INFO Epoch 20 | Step 3080/5125 | Loss 0.1813 | LR 9.9878e-06
2026-03-03 07:48:10 INFO Epoch 20 | Step 3100/5125 | Loss 0.1812 | LR 9.9878e-06
2026-03-03 07:49:01 INFO Epoch 20 | Step 3120/5125 | Loss 0.1816 | LR 9.9877e-06
2026-03-03 07:49:52 INFO Epoch 20 | Step 3140/5125 | Loss 0.1816 | LR 9.9877e-06
2026-03-03 07:50:42 INFO Epoch 20 | Step 3160/5125 | Loss 0.1817 | LR 9.9876e-06
2026-03-03 07:51:33 INFO Epoch 20 | Step 3180/5125 | Loss 0.1817 | LR 9.9875e-06
2026-03-03 07:52:24 INFO Epoch 20 | Step 3200/5125 | Loss 0.1815 | LR 9.9875e-06
2026-03-03 07:53:14 INFO Epoch 20 | Step 3220/5125 | Loss 0.1812 | LR 9.9874e-06
2026-03-03 07:54:05 INFO Epoch 20 | Step 3240/5125 | Loss 0.1812 | LR 9.9874e-06
2026-03-03 07:54:56 INFO Epoch 20 | Step 3260/5125 | Loss 0.1817 | LR 9.9873e-06
2026-03-03 07:55:46 INFO Epoch 20 | Step 3280/5125 | Loss 0.1819 | LR 9.9872e-06
2026-03-03 07:56:37 INFO Epoch 20 | Step 3300/5125 | Loss 0.1819 | LR 9.9872e-06
2026-03-03 07:57:28 INFO Epoch 20 | Step 3320/5125 | Loss 0.1818 | LR 9.9871e-06
2026-03-03 07:58:19 INFO Epoch 20 | Step 3340/5125 | Loss 0.1817 | LR 9.9871e-06
2026-03-03 07:59:09 INFO Epoch 20 | Step 3360/5125 | Loss 0.1818 | LR 9.9870e-06
2026-03-03 08:00:00 INFO Epoch 20 | Step 3380/5125 | Loss 0.1818 | LR 9.9869e-06
2026-03-03 08:00:51 INFO Epoch 20 | Step 3400/5125 | Loss 0.1818 | LR 9.9869e-06
2026-03-03 08:01:42 INFO Epoch 20 | Step 3420/5125 | Loss 0.1817 | LR 9.9868e-06
2026-03-03 08:02:32 INFO Epoch 20 | Step 3440/5125 | Loss 0.1818 | LR 9.9867e-06
2026-03-03 08:03:23 INFO Epoch 20 | Step 3460/5125 | Loss 0.1818 | LR 9.9867e-06
2026-03-03 08:04:14 INFO Epoch 20 | Step 3480/5125 | Loss 0.1819 | LR 9.9866e-06
2026-03-03 08:05:05 INFO Epoch 20 | Step 3500/5125 | Loss 0.1818 | LR 9.9866e-06
2026-03-03 08:05:55 INFO Epoch 20 | Step 3520/5125 | Loss 0.1820 | LR 9.9865e-06
2026-03-03 08:06:47 INFO Epoch 20 | Step 3540/5125 | Loss 0.1819 | LR 9.9864e-06
2026-03-03 08:07:38 INFO Epoch 20 | Step 3560/5125 | Loss 0.1819 | LR 9.9864e-06
2026-03-03 08:08:30 INFO Epoch 20 | Step 3580/5125 | Loss 0.1817 | LR 9.9863e-06
2026-03-03 08:09:21 INFO Epoch 20 | Step 3600/5125 | Loss 0.1815 | LR 9.9862e-06
2026-03-03 08:10:12 INFO Epoch 20 | Step 3620/5125 | Loss 0.1814 | LR 9.9862e-06
2026-03-03 08:11:04 INFO Epoch 20 | Step 3640/5125 | Loss 0.1815 | LR 9.9861e-06
2026-03-03 08:11:55 INFO Epoch 20 | Step 3660/5125 | Loss 0.1814 | LR 9.9861e-06
2026-03-03 08:12:46 INFO Epoch 20 | Step 3680/5125 | Loss 0.1813 | LR 9.9860e-06
2026-03-03 08:13:37 INFO Epoch 20 | Step 3700/5125 | Loss 0.1812 | LR 9.9859e-06
2026-03-03 08:14:28 INFO Epoch 20 | Step 3720/5125 | Loss 0.1812 | LR 9.9859e-06
2026-03-03 08:15:19 INFO Epoch 20 | Step 3740/5125 | Loss 0.1812 | LR 9.9858e-06
2026-03-03 08:16:10 INFO Epoch 20 | Step 3760/5125 | Loss 0.1811 | LR 9.9857e-06
2026-03-03 08:17:00 INFO Epoch 20 | Step 3780/5125 | Loss 0.1812 | LR 9.9857e-06
2026-03-03 08:17:51 INFO Epoch 20 | Step 3800/5125 | Loss 0.1814 | LR 9.9856e-06
2026-03-03 08:18:42 INFO Epoch 20 | Step 3820/5125 | Loss 0.1815 | LR 9.9855e-06
2026-03-03 08:19:32 INFO Epoch 20 | Step 3840/5125 | Loss 0.1816 | LR 9.9855e-06
2026-03-03 08:20:23 INFO Epoch 20 | Step 3860/5125 | Loss 0.1815 | LR 9.9854e-06
2026-03-03 08:21:13 INFO Epoch 20 | Step 3880/5125 | Loss 0.1816 | LR 9.9853e-06
2026-03-03 08:22:04 INFO Epoch 20 | Step 3900/5125 | Loss 0.1817 | LR 9.9853e-06
2026-03-03 08:22:55 INFO Epoch 20 | Step 3920/5125 | Loss 0.1814 | LR 9.9852e-06
2026-03-03 08:23:45 INFO Epoch 20 | Step 3940/5125 | Loss 0.1813 | LR 9.9851e-06
2026-03-03 08:24:36 INFO Epoch 20 | Step 3960/5125 | Loss 0.1814 | LR 9.9851e-06
2026-03-03 08:25:26 INFO Epoch 20 | Step 3980/5125 | Loss 0.1813 | LR 9.9850e-06
2026-03-03 08:26:17 INFO Epoch 20 | Step 4000/5125 | Loss 0.1816 | LR 9.9850e-06
2026-03-03 08:27:07 INFO Epoch 20 | Step 4020/5125 | Loss 0.1817 | LR 9.9849e-06
2026-03-03 08:27:58 INFO Epoch 20 | Step 4040/5125 | Loss 0.1816 | LR 9.9848e-06
2026-03-03 08:28:48 INFO Epoch 20 | Step 4060/5125 | Loss 0.1815 | LR 9.9848e-06
2026-03-03 08:29:39 INFO Epoch 20 | Step 4080/5125 | Loss 0.1816 | LR 9.9847e-06
2026-03-03 08:30:29 INFO Epoch 20 | Step 4100/5125 | Loss 0.1815 | LR 9.9846e-06
2026-03-03 08:31:20 INFO Epoch 20 | Step 4120/5125 | Loss 0.1815 | LR 9.9846e-06
2026-03-03 08:32:10 INFO Epoch 20 | Step 4140/5125 | Loss 0.1816 | LR 9.9845e-06
2026-03-03 08:33:01 INFO Epoch 20 | Step 4160/5125 | Loss 0.1815 | LR 9.9844e-06
2026-03-03 08:33:52 INFO Epoch 20 | Step 4180/5125 | Loss 0.1816 | LR 9.9844e-06
2026-03-03 08:34:42 INFO Epoch 20 | Step 4200/5125 | Loss 0.1816 | LR 9.9843e-06
2026-03-03 08:35:33 INFO Epoch 20 | Step 4220/5125 | Loss 0.1815 | LR 9.9842e-06
2026-03-03 08:36:23 INFO Epoch 20 | Step 4240/5125 | Loss 0.1816 | LR 9.9842e-06
2026-03-03 08:37:14 INFO Epoch 20 | Step 4260/5125 | Loss 0.1815 | LR 9.9841e-06
2026-03-03 08:38:05 INFO Epoch 20 | Step 4280/5125 | Loss 0.1813 | LR 9.9840e-06
2026-03-03 08:38:55 INFO Epoch 20 | Step 4300/5125 | Loss 0.1812 | LR 9.9839e-06
2026-03-03 08:39:46 INFO Epoch 20 | Step 4320/5125 | Loss 0.1814 | LR 9.9839e-06
2026-03-03 08:40:36 INFO Epoch 20 | Step 4340/5125 | Loss 0.1813 | LR 9.9838e-06
2026-03-03 08:41:27 INFO Epoch 20 | Step 4360/5125 | Loss 0.1813 | LR 9.9837e-06
2026-03-03 08:42:18 INFO Epoch 20 | Step 4380/5125 | Loss 0.1813 | LR 9.9837e-06
2026-03-03 08:43:08 INFO Epoch 20 | Step 4400/5125 | Loss 0.1812 | LR 9.9836e-06
2026-03-03 08:43:59 INFO Epoch 20 | Step 4420/5125 | Loss 0.1811 | LR 9.9835e-06
2026-03-03 08:44:49 INFO Epoch 20 | Step 4440/5125 | Loss 0.1811 | LR 9.9835e-06
2026-03-03 08:45:40 INFO Epoch 20 | Step 4460/5125 | Loss 0.1810 | LR 9.9834e-06
2026-03-03 08:46:30 INFO Epoch 20 | Step 4480/5125 | Loss 0.1811 | LR 9.9833e-06
2026-03-03 08:47:21 INFO Epoch 20 | Step 4500/5125 | Loss 0.1812 | LR 9.9833e-06
2026-03-03 08:48:11 INFO Epoch 20 | Step 4520/5125 | Loss 0.1813 | LR 9.9832e-06
2026-03-03 08:49:02 INFO Epoch 20 | Step 4540/5125 | Loss 0.1812 | LR 9.9831e-06
2026-03-03 08:49:52 INFO Epoch 20 | Step 4560/5125 | Loss 0.1813 | LR 9.9830e-06
2026-03-03 08:50:43 INFO Epoch 20 | Step 4580/5125 | Loss 0.1814 | LR 9.9830e-06
2026-03-03 08:51:33 INFO Epoch 20 | Step 4600/5125 | Loss 0.1815 | LR 9.9829e-06
2026-03-03 08:52:24 INFO Epoch 20 | Step 4620/5125 | Loss 0.1813 | LR 9.9828e-06
2026-03-03 08:53:14 INFO Epoch 20 | Step 4640/5125 | Loss 0.1813 | LR 9.9828e-06
2026-03-03 08:54:05 INFO Epoch 20 | Step 4660/5125 | Loss 0.1813 | LR 9.9827e-06
2026-03-03 08:54:55 INFO Epoch 20 | Step 4680/5125 | Loss 0.1813 | LR 9.9826e-06
2026-03-03 08:55:46 INFO Epoch 20 | Step 4700/5125 | Loss 0.1812 | LR 9.9826e-06
2026-03-03 08:56:36 INFO Epoch 20 | Step 4720/5125 | Loss 0.1811 | LR 9.9825e-06
2026-03-03 08:57:27 INFO Epoch 20 | Step 4740/5125 | Loss 0.1811 | LR 9.9824e-06
2026-03-03 08:58:17 INFO Epoch 20 | Step 4760/5125 | Loss 0.1811 | LR 9.9823e-06
2026-03-03 08:59:08 INFO Epoch 20 | Step 4780/5125 | Loss 0.1812 | LR 9.9823e-06
2026-03-03 08:59:58 INFO Epoch 20 | Step 4800/5125 | Loss 0.1812 | LR 9.9822e-06
2026-03-03 09:00:49 INFO Epoch 20 | Step 4820/5125 | Loss 0.1813 | LR 9.9821e-06
2026-03-03 09:01:39 INFO Epoch 20 | Step 4840/5125 | Loss 0.1814 | LR 9.9821e-06
2026-03-03 09:02:30 INFO Epoch 20 | Step 4860/5125 | Loss 0.1813 | LR 9.9820e-06
2026-03-03 09:03:20 INFO Epoch 20 | Step 4880/5125 | Loss 0.1814 | LR 9.9819e-06
2026-03-03 09:04:11 INFO Epoch 20 | Step 4900/5125 | Loss 0.1813 | LR 9.9818e-06
2026-03-03 09:05:01 INFO Epoch 20 | Step 4920/5125 | Loss 0.1812 | LR 9.9818e-06
2026-03-03 09:05:51 INFO Epoch 20 | Step 4940/5125 | Loss 0.1810 | LR 9.9817e-06
2026-03-03 09:06:42 INFO Epoch 20 | Step 4960/5125 | Loss 0.1810 | LR 9.9816e-06
2026-03-03 09:07:32 INFO Epoch 20 | Step 4980/5125 | Loss 0.1809 | LR 9.9815e-06
2026-03-03 09:08:23 INFO Epoch 20 | Step 5000/5125 | Loss 0.1808 | LR 9.9815e-06
2026-03-03 09:09:13 INFO Epoch 20 | Step 5020/5125 | Loss 0.1808 | LR 9.9814e-06
2026-03-03 09:10:04 INFO Epoch 20 | Step 5040/5125 | Loss 0.1808 | LR 9.9813e-06
2026-03-03 09:10:55 INFO Epoch 20 | Step 5060/5125 | Loss 0.1807 | LR 9.9813e-06
2026-03-03 09:11:45 INFO Epoch 20 | Step 5080/5125 | Loss 0.1805 | LR 9.9812e-06
2026-03-03 09:12:36 INFO Epoch 20 | Step 5100/5125 | Loss 0.1806 | LR 9.9811e-06
2026-03-03 09:13:26 INFO Epoch 20 | Step 5120/5125 | Loss 0.1807 | LR 9.9810e-06
2026-03-03 09:13:39 INFO Epoch 20 | Step 5125/5125 | Loss 0.1806 | LR 9.9810e-06
2026-03-03 10:01:31 INFO CSV Written | Epoch: 20
2026-03-03 10:01:31 INFO Best Saved | Epoch: 20 | Monitor: val_auprc | Value: 0.8978
2026-03-03 10:01:31 INFO Epoch Done | Epoch: 20 | Time: 15909.4017 | Train Loss: 0.1806 | Val Accuracy: 0.9934 | Val AUPRC: 0.8978 | Val Auroc: 0.9916 | Val F1: 0.8458 | Val Loss: 0.2549
2026-03-03 10:01:31 INFO Epoch Start | Epoch: 21
2026-03-03 10:01:44 INFO Epoch 21 | Step 1/5125 | Loss 0.3535 | LR 9.9810e-06
2026-03-03 10:02:32 INFO Epoch 21 | Step 20/5125 | Loss 0.1824 | LR 9.9809e-06
2026-03-03 10:03:23 INFO Epoch 21 | Step 40/5125 | Loss 0.1867 | LR 9.9809e-06
2026-03-03 10:04:14 INFO Epoch 21 | Step 60/5125 | Loss 0.1842 | LR 9.9808e-06
2026-03-03 10:05:05 INFO Epoch 21 | Step 80/5125 | Loss 0.1869 | LR 9.9807e-06
2026-03-03 10:05:56 INFO Epoch 21 | Step 100/5125 | Loss 0.1962 | LR 9.9806e-06
2026-03-03 10:06:47 INFO Epoch 21 | Step 120/5125 | Loss 0.1940 | LR 9.9806e-06
2026-03-03 10:07:38 INFO Epoch 21 | Step 140/5125 | Loss 0.1908 | LR 9.9805e-06
2026-03-03 10:08:30 INFO Epoch 21 | Step 160/5125 | Loss 0.1896 | LR 9.9804e-06
2026-03-03 10:09:21 INFO Epoch 21 | Step 180/5125 | Loss 0.1881 | LR 9.9803e-06
2026-03-03 10:10:12 INFO Epoch 21 | Step 200/5125 | Loss 0.1889 | LR 9.9803e-06
2026-03-03 10:11:03 INFO Epoch 21 | Step 220/5125 | Loss 0.1885 | LR 9.9802e-06
2026-03-03 10:11:55 INFO Epoch 21 | Step 240/5125 | Loss 0.1891 | LR 9.9801e-06
2026-03-03 10:12:46 INFO Epoch 21 | Step 260/5125 | Loss 0.1871 | LR 9.9800e-06
2026-03-03 10:13:37 INFO Epoch 21 | Step 280/5125 | Loss 0.1890 | LR 9.9800e-06
2026-03-03 10:14:29 INFO Epoch 21 | Step 300/5125 | Loss 0.1883 | LR 9.9799e-06
2026-03-03 10:15:20 INFO Epoch 21 | Step 320/5125 | Loss 0.1852 | LR 9.9798e-06
2026-03-03 10:16:11 INFO Epoch 21 | Step 340/5125 | Loss 0.1830 | LR 9.9797e-06
2026-03-03 10:17:03 INFO Epoch 21 | Step 360/5125 | Loss 0.1808 | LR 9.9797e-06
2026-03-03 10:17:54 INFO Epoch 21 | Step 380/5125 | Loss 0.1817 | LR 9.9796e-06
2026-03-03 10:18:45 INFO Epoch 21 | Step 400/5125 | Loss 0.1813 | LR 9.9795e-06
2026-03-03 10:19:36 INFO Epoch 21 | Step 420/5125 | Loss 0.1810 | LR 9.9794e-06
2026-03-03 10:20:28 INFO Epoch 21 | Step 440/5125 | Loss 0.1813 | LR 9.9793e-06
2026-03-03 10:21:19 INFO Epoch 21 | Step 460/5125 | Loss 0.1837 | LR 9.9793e-06
2026-03-03 10:22:10 INFO Epoch 21 | Step 480/5125 | Loss 0.1830 | LR 9.9792e-06
2026-03-03 10:23:01 INFO Epoch 21 | Step 500/5125 | Loss 0.1819 | LR 9.9791e-06
2026-03-03 10:23:52 INFO Epoch 21 | Step 520/5125 | Loss 0.1828 | LR 9.9790e-06
2026-03-03 10:24:44 INFO Epoch 21 | Step 540/5125 | Loss 0.1822 | LR 9.9790e-06
2026-03-03 10:25:35 INFO Epoch 21 | Step 560/5125 | Loss 0.1811 | LR 9.9789e-06
2026-03-03 10:26:26 INFO Epoch 21 | Step 580/5125 | Loss 0.1807 | LR 9.9788e-06
2026-03-03 10:27:17 INFO Epoch 21 | Step 600/5125 | Loss 0.1801 | LR 9.9787e-06
2026-03-03 10:28:08 INFO Epoch 21 | Step 620/5125 | Loss 0.1803 | LR 9.9786e-06
2026-03-03 10:28:59 INFO Epoch 21 | Step 640/5125 | Loss 0.1797 | LR 9.9786e-06
2026-03-03 10:29:50 INFO Epoch 21 | Step 660/5125 | Loss 0.1800 | LR 9.9785e-06
2026-03-03 10:30:42 INFO Epoch 21 | Step 680/5125 | Loss 0.1794 | LR 9.9784e-06
2026-03-03 10:31:33 INFO Epoch 21 | Step 700/5125 | Loss 0.1782 | LR 9.9783e-06
2026-03-03 10:32:24 INFO Epoch 21 | Step 720/5125 | Loss 0.1786 | LR 9.9783e-06
2026-03-03 10:33:15 INFO Epoch 21 | Step 740/5125 | Loss 0.1776 | LR 9.9782e-06
2026-03-03 10:34:07 INFO Epoch 21 | Step 760/5125 | Loss 0.1784 | LR 9.9781e-06
2026-03-03 10:34:58 INFO Epoch 21 | Step 780/5125 | Loss 0.1789 | LR 9.9780e-06
2026-03-03 10:35:49 INFO Epoch 21 | Step 800/5125 | Loss 0.1795 | LR 9.9779e-06
2026-03-03 10:36:40 INFO Epoch 21 | Step 820/5125 | Loss 0.1795 | LR 9.9779e-06
2026-03-03 10:37:31 INFO Epoch 21 | Step 840/5125 | Loss 0.1794 | LR 9.9778e-06
2026-03-03 10:38:23 INFO Epoch 21 | Step 860/5125 | Loss 0.1796 | LR 9.9777e-06
2026-03-03 10:39:14 INFO Epoch 21 | Step 880/5125 | Loss 0.1790 | LR 9.9776e-06
2026-03-03 10:40:05 INFO Epoch 21 | Step 900/5125 | Loss 0.1785 | LR 9.9775e-06
2026-03-03 10:40:57 INFO Epoch 21 | Step 920/5125 | Loss 0.1780 | LR 9.9774e-06
2026-03-03 10:41:48 INFO Epoch 21 | Step 940/5125 | Loss 0.1776 | LR 9.9774e-06
2026-03-03 10:42:39 INFO Epoch 21 | Step 960/5125 | Loss 0.1775 | LR 9.9773e-06
2026-03-03 10:43:30 INFO Epoch 21 | Step 980/5125 | Loss 0.1768 | LR 9.9772e-06
2026-03-03 10:44:22 INFO Epoch 21 | Step 1000/5125 | Loss 0.1769 | LR 9.9771e-06
2026-03-03 10:45:13 INFO Epoch 21 | Step 1020/5125 | Loss 0.1767 | LR 9.9770e-06
2026-03-03 10:46:04 INFO Epoch 21 | Step 1040/5125 | Loss 0.1770 | LR 9.9770e-06
2026-03-03 10:46:55 INFO Epoch 21 | Step 1060/5125 | Loss 0.1767 | LR 9.9769e-06
2026-03-03 10:47:46 INFO Epoch 21 | Step 1080/5125 | Loss 0.1768 | LR 9.9768e-06
2026-03-03 10:48:37 INFO Epoch 21 | Step 1100/5125 | Loss 0.1764 | LR 9.9767e-06
2026-03-03 10:49:28 INFO Epoch 21 | Step 1120/5125 | Loss 0.1760 | LR 9.9766e-06
2026-03-03 10:50:20 INFO Epoch 21 | Step 1140/5125 | Loss 0.1758 | LR 9.9766e-06
2026-03-03 10:51:11 INFO Epoch 21 | Step 1160/5125 | Loss 0.1750 | LR 9.9765e-06
2026-03-03 10:52:02 INFO Epoch 21 | Step 1180/5125 | Loss 0.1749 | LR 9.9764e-06
2026-03-03 10:52:53 INFO Epoch 21 | Step 1200/5125 | Loss 0.1753 | LR 9.9763e-06
2026-03-03 10:53:44 INFO Epoch 21 | Step 1220/5125 | Loss 0.1766 | LR 9.9762e-06
2026-03-03 10:54:36 INFO Epoch 21 | Step 1240/5125 | Loss 0.1764 | LR 9.9761e-06
2026-03-03 10:55:27 INFO Epoch 21 | Step 1260/5125 | Loss 0.1768 | LR 9.9761e-06
2026-03-03 10:56:18 INFO Epoch 21 | Step 1280/5125 | Loss 0.1766 | LR 9.9760e-06
2026-03-03 10:57:10 INFO Epoch 21 | Step 1300/5125 | Loss 0.1758 | LR 9.9759e-06
2026-03-03 10:58:01 INFO Epoch 21 | Step 1320/5125 | Loss 0.1757 | LR 9.9758e-06
2026-03-03 10:58:52 INFO Epoch 21 | Step 1340/5125 | Loss 0.1752 | LR 9.9757e-06
2026-03-03 10:59:43 INFO Epoch 21 | Step 1360/5125 | Loss 0.1755 | LR 9.9756e-06
2026-03-03 11:00:35 INFO Epoch 21 | Step 1380/5125 | Loss 0.1756 | LR 9.9756e-06
2026-03-03 11:01:26 INFO Epoch 21 | Step 1400/5125 | Loss 0.1754 | LR 9.9755e-06
2026-03-03 11:02:17 INFO Epoch 21 | Step 1420/5125 | Loss 0.1755 | LR 9.9754e-06
2026-03-03 11:03:09 INFO Epoch 21 | Step 1440/5125 | Loss 0.1760 | LR 9.9753e-06
2026-03-03 11:04:00 INFO Epoch 21 | Step 1460/5125 | Loss 0.1755 | LR 9.9752e-06
2026-03-03 11:04:51 INFO Epoch 21 | Step 1480/5125 | Loss 0.1755 | LR 9.9751e-06
2026-03-03 11:05:42 INFO Epoch 21 | Step 1500/5125 | Loss 0.1756 | LR 9.9750e-06
2026-03-03 11:06:34 INFO Epoch 21 | Step 1520/5125 | Loss 0.1755 | LR 9.9750e-06
2026-03-03 11:07:25 INFO Epoch 21 | Step 1540/5125 | Loss 0.1752 | LR 9.9749e-06
2026-03-03 11:08:16 INFO Epoch 21 | Step 1560/5125 | Loss 0.1752 | LR 9.9748e-06
2026-03-03 11:09:07 INFO Epoch 21 | Step 1580/5125 | Loss 0.1760 | LR 9.9747e-06
2026-03-03 11:09:59 INFO Epoch 21 | Step 1600/5125 | Loss 0.1759 | LR 9.9746e-06
2026-03-03 11:10:50 INFO Epoch 21 | Step 1620/5125 | Loss 0.1756 | LR 9.9745e-06
2026-03-03 11:11:41 INFO Epoch 21 | Step 1640/5125 | Loss 0.1757 | LR 9.9744e-06
2026-03-03 11:12:33 INFO Epoch 21 | Step 1660/5125 | Loss 0.1752 | LR 9.9744e-06
2026-03-03 11:13:24 INFO Epoch 21 | Step 1680/5125 | Loss 0.1754 | LR 9.9743e-06
2026-03-03 11:14:15 INFO Epoch 21 | Step 1700/5125 | Loss 0.1755 | LR 9.9742e-06
2026-03-03 11:15:06 INFO Epoch 21 | Step 1720/5125 | Loss 0.1752 | LR 9.9741e-06
2026-03-03 11:15:58 INFO Epoch 21 | Step 1740/5125 | Loss 0.1749 | LR 9.9740e-06
2026-03-03 11:16:49 INFO Epoch 21 | Step 1760/5125 | Loss 0.1754 | LR 9.9739e-06
2026-03-03 11:17:41 INFO Epoch 21 | Step 1780/5125 | Loss 0.1756 | LR 9.9738e-06
2026-03-03 11:18:32 INFO Epoch 21 | Step 1800/5125 | Loss 0.1756 | LR 9.9738e-06
2026-03-03 11:19:23 INFO Epoch 21 | Step 1820/5125 | Loss 0.1755 | LR 9.9737e-06
2026-03-03 11:20:15 INFO Epoch 21 | Step 1840/5125 | Loss 0.1749 | LR 9.9736e-06
2026-03-03 11:21:06 INFO Epoch 21 | Step 1860/5125 | Loss 0.1747 | LR 9.9735e-06
2026-03-03 11:21:57 INFO Epoch 21 | Step 1880/5125 | Loss 0.1745 | LR 9.9734e-06
2026-03-03 11:22:49 INFO Epoch 21 | Step 1900/5125 | Loss 0.1747 | LR 9.9733e-06
2026-03-03 11:23:39 INFO Epoch 21 | Step 1920/5125 | Loss 0.1750 | LR 9.9732e-06
2026-03-03 11:24:31 INFO Epoch 21 | Step 1940/5125 | Loss 0.1750 | LR 9.9731e-06
2026-03-03 11:25:21 INFO Epoch 21 | Step 1960/5125 | Loss 0.1750 | LR 9.9731e-06
2026-03-03 11:26:12 INFO Epoch 21 | Step 1980/5125 | Loss 0.1752 | LR 9.9730e-06
2026-03-03 11:27:04 INFO Epoch 21 | Step 2000/5125 | Loss 0.1752 | LR 9.9729e-06
2026-03-03 11:27:55 INFO Epoch 21 | Step 2020/5125 | Loss 0.1749 | LR 9.9728e-06
2026-03-03 11:28:46 INFO Epoch 21 | Step 2040/5125 | Loss 0.1745 | LR 9.9727e-06
2026-03-03 11:29:37 INFO Epoch 21 | Step 2060/5125 | Loss 0.1739 | LR 9.9726e-06
2026-03-03 11:30:28 INFO Epoch 21 | Step 2080/5125 | Loss 0.1740 | LR 9.9725e-06
2026-03-03 11:31:19 INFO Epoch 21 | Step 2100/5125 | Loss 0.1739 | LR 9.9724e-06
2026-03-03 11:32:10 INFO Epoch 21 | Step 2120/5125 | Loss 0.1739 | LR 9.9723e-06
2026-03-03 11:33:01 INFO Epoch 21 | Step 2140/5125 | Loss 0.1740 | LR 9.9723e-06
2026-03-03 11:33:52 INFO Epoch 21 | Step 2160/5125 | Loss 0.1739 | LR 9.9722e-06
2026-03-03 11:34:43 INFO Epoch 21 | Step 2180/5125 | Loss 0.1745 | LR 9.9721e-06
2026-03-03 11:35:34 INFO Epoch 21 | Step 2200/5125 | Loss 0.1744 | LR 9.9720e-06
2026-03-03 11:36:25 INFO Epoch 21 | Step 2220/5125 | Loss 0.1745 | LR 9.9719e-06
2026-03-03 11:37:16 INFO Epoch 21 | Step 2240/5125 | Loss 0.1752 | LR 9.9718e-06
2026-03-03 11:38:07 INFO Epoch 21 | Step 2260/5125 | Loss 0.1755 | LR 9.9717e-06
2026-03-03 11:38:58 INFO Epoch 21 | Step 2280/5125 | Loss 0.1753 | LR 9.9716e-06
2026-03-03 11:39:49 INFO Epoch 21 | Step 2300/5125 | Loss 0.1750 | LR 9.9715e-06
2026-03-03 11:40:40 INFO Epoch 21 | Step 2320/5125 | Loss 0.1751 | LR 9.9714e-06
2026-03-03 11:41:31 INFO Epoch 21 | Step 2340/5125 | Loss 0.1753 | LR 9.9714e-06
2026-03-03 11:42:22 INFO Epoch 21 | Step 2360/5125 | Loss 0.1752 | LR 9.9713e-06
2026-03-03 11:43:13 INFO Epoch 21 | Step 2380/5125 | Loss 0.1748 | LR 9.9712e-06
2026-03-03 11:44:04 INFO Epoch 21 | Step 2400/5125 | Loss 0.1747 | LR 9.9711e-06
2026-03-03 11:44:55 INFO Epoch 21 | Step 2420/5125 | Loss 0.1744 | LR 9.9710e-06
2026-03-03 11:45:46 INFO Epoch 21 | Step 2440/5125 | Loss 0.1744 | LR 9.9709e-06
2026-03-03 11:46:37 INFO Epoch 21 | Step 2460/5125 | Loss 0.1744 | LR 9.9708e-06
2026-03-03 11:47:28 INFO Epoch 21 | Step 2480/5125 | Loss 0.1748 | LR 9.9707e-06
2026-03-03 11:48:19 INFO Epoch 21 | Step 2500/5125 | Loss 0.1750 | LR 9.9706e-06
2026-03-03 11:49:10 INFO Epoch 21 | Step 2520/5125 | Loss 0.1754 | LR 9.9705e-06
2026-03-03 11:50:01 INFO Epoch 21 | Step 2540/5125 | Loss 0.1757 | LR 9.9704e-06
2026-03-03 11:50:53 INFO Epoch 21 | Step 2560/5125 | Loss 0.1761 | LR 9.9703e-06
2026-03-03 11:51:44 INFO Epoch 21 | Step 2580/5125 | Loss 0.1761 | LR 9.9703e-06
2026-03-03 11:52:36 INFO Epoch 21 | Step 2600/5125 | Loss 0.1764 | LR 9.9702e-06
2026-03-03 11:53:27 INFO Epoch 21 | Step 2620/5125 | Loss 0.1765 | LR 9.9701e-06
2026-03-03 11:54:19 INFO Epoch 21 | Step 2640/5125 | Loss 0.1762 | LR 9.9700e-06
2026-03-03 11:55:10 INFO Epoch 21 | Step 2660/5125 | Loss 0.1763 | LR 9.9699e-06
2026-03-03 11:56:02 INFO Epoch 21 | Step 2680/5125 | Loss 0.1760 | LR 9.9698e-06
2026-03-03 11:56:54 INFO Epoch 21 | Step 2700/5125 | Loss 0.1760 | LR 9.9697e-06
2026-03-03 11:57:45 INFO Epoch 21 | Step 2720/5125 | Loss 0.1760 | LR 9.9696e-06
2026-03-03 11:58:36 INFO Epoch 21 | Step 2740/5125 | Loss 0.1762 | LR 9.9695e-06
2026-03-03 11:59:28 INFO Epoch 21 | Step 2760/5125 | Loss 0.1759 | LR 9.9694e-06
2026-03-03 12:00:20 INFO Epoch 21 | Step 2780/5125 | Loss 0.1758 | LR 9.9693e-06
2026-03-03 12:01:11 INFO Epoch 21 | Step 2800/5125 | Loss 0.1760 | LR 9.9692e-06
2026-03-03 12:02:03 INFO Epoch 21 | Step 2820/5125 | Loss 0.1762 | LR 9.9691e-06
2026-03-03 12:02:54 INFO Epoch 21 | Step 2840/5125 | Loss 0.1763 | LR 9.9690e-06
2026-03-03 12:03:46 INFO Epoch 21 | Step 2860/5125 | Loss 0.1761 | LR 9.9689e-06
2026-03-03 12:04:37 INFO Epoch 21 | Step 2880/5125 | Loss 0.1759 | LR 9.9688e-06
2026-03-03 12:05:29 INFO Epoch 21 | Step 2900/5125 | Loss 0.1761 | LR 9.9687e-06
2026-03-03 12:06:20 INFO Epoch 21 | Step 2920/5125 | Loss 0.1761 | LR 9.9687e-06
2026-03-03 12:07:11 INFO Epoch 21 | Step 2940/5125 | Loss 0.1762 | LR 9.9686e-06
2026-03-03 12:08:03 INFO Epoch 21 | Step 2960/5125 | Loss 0.1761 | LR 9.9685e-06
2026-03-03 12:08:54 INFO Epoch 21 | Step 2980/5125 | Loss 0.1763 | LR 9.9684e-06
2026-03-03 12:09:46 INFO Epoch 21 | Step 3000/5125 | Loss 0.1763 | LR 9.9683e-06
2026-03-03 12:10:37 INFO Epoch 21 | Step 3020/5125 | Loss 0.1764 | LR 9.9682e-06
2026-03-03 12:11:29 INFO Epoch 21 | Step 3040/5125 | Loss 0.1760 | LR 9.9681e-06
2026-03-03 12:12:21 INFO Epoch 21 | Step 3060/5125 | Loss 0.1759 | LR 9.9680e-06
2026-03-03 12:13:12 INFO Epoch 21 | Step 3080/5125 | Loss 0.1756 | LR 9.9679e-06
2026-03-03 12:14:04 INFO Epoch 21 | Step 3100/5125 | Loss 0.1756 | LR 9.9678e-06
2026-03-03 12:14:55 INFO Epoch 21 | Step 3120/5125 | Loss 0.1756 | LR 9.9677e-06
2026-03-03 12:15:46 INFO Epoch 21 | Step 3140/5125 | Loss 0.1759 | LR 9.9676e-06
2026-03-03 12:16:37 INFO Epoch 21 | Step 3160/5125 | Loss 0.1760 | LR 9.9675e-06
2026-03-03 12:17:28 INFO Epoch 21 | Step 3180/5125 | Loss 0.1761 | LR 9.9674e-06
2026-03-03 12:18:20 INFO Epoch 21 | Step 3200/5125 | Loss 0.1763 | LR 9.9673e-06
2026-03-03 12:19:11 INFO Epoch 21 | Step 3220/5125 | Loss 0.1764 | LR 9.9672e-06
2026-03-03 12:20:02 INFO Epoch 21 | Step 3240/5125 | Loss 0.1765 | LR 9.9671e-06
2026-03-03 12:20:53 INFO Epoch 21 | Step 3260/5125 | Loss 0.1764 | LR 9.9670e-06
2026-03-03 12:21:44 INFO Epoch 21 | Step 3280/5125 | Loss 0.1766 | LR 9.9669e-06
2026-03-03 12:22:35 INFO Epoch 21 | Step 3300/5125 | Loss 0.1765 | LR 9.9668e-06
2026-03-03 12:23:26 INFO Epoch 21 | Step 3320/5125 | Loss 0.1765 | LR 9.9667e-06
2026-03-03 12:24:17 INFO Epoch 21 | Step 3340/5125 | Loss 0.1765 | LR 9.9666e-06
2026-03-03 12:25:07 INFO Epoch 21 | Step 3360/5125 | Loss 0.1763 | LR 9.9665e-06
2026-03-03 12:25:59 INFO Epoch 21 | Step 3380/5125 | Loss 0.1762 | LR 9.9664e-06
2026-03-03 12:26:50 INFO Epoch 21 | Step 3400/5125 | Loss 0.1759 | LR 9.9663e-06
2026-03-03 12:27:41 INFO Epoch 21 | Step 3420/5125 | Loss 0.1758 | LR 9.9662e-06
2026-03-03 12:28:32 INFO Epoch 21 | Step 3440/5125 | Loss 0.1761 | LR 9.9661e-06
2026-03-03 12:29:23 INFO Epoch 21 | Step 3460/5125 | Loss 0.1763 | LR 9.9660e-06
2026-03-03 12:30:14 INFO Epoch 21 | Step 3480/5125 | Loss 0.1761 | LR 9.9659e-06
2026-03-03 12:31:05 INFO Epoch 21 | Step 3500/5125 | Loss 0.1762 | LR 9.9658e-06
2026-03-03 12:31:56 INFO Epoch 21 | Step 3520/5125 | Loss 0.1764 | LR 9.9657e-06
2026-03-03 12:32:47 INFO Epoch 21 | Step 3540/5125 | Loss 0.1765 | LR 9.9656e-06
2026-03-03 12:33:38 INFO Epoch 21 | Step 3560/5125 | Loss 0.1764 | LR 9.9655e-06
2026-03-03 12:34:29 INFO Epoch 21 | Step 3580/5125 | Loss 0.1763 | LR 9.9654e-06
2026-03-03 12:35:20 INFO Epoch 21 | Step 3600/5125 | Loss 0.1763 | LR 9.9653e-06
2026-03-03 12:36:11 INFO Epoch 21 | Step 3620/5125 | Loss 0.1766 | LR 9.9652e-06
2026-03-03 12:37:02 INFO Epoch 21 | Step 3640/5125 | Loss 0.1767 | LR 9.9651e-06
2026-03-03 12:37:53 INFO Epoch 21 | Step 3660/5125 | Loss 0.1769 | LR 9.9650e-06
2026-03-03 12:38:44 INFO Epoch 21 | Step 3680/5125 | Loss 0.1772 | LR 9.9649e-06
2026-03-03 12:39:35 INFO Epoch 21 | Step 3700/5125 | Loss 0.1770 | LR 9.9648e-06
2026-03-03 12:40:26 INFO Epoch 21 | Step 3720/5125 | Loss 0.1769 | LR 9.9647e-06
2026-03-03 12:41:17 INFO Epoch 21 | Step 3740/5125 | Loss 0.1771 | LR 9.9646e-06
2026-03-03 12:42:08 INFO Epoch 21 | Step 3760/5125 | Loss 0.1771 | LR 9.9645e-06
2026-03-03 12:42:59 INFO Epoch 21 | Step 3780/5125 | Loss 0.1769 | LR 9.9644e-06
2026-03-03 12:43:50 INFO Epoch 21 | Step 3800/5125 | Loss 0.1771 | LR 9.9643e-06
2026-03-03 12:44:41 INFO Epoch 21 | Step 3820/5125 | Loss 0.1772 | LR 9.9642e-06
2026-03-03 12:45:32 INFO Epoch 21 | Step 3840/5125 | Loss 0.1774 | LR 9.9641e-06
2026-03-03 12:46:23 INFO Epoch 21 | Step 3860/5125 | Loss 0.1773 | LR 9.9640e-06
2026-03-03 12:47:14 INFO Epoch 21 | Step 3880/5125 | Loss 0.1771 | LR 9.9639e-06
2026-03-03 12:48:05 INFO Epoch 21 | Step 3900/5125 | Loss 0.1769 | LR 9.9638e-06
2026-03-03 12:48:56 INFO Epoch 21 | Step 3920/5125 | Loss 0.1768 | LR 9.9637e-06
2026-03-03 12:49:47 INFO Epoch 21 | Step 3940/5125 | Loss 0.1767 | LR 9.9636e-06
2026-03-03 12:50:38 INFO Epoch 21 | Step 3960/5125 | Loss 0.1768 | LR 9.9635e-06
2026-03-03 12:51:28 INFO Epoch 21 | Step 3980/5125 | Loss 0.1767 | LR 9.9634e-06
2026-03-03 12:52:19 INFO Epoch 21 | Step 4000/5125 | Loss 0.1766 | LR 9.9633e-06
2026-03-03 12:53:10 INFO Epoch 21 | Step 4020/5125 | Loss 0.1764 | LR 9.9632e-06
2026-03-03 12:54:01 INFO Epoch 21 | Step 4040/5125 | Loss 0.1765 | LR 9.9631e-06
2026-03-03 12:54:52 INFO Epoch 21 | Step 4060/5125 | Loss 0.1766 | LR 9.9630e-06
2026-03-03 12:55:43 INFO Epoch 21 | Step 4080/5125 | Loss 0.1768 | LR 9.9629e-06
2026-03-03 12:56:34 INFO Epoch 21 | Step 4100/5125 | Loss 0.1770 | LR 9.9628e-06
2026-03-03 12:57:25 INFO Epoch 21 | Step 4120/5125 | Loss 0.1771 | LR 9.9627e-06
2026-03-03 12:58:16 INFO Epoch 21 | Step 4140/5125 | Loss 0.1770 | LR 9.9626e-06
2026-03-03 12:59:07 INFO Epoch 21 | Step 4160/5125 | Loss 0.1770 | LR 9.9625e-06
2026-03-03 12:59:57 INFO Epoch 21 | Step 4180/5125 | Loss 0.1770 | LR 9.9624e-06
2026-03-03 13:00:48 INFO Epoch 21 | Step 4200/5125 | Loss 0.1770 | LR 9.9623e-06
2026-03-03 13:01:39 INFO Epoch 21 | Step 4220/5125 | Loss 0.1770 | LR 9.9622e-06
2026-03-03 13:02:30 INFO Epoch 21 | Step 4240/5125 | Loss 0.1769 | LR 9.9621e-06
2026-03-03 13:03:21 INFO Epoch 21 | Step 4260/5125 | Loss 0.1769 | LR 9.9620e-06
2026-03-03 13:04:11 INFO Epoch 21 | Step 4280/5125 | Loss 0.1767 | LR 9.9618e-06
2026-03-03 13:05:02 INFO Epoch 21 | Step 4300/5125 | Loss 0.1768 | LR 9.9617e-06
2026-03-03 13:05:53 INFO Epoch 21 | Step 4320/5125 | Loss 0.1768 | LR 9.9616e-06
2026-03-03 13:06:44 INFO Epoch 21 | Step 4340/5125 | Loss 0.1768 | LR 9.9615e-06
2026-03-03 13:07:35 INFO Epoch 21 | Step 4360/5125 | Loss 0.1767 | LR 9.9614e-06
2026-03-03 13:08:26 INFO Epoch 21 | Step 4380/5125 | Loss 0.1766 | LR 9.9613e-06
2026-03-03 13:09:17 INFO Epoch 21 | Step 4400/5125 | Loss 0.1767 | LR 9.9612e-06
2026-03-03 13:10:07 INFO Epoch 21 | Step 4420/5125 | Loss 0.1768 | LR 9.9611e-06
2026-03-03 13:10:58 INFO Epoch 21 | Step 4440/5125 | Loss 0.1768 | LR 9.9610e-06
2026-03-03 13:11:49 INFO Epoch 21 | Step 4460/5125 | Loss 0.1768 | LR 9.9609e-06
2026-03-03 13:12:40 INFO Epoch 21 | Step 4480/5125 | Loss 0.1768 | LR 9.9608e-06
2026-03-03 13:13:31 INFO Epoch 21 | Step 4500/5125 | Loss 0.1769 | LR 9.9607e-06
2026-03-03 13:14:22 INFO Epoch 21 | Step 4520/5125 | Loss 0.1770 | LR 9.9606e-06
2026-03-03 13:15:13 INFO Epoch 21 | Step 4540/5125 | Loss 0.1770 | LR 9.9605e-06
2026-03-03 13:16:03 INFO Epoch 21 | Step 4560/5125 | Loss 0.1768 | LR 9.9604e-06
2026-03-03 13:16:54 INFO Epoch 21 | Step 4580/5125 | Loss 0.1768 | LR 9.9603e-06
2026-03-03 13:17:45 INFO Epoch 21 | Step 4600/5125 | Loss 0.1768 | LR 9.9602e-06
2026-03-03 13:18:36 INFO Epoch 21 | Step 4620/5125 | Loss 0.1768 | LR 9.9600e-06
2026-03-03 13:19:27 INFO Epoch 21 | Step 4640/5125 | Loss 0.1769 | LR 9.9599e-06
2026-03-03 13:20:18 INFO Epoch 21 | Step 4660/5125 | Loss 0.1770 | LR 9.9598e-06
2026-03-03 13:21:09 INFO Epoch 21 | Step 4680/5125 | Loss 0.1770 | LR 9.9597e-06
2026-03-03 13:22:00 INFO Epoch 21 | Step 4700/5125 | Loss 0.1771 | LR 9.9596e-06
2026-03-03 13:22:50 INFO Epoch 21 | Step 4720/5125 | Loss 0.1770 | LR 9.9595e-06
2026-03-03 13:23:41 INFO Epoch 21 | Step 4740/5125 | Loss 0.1770 | LR 9.9594e-06
2026-03-03 13:24:32 INFO Epoch 21 | Step 4760/5125 | Loss 0.1771 | LR 9.9593e-06
2026-03-03 13:25:23 INFO Epoch 21 | Step 4780/5125 | Loss 0.1771 | LR 9.9592e-06
2026-03-03 13:26:13 INFO Epoch 21 | Step 4800/5125 | Loss 0.1771 | LR 9.9591e-06
2026-03-03 13:27:04 INFO Epoch 21 | Step 4820/5125 | Loss 0.1774 | LR 9.9590e-06
2026-03-03 13:27:55 INFO Epoch 21 | Step 4840/5125 | Loss 0.1774 | LR 9.9589e-06
2026-03-03 13:28:45 INFO Epoch 21 | Step 4860/5125 | Loss 0.1774 | LR 9.9587e-06
2026-03-03 13:29:36 INFO Epoch 21 | Step 4880/5125 | Loss 0.1773 | LR 9.9586e-06
2026-03-03 13:30:27 INFO Epoch 21 | Step 4900/5125 | Loss 0.1775 | LR 9.9585e-06
2026-03-03 13:31:17 INFO Epoch 21 | Step 4920/5125 | Loss 0.1776 | LR 9.9584e-06
2026-03-03 13:32:08 INFO Epoch 21 | Step 4940/5125 | Loss 0.1775 | LR 9.9583e-06
2026-03-03 13:32:59 INFO Epoch 21 | Step 4960/5125 | Loss 0.1776 | LR 9.9582e-06
2026-03-03 13:33:50 INFO Epoch 21 | Step 4980/5125 | Loss 0.1777 | LR 9.9581e-06
2026-03-03 13:34:40 INFO Epoch 21 | Step 5000/5125 | Loss 0.1777 | LR 9.9580e-06
2026-03-03 13:35:31 INFO Epoch 21 | Step 5020/5125 | Loss 0.1776 | LR 9.9579e-06
2026-03-03 13:36:22 INFO Epoch 21 | Step 5040/5125 | Loss 0.1776 | LR 9.9578e-06
2026-03-03 13:37:12 INFO Epoch 21 | Step 5060/5125 | Loss 0.1777 | LR 9.9576e-06
2026-03-03 13:38:03 INFO Epoch 21 | Step 5080/5125 | Loss 0.1778 | LR 9.9575e-06
2026-03-03 13:38:54 INFO Epoch 21 | Step 5100/5125 | Loss 0.1778 | LR 9.9574e-06
2026-03-03 13:39:44 INFO Epoch 21 | Step 5120/5125 | Loss 0.1776 | LR 9.9573e-06
2026-03-03 13:39:57 INFO Epoch 21 | Step 5125/5125 | Loss 0.1775 | LR 9.9573e-06
2026-03-03 14:27:42 INFO CSV Written | Epoch: 21
2026-03-03 14:27:42 INFO Best Saved | Epoch: 21 | Monitor: val_auprc | Value: 0.8985
2026-03-03 14:27:42 INFO Epoch Done | Epoch: 21 | Time: 15970.4939 | Train Loss: 0.1775 | Val Accuracy: 0.9936 | Val AUPRC: 0.8985 | Val Auroc: 0.9918 | Val F1: 0.8459 | Val Loss: 0.2693
2026-03-03 14:27:42 INFO Epoch Start | Epoch: 22
2026-03-03 14:27:48 INFO Epoch 22 | Step 1/5125 | Loss 0.1838 | LR 9.9573e-06
2026-03-03 14:28:36 INFO Epoch 22 | Step 20/5125 | Loss 0.1746 | LR 9.9572e-06
2026-03-03 14:29:26 INFO Epoch 22 | Step 40/5125 | Loss 0.1641 | LR 9.9571e-06
2026-03-03 14:30:17 INFO Epoch 22 | Step 60/5125 | Loss 0.1659 | LR 9.9570e-06
2026-03-03 14:31:08 INFO Epoch 22 | Step 80/5125 | Loss 0.1658 | LR 9.9568e-06
2026-03-03 14:31:59 INFO Epoch 22 | Step 100/5125 | Loss 0.1684 | LR 9.9567e-06
2026-03-03 14:32:49 INFO Epoch 22 | Step 120/5125 | Loss 0.1692 | LR 9.9566e-06
2026-03-03 14:33:40 INFO Epoch 22 | Step 140/5125 | Loss 0.1659 | LR 9.9565e-06
2026-03-03 14:34:31 INFO Epoch 22 | Step 160/5125 | Loss 0.1661 | LR 9.9564e-06
2026-03-03 14:35:22 INFO Epoch 22 | Step 180/5125 | Loss 0.1646 | LR 9.9563e-06
2026-03-03 14:36:12 INFO Epoch 22 | Step 200/5125 | Loss 0.1681 | LR 9.9562e-06
2026-03-03 14:37:03 INFO Epoch 22 | Step 220/5125 | Loss 0.1664 | LR 9.9561e-06
2026-03-03 14:37:54 INFO Epoch 22 | Step 240/5125 | Loss 0.1695 | LR 9.9559e-06
2026-03-03 14:38:45 INFO Epoch 22 | Step 260/5125 | Loss 0.1698 | LR 9.9558e-06
2026-03-03 14:39:36 INFO Epoch 22 | Step 280/5125 | Loss 0.1703 | LR 9.9557e-06
2026-03-03 14:40:27 INFO Epoch 22 | Step 300/5125 | Loss 0.1705 | LR 9.9556e-06
2026-03-03 14:41:18 INFO Epoch 22 | Step 320/5125 | Loss 0.1716 | LR 9.9555e-06
2026-03-03 14:42:08 INFO Epoch 22 | Step 340/5125 | Loss 0.1734 | LR 9.9554e-06
2026-03-03 14:42:59 INFO Epoch 22 | Step 360/5125 | Loss 0.1761 | LR 9.9553e-06
2026-03-03 14:43:50 INFO Epoch 22 | Step 380/5125 | Loss 0.1766 | LR 9.9551e-06
2026-03-03 14:44:41 INFO Epoch 22 | Step 400/5125 | Loss 0.1743 | LR 9.9550e-06
2026-03-03 14:45:31 INFO Epoch 22 | Step 420/5125 | Loss 0.1739 | LR 9.9549e-06
2026-03-03 14:46:22 INFO Epoch 22 | Step 440/5125 | Loss 0.1743 | LR 9.9548e-06
2026-03-03 14:47:13 INFO Epoch 22 | Step 460/5125 | Loss 0.1734 | LR 9.9547e-06
2026-03-03 14:48:04 INFO Epoch 22 | Step 480/5125 | Loss 0.1754 | LR 9.9546e-06
2026-03-03 14:48:54 INFO Epoch 22 | Step 500/5125 | Loss 0.1754 | LR 9.9545e-06
2026-03-03 14:49:45 INFO Epoch 22 | Step 520/5125 | Loss 0.1753 | LR 9.9544e-06
2026-03-03 14:50:36 INFO Epoch 22 | Step 540/5125 | Loss 0.1742 | LR 9.9542e-06
2026-03-03 14:51:27 INFO Epoch 22 | Step 560/5125 | Loss 0.1727 | LR 9.9541e-06
2026-03-03 14:52:18 INFO Epoch 22 | Step 580/5125 | Loss 0.1736 | LR 9.9540e-06
2026-03-03 14:53:09 INFO Epoch 22 | Step 600/5125 | Loss 0.1732 | LR 9.9539e-06
2026-03-03 14:54:00 INFO Epoch 22 | Step 620/5125 | Loss 0.1726 | LR 9.9538e-06
2026-03-03 14:54:50 INFO Epoch 22 | Step 640/5125 | Loss 0.1741 | LR 9.9537e-06
2026-03-03 14:55:41 INFO Epoch 22 | Step 660/5125 | Loss 0.1733 | LR 9.9535e-06
2026-03-03 14:56:32 INFO Epoch 22 | Step 680/5125 | Loss 0.1733 | LR 9.9534e-06
2026-03-03 14:57:22 INFO Epoch 22 | Step 700/5125 | Loss 0.1733 | LR 9.9533e-06
2026-03-03 14:58:13 INFO Epoch 22 | Step 720/5125 | Loss 0.1726 | LR 9.9532e-06
2026-03-03 14:59:04 INFO Epoch 22 | Step 740/5125 | Loss 0.1726 | LR 9.9531e-06
2026-03-03 14:59:55 INFO Epoch 22 | Step 760/5125 | Loss 0.1731 | LR 9.9530e-06
2026-03-03 15:00:46 INFO Epoch 22 | Step 780/5125 | Loss 0.1742 | LR 9.9528e-06
2026-03-03 15:01:36 INFO Epoch 22 | Step 800/5125 | Loss 0.1742 | LR 9.9527e-06
2026-03-03 15:02:27 INFO Epoch 22 | Step 820/5125 | Loss 0.1749 | LR 9.9526e-06
2026-03-03 15:03:18 INFO Epoch 22 | Step 840/5125 | Loss 0.1753 | LR 9.9525e-06
2026-03-03 15:04:09 INFO Epoch 22 | Step 860/5125 | Loss 0.1756 | LR 9.9524e-06
2026-03-03 15:05:00 INFO Epoch 22 | Step 880/5125 | Loss 0.1749 | LR 9.9523e-06
2026-03-03 15:05:51 INFO Epoch 22 | Step 900/5125 | Loss 0.1747 | LR 9.9521e-06
2026-03-03 15:06:41 INFO Epoch 22 | Step 920/5125 | Loss 0.1743 | LR 9.9520e-06
2026-03-03 15:07:32 INFO Epoch 22 | Step 940/5125 | Loss 0.1742 | LR 9.9519e-06
2026-03-03 15:08:23 INFO Epoch 22 | Step 960/5125 | Loss 0.1739 | LR 9.9518e-06
2026-03-03 15:09:14 INFO Epoch 22 | Step 980/5125 | Loss 0.1739 | LR 9.9517e-06
2026-03-03 15:10:05 INFO Epoch 22 | Step 1000/5125 | Loss 0.1747 | LR 9.9516e-06
2026-03-03 15:10:56 INFO Epoch 22 | Step 1020/5125 | Loss 0.1742 | LR 9.9514e-06
2026-03-03 15:11:47 INFO Epoch 22 | Step 1040/5125 | Loss 0.1744 | LR 9.9513e-06
2026-03-03 15:12:38 INFO Epoch 22 | Step 1060/5125 | Loss 0.1740 | LR 9.9512e-06
2026-03-03 15:13:29 INFO Epoch 22 | Step 1080/5125 | Loss 0.1742 | LR 9.9511e-06
2026-03-03 15:14:20 INFO Epoch 22 | Step 1100/5125 | Loss 0.1735 | LR 9.9510e-06
2026-03-03 15:15:11 INFO Epoch 22 | Step 1120/5125 | Loss 0.1735 | LR 9.9508e-06
2026-03-03 15:16:02 INFO Epoch 22 | Step 1140/5125 | Loss 0.1738 | LR 9.9507e-06
2026-03-03 15:16:53 INFO Epoch 22 | Step 1160/5125 | Loss 0.1743 | LR 9.9506e-06
2026-03-03 15:17:44 INFO Epoch 22 | Step 1180/5125 | Loss 0.1740 | LR 9.9505e-06
2026-03-03 15:18:34 INFO Epoch 22 | Step 1200/5125 | Loss 0.1730 | LR 9.9504e-06
2026-03-03 15:19:25 INFO Epoch 22 | Step 1220/5125 | Loss 0.1726 | LR 9.9502e-06
2026-03-03 15:20:16 INFO Epoch 22 | Step 1240/5125 | Loss 0.1727 | LR 9.9501e-06
2026-03-03 15:21:07 INFO Epoch 22 | Step 1260/5125 | Loss 0.1726 | LR 9.9500e-06
2026-03-03 15:21:58 INFO Epoch 22 | Step 1280/5125 | Loss 0.1721 | LR 9.9499e-06
2026-03-03 15:22:49 INFO Epoch 22 | Step 1300/5125 | Loss 0.1717 | LR 9.9498e-06
2026-03-03 15:23:40 INFO Epoch 22 | Step 1320/5125 | Loss 0.1717 | LR 9.9496e-06
2026-03-03 15:24:31 INFO Epoch 22 | Step 1340/5125 | Loss 0.1717 | LR 9.9495e-06
2026-03-03 15:25:22 INFO Epoch 22 | Step 1360/5125 | Loss 0.1716 | LR 9.9494e-06
2026-03-03 15:26:13 INFO Epoch 22 | Step 1380/5125 | Loss 0.1718 | LR 9.9493e-06
2026-03-03 15:27:04 INFO Epoch 22 | Step 1400/5125 | Loss 0.1716 | LR 9.9492e-06
2026-03-03 15:27:55 INFO Epoch 22 | Step 1420/5125 | Loss 0.1713 | LR 9.9490e-06
2026-03-03 15:28:46 INFO Epoch 22 | Step 1440/5125 | Loss 0.1709 | LR 9.9489e-06
2026-03-03 15:29:37 INFO Epoch 22 | Step 1460/5125 | Loss 0.1712 | LR 9.9488e-06
2026-03-03 15:30:28 INFO Epoch 22 | Step 1480/5125 | Loss 0.1715 | LR 9.9487e-06
2026-03-03 15:31:19 INFO Epoch 22 | Step 1500/5125 | Loss 0.1712 | LR 9.9486e-06
2026-03-03 15:32:09 INFO Epoch 22 | Step 1520/5125 | Loss 0.1712 | LR 9.9484e-06
2026-03-03 15:33:00 INFO Epoch 22 | Step 1540/5125 | Loss 0.1717 | LR 9.9483e-06
2026-03-03 15:33:51 INFO Epoch 22 | Step 1560/5125 | Loss 0.1722 | LR 9.9482e-06
2026-03-03 15:34:42 INFO Epoch 22 | Step 1580/5125 | Loss 0.1718 | LR 9.9481e-06
2026-03-03 15:35:33 INFO Epoch 22 | Step 1600/5125 | Loss 0.1719 | LR 9.9479e-06
2026-03-03 15:36:24 INFO Epoch 22 | Step 1620/5125 | Loss 0.1717 | LR 9.9478e-06
2026-03-03 15:37:16 INFO Epoch 22 | Step 1640/5125 | Loss 0.1714 | LR 9.9477e-06
2026-03-03 15:38:07 INFO Epoch 22 | Step 1660/5125 | Loss 0.1715 | LR 9.9476e-06
2026-03-03 15:38:57 INFO Epoch 22 | Step 1680/5125 | Loss 0.1715 | LR 9.9475e-06
2026-03-03 15:39:48 INFO Epoch 22 | Step 1700/5125 | Loss 0.1712 | LR 9.9473e-06
2026-03-03 15:40:39 INFO Epoch 22 | Step 1720/5125 | Loss 0.1706 | LR 9.9472e-06
2026-03-03 15:41:30 INFO Epoch 22 | Step 1740/5125 | Loss 0.1707 | LR 9.9471e-06
2026-03-03 15:42:21 INFO Epoch 22 | Step 1760/5125 | Loss 0.1704 | LR 9.9470e-06
2026-03-03 15:43:12 INFO Epoch 22 | Step 1780/5125 | Loss 0.1714 | LR 9.9468e-06
2026-03-03 15:44:03 INFO Epoch 22 | Step 1800/5125 | Loss 0.1715 | LR 9.9467e-06
2026-03-03 15:44:54 INFO Epoch 22 | Step 1820/5125 | Loss 0.1716 | LR 9.9466e-06
2026-03-03 15:45:45 INFO Epoch 22 | Step 1840/5125 | Loss 0.1714 | LR 9.9465e-06
2026-03-03 15:46:36 INFO Epoch 22 | Step 1860/5125 | Loss 0.1711 | LR 9.9463e-06
2026-03-03 15:47:27 INFO Epoch 22 | Step 1880/5125 | Loss 0.1717 | LR 9.9462e-06
2026-03-03 15:48:18 INFO Epoch 22 | Step 1900/5125 | Loss 0.1718 | LR 9.9461e-06
2026-03-03 15:49:09 INFO Epoch 22 | Step 1920/5125 | Loss 0.1719 | LR 9.9460e-06
2026-03-03 15:49:59 INFO Epoch 22 | Step 1940/5125 | Loss 0.1717 | LR 9.9458e-06
2026-03-03 15:50:50 INFO Epoch 22 | Step 1960/5125 | Loss 0.1715 | LR 9.9457e-06
2026-03-03 15:51:41 INFO Epoch 22 | Step 1980/5125 | Loss 0.1716 | LR 9.9456e-06
2026-03-03 15:52:32 INFO Epoch 22 | Step 2000/5125 | Loss 0.1715 | LR 9.9455e-06
2026-03-03 15:53:23 INFO Epoch 22 | Step 2020/5125 | Loss 0.1717 | LR 9.9453e-06
2026-03-03 15:54:14 INFO Epoch 22 | Step 2040/5125 | Loss 0.1722 | LR 9.9452e-06
2026-03-03 15:55:05 INFO Epoch 22 | Step 2060/5125 | Loss 0.1722 | LR 9.9451e-06
2026-03-03 15:55:56 INFO Epoch 22 | Step 2080/5125 | Loss 0.1719 | LR 9.9450e-06
2026-03-03 15:56:46 INFO Epoch 22 | Step 2100/5125 | Loss 0.1719 | LR 9.9448e-06
2026-03-03 15:57:37 INFO Epoch 22 | Step 2120/5125 | Loss 0.1721 | LR 9.9447e-06
2026-03-03 15:58:28 INFO Epoch 22 | Step 2140/5125 | Loss 0.1719 | LR 9.9446e-06
2026-03-03 15:59:19 INFO Epoch 22 | Step 2160/5125 | Loss 0.1721 | LR 9.9445e-06
2026-03-03 16:00:10 INFO Epoch 22 | Step 2180/5125 | Loss 0.1723 | LR 9.9443e-06
2026-03-03 16:01:00 INFO Epoch 22 | Step 2200/5125 | Loss 0.1723 | LR 9.9442e-06
2026-03-03 16:01:51 INFO Epoch 22 | Step 2220/5125 | Loss 0.1726 | LR 9.9441e-06
2026-03-03 16:02:42 INFO Epoch 22 | Step 2240/5125 | Loss 0.1726 | LR 9.9439e-06
2026-03-03 16:03:33 INFO Epoch 22 | Step 2260/5125 | Loss 0.1729 | LR 9.9438e-06
2026-03-03 16:04:24 INFO Epoch 22 | Step 2280/5125 | Loss 0.1730 | LR 9.9437e-06
2026-03-03 16:05:15 INFO Epoch 22 | Step 2300/5125 | Loss 0.1735 | LR 9.9436e-06
2026-03-03 16:06:06 INFO Epoch 22 | Step 2320/5125 | Loss 0.1733 | LR 9.9434e-06
2026-03-03 16:06:56 INFO Epoch 22 | Step 2340/5125 | Loss 0.1733 | LR 9.9433e-06
2026-03-03 16:07:47 INFO Epoch 22 | Step 2360/5125 | Loss 0.1735 | LR 9.9432e-06
2026-03-03 16:08:38 INFO Epoch 22 | Step 2380/5125 | Loss 0.1733 | LR 9.9431e-06
2026-03-03 16:09:29 INFO Epoch 22 | Step 2400/5125 | Loss 0.1732 | LR 9.9429e-06
2026-03-03 16:10:19 INFO Epoch 22 | Step 2420/5125 | Loss 0.1732 | LR 9.9428e-06
2026-03-03 16:11:10 INFO Epoch 22 | Step 2440/5125 | Loss 0.1735 | LR 9.9427e-06
2026-03-03 16:12:01 INFO Epoch 22 | Step 2460/5125 | Loss 0.1734 | LR 9.9425e-06
2026-03-03 16:12:52 INFO Epoch 22 | Step 2480/5125 | Loss 0.1735 | LR 9.9424e-06
2026-03-03 16:13:43 INFO Epoch 22 | Step 2500/5125 | Loss 0.1735 | LR 9.9423e-06
2026-03-03 16:14:33 INFO Epoch 22 | Step 2520/5125 | Loss 0.1735 | LR 9.9422e-06
2026-03-03 16:15:24 INFO Epoch 22 | Step 2540/5125 | Loss 0.1735 | LR 9.9420e-06
