2026-03-10 12:34:24 INFO Startup | Rank: 0 | Run Id: 20260310_123424 | Seed: 47 | Stages: pretrain,finetune,evaluate | World Size: 4
2026-03-10 12:34:24 INFO Device | Resolved Device: cuda:0
2026-03-10 12:36:44 INFO DDP Ready | Wrapped: True
2026-03-11 16:59:27 INFO Checkpoint Loaded | Path: models/v3/pretrain/20260310_123424/best_model.pth
2026-03-11 16:59:41 INFO Data Ready | Test: 188697 | Train: 2675542 | Valid: 140819
2026-03-11 16:59:41 INFO Begin Training
2026-03-11 16:59:41 INFO Stage Start | Run Id: 20260310_123424
2026-03-11 16:59:41 INFO Train Config | Epochs: 30 | Monitor: auprc | Patience: 4
2026-03-11 16:59:41 INFO Epoch Start | Epoch: 1
2026-03-11 16:59:44 INFO Epoch 1 | Step 1/15377 | Loss 2.1831 | LR 8.0000e-07
2026-03-11 16:59:58 INFO Epoch 1 | Step 20/15377 | Loss 2.2314 | LR 8.0000e-07
2026-03-11 17:00:13 INFO Epoch 1 | Step 40/15377 | Loss 2.2742 | LR 8.0002e-07
2026-03-11 17:00:28 INFO Epoch 1 | Step 60/15377 | Loss 2.2743 | LR 8.0004e-07
2026-03-11 17:00:43 INFO Epoch 1 | Step 80/15377 | Loss 2.2686 | LR 8.0006e-07
2026-03-11 17:00:58 INFO Epoch 1 | Step 100/15377 | Loss 2.2674 | LR 8.0010e-07
2026-03-11 17:01:13 INFO Epoch 1 | Step 120/15377 | Loss 2.2694 | LR 8.0014e-07
2026-03-11 17:01:28 INFO Epoch 1 | Step 140/15377 | Loss 2.2499 | LR 8.0019e-07
2026-03-11 17:01:42 INFO Epoch 1 | Step 160/15377 | Loss 2.2400 | LR 8.0025e-07
2026-03-11 17:01:57 INFO Epoch 1 | Step 180/15377 | Loss 2.2325 | LR 8.0032e-07
2026-03-11 17:02:12 INFO Epoch 1 | Step 200/15377 | Loss 2.2313 | LR 8.0040e-07
2026-03-11 17:02:27 INFO Epoch 1 | Step 220/15377 | Loss 2.2298 | LR 8.0048e-07
2026-03-11 17:02:42 INFO Epoch 1 | Step 240/15377 | Loss 2.2268 | LR 8.0057e-07
2026-03-11 17:02:57 INFO Epoch 1 | Step 260/15377 | Loss 2.2240 | LR 8.0067e-07
2026-03-11 17:03:12 INFO Epoch 1 | Step 280/15377 | Loss 2.2297 | LR 8.0078e-07
2026-03-11 17:03:27 INFO Epoch 1 | Step 300/15377 | Loss 2.2348 | LR 8.0089e-07
2026-03-11 17:03:42 INFO Epoch 1 | Step 320/15377 | Loss 2.2339 | LR 8.0101e-07
2026-03-11 17:03:57 INFO Epoch 1 | Step 340/15377 | Loss 2.2285 | LR 8.0114e-07
2026-03-11 17:04:12 INFO Epoch 1 | Step 360/15377 | Loss 2.2264 | LR 8.0128e-07
2026-03-11 17:04:27 INFO Epoch 1 | Step 380/15377 | Loss 2.2232 | LR 8.0143e-07
2026-03-11 17:04:42 INFO Epoch 1 | Step 400/15377 | Loss 2.2184 | LR 8.0158e-07
2026-03-11 17:04:57 INFO Epoch 1 | Step 420/15377 | Loss 2.2157 | LR 8.0175e-07
2026-03-11 17:05:12 INFO Epoch 1 | Step 440/15377 | Loss 2.2156 | LR 8.0192e-07
2026-03-11 17:05:26 INFO Epoch 1 | Step 460/15377 | Loss 2.2145 | LR 8.0209e-07
2026-03-11 17:05:41 INFO Epoch 1 | Step 480/15377 | Loss 2.2128 | LR 8.0228e-07
2026-03-11 17:05:56 INFO Epoch 1 | Step 500/15377 | Loss 2.2112 | LR 8.0247e-07
2026-03-11 17:06:11 INFO Epoch 1 | Step 520/15377 | Loss 2.2070 | LR 8.0268e-07
2026-03-11 17:06:26 INFO Epoch 1 | Step 540/15377 | Loss 2.2108 | LR 8.0289e-07
2026-03-11 17:06:41 INFO Epoch 1 | Step 560/15377 | Loss 2.2055 | LR 8.0310e-07
2026-03-11 17:06:56 INFO Epoch 1 | Step 580/15377 | Loss 2.2070 | LR 8.0333e-07
2026-03-11 17:07:11 INFO Epoch 1 | Step 600/15377 | Loss 2.2059 | LR 8.0356e-07
2026-03-11 17:07:26 INFO Epoch 1 | Step 620/15377 | Loss 2.2049 | LR 8.0380e-07
2026-03-11 17:07:41 INFO Epoch 1 | Step 640/15377 | Loss 2.2076 | LR 8.0405e-07
2026-03-11 17:07:56 INFO Epoch 1 | Step 660/15377 | Loss 2.2046 | LR 8.0431e-07
2026-03-11 17:08:11 INFO Epoch 1 | Step 680/15377 | Loss 2.2052 | LR 8.0457e-07
2026-03-11 17:08:26 INFO Epoch 1 | Step 700/15377 | Loss 2.2052 | LR 8.0485e-07
2026-03-11 17:08:40 INFO Epoch 1 | Step 720/15377 | Loss 2.2008 | LR 8.0513e-07
2026-03-11 17:08:55 INFO Epoch 1 | Step 740/15377 | Loss 2.2002 | LR 8.0542e-07
2026-03-11 17:09:10 INFO Epoch 1 | Step 760/15377 | Loss 2.1988 | LR 8.0571e-07
2026-03-11 17:09:25 INFO Epoch 1 | Step 780/15377 | Loss 2.1987 | LR 8.0602e-07
2026-03-11 17:09:40 INFO Epoch 1 | Step 800/15377 | Loss 2.1957 | LR 8.0633e-07
2026-03-11 17:09:55 INFO Epoch 1 | Step 820/15377 | Loss 2.1933 | LR 8.0665e-07
2026-03-11 17:10:10 INFO Epoch 1 | Step 840/15377 | Loss 2.1907 | LR 8.0698e-07
2026-03-11 17:10:25 INFO Epoch 1 | Step 860/15377 | Loss 2.1868 | LR 8.0732e-07
2026-03-11 17:10:40 INFO Epoch 1 | Step 880/15377 | Loss 2.1885 | LR 8.0766e-07
2026-03-11 17:10:55 INFO Epoch 1 | Step 900/15377 | Loss 2.1889 | LR 8.0801e-07
2026-03-11 17:11:10 INFO Epoch 1 | Step 920/15377 | Loss 2.1862 | LR 8.0837e-07
2026-03-11 17:11:24 INFO Epoch 1 | Step 940/15377 | Loss 2.1857 | LR 8.0874e-07
2026-03-11 17:11:39 INFO Epoch 1 | Step 960/15377 | Loss 2.1847 | LR 8.0912e-07
2026-03-11 17:11:54 INFO Epoch 1 | Step 980/15377 | Loss 2.1834 | LR 8.0950e-07
2026-03-11 17:12:09 INFO Epoch 1 | Step 1000/15377 | Loss 2.1831 | LR 8.0989e-07
2026-03-11 17:12:24 INFO Epoch 1 | Step 1020/15377 | Loss 2.1829 | LR 8.1029e-07
2026-03-11 17:12:39 INFO Epoch 1 | Step 1040/15377 | Loss 2.1849 | LR 8.1070e-07
2026-03-11 17:12:54 INFO Epoch 1 | Step 1060/15377 | Loss 2.1824 | LR 8.1112e-07
2026-03-11 17:13:09 INFO Epoch 1 | Step 1080/15377 | Loss 2.1820 | LR 8.1154e-07
2026-03-11 17:13:24 INFO Epoch 1 | Step 1100/15377 | Loss 2.1805 | LR 8.1197e-07
2026-03-11 17:13:39 INFO Epoch 1 | Step 1120/15377 | Loss 2.1776 | LR 8.1241e-07
2026-03-11 17:13:54 INFO Epoch 1 | Step 1140/15377 | Loss 2.1767 | LR 8.1286e-07
2026-03-11 17:14:09 INFO Epoch 1 | Step 1160/15377 | Loss 2.1761 | LR 8.1331e-07
2026-03-11 17:14:24 INFO Epoch 1 | Step 1180/15377 | Loss 2.1759 | LR 8.1377e-07
2026-03-11 17:14:39 INFO Epoch 1 | Step 1200/15377 | Loss 2.1755 | LR 8.1424e-07
2026-03-11 17:14:53 INFO Epoch 1 | Step 1220/15377 | Loss 2.1725 | LR 8.1472e-07
2026-03-11 17:15:08 INFO Epoch 1 | Step 1240/15377 | Loss 2.1724 | LR 8.1521e-07
2026-03-11 17:15:23 INFO Epoch 1 | Step 1260/15377 | Loss 2.1710 | LR 8.1570e-07
2026-03-11 17:15:38 INFO Epoch 1 | Step 1280/15377 | Loss 2.1691 | LR 8.1621e-07
2026-03-11 17:15:53 INFO Epoch 1 | Step 1300/15377 | Loss 2.1674 | LR 8.1672e-07
2026-03-11 17:16:09 INFO Epoch 1 | Step 1320/15377 | Loss 2.1642 | LR 8.1723e-07
2026-03-11 17:16:23 INFO Epoch 1 | Step 1340/15377 | Loss 2.1630 | LR 8.1776e-07
2026-03-11 17:16:38 INFO Epoch 1 | Step 1360/15377 | Loss 2.1609 | LR 8.1829e-07
2026-03-11 17:16:53 INFO Epoch 1 | Step 1380/15377 | Loss 2.1601 | LR 8.1884e-07
2026-03-11 17:17:08 INFO Epoch 1 | Step 1400/15377 | Loss 2.1582 | LR 8.1939e-07
2026-03-11 17:17:23 INFO Epoch 1 | Step 1420/15377 | Loss 2.1563 | LR 8.1994e-07
2026-03-11 17:17:38 INFO Epoch 1 | Step 1440/15377 | Loss 2.1543 | LR 8.2051e-07
2026-03-11 17:17:53 INFO Epoch 1 | Step 1460/15377 | Loss 2.1532 | LR 8.2108e-07
2026-03-11 17:18:08 INFO Epoch 1 | Step 1480/15377 | Loss 2.1523 | LR 8.2166e-07
2026-03-11 17:18:23 INFO Epoch 1 | Step 1500/15377 | Loss 2.1507 | LR 8.2225e-07
2026-03-11 17:18:38 INFO Epoch 1 | Step 1520/15377 | Loss 2.1500 | LR 8.2285e-07
2026-03-11 17:18:53 INFO Epoch 1 | Step 1540/15377 | Loss 2.1494 | LR 8.2346e-07
2026-03-11 17:19:08 INFO Epoch 1 | Step 1560/15377 | Loss 2.1490 | LR 8.2407e-07
2026-03-11 17:19:23 INFO Epoch 1 | Step 1580/15377 | Loss 2.1477 | LR 8.2469e-07
2026-03-11 17:19:38 INFO Epoch 1 | Step 1600/15377 | Loss 2.1471 | LR 8.2532e-07
2026-03-11 17:19:53 INFO Epoch 1 | Step 1620/15377 | Loss 2.1465 | LR 8.2595e-07
2026-03-11 17:20:08 INFO Epoch 1 | Step 1640/15377 | Loss 2.1449 | LR 8.2660e-07
2026-03-11 17:20:23 INFO Epoch 1 | Step 1660/15377 | Loss 2.1430 | LR 8.2725e-07
2026-03-11 17:20:38 INFO Epoch 1 | Step 1680/15377 | Loss 2.1412 | LR 8.2791e-07
2026-03-11 17:20:53 INFO Epoch 1 | Step 1700/15377 | Loss 2.1391 | LR 8.2858e-07
2026-03-11 17:21:08 INFO Epoch 1 | Step 1720/15377 | Loss 2.1383 | LR 8.2926e-07
2026-03-11 17:21:23 INFO Epoch 1 | Step 1740/15377 | Loss 2.1377 | LR 8.2994e-07
2026-03-11 17:21:38 INFO Epoch 1 | Step 1760/15377 | Loss 2.1370 | LR 8.3063e-07
2026-03-11 17:21:53 INFO Epoch 1 | Step 1780/15377 | Loss 2.1360 | LR 8.3133e-07
2026-03-11 17:22:08 INFO Epoch 1 | Step 1800/15377 | Loss 2.1348 | LR 8.3204e-07
2026-03-11 17:22:23 INFO Epoch 1 | Step 1820/15377 | Loss 2.1338 | LR 8.3276e-07
2026-03-11 17:22:37 INFO Epoch 1 | Step 1840/15377 | Loss 2.1319 | LR 8.3348e-07
2026-03-11 17:22:52 INFO Epoch 1 | Step 1860/15377 | Loss 2.1291 | LR 8.3421e-07
2026-03-11 17:23:07 INFO Epoch 1 | Step 1880/15377 | Loss 2.1279 | LR 8.3495e-07
2026-03-11 17:23:22 INFO Epoch 1 | Step 1900/15377 | Loss 2.1264 | LR 8.3570e-07
2026-03-11 17:23:37 INFO Epoch 1 | Step 1920/15377 | Loss 2.1245 | LR 8.3645e-07
2026-03-11 17:23:52 INFO Epoch 1 | Step 1940/15377 | Loss 2.1232 | LR 8.3721e-07
2026-03-11 17:24:07 INFO Epoch 1 | Step 1960/15377 | Loss 2.1212 | LR 8.3798e-07
2026-03-11 17:24:21 INFO Epoch 1 | Step 1980/15377 | Loss 2.1199 | LR 8.3876e-07
2026-03-11 17:24:36 INFO Epoch 1 | Step 2000/15377 | Loss 2.1182 | LR 8.3955e-07
2026-03-11 17:24:51 INFO Epoch 1 | Step 2020/15377 | Loss 2.1164 | LR 8.4034e-07
2026-03-11 17:25:06 INFO Epoch 1 | Step 2040/15377 | Loss 2.1151 | LR 8.4115e-07
2026-03-11 17:25:21 INFO Epoch 1 | Step 2060/15377 | Loss 2.1135 | LR 8.4196e-07
2026-03-11 17:25:35 INFO Epoch 1 | Step 2080/15377 | Loss 2.1113 | LR 8.4277e-07
2026-03-11 17:25:50 INFO Epoch 1 | Step 2100/15377 | Loss 2.1100 | LR 8.4360e-07
2026-03-11 17:26:05 INFO Epoch 1 | Step 2120/15377 | Loss 2.1079 | LR 8.4443e-07
2026-03-11 17:26:20 INFO Epoch 1 | Step 2140/15377 | Loss 2.1062 | LR 8.4528e-07
2026-03-11 17:26:34 INFO Epoch 1 | Step 2160/15377 | Loss 2.1046 | LR 8.4613e-07
2026-03-11 17:26:49 INFO Epoch 1 | Step 2180/15377 | Loss 2.1021 | LR 8.4698e-07
2026-03-11 17:27:04 INFO Epoch 1 | Step 2200/15377 | Loss 2.1004 | LR 8.4785e-07
2026-03-11 17:27:19 INFO Epoch 1 | Step 2220/15377 | Loss 2.0997 | LR 8.4872e-07
2026-03-11 17:27:34 INFO Epoch 1 | Step 2240/15377 | Loss 2.0984 | LR 8.4960e-07
2026-03-11 17:27:49 INFO Epoch 1 | Step 2260/15377 | Loss 2.0967 | LR 8.5049e-07
2026-03-11 17:28:04 INFO Epoch 1 | Step 2280/15377 | Loss 2.0948 | LR 8.5139e-07
2026-03-11 17:28:19 INFO Epoch 1 | Step 2300/15377 | Loss 2.0931 | LR 8.5229e-07
2026-03-11 17:28:34 INFO Epoch 1 | Step 2320/15377 | Loss 2.0917 | LR 8.5321e-07
2026-03-11 17:28:48 INFO Epoch 1 | Step 2340/15377 | Loss 2.0903 | LR 8.5413e-07
2026-03-11 17:29:03 INFO Epoch 1 | Step 2360/15377 | Loss 2.0883 | LR 8.5505e-07
2026-03-11 17:29:18 INFO Epoch 1 | Step 2380/15377 | Loss 2.0873 | LR 8.5599e-07
2026-03-11 17:29:33 INFO Epoch 1 | Step 2400/15377 | Loss 2.0857 | LR 8.5693e-07
2026-03-11 17:29:48 INFO Epoch 1 | Step 2420/15377 | Loss 2.0832 | LR 8.5789e-07
2026-03-11 17:30:02 INFO Epoch 1 | Step 2440/15377 | Loss 2.0818 | LR 8.5885e-07
2026-03-11 17:30:17 INFO Epoch 1 | Step 2460/15377 | Loss 2.0799 | LR 8.5981e-07
2026-03-11 17:30:32 INFO Epoch 1 | Step 2480/15377 | Loss 2.0785 | LR 8.6079e-07
2026-03-11 17:30:47 INFO Epoch 1 | Step 2500/15377 | Loss 2.0765 | LR 8.6177e-07
2026-03-11 17:31:02 INFO Epoch 1 | Step 2520/15377 | Loss 2.0750 | LR 8.6276e-07
2026-03-11 17:31:16 INFO Epoch 1 | Step 2540/15377 | Loss 2.0733 | LR 8.6376e-07
2026-03-11 17:31:31 INFO Epoch 1 | Step 2560/15377 | Loss 2.0718 | LR 8.6477e-07
2026-03-11 17:31:46 INFO Epoch 1 | Step 2580/15377 | Loss 2.0702 | LR 8.6579e-07
2026-03-11 17:32:01 INFO Epoch 1 | Step 2600/15377 | Loss 2.0681 | LR 8.6681e-07
2026-03-11 17:32:16 INFO Epoch 1 | Step 2620/15377 | Loss 2.0667 | LR 8.6784e-07
2026-03-11 17:32:31 INFO Epoch 1 | Step 2640/15377 | Loss 2.0647 | LR 8.6888e-07
2026-03-11 17:32:46 INFO Epoch 1 | Step 2660/15377 | Loss 2.0628 | LR 8.6992e-07
2026-03-11 17:33:00 INFO Epoch 1 | Step 2680/15377 | Loss 2.0609 | LR 8.7098e-07
2026-03-11 17:33:15 INFO Epoch 1 | Step 2700/15377 | Loss 2.0587 | LR 8.7204e-07
2026-03-11 17:33:30 INFO Epoch 1 | Step 2720/15377 | Loss 2.0567 | LR 8.7311e-07
2026-03-11 17:33:45 INFO Epoch 1 | Step 2740/15377 | Loss 2.0547 | LR 8.7419e-07
2026-03-11 17:33:59 INFO Epoch 1 | Step 2760/15377 | Loss 2.0534 | LR 8.7527e-07
2026-03-11 17:34:14 INFO Epoch 1 | Step 2780/15377 | Loss 2.0518 | LR 8.7637e-07
2026-03-11 17:34:29 INFO Epoch 1 | Step 2800/15377 | Loss 2.0496 | LR 8.7747e-07
2026-03-11 17:34:43 INFO Epoch 1 | Step 2820/15377 | Loss 2.0477 | LR 8.7858e-07
2026-03-11 17:34:57 INFO Epoch 1 | Step 2840/15377 | Loss 2.0458 | LR 8.7969e-07
2026-03-11 17:35:11 INFO Epoch 1 | Step 2860/15377 | Loss 2.0436 | LR 8.8082e-07
2026-03-11 17:35:25 INFO Epoch 1 | Step 2880/15377 | Loss 2.0424 | LR 8.8195e-07
2026-03-11 17:35:40 INFO Epoch 1 | Step 2900/15377 | Loss 2.0403 | LR 8.8309e-07
2026-03-11 17:35:54 INFO Epoch 1 | Step 2920/15377 | Loss 2.0390 | LR 8.8424e-07
2026-03-11 17:36:08 INFO Epoch 1 | Step 2940/15377 | Loss 2.0375 | LR 8.8540e-07
2026-03-11 17:36:22 INFO Epoch 1 | Step 2960/15377 | Loss 2.0355 | LR 8.8656e-07
2026-03-11 17:36:37 INFO Epoch 1 | Step 2980/15377 | Loss 2.0339 | LR 8.8773e-07
2026-03-11 17:36:51 INFO Epoch 1 | Step 3000/15377 | Loss 2.0321 | LR 8.8891e-07
2026-03-11 17:37:05 INFO Epoch 1 | Step 3020/15377 | Loss 2.0305 | LR 8.9010e-07
2026-03-11 17:37:19 INFO Epoch 1 | Step 3040/15377 | Loss 2.0281 | LR 8.9129e-07
2026-03-11 17:37:33 INFO Epoch 1 | Step 3060/15377 | Loss 2.0261 | LR 8.9250e-07
2026-03-11 17:37:47 INFO Epoch 1 | Step 3080/15377 | Loss 2.0244 | LR 8.9371e-07
2026-03-11 17:38:02 INFO Epoch 1 | Step 3100/15377 | Loss 2.0227 | LR 8.9493e-07
2026-03-11 17:38:16 INFO Epoch 1 | Step 3120/15377 | Loss 2.0206 | LR 8.9615e-07
2026-03-11 17:38:30 INFO Epoch 1 | Step 3140/15377 | Loss 2.0187 | LR 8.9739e-07
2026-03-11 17:38:45 INFO Epoch 1 | Step 3160/15377 | Loss 2.0170 | LR 8.9863e-07
2026-03-11 17:38:59 INFO Epoch 1 | Step 3180/15377 | Loss 2.0156 | LR 8.9988e-07
2026-03-11 17:39:13 INFO Epoch 1 | Step 3200/15377 | Loss 2.0138 | LR 9.0114e-07
2026-03-11 17:39:28 INFO Epoch 1 | Step 3220/15377 | Loss 2.0120 | LR 9.0241e-07
2026-03-11 17:39:42 INFO Epoch 1 | Step 3240/15377 | Loss 2.0097 | LR 9.0368e-07
2026-03-11 17:39:56 INFO Epoch 1 | Step 3260/15377 | Loss 2.0081 | LR 9.0496e-07
2026-03-11 17:40:10 INFO Epoch 1 | Step 3280/15377 | Loss 2.0057 | LR 9.0625e-07
2026-03-11 17:40:25 INFO Epoch 1 | Step 3300/15377 | Loss 2.0037 | LR 9.0755e-07
2026-03-11 17:40:39 INFO Epoch 1 | Step 3320/15377 | Loss 2.0022 | LR 9.0885e-07
2026-03-11 17:40:53 INFO Epoch 1 | Step 3340/15377 | Loss 2.0000 | LR 9.1017e-07
2026-03-11 17:41:08 INFO Epoch 1 | Step 3360/15377 | Loss 1.9989 | LR 9.1149e-07
2026-03-11 17:41:22 INFO Epoch 1 | Step 3380/15377 | Loss 1.9973 | LR 9.1281e-07
2026-03-11 17:41:37 INFO Epoch 1 | Step 3400/15377 | Loss 1.9955 | LR 9.1415e-07
2026-03-11 17:41:51 INFO Epoch 1 | Step 3420/15377 | Loss 1.9938 | LR 9.1550e-07
2026-03-11 17:42:06 INFO Epoch 1 | Step 3440/15377 | Loss 1.9922 | LR 9.1685e-07
2026-03-11 17:42:20 INFO Epoch 1 | Step 3460/15377 | Loss 1.9903 | LR 9.1821e-07
2026-03-11 17:42:35 INFO Epoch 1 | Step 3480/15377 | Loss 1.9884 | LR 9.1957e-07
2026-03-11 17:42:49 INFO Epoch 1 | Step 3500/15377 | Loss 1.9867 | LR 9.2095e-07
2026-03-11 17:43:04 INFO Epoch 1 | Step 3520/15377 | Loss 1.9847 | LR 9.2233e-07
2026-03-11 17:43:18 INFO Epoch 1 | Step 3540/15377 | Loss 1.9830 | LR 9.2372e-07
2026-03-11 17:43:33 INFO Epoch 1 | Step 3560/15377 | Loss 1.9814 | LR 9.2512e-07
2026-03-11 17:43:47 INFO Epoch 1 | Step 3580/15377 | Loss 1.9795 | LR 9.2653e-07
2026-03-11 17:44:02 INFO Epoch 1 | Step 3600/15377 | Loss 1.9779 | LR 9.2794e-07
2026-03-11 17:44:16 INFO Epoch 1 | Step 3620/15377 | Loss 1.9762 | LR 9.2937e-07
2026-03-11 17:44:31 INFO Epoch 1 | Step 3640/15377 | Loss 1.9747 | LR 9.3080e-07
2026-03-11 17:44:45 INFO Epoch 1 | Step 3660/15377 | Loss 1.9728 | LR 9.3224e-07
2026-03-11 17:45:00 INFO Epoch 1 | Step 3680/15377 | Loss 1.9710 | LR 9.3368e-07
2026-03-11 17:45:15 INFO Epoch 1 | Step 3700/15377 | Loss 1.9691 | LR 9.3513e-07
2026-03-11 17:45:29 INFO Epoch 1 | Step 3720/15377 | Loss 1.9673 | LR 9.3660e-07
2026-03-11 17:45:44 INFO Epoch 1 | Step 3740/15377 | Loss 1.9654 | LR 9.3807e-07
2026-03-11 17:45:58 INFO Epoch 1 | Step 3760/15377 | Loss 1.9636 | LR 9.3954e-07
2026-03-11 17:46:13 INFO Epoch 1 | Step 3780/15377 | Loss 1.9613 | LR 9.4103e-07
2026-03-11 17:46:28 INFO Epoch 1 | Step 3800/15377 | Loss 1.9597 | LR 9.4252e-07
2026-03-11 17:46:42 INFO Epoch 1 | Step 3820/15377 | Loss 1.9578 | LR 9.4402e-07
2026-03-11 17:46:56 INFO Epoch 1 | Step 3840/15377 | Loss 1.9555 | LR 9.4553e-07
2026-03-11 17:47:11 INFO Epoch 1 | Step 3860/15377 | Loss 1.9536 | LR 9.4704e-07
2026-03-11 17:47:25 INFO Epoch 1 | Step 3880/15377 | Loss 1.9519 | LR 9.4857e-07
2026-03-11 17:47:40 INFO Epoch 1 | Step 3900/15377 | Loss 1.9501 | LR 9.5010e-07
2026-03-11 17:47:55 INFO Epoch 1 | Step 3920/15377 | Loss 1.9479 | LR 9.5164e-07
2026-03-11 17:48:09 INFO Epoch 1 | Step 3940/15377 | Loss 1.9458 | LR 9.5319e-07
2026-03-11 17:48:24 INFO Epoch 1 | Step 3960/15377 | Loss 1.9442 | LR 9.5474e-07
2026-03-11 17:48:39 INFO Epoch 1 | Step 3980/15377 | Loss 1.9419 | LR 9.5630e-07
2026-03-11 17:48:53 INFO Epoch 1 | Step 4000/15377 | Loss 1.9402 | LR 9.5787e-07
2026-03-11 17:49:08 INFO Epoch 1 | Step 4020/15377 | Loss 1.9383 | LR 9.5945e-07
2026-03-11 17:49:22 INFO Epoch 1 | Step 4040/15377 | Loss 1.9367 | LR 9.6104e-07
2026-03-11 17:49:37 INFO Epoch 1 | Step 4060/15377 | Loss 1.9346 | LR 9.6263e-07
2026-03-11 17:49:51 INFO Epoch 1 | Step 4080/15377 | Loss 1.9324 | LR 9.6423e-07
2026-03-11 17:50:06 INFO Epoch 1 | Step 4100/15377 | Loss 1.9305 | LR 9.6584e-07
2026-03-11 17:50:20 INFO Epoch 1 | Step 4120/15377 | Loss 1.9288 | LR 9.6746e-07
2026-03-11 17:50:35 INFO Epoch 1 | Step 4140/15377 | Loss 1.9268 | LR 9.6909e-07
2026-03-11 17:50:49 INFO Epoch 1 | Step 4160/15377 | Loss 1.9250 | LR 9.7072e-07
2026-03-11 17:51:04 INFO Epoch 1 | Step 4180/15377 | Loss 1.9230 | LR 9.7236e-07
2026-03-11 17:51:18 INFO Epoch 1 | Step 4200/15377 | Loss 1.9211 | LR 9.7401e-07
2026-03-11 17:51:33 INFO Epoch 1 | Step 4220/15377 | Loss 1.9193 | LR 9.7566e-07
2026-03-11 17:51:48 INFO Epoch 1 | Step 4240/15377 | Loss 1.9174 | LR 9.7733e-07
2026-03-11 17:52:02 INFO Epoch 1 | Step 4260/15377 | Loss 1.9156 | LR 9.7900e-07
2026-03-11 17:52:17 INFO Epoch 1 | Step 4280/15377 | Loss 1.9137 | LR 9.8068e-07
2026-03-11 17:52:31 INFO Epoch 1 | Step 4300/15377 | Loss 1.9120 | LR 9.8237e-07
2026-03-11 17:52:46 INFO Epoch 1 | Step 4320/15377 | Loss 1.9100 | LR 9.8406e-07
2026-03-11 17:53:00 INFO Epoch 1 | Step 4340/15377 | Loss 1.9080 | LR 9.8576e-07
2026-03-11 17:53:15 INFO Epoch 1 | Step 4360/15377 | Loss 1.9059 | LR 9.8747e-07
2026-03-11 17:53:29 INFO Epoch 1 | Step 4380/15377 | Loss 1.9038 | LR 9.8919e-07
2026-03-11 17:53:44 INFO Epoch 1 | Step 4400/15377 | Loss 1.9018 | LR 9.9092e-07
2026-03-11 17:53:58 INFO Epoch 1 | Step 4420/15377 | Loss 1.8998 | LR 9.9265e-07
2026-03-11 17:54:13 INFO Epoch 1 | Step 4440/15377 | Loss 1.8976 | LR 9.9439e-07
2026-03-11 17:54:27 INFO Epoch 1 | Step 4460/15377 | Loss 1.8956 | LR 9.9614e-07
2026-03-11 17:54:42 INFO Epoch 1 | Step 4480/15377 | Loss 1.8937 | LR 9.9790e-07
2026-03-11 17:54:57 INFO Epoch 1 | Step 4500/15377 | Loss 1.8916 | LR 9.9966e-07
2026-03-11 17:55:11 INFO Epoch 1 | Step 4520/15377 | Loss 1.8895 | LR 1.0014e-06
2026-03-11 17:55:26 INFO Epoch 1 | Step 4540/15377 | Loss 1.8875 | LR 1.0032e-06
2026-03-11 17:55:41 INFO Epoch 1 | Step 4560/15377 | Loss 1.8852 | LR 1.0050e-06
2026-03-11 17:55:55 INFO Epoch 1 | Step 4580/15377 | Loss 1.8831 | LR 1.0068e-06
2026-03-11 17:56:10 INFO Epoch 1 | Step 4600/15377 | Loss 1.8811 | LR 1.0086e-06
2026-03-11 17:56:24 INFO Epoch 1 | Step 4620/15377 | Loss 1.8792 | LR 1.0104e-06
2026-03-11 17:56:39 INFO Epoch 1 | Step 4640/15377 | Loss 1.8775 | LR 1.0122e-06
2026-03-11 17:56:53 INFO Epoch 1 | Step 4660/15377 | Loss 1.8753 | LR 1.0141e-06
2026-03-11 17:57:08 INFO Epoch 1 | Step 4680/15377 | Loss 1.8733 | LR 1.0159e-06
2026-03-11 17:57:23 INFO Epoch 1 | Step 4700/15377 | Loss 1.8711 | LR 1.0177e-06
2026-03-11 17:57:37 INFO Epoch 1 | Step 4720/15377 | Loss 1.8692 | LR 1.0196e-06
2026-03-11 17:57:52 INFO Epoch 1 | Step 4740/15377 | Loss 1.8670 | LR 1.0214e-06
2026-03-11 17:58:06 INFO Epoch 1 | Step 4760/15377 | Loss 1.8649 | LR 1.0233e-06
2026-03-11 17:58:21 INFO Epoch 1 | Step 4780/15377 | Loss 1.8626 | LR 1.0252e-06
2026-03-11 17:58:36 INFO Epoch 1 | Step 4800/15377 | Loss 1.8608 | LR 1.0271e-06
2026-03-11 17:58:50 INFO Epoch 1 | Step 4820/15377 | Loss 1.8586 | LR 1.0290e-06
2026-03-11 17:59:05 INFO Epoch 1 | Step 4840/15377 | Loss 1.8563 | LR 1.0308e-06
2026-03-11 17:59:19 INFO Epoch 1 | Step 4860/15377 | Loss 1.8541 | LR 1.0328e-06
2026-03-11 17:59:34 INFO Epoch 1 | Step 4880/15377 | Loss 1.8519 | LR 1.0347e-06
2026-03-11 17:59:48 INFO Epoch 1 | Step 4900/15377 | Loss 1.8496 | LR 1.0366e-06
2026-03-11 18:00:03 INFO Epoch 1 | Step 4920/15377 | Loss 1.8473 | LR 1.0385e-06
2026-03-11 18:00:18 INFO Epoch 1 | Step 4940/15377 | Loss 1.8452 | LR 1.0404e-06
2026-03-11 18:00:32 INFO Epoch 1 | Step 4960/15377 | Loss 1.8431 | LR 1.0424e-06
2026-03-11 18:00:47 INFO Epoch 1 | Step 4980/15377 | Loss 1.8408 | LR 1.0443e-06
2026-03-11 18:01:01 INFO Epoch 1 | Step 5000/15377 | Loss 1.8386 | LR 1.0463e-06
2026-03-11 18:01:16 INFO Epoch 1 | Step 5020/15377 | Loss 1.8365 | LR 1.0483e-06
2026-03-11 18:01:30 INFO Epoch 1 | Step 5040/15377 | Loss 1.8346 | LR 1.0502e-06
2026-03-11 18:01:45 INFO Epoch 1 | Step 5060/15377 | Loss 1.8323 | LR 1.0522e-06
2026-03-11 18:01:59 INFO Epoch 1 | Step 5080/15377 | Loss 1.8301 | LR 1.0542e-06
2026-03-11 18:02:14 INFO Epoch 1 | Step 5100/15377 | Loss 1.8280 | LR 1.0562e-06
2026-03-11 18:02:28 INFO Epoch 1 | Step 5120/15377 | Loss 1.8258 | LR 1.0582e-06
2026-03-11 18:02:43 INFO Epoch 1 | Step 5140/15377 | Loss 1.8238 | LR 1.0602e-06
2026-03-11 18:02:57 INFO Epoch 1 | Step 5160/15377 | Loss 1.8217 | LR 1.0622e-06
2026-03-11 18:03:12 INFO Epoch 1 | Step 5180/15377 | Loss 1.8196 | LR 1.0643e-06
2026-03-11 18:03:27 INFO Epoch 1 | Step 5200/15377 | Loss 1.8175 | LR 1.0663e-06
2026-03-11 18:03:41 INFO Epoch 1 | Step 5220/15377 | Loss 1.8156 | LR 1.0683e-06
2026-03-11 18:03:56 INFO Epoch 1 | Step 5240/15377 | Loss 1.8137 | LR 1.0704e-06
2026-03-11 18:04:10 INFO Epoch 1 | Step 5260/15377 | Loss 1.8117 | LR 1.0725e-06
2026-03-11 18:04:25 INFO Epoch 1 | Step 5280/15377 | Loss 1.8098 | LR 1.0745e-06
2026-03-11 18:04:39 INFO Epoch 1 | Step 5300/15377 | Loss 1.8076 | LR 1.0766e-06
2026-03-11 18:04:54 INFO Epoch 1 | Step 5320/15377 | Loss 1.8056 | LR 1.0787e-06
2026-03-11 18:05:08 INFO Epoch 1 | Step 5340/15377 | Loss 1.8035 | LR 1.0808e-06
2026-03-11 18:05:23 INFO Epoch 1 | Step 5360/15377 | Loss 1.8014 | LR 1.0829e-06
2026-03-11 18:05:38 INFO Epoch 1 | Step 5380/15377 | Loss 1.7994 | LR 1.0850e-06
2026-03-11 18:05:52 INFO Epoch 1 | Step 5400/15377 | Loss 1.7974 | LR 1.0871e-06
2026-03-11 18:06:06 INFO Epoch 1 | Step 5420/15377 | Loss 1.7952 | LR 1.0892e-06
2026-03-11 18:06:21 INFO Epoch 1 | Step 5440/15377 | Loss 1.7931 | LR 1.0913e-06
2026-03-11 18:06:35 INFO Epoch 1 | Step 5460/15377 | Loss 1.7911 | LR 1.0935e-06
2026-03-11 18:06:50 INFO Epoch 1 | Step 5480/15377 | Loss 1.7888 | LR 1.0956e-06
2026-03-11 18:07:05 INFO Epoch 1 | Step 5500/15377 | Loss 1.7867 | LR 1.0978e-06
2026-03-11 18:07:19 INFO Epoch 1 | Step 5520/15377 | Loss 1.7846 | LR 1.0999e-06
2026-03-11 18:07:34 INFO Epoch 1 | Step 5540/15377 | Loss 1.7826 | LR 1.1021e-06
2026-03-11 18:07:48 INFO Epoch 1 | Step 5560/15377 | Loss 1.7806 | LR 1.1042e-06
2026-03-11 18:08:03 INFO Epoch 1 | Step 5580/15377 | Loss 1.7785 | LR 1.1064e-06
2026-03-11 18:08:18 INFO Epoch 1 | Step 5600/15377 | Loss 1.7764 | LR 1.1086e-06
2026-03-11 18:08:33 INFO Epoch 1 | Step 5620/15377 | Loss 1.7744 | LR 1.1108e-06
2026-03-11 18:08:48 INFO Epoch 1 | Step 5640/15377 | Loss 1.7721 | LR 1.1130e-06
2026-03-11 18:09:02 INFO Epoch 1 | Step 5660/15377 | Loss 1.7699 | LR 1.1152e-06
2026-03-11 18:09:17 INFO Epoch 1 | Step 5680/15377 | Loss 1.7679 | LR 1.1174e-06
2026-03-11 18:09:32 INFO Epoch 1 | Step 5700/15377 | Loss 1.7657 | LR 1.1197e-06
2026-03-11 18:09:47 INFO Epoch 1 | Step 5720/15377 | Loss 1.7637 | LR 1.1219e-06
2026-03-11 18:10:02 INFO Epoch 1 | Step 5740/15377 | Loss 1.7615 | LR 1.1242e-06
2026-03-11 18:10:17 INFO Epoch 1 | Step 5760/15377 | Loss 1.7594 | LR 1.1264e-06
2026-03-11 18:10:32 INFO Epoch 1 | Step 5780/15377 | Loss 1.7573 | LR 1.1287e-06
2026-03-11 18:10:47 INFO Epoch 1 | Step 5800/15377 | Loss 1.7551 | LR 1.1309e-06
2026-03-11 18:11:02 INFO Epoch 1 | Step 5820/15377 | Loss 1.7528 | LR 1.1332e-06
2026-03-11 18:11:17 INFO Epoch 1 | Step 5840/15377 | Loss 1.7508 | LR 1.1355e-06
2026-03-11 18:11:31 INFO Epoch 1 | Step 5860/15377 | Loss 1.7487 | LR 1.1378e-06
2026-03-11 18:11:46 INFO Epoch 1 | Step 5880/15377 | Loss 1.7467 | LR 1.1401e-06
2026-03-11 18:12:01 INFO Epoch 1 | Step 5900/15377 | Loss 1.7446 | LR 1.1424e-06
2026-03-11 18:12:16 INFO Epoch 1 | Step 5920/15377 | Loss 1.7426 | LR 1.1447e-06
2026-03-11 18:12:31 INFO Epoch 1 | Step 5940/15377 | Loss 1.7403 | LR 1.1470e-06
2026-03-11 18:12:46 INFO Epoch 1 | Step 5960/15377 | Loss 1.7381 | LR 1.1493e-06
2026-03-11 18:13:00 INFO Epoch 1 | Step 5980/15377 | Loss 1.7358 | LR 1.1517e-06
2026-03-11 18:13:15 INFO Epoch 1 | Step 6000/15377 | Loss 1.7337 | LR 1.1540e-06
2026-03-11 18:13:29 INFO Epoch 1 | Step 6020/15377 | Loss 1.7315 | LR 1.1563e-06
2026-03-11 18:13:44 INFO Epoch 1 | Step 6040/15377 | Loss 1.7294 | LR 1.1587e-06
2026-03-11 18:13:59 INFO Epoch 1 | Step 6060/15377 | Loss 1.7273 | LR 1.1611e-06
2026-03-11 18:14:14 INFO Epoch 1 | Step 6080/15377 | Loss 1.7254 | LR 1.1634e-06
2026-03-11 18:14:28 INFO Epoch 1 | Step 6100/15377 | Loss 1.7233 | LR 1.1658e-06
2026-03-11 18:14:43 INFO Epoch 1 | Step 6120/15377 | Loss 1.7210 | LR 1.1682e-06
2026-03-11 18:14:58 INFO Epoch 1 | Step 6140/15377 | Loss 1.7188 | LR 1.1706e-06
2026-03-11 18:15:13 INFO Epoch 1 | Step 6160/15377 | Loss 1.7165 | LR 1.1730e-06
2026-03-11 18:15:27 INFO Epoch 1 | Step 6180/15377 | Loss 1.7145 | LR 1.1754e-06
2026-03-11 18:15:43 INFO Epoch 1 | Step 6200/15377 | Loss 1.7124 | LR 1.1778e-06
2026-03-11 18:15:58 INFO Epoch 1 | Step 6220/15377 | Loss 1.7100 | LR 1.1803e-06
2026-03-11 18:16:13 INFO Epoch 1 | Step 6240/15377 | Loss 1.7079 | LR 1.1827e-06
2026-03-11 18:16:28 INFO Epoch 1 | Step 6260/15377 | Loss 1.7056 | LR 1.1851e-06
2026-03-11 18:16:42 INFO Epoch 1 | Step 6280/15377 | Loss 1.7035 | LR 1.1876e-06
2026-03-11 18:16:57 INFO Epoch 1 | Step 6300/15377 | Loss 1.7013 | LR 1.1900e-06
2026-03-11 18:17:12 INFO Epoch 1 | Step 6320/15377 | Loss 1.6992 | LR 1.1925e-06
2026-03-11 18:17:27 INFO Epoch 1 | Step 6340/15377 | Loss 1.6971 | LR 1.1950e-06
2026-03-11 18:17:42 INFO Epoch 1 | Step 6360/15377 | Loss 1.6948 | LR 1.1974e-06
2026-03-11 18:17:57 INFO Epoch 1 | Step 6380/15377 | Loss 1.6927 | LR 1.1999e-06
2026-03-11 18:18:11 INFO Epoch 1 | Step 6400/15377 | Loss 1.6906 | LR 1.2024e-06
2026-03-11 18:18:26 INFO Epoch 1 | Step 6420/15377 | Loss 1.6885 | LR 1.2049e-06
2026-03-11 18:18:41 INFO Epoch 1 | Step 6440/15377 | Loss 1.6861 | LR 1.2074e-06
2026-03-11 18:18:57 INFO Epoch 1 | Step 6460/15377 | Loss 1.6840 | LR 1.2100e-06
2026-03-11 18:19:12 INFO Epoch 1 | Step 6480/15377 | Loss 1.6819 | LR 1.2125e-06
2026-03-11 18:19:26 INFO Epoch 1 | Step 6500/15377 | Loss 1.6799 | LR 1.2150e-06
2026-03-11 18:19:41 INFO Epoch 1 | Step 6520/15377 | Loss 1.6777 | LR 1.2175e-06
2026-03-11 18:19:56 INFO Epoch 1 | Step 6540/15377 | Loss 1.6755 | LR 1.2201e-06
2026-03-11 18:20:10 INFO Epoch 1 | Step 6560/15377 | Loss 1.6735 | LR 1.2226e-06
2026-03-11 18:20:25 INFO Epoch 1 | Step 6580/15377 | Loss 1.6714 | LR 1.2252e-06
2026-03-11 18:20:40 INFO Epoch 1 | Step 6600/15377 | Loss 1.6691 | LR 1.2278e-06
2026-03-11 18:20:56 INFO Epoch 1 | Step 6620/15377 | Loss 1.6670 | LR 1.2304e-06
2026-03-11 18:21:10 INFO Epoch 1 | Step 6640/15377 | Loss 1.6649 | LR 1.2329e-06
2026-03-11 18:21:25 INFO Epoch 1 | Step 6660/15377 | Loss 1.6628 | LR 1.2355e-06
2026-03-11 18:21:40 INFO Epoch 1 | Step 6680/15377 | Loss 1.6607 | LR 1.2381e-06
2026-03-11 18:21:55 INFO Epoch 1 | Step 6700/15377 | Loss 1.6586 | LR 1.2407e-06
2026-03-11 18:22:10 INFO Epoch 1 | Step 6720/15377 | Loss 1.6564 | LR 1.2434e-06
2026-03-11 18:22:24 INFO Epoch 1 | Step 6740/15377 | Loss 1.6543 | LR 1.2460e-06
2026-03-11 18:22:39 INFO Epoch 1 | Step 6760/15377 | Loss 1.6522 | LR 1.2486e-06
2026-03-11 18:22:54 INFO Epoch 1 | Step 6780/15377 | Loss 1.6501 | LR 1.2512e-06
2026-03-11 18:23:08 INFO Epoch 1 | Step 6800/15377 | Loss 1.6479 | LR 1.2539e-06
2026-03-11 18:23:23 INFO Epoch 1 | Step 6820/15377 | Loss 1.6457 | LR 1.2565e-06
2026-03-11 18:23:38 INFO Epoch 1 | Step 6840/15377 | Loss 1.6438 | LR 1.2592e-06
2026-03-11 18:23:53 INFO Epoch 1 | Step 6860/15377 | Loss 1.6416 | LR 1.2619e-06
2026-03-11 18:24:07 INFO Epoch 1 | Step 6880/15377 | Loss 1.6394 | LR 1.2645e-06
2026-03-11 18:24:22 INFO Epoch 1 | Step 6900/15377 | Loss 1.6372 | LR 1.2672e-06
2026-03-11 18:24:37 INFO Epoch 1 | Step 6920/15377 | Loss 1.6351 | LR 1.2699e-06
2026-03-11 18:24:52 INFO Epoch 1 | Step 6940/15377 | Loss 1.6330 | LR 1.2726e-06
2026-03-11 18:25:07 INFO Epoch 1 | Step 6960/15377 | Loss 1.6308 | LR 1.2753e-06
2026-03-11 18:25:21 INFO Epoch 1 | Step 6980/15377 | Loss 1.6286 | LR 1.2780e-06
2026-03-11 18:25:36 INFO Epoch 1 | Step 7000/15377 | Loss 1.6264 | LR 1.2808e-06
2026-03-11 18:25:51 INFO Epoch 1 | Step 7020/15377 | Loss 1.6244 | LR 1.2835e-06
2026-03-11 18:26:06 INFO Epoch 1 | Step 7040/15377 | Loss 1.6222 | LR 1.2862e-06
2026-03-11 18:26:21 INFO Epoch 1 | Step 7060/15377 | Loss 1.6200 | LR 1.2890e-06
2026-03-11 18:26:36 INFO Epoch 1 | Step 7080/15377 | Loss 1.6180 | LR 1.2917e-06
2026-03-11 18:26:52 INFO Epoch 1 | Step 7100/15377 | Loss 1.6158 | LR 1.2945e-06
2026-03-11 18:27:08 INFO Epoch 1 | Step 7120/15377 | Loss 1.6136 | LR 1.2972e-06
2026-03-11 18:27:24 INFO Epoch 1 | Step 7140/15377 | Loss 1.6115 | LR 1.3000e-06
2026-03-11 18:27:39 INFO Epoch 1 | Step 7160/15377 | Loss 1.6094 | LR 1.3028e-06
2026-03-11 18:27:55 INFO Epoch 1 | Step 7180/15377 | Loss 1.6073 | LR 1.3056e-06
2026-03-11 18:28:11 INFO Epoch 1 | Step 7200/15377 | Loss 1.6051 | LR 1.3084e-06
2026-03-11 18:28:27 INFO Epoch 1 | Step 7220/15377 | Loss 1.6029 | LR 1.3112e-06
2026-03-11 18:28:43 INFO Epoch 1 | Step 7240/15377 | Loss 1.6007 | LR 1.3140e-06
2026-03-11 18:28:58 INFO Epoch 1 | Step 7260/15377 | Loss 1.5986 | LR 1.3168e-06
2026-03-11 18:29:14 INFO Epoch 1 | Step 7280/15377 | Loss 1.5964 | LR 1.3196e-06
2026-03-11 18:29:30 INFO Epoch 1 | Step 7300/15377 | Loss 1.5943 | LR 1.3225e-06
2026-03-11 18:29:45 INFO Epoch 1 | Step 7320/15377 | Loss 1.5922 | LR 1.3253e-06
2026-03-11 18:30:01 INFO Epoch 1 | Step 7340/15377 | Loss 1.5901 | LR 1.3281e-06
2026-03-11 18:30:17 INFO Epoch 1 | Step 7360/15377 | Loss 1.5879 | LR 1.3310e-06
2026-03-11 18:30:33 INFO Epoch 1 | Step 7380/15377 | Loss 1.5857 | LR 1.3339e-06
2026-03-11 18:30:49 INFO Epoch 1 | Step 7400/15377 | Loss 1.5836 | LR 1.3367e-06
2026-03-11 18:31:05 INFO Epoch 1 | Step 7420/15377 | Loss 1.5814 | LR 1.3396e-06
2026-03-11 18:31:21 INFO Epoch 1 | Step 7440/15377 | Loss 1.5792 | LR 1.3425e-06
2026-03-11 18:31:36 INFO Epoch 1 | Step 7460/15377 | Loss 1.5771 | LR 1.3454e-06
2026-03-11 18:31:52 INFO Epoch 1 | Step 7480/15377 | Loss 1.5750 | LR 1.3483e-06
2026-03-11 18:32:08 INFO Epoch 1 | Step 7500/15377 | Loss 1.5728 | LR 1.3512e-06
2026-03-11 18:32:24 INFO Epoch 1 | Step 7520/15377 | Loss 1.5707 | LR 1.3541e-06
2026-03-11 18:32:40 INFO Epoch 1 | Step 7540/15377 | Loss 1.5686 | LR 1.3570e-06
2026-03-11 18:32:56 INFO Epoch 1 | Step 7560/15377 | Loss 1.5664 | LR 1.3600e-06
2026-03-11 18:33:12 INFO Epoch 1 | Step 7580/15377 | Loss 1.5644 | LR 1.3629e-06
2026-03-11 18:33:27 INFO Epoch 1 | Step 7600/15377 | Loss 1.5622 | LR 1.3658e-06
2026-03-11 18:33:43 INFO Epoch 1 | Step 7620/15377 | Loss 1.5601 | LR 1.3688e-06
2026-03-11 18:33:59 INFO Epoch 1 | Step 7640/15377 | Loss 1.5581 | LR 1.3718e-06
2026-03-11 18:34:15 INFO Epoch 1 | Step 7660/15377 | Loss 1.5560 | LR 1.3747e-06
2026-03-11 18:34:31 INFO Epoch 1 | Step 7680/15377 | Loss 1.5539 | LR 1.3777e-06
2026-03-11 18:34:46 INFO Epoch 1 | Step 7700/15377 | Loss 1.5519 | LR 1.3807e-06
2026-03-11 18:35:02 INFO Epoch 1 | Step 7720/15377 | Loss 1.5497 | LR 1.3837e-06
2026-03-11 18:35:18 INFO Epoch 1 | Step 7740/15377 | Loss 1.5476 | LR 1.3867e-06
2026-03-11 18:35:34 INFO Epoch 1 | Step 7760/15377 | Loss 1.5455 | LR 1.3897e-06
2026-03-11 18:35:49 INFO Epoch 1 | Step 7780/15377 | Loss 1.5434 | LR 1.3927e-06
2026-03-11 18:36:05 INFO Epoch 1 | Step 7800/15377 | Loss 1.5414 | LR 1.3957e-06
2026-03-11 18:36:21 INFO Epoch 1 | Step 7820/15377 | Loss 1.5394 | LR 1.3987e-06
2026-03-11 18:36:37 INFO Epoch 1 | Step 7840/15377 | Loss 1.5373 | LR 1.4018e-06
2026-03-11 18:36:53 INFO Epoch 1 | Step 7860/15377 | Loss 1.5353 | LR 1.4048e-06
2026-03-11 18:37:09 INFO Epoch 1 | Step 7880/15377 | Loss 1.5332 | LR 1.4079e-06
2026-03-11 18:37:24 INFO Epoch 1 | Step 7900/15377 | Loss 1.5311 | LR 1.4109e-06
2026-03-11 18:37:40 INFO Epoch 1 | Step 7920/15377 | Loss 1.5291 | LR 1.4140e-06
2026-03-11 18:37:56 INFO Epoch 1 | Step 7940/15377 | Loss 1.5271 | LR 1.4170e-06
2026-03-11 18:38:12 INFO Epoch 1 | Step 7960/15377 | Loss 1.5251 | LR 1.4201e-06
2026-03-11 18:38:28 INFO Epoch 1 | Step 7980/15377 | Loss 1.5231 | LR 1.4232e-06
2026-03-11 18:38:43 INFO Epoch 1 | Step 8000/15377 | Loss 1.5210 | LR 1.4263e-06
2026-03-11 18:38:59 INFO Epoch 1 | Step 8020/15377 | Loss 1.5189 | LR 1.4294e-06
2026-03-11 18:39:15 INFO Epoch 1 | Step 8040/15377 | Loss 1.5170 | LR 1.4325e-06
2026-03-11 18:39:31 INFO Epoch 1 | Step 8060/15377 | Loss 1.5149 | LR 1.4356e-06
2026-03-11 18:39:47 INFO Epoch 1 | Step 8080/15377 | Loss 1.5130 | LR 1.4388e-06
2026-03-11 18:40:02 INFO Epoch 1 | Step 8100/15377 | Loss 1.5110 | LR 1.4419e-06
2026-03-11 18:40:18 INFO Epoch 1 | Step 8120/15377 | Loss 1.5090 | LR 1.4450e-06
2026-03-11 18:40:34 INFO Epoch 1 | Step 8140/15377 | Loss 1.5070 | LR 1.4482e-06
2026-03-11 18:40:50 INFO Epoch 1 | Step 8160/15377 | Loss 1.5049 | LR 1.4513e-06
2026-03-11 18:41:05 INFO Epoch 1 | Step 8180/15377 | Loss 1.5029 | LR 1.4545e-06
2026-03-11 18:41:21 INFO Epoch 1 | Step 8200/15377 | Loss 1.5010 | LR 1.4576e-06
2026-03-11 18:41:37 INFO Epoch 1 | Step 8220/15377 | Loss 1.4989 | LR 1.4608e-06
2026-03-11 18:41:53 INFO Epoch 1 | Step 8240/15377 | Loss 1.4969 | LR 1.4640e-06
2026-03-11 18:42:09 INFO Epoch 1 | Step 8260/15377 | Loss 1.4949 | LR 1.4672e-06
2026-03-11 18:42:25 INFO Epoch 1 | Step 8280/15377 | Loss 1.4930 | LR 1.4704e-06
2026-03-11 18:42:41 INFO Epoch 1 | Step 8300/15377 | Loss 1.4910 | LR 1.4736e-06
2026-03-11 18:42:56 INFO Epoch 1 | Step 8320/15377 | Loss 1.4891 | LR 1.4768e-06
2026-03-11 18:43:12 INFO Epoch 1 | Step 8340/15377 | Loss 1.4870 | LR 1.4800e-06
2026-03-11 18:43:28 INFO Epoch 1 | Step 8360/15377 | Loss 1.4850 | LR 1.4832e-06
2026-03-11 18:43:44 INFO Epoch 1 | Step 8380/15377 | Loss 1.4831 | LR 1.4865e-06
2026-03-11 18:43:59 INFO Epoch 1 | Step 8400/15377 | Loss 1.4811 | LR 1.4897e-06
2026-03-11 18:44:14 INFO Epoch 1 | Step 8420/15377 | Loss 1.4792 | LR 1.4930e-06
2026-03-11 18:44:29 INFO Epoch 1 | Step 8440/15377 | Loss 1.4773 | LR 1.4962e-06
2026-03-11 18:44:44 INFO Epoch 1 | Step 8460/15377 | Loss 1.4754 | LR 1.4995e-06
2026-03-11 18:45:00 INFO Epoch 1 | Step 8480/15377 | Loss 1.4735 | LR 1.5028e-06
2026-03-11 18:45:15 INFO Epoch 1 | Step 8500/15377 | Loss 1.4715 | LR 1.5060e-06
2026-03-11 18:45:30 INFO Epoch 1 | Step 8520/15377 | Loss 1.4696 | LR 1.5093e-06
2026-03-11 18:45:45 INFO Epoch 1 | Step 8540/15377 | Loss 1.4676 | LR 1.5126e-06
2026-03-11 18:46:00 INFO Epoch 1 | Step 8560/15377 | Loss 1.4657 | LR 1.5159e-06
2026-03-11 18:46:15 INFO Epoch 1 | Step 8580/15377 | Loss 1.4638 | LR 1.5192e-06
2026-03-11 18:46:30 INFO Epoch 1 | Step 8600/15377 | Loss 1.4618 | LR 1.5225e-06
2026-03-11 18:46:45 INFO Epoch 1 | Step 8620/15377 | Loss 1.4599 | LR 1.5259e-06
2026-03-11 18:47:00 INFO Epoch 1 | Step 8640/15377 | Loss 1.4580 | LR 1.5292e-06
2026-03-11 18:47:15 INFO Epoch 1 | Step 8660/15377 | Loss 1.4561 | LR 1.5325e-06
2026-03-11 18:47:31 INFO Epoch 1 | Step 8680/15377 | Loss 1.4542 | LR 1.5359e-06
2026-03-11 18:47:46 INFO Epoch 1 | Step 8700/15377 | Loss 1.4523 | LR 1.5392e-06
2026-03-11 18:48:01 INFO Epoch 1 | Step 8720/15377 | Loss 1.4504 | LR 1.5426e-06
2026-03-11 18:48:16 INFO Epoch 1 | Step 8740/15377 | Loss 1.4485 | LR 1.5459e-06
2026-03-11 18:48:31 INFO Epoch 1 | Step 8760/15377 | Loss 1.4466 | LR 1.5493e-06
2026-03-11 18:48:46 INFO Epoch 1 | Step 8780/15377 | Loss 1.4447 | LR 1.5527e-06
2026-03-11 18:49:01 INFO Epoch 1 | Step 8800/15377 | Loss 1.4427 | LR 1.5561e-06
2026-03-11 18:49:16 INFO Epoch 1 | Step 8820/15377 | Loss 1.4410 | LR 1.5595e-06
2026-03-11 18:49:31 INFO Epoch 1 | Step 8840/15377 | Loss 1.4391 | LR 1.5629e-06
2026-03-11 18:49:46 INFO Epoch 1 | Step 8860/15377 | Loss 1.4372 | LR 1.5663e-06
2026-03-11 18:50:01 INFO Epoch 1 | Step 8880/15377 | Loss 1.4353 | LR 1.5697e-06
2026-03-11 18:50:16 INFO Epoch 1 | Step 8900/15377 | Loss 1.4334 | LR 1.5731e-06
2026-03-11 18:50:32 INFO Epoch 1 | Step 8920/15377 | Loss 1.4315 | LR 1.5766e-06
2026-03-11 18:50:47 INFO Epoch 1 | Step 8940/15377 | Loss 1.4296 | LR 1.5800e-06
2026-03-11 18:51:02 INFO Epoch 1 | Step 8960/15377 | Loss 1.4277 | LR 1.5834e-06
2026-03-11 18:51:17 INFO Epoch 1 | Step 8980/15377 | Loss 1.4260 | LR 1.5869e-06
2026-03-11 18:51:32 INFO Epoch 1 | Step 9000/15377 | Loss 1.4241 | LR 1.5903e-06
2026-03-11 18:51:47 INFO Epoch 1 | Step 9020/15377 | Loss 1.4222 | LR 1.5938e-06
2026-03-11 18:52:02 INFO Epoch 1 | Step 9040/15377 | Loss 1.4204 | LR 1.5973e-06
2026-03-11 18:52:17 INFO Epoch 1 | Step 9060/15377 | Loss 1.4186 | LR 1.6008e-06
2026-03-11 18:52:32 INFO Epoch 1 | Step 9080/15377 | Loss 1.4167 | LR 1.6043e-06
2026-03-11 18:52:47 INFO Epoch 1 | Step 9100/15377 | Loss 1.4149 | LR 1.6078e-06
2026-03-11 18:53:02 INFO Epoch 1 | Step 9120/15377 | Loss 1.4131 | LR 1.6113e-06
2026-03-11 18:53:17 INFO Epoch 1 | Step 9140/15377 | Loss 1.4113 | LR 1.6148e-06
2026-03-11 18:53:32 INFO Epoch 1 | Step 9160/15377 | Loss 1.4095 | LR 1.6183e-06
2026-03-11 18:53:47 INFO Epoch 1 | Step 9180/15377 | Loss 1.4077 | LR 1.6218e-06
2026-03-11 18:54:03 INFO Epoch 1 | Step 9200/15377 | Loss 1.4059 | LR 1.6253e-06
2026-03-11 18:54:17 INFO Epoch 1 | Step 9220/15377 | Loss 1.4041 | LR 1.6289e-06
2026-03-11 18:54:33 INFO Epoch 1 | Step 9240/15377 | Loss 1.4023 | LR 1.6324e-06
2026-03-11 18:54:48 INFO Epoch 1 | Step 9260/15377 | Loss 1.4005 | LR 1.6360e-06
2026-03-11 18:55:03 INFO Epoch 1 | Step 9280/15377 | Loss 1.3987 | LR 1.6396e-06
2026-03-11 18:55:18 INFO Epoch 1 | Step 9300/15377 | Loss 1.3969 | LR 1.6431e-06
2026-03-11 18:55:33 INFO Epoch 1 | Step 9320/15377 | Loss 1.3951 | LR 1.6467e-06
2026-03-11 18:55:48 INFO Epoch 1 | Step 9340/15377 | Loss 1.3934 | LR 1.6503e-06
2026-03-11 18:56:03 INFO Epoch 1 | Step 9360/15377 | Loss 1.3916 | LR 1.6539e-06
2026-03-11 18:56:18 INFO Epoch 1 | Step 9380/15377 | Loss 1.3899 | LR 1.6575e-06
2026-03-11 18:56:33 INFO Epoch 1 | Step 9400/15377 | Loss 1.3881 | LR 1.6611e-06
2026-03-11 18:56:48 INFO Epoch 1 | Step 9420/15377 | Loss 1.3864 | LR 1.6647e-06
2026-03-11 18:57:03 INFO Epoch 1 | Step 9440/15377 | Loss 1.3846 | LR 1.6683e-06
2026-03-11 18:57:18 INFO Epoch 1 | Step 9460/15377 | Loss 1.3828 | LR 1.6719e-06
2026-03-11 18:57:33 INFO Epoch 1 | Step 9480/15377 | Loss 1.3811 | LR 1.6756e-06
2026-03-11 18:57:48 INFO Epoch 1 | Step 9500/15377 | Loss 1.3794 | LR 1.6792e-06
2026-03-11 18:58:03 INFO Epoch 1 | Step 9520/15377 | Loss 1.3777 | LR 1.6829e-06
2026-03-11 18:58:18 INFO Epoch 1 | Step 9540/15377 | Loss 1.3759 | LR 1.6865e-06
2026-03-11 18:58:33 INFO Epoch 1 | Step 9560/15377 | Loss 1.3742 | LR 1.6902e-06
2026-03-11 18:58:48 INFO Epoch 1 | Step 9580/15377 | Loss 1.3725 | LR 1.6938e-06
2026-03-11 18:59:03 INFO Epoch 1 | Step 9600/15377 | Loss 1.3708 | LR 1.6975e-06
2026-03-11 18:59:18 INFO Epoch 1 | Step 9620/15377 | Loss 1.3691 | LR 1.7012e-06
2026-03-11 18:59:33 INFO Epoch 1 | Step 9640/15377 | Loss 1.3674 | LR 1.7049e-06
2026-03-11 18:59:48 INFO Epoch 1 | Step 9660/15377 | Loss 1.3658 | LR 1.7086e-06
2026-03-11 19:00:03 INFO Epoch 1 | Step 9680/15377 | Loss 1.3640 | LR 1.7123e-06
2026-03-11 19:00:18 INFO Epoch 1 | Step 9700/15377 | Loss 1.3624 | LR 1.7160e-06
2026-03-11 19:00:33 INFO Epoch 1 | Step 9720/15377 | Loss 1.3606 | LR 1.7197e-06
2026-03-11 19:00:48 INFO Epoch 1 | Step 9740/15377 | Loss 1.3590 | LR 1.7235e-06
2026-03-11 19:01:03 INFO Epoch 1 | Step 9760/15377 | Loss 1.3573 | LR 1.7272e-06
2026-03-11 19:01:18 INFO Epoch 1 | Step 9780/15377 | Loss 1.3557 | LR 1.7309e-06
2026-03-11 19:01:33 INFO Epoch 1 | Step 9800/15377 | Loss 1.3540 | LR 1.7347e-06
2026-03-11 19:01:48 INFO Epoch 1 | Step 9820/15377 | Loss 1.3524 | LR 1.7384e-06
2026-03-11 19:02:03 INFO Epoch 1 | Step 9840/15377 | Loss 1.3507 | LR 1.7422e-06
2026-03-11 19:02:18 INFO Epoch 1 | Step 9860/15377 | Loss 1.3490 | LR 1.7460e-06
2026-03-11 19:02:33 INFO Epoch 1 | Step 9880/15377 | Loss 1.3474 | LR 1.7497e-06
2026-03-11 19:02:48 INFO Epoch 1 | Step 9900/15377 | Loss 1.3457 | LR 1.7535e-06
2026-03-11 19:03:02 INFO Epoch 1 | Step 9920/15377 | Loss 1.3441 | LR 1.7573e-06
2026-03-11 19:03:15 INFO Epoch 1 | Step 9940/15377 | Loss 1.3425 | LR 1.7611e-06
2026-03-11 19:03:29 INFO Epoch 1 | Step 9960/15377 | Loss 1.3409 | LR 1.7649e-06
2026-03-11 19:03:43 INFO Epoch 1 | Step 9980/15377 | Loss 1.3393 | LR 1.7687e-06
2026-03-11 19:03:57 INFO Epoch 1 | Step 10000/15377 | Loss 1.3377 | LR 1.7726e-06
2026-03-11 19:04:11 INFO Epoch 1 | Step 10020/15377 | Loss 1.3362 | LR 1.7764e-06
2026-03-11 19:04:25 INFO Epoch 1 | Step 10040/15377 | Loss 1.3346 | LR 1.7802e-06
2026-03-11 19:04:39 INFO Epoch 1 | Step 10060/15377 | Loss 1.3329 | LR 1.7841e-06
2026-03-11 19:04:53 INFO Epoch 1 | Step 10080/15377 | Loss 1.3313 | LR 1.7879e-06
2026-03-11 19:05:08 INFO Epoch 1 | Step 10100/15377 | Loss 1.3298 | LR 1.7918e-06
2026-03-11 19:05:22 INFO Epoch 1 | Step 10120/15377 | Loss 1.3281 | LR 1.7956e-06
2026-03-11 19:05:36 INFO Epoch 1 | Step 10140/15377 | Loss 1.3265 | LR 1.7995e-06
2026-03-11 19:05:50 INFO Epoch 1 | Step 10160/15377 | Loss 1.3249 | LR 1.8034e-06
2026-03-11 19:06:04 INFO Epoch 1 | Step 10180/15377 | Loss 1.3234 | LR 1.8072e-06
2026-03-11 19:06:18 INFO Epoch 1 | Step 10200/15377 | Loss 1.3218 | LR 1.8111e-06
2026-03-11 19:06:32 INFO Epoch 1 | Step 10220/15377 | Loss 1.3203 | LR 1.8150e-06
2026-03-11 19:06:46 INFO Epoch 1 | Step 10240/15377 | Loss 1.3187 | LR 1.8189e-06
2026-03-11 19:07:00 INFO Epoch 1 | Step 10260/15377 | Loss 1.3171 | LR 1.8229e-06
2026-03-11 19:07:14 INFO Epoch 1 | Step 10280/15377 | Loss 1.3156 | LR 1.8268e-06
2026-03-11 19:07:28 INFO Epoch 1 | Step 10300/15377 | Loss 1.3140 | LR 1.8307e-06
2026-03-11 19:07:42 INFO Epoch 1 | Step 10320/15377 | Loss 1.3125 | LR 1.8346e-06
2026-03-11 19:07:57 INFO Epoch 1 | Step 10340/15377 | Loss 1.3109 | LR 1.8386e-06
2026-03-11 19:08:11 INFO Epoch 1 | Step 10360/15377 | Loss 1.3094 | LR 1.8425e-06
2026-03-11 19:08:25 INFO Epoch 1 | Step 10380/15377 | Loss 1.3079 | LR 1.8465e-06
2026-03-11 19:08:39 INFO Epoch 1 | Step 10400/15377 | Loss 1.3063 | LR 1.8504e-06
2026-03-11 19:08:53 INFO Epoch 1 | Step 10420/15377 | Loss 1.3048 | LR 1.8544e-06
2026-03-11 19:09:07 INFO Epoch 1 | Step 10440/15377 | Loss 1.3033 | LR 1.8584e-06
2026-03-11 19:09:21 INFO Epoch 1 | Step 10460/15377 | Loss 1.3018 | LR 1.8624e-06
2026-03-11 19:09:35 INFO Epoch 1 | Step 10480/15377 | Loss 1.3003 | LR 1.8663e-06
2026-03-11 19:09:50 INFO Epoch 1 | Step 10500/15377 | Loss 1.2988 | LR 1.8703e-06
2026-03-11 19:10:04 INFO Epoch 1 | Step 10520/15377 | Loss 1.2973 | LR 1.8743e-06
2026-03-11 19:10:18 INFO Epoch 1 | Step 10540/15377 | Loss 1.2958 | LR 1.8784e-06
2026-03-11 19:10:32 INFO Epoch 1 | Step 10560/15377 | Loss 1.2943 | LR 1.8824e-06
2026-03-11 19:10:46 INFO Epoch 1 | Step 10580/15377 | Loss 1.2928 | LR 1.8864e-06
2026-03-11 19:11:00 INFO Epoch 1 | Step 10600/15377 | Loss 1.2914 | LR 1.8904e-06
2026-03-11 19:11:14 INFO Epoch 1 | Step 10620/15377 | Loss 1.2899 | LR 1.8945e-06
2026-03-11 19:11:28 INFO Epoch 1 | Step 10640/15377 | Loss 1.2885 | LR 1.8985e-06
2026-03-11 19:11:43 INFO Epoch 1 | Step 10660/15377 | Loss 1.2870 | LR 1.9026e-06
2026-03-11 19:11:57 INFO Epoch 1 | Step 10680/15377 | Loss 1.2855 | LR 1.9066e-06
2026-03-11 19:12:11 INFO Epoch 1 | Step 10700/15377 | Loss 1.2841 | LR 1.9107e-06
2026-03-11 19:12:25 INFO Epoch 1 | Step 10720/15377 | Loss 1.2826 | LR 1.9148e-06
2026-03-11 19:12:39 INFO Epoch 1 | Step 10740/15377 | Loss 1.2811 | LR 1.9188e-06
2026-03-11 19:12:53 INFO Epoch 1 | Step 10760/15377 | Loss 1.2797 | LR 1.9229e-06
2026-03-11 19:13:07 INFO Epoch 1 | Step 10780/15377 | Loss 1.2783 | LR 1.9270e-06
2026-03-11 19:13:21 INFO Epoch 1 | Step 10800/15377 | Loss 1.2769 | LR 1.9311e-06
2026-03-11 19:13:35 INFO Epoch 1 | Step 10820/15377 | Loss 1.2754 | LR 1.9352e-06
2026-03-11 19:13:50 INFO Epoch 1 | Step 10840/15377 | Loss 1.2740 | LR 1.9394e-06
2026-03-11 19:14:04 INFO Epoch 1 | Step 10860/15377 | Loss 1.2726 | LR 1.9435e-06
2026-03-11 19:14:18 INFO Epoch 1 | Step 10880/15377 | Loss 1.2712 | LR 1.9476e-06
2026-03-11 19:14:32 INFO Epoch 1 | Step 10900/15377 | Loss 1.2698 | LR 1.9517e-06
2026-03-11 19:14:46 INFO Epoch 1 | Step 10920/15377 | Loss 1.2684 | LR 1.9559e-06
2026-03-11 19:15:00 INFO Epoch 1 | Step 10940/15377 | Loss 1.2670 | LR 1.9600e-06
2026-03-11 19:15:14 INFO Epoch 1 | Step 10960/15377 | Loss 1.2656 | LR 1.9642e-06
2026-03-11 19:15:28 INFO Epoch 1 | Step 10980/15377 | Loss 1.2642 | LR 1.9684e-06
2026-03-11 19:15:42 INFO Epoch 1 | Step 11000/15377 | Loss 1.2628 | LR 1.9725e-06
2026-03-11 19:15:56 INFO Epoch 1 | Step 11020/15377 | Loss 1.2614 | LR 1.9767e-06
2026-03-11 19:16:10 INFO Epoch 1 | Step 11040/15377 | Loss 1.2601 | LR 1.9809e-06
2026-03-11 19:16:24 INFO Epoch 1 | Step 11060/15377 | Loss 1.2587 | LR 1.9851e-06
2026-03-11 19:16:38 INFO Epoch 1 | Step 11080/15377 | Loss 1.2573 | LR 1.9893e-06
2026-03-11 19:16:52 INFO Epoch 1 | Step 11100/15377 | Loss 1.2560 | LR 1.9935e-06
2026-03-11 19:17:06 INFO Epoch 1 | Step 11120/15377 | Loss 1.2546 | LR 1.9977e-06
2026-03-11 19:17:20 INFO Epoch 1 | Step 11140/15377 | Loss 1.2532 | LR 2.0019e-06
2026-03-11 19:17:34 INFO Epoch 1 | Step 11160/15377 | Loss 1.2519 | LR 2.0062e-06
2026-03-11 19:17:48 INFO Epoch 1 | Step 11180/15377 | Loss 1.2506 | LR 2.0104e-06
2026-03-11 19:18:03 INFO Epoch 1 | Step 11200/15377 | Loss 1.2492 | LR 2.0146e-06
2026-03-11 19:18:17 INFO Epoch 1 | Step 11220/15377 | Loss 1.2479 | LR 2.0189e-06
2026-03-11 19:18:32 INFO Epoch 1 | Step 11240/15377 | Loss 1.2465 | LR 2.0231e-06
2026-03-11 19:18:46 INFO Epoch 1 | Step 11260/15377 | Loss 1.2452 | LR 2.0274e-06
2026-03-11 19:19:01 INFO Epoch 1 | Step 11280/15377 | Loss 1.2438 | LR 2.0317e-06
2026-03-11 19:19:15 INFO Epoch 1 | Step 11300/15377 | Loss 1.2425 | LR 2.0359e-06
2026-03-11 19:19:29 INFO Epoch 1 | Step 11320/15377 | Loss 1.2412 | LR 2.0402e-06
2026-03-11 19:19:44 INFO Epoch 1 | Step 11340/15377 | Loss 1.2398 | LR 2.0445e-06
2026-03-11 19:19:58 INFO Epoch 1 | Step 11360/15377 | Loss 1.2385 | LR 2.0488e-06
2026-03-11 19:20:13 INFO Epoch 1 | Step 11380/15377 | Loss 1.2372 | LR 2.0531e-06
2026-03-11 19:20:27 INFO Epoch 1 | Step 11400/15377 | Loss 1.2359 | LR 2.0574e-06
2026-03-11 19:20:41 INFO Epoch 1 | Step 11420/15377 | Loss 1.2346 | LR 2.0617e-06
2026-03-11 19:20:56 INFO Epoch 1 | Step 11440/15377 | Loss 1.2333 | LR 2.0661e-06
2026-03-11 19:21:10 INFO Epoch 1 | Step 11460/15377 | Loss 1.2320 | LR 2.0704e-06
2026-03-11 19:21:25 INFO Epoch 1 | Step 11480/15377 | Loss 1.2308 | LR 2.0747e-06
2026-03-11 19:21:39 INFO Epoch 1 | Step 11500/15377 | Loss 1.2295 | LR 2.0791e-06
2026-03-11 19:21:53 INFO Epoch 1 | Step 11520/15377 | Loss 1.2282 | LR 2.0834e-06
2026-03-11 19:22:08 INFO Epoch 1 | Step 11540/15377 | Loss 1.2269 | LR 2.0878e-06
2026-03-11 19:22:22 INFO Epoch 1 | Step 11560/15377 | Loss 1.2256 | LR 2.0921e-06
2026-03-11 19:22:37 INFO Epoch 1 | Step 11580/15377 | Loss 1.2244 | LR 2.0965e-06
2026-03-11 19:22:51 INFO Epoch 1 | Step 11600/15377 | Loss 1.2232 | LR 2.1009e-06
2026-03-11 19:23:06 INFO Epoch 1 | Step 11620/15377 | Loss 1.2219 | LR 2.1053e-06
2026-03-11 19:23:20 INFO Epoch 1 | Step 11640/15377 | Loss 1.2206 | LR 2.1097e-06
2026-03-11 19:23:35 INFO Epoch 1 | Step 11660/15377 | Loss 1.2194 | LR 2.1141e-06
2026-03-11 19:23:49 INFO Epoch 1 | Step 11680/15377 | Loss 1.2181 | LR 2.1185e-06
2026-03-11 19:24:04 INFO Epoch 1 | Step 11700/15377 | Loss 1.2169 | LR 2.1229e-06
2026-03-11 19:24:18 INFO Epoch 1 | Step 11720/15377 | Loss 1.2157 | LR 2.1273e-06
2026-03-11 19:24:32 INFO Epoch 1 | Step 11740/15377 | Loss 1.2144 | LR 2.1317e-06
2026-03-11 19:24:47 INFO Epoch 1 | Step 11760/15377 | Loss 1.2132 | LR 2.1362e-06
2026-03-11 19:25:01 INFO Epoch 1 | Step 11780/15377 | Loss 1.2120 | LR 2.1406e-06
2026-03-11 19:25:15 INFO Epoch 1 | Step 11800/15377 | Loss 1.2108 | LR 2.1450e-06
2026-03-11 19:25:30 INFO Epoch 1 | Step 11820/15377 | Loss 1.2095 | LR 2.1495e-06
2026-03-11 19:25:44 INFO Epoch 1 | Step 11840/15377 | Loss 1.2083 | LR 2.1540e-06
2026-03-11 19:25:59 INFO Epoch 1 | Step 11860/15377 | Loss 1.2071 | LR 2.1584e-06
2026-03-11 19:26:13 INFO Epoch 1 | Step 11880/15377 | Loss 1.2059 | LR 2.1629e-06
2026-03-11 19:26:27 INFO Epoch 1 | Step 11900/15377 | Loss 1.2047 | LR 2.1674e-06
2026-03-11 19:26:42 INFO Epoch 1 | Step 11920/15377 | Loss 1.2035 | LR 2.1719e-06
2026-03-11 19:26:56 INFO Epoch 1 | Step 11940/15377 | Loss 1.2022 | LR 2.1764e-06
2026-03-11 19:27:10 INFO Epoch 1 | Step 11960/15377 | Loss 1.2011 | LR 2.1809e-06
2026-03-11 19:27:24 INFO Epoch 1 | Step 11980/15377 | Loss 1.1999 | LR 2.1854e-06
2026-03-11 19:27:39 INFO Epoch 1 | Step 12000/15377 | Loss 1.1987 | LR 2.1899e-06
2026-03-11 19:27:53 INFO Epoch 1 | Step 12020/15377 | Loss 1.1975 | LR 2.1944e-06
2026-03-11 19:28:08 INFO Epoch 1 | Step 12040/15377 | Loss 1.1963 | LR 2.1989e-06
2026-03-11 19:28:22 INFO Epoch 1 | Step 12060/15377 | Loss 1.1951 | LR 2.2035e-06
2026-03-11 19:28:37 INFO Epoch 1 | Step 12080/15377 | Loss 1.1940 | LR 2.2080e-06
2026-03-11 19:28:51 INFO Epoch 1 | Step 12100/15377 | Loss 1.1928 | LR 2.2126e-06
2026-03-11 19:29:05 INFO Epoch 1 | Step 12120/15377 | Loss 1.1916 | LR 2.2171e-06
2026-03-11 19:29:20 INFO Epoch 1 | Step 12140/15377 | Loss 1.1905 | LR 2.2217e-06
2026-03-11 19:29:34 INFO Epoch 1 | Step 12160/15377 | Loss 1.1894 | LR 2.2262e-06
2026-03-11 19:29:49 INFO Epoch 1 | Step 12180/15377 | Loss 1.1882 | LR 2.2308e-06
2026-03-11 19:30:03 INFO Epoch 1 | Step 12200/15377 | Loss 1.1871 | LR 2.2354e-06
2026-03-11 19:30:18 INFO Epoch 1 | Step 12220/15377 | Loss 1.1859 | LR 2.2400e-06
2026-03-11 19:30:32 INFO Epoch 1 | Step 12240/15377 | Loss 1.1847 | LR 2.2446e-06
2026-03-11 19:30:47 INFO Epoch 1 | Step 12260/15377 | Loss 1.1836 | LR 2.2492e-06
2026-03-11 19:31:01 INFO Epoch 1 | Step 12280/15377 | Loss 1.1825 | LR 2.2538e-06
2026-03-11 19:31:16 INFO Epoch 1 | Step 12300/15377 | Loss 1.1813 | LR 2.2584e-06
2026-03-11 19:31:30 INFO Epoch 1 | Step 12320/15377 | Loss 1.1802 | LR 2.2630e-06
2026-03-11 19:31:44 INFO Epoch 1 | Step 12340/15377 | Loss 1.1790 | LR 2.2677e-06
2026-03-11 19:31:59 INFO Epoch 1 | Step 12360/15377 | Loss 1.1779 | LR 2.2723e-06
2026-03-11 19:32:13 INFO Epoch 1 | Step 12380/15377 | Loss 1.1768 | LR 2.2769e-06
2026-03-11 19:32:28 INFO Epoch 1 | Step 12400/15377 | Loss 1.1757 | LR 2.2816e-06
2026-03-11 19:32:42 INFO Epoch 1 | Step 12420/15377 | Loss 1.1745 | LR 2.2862e-06
2026-03-11 19:32:57 INFO Epoch 1 | Step 12440/15377 | Loss 1.1734 | LR 2.2909e-06
2026-03-11 19:33:11 INFO Epoch 1 | Step 12460/15377 | Loss 1.1723 | LR 2.2956e-06
2026-03-11 19:33:26 INFO Epoch 1 | Step 12480/15377 | Loss 1.1712 | LR 2.3003e-06
2026-03-11 19:33:40 INFO Epoch 1 | Step 12500/15377 | Loss 1.1701 | LR 2.3049e-06
2026-03-11 19:33:55 INFO Epoch 1 | Step 12520/15377 | Loss 1.1690 | LR 2.3096e-06
2026-03-11 19:34:09 INFO Epoch 1 | Step 12540/15377 | Loss 1.1679 | LR 2.3143e-06
2026-03-11 19:34:23 INFO Epoch 1 | Step 12560/15377 | Loss 1.1668 | LR 2.3190e-06
2026-03-11 19:34:37 INFO Epoch 1 | Step 12580/15377 | Loss 1.1657 | LR 2.3237e-06
2026-03-11 19:34:52 INFO Epoch 1 | Step 12600/15377 | Loss 1.1646 | LR 2.3284e-06
2026-03-11 19:35:06 INFO Epoch 1 | Step 12620/15377 | Loss 1.1636 | LR 2.3332e-06
2026-03-11 19:35:20 INFO Epoch 1 | Step 12640/15377 | Loss 1.1625 | LR 2.3379e-06
2026-03-11 19:35:35 INFO Epoch 1 | Step 12660/15377 | Loss 1.1615 | LR 2.3426e-06
2026-03-11 19:35:49 INFO Epoch 1 | Step 12680/15377 | Loss 1.1604 | LR 2.3474e-06
2026-03-11 19:36:04 INFO Epoch 1 | Step 12700/15377 | Loss 1.1594 | LR 2.3521e-06
2026-03-11 19:36:18 INFO Epoch 1 | Step 12720/15377 | Loss 1.1583 | LR 2.3569e-06
2026-03-11 19:36:33 INFO Epoch 1 | Step 12740/15377 | Loss 1.1573 | LR 2.3616e-06
2026-03-11 19:36:47 INFO Epoch 1 | Step 12760/15377 | Loss 1.1563 | LR 2.3664e-06
2026-03-11 19:37:02 INFO Epoch 1 | Step 12780/15377 | Loss 1.1552 | LR 2.3712e-06
2026-03-11 19:37:16 INFO Epoch 1 | Step 12800/15377 | Loss 1.1542 | LR 2.3760e-06
2026-03-11 19:37:31 INFO Epoch 1 | Step 12820/15377 | Loss 1.1531 | LR 2.3808e-06
2026-03-11 19:37:46 INFO Epoch 1 | Step 12840/15377 | Loss 1.1520 | LR 2.3856e-06
2026-03-11 19:38:00 INFO Epoch 1 | Step 12860/15377 | Loss 1.1510 | LR 2.3904e-06
2026-03-11 19:38:15 INFO Epoch 1 | Step 12880/15377 | Loss 1.1500 | LR 2.3952e-06
2026-03-11 19:38:30 INFO Epoch 1 | Step 12900/15377 | Loss 1.1489 | LR 2.4000e-06
2026-03-11 19:38:44 INFO Epoch 1 | Step 12920/15377 | Loss 1.1479 | LR 2.4048e-06
2026-03-11 19:38:59 INFO Epoch 1 | Step 12940/15377 | Loss 1.1469 | LR 2.4096e-06
2026-03-11 19:39:14 INFO Epoch 1 | Step 12960/15377 | Loss 1.1458 | LR 2.4145e-06
2026-03-11 19:39:28 INFO Epoch 1 | Step 12980/15377 | Loss 1.1448 | LR 2.4193e-06
2026-03-11 19:39:43 INFO Epoch 1 | Step 13000/15377 | Loss 1.1437 | LR 2.4242e-06
2026-03-11 19:39:58 INFO Epoch 1 | Step 13020/15377 | Loss 1.1427 | LR 2.4290e-06
2026-03-11 19:40:12 INFO Epoch 1 | Step 13040/15377 | Loss 1.1417 | LR 2.4339e-06
2026-03-11 19:40:27 INFO Epoch 1 | Step 13060/15377 | Loss 1.1407 | LR 2.4387e-06
2026-03-11 19:40:42 INFO Epoch 1 | Step 13080/15377 | Loss 1.1397 | LR 2.4436e-06
2026-03-11 19:40:57 INFO Epoch 1 | Step 13100/15377 | Loss 1.1387 | LR 2.4485e-06
2026-03-11 19:41:11 INFO Epoch 1 | Step 13120/15377 | Loss 1.1377 | LR 2.4534e-06
2026-03-11 19:41:26 INFO Epoch 1 | Step 13140/15377 | Loss 1.1367 | LR 2.4583e-06
2026-03-11 19:41:41 INFO Epoch 1 | Step 13160/15377 | Loss 1.1357 | LR 2.4632e-06
2026-03-11 19:41:55 INFO Epoch 1 | Step 13180/15377 | Loss 1.1347 | LR 2.4681e-06
2026-03-11 19:42:10 INFO Epoch 1 | Step 13200/15377 | Loss 1.1337 | LR 2.4730e-06
2026-03-11 19:42:25 INFO Epoch 1 | Step 13220/15377 | Loss 1.1327 | LR 2.4779e-06
2026-03-11 19:42:39 INFO Epoch 1 | Step 13240/15377 | Loss 1.1317 | LR 2.4828e-06
2026-03-11 19:42:54 INFO Epoch 1 | Step 13260/15377 | Loss 1.1307 | LR 2.4878e-06
2026-03-11 19:43:08 INFO Epoch 1 | Step 13280/15377 | Loss 1.1298 | LR 2.4927e-06
2026-03-11 19:43:23 INFO Epoch 1 | Step 13300/15377 | Loss 1.1288 | LR 2.4977e-06
2026-03-11 19:43:38 INFO Epoch 1 | Step 13320/15377 | Loss 1.1278 | LR 2.5026e-06
2026-03-11 19:43:53 INFO Epoch 1 | Step 13340/15377 | Loss 1.1268 | LR 2.5076e-06
2026-03-11 19:44:07 INFO Epoch 1 | Step 13360/15377 | Loss 1.1259 | LR 2.5125e-06
2026-03-11 19:44:22 INFO Epoch 1 | Step 13380/15377 | Loss 1.1249 | LR 2.5175e-06
2026-03-11 19:44:37 INFO Epoch 1 | Step 13400/15377 | Loss 1.1239 | LR 2.5225e-06
2026-03-11 19:44:52 INFO Epoch 1 | Step 13420/15377 | Loss 1.1230 | LR 2.5275e-06
2026-03-11 19:45:06 INFO Epoch 1 | Step 13440/15377 | Loss 1.1220 | LR 2.5325e-06
2026-03-11 19:45:21 INFO Epoch 1 | Step 13460/15377 | Loss 1.1210 | LR 2.5375e-06
2026-03-11 19:45:35 INFO Epoch 1 | Step 13480/15377 | Loss 1.1201 | LR 2.5425e-06
2026-03-11 19:45:50 INFO Epoch 1 | Step 13500/15377 | Loss 1.1191 | LR 2.5475e-06
2026-03-11 19:46:05 INFO Epoch 1 | Step 13520/15377 | Loss 1.1182 | LR 2.5525e-06
2026-03-11 19:46:20 INFO Epoch 1 | Step 13540/15377 | Loss 1.1172 | LR 2.5575e-06
2026-03-11 19:46:34 INFO Epoch 1 | Step 13560/15377 | Loss 1.1164 | LR 2.5626e-06
2026-03-11 19:46:49 INFO Epoch 1 | Step 13580/15377 | Loss 1.1154 | LR 2.5676e-06
2026-03-11 19:47:04 INFO Epoch 1 | Step 13600/15377 | Loss 1.1145 | LR 2.5726e-06
2026-03-11 19:47:19 INFO Epoch 1 | Step 13620/15377 | Loss 1.1135 | LR 2.5777e-06
2026-03-11 19:47:33 INFO Epoch 1 | Step 13640/15377 | Loss 1.1126 | LR 2.5827e-06
2026-03-11 19:47:48 INFO Epoch 1 | Step 13660/15377 | Loss 1.1117 | LR 2.5878e-06
2026-03-11 19:48:03 INFO Epoch 1 | Step 13680/15377 | Loss 1.1108 | LR 2.5929e-06
2026-03-11 19:48:17 INFO Epoch 1 | Step 13700/15377 | Loss 1.1099 | LR 2.5980e-06
2026-03-11 19:48:32 INFO Epoch 1 | Step 13720/15377 | Loss 1.1090 | LR 2.6030e-06
2026-03-11 19:48:47 INFO Epoch 1 | Step 13740/15377 | Loss 1.1080 | LR 2.6081e-06
2026-03-11 19:49:02 INFO Epoch 1 | Step 13760/15377 | Loss 1.1071 | LR 2.6132e-06
2026-03-11 19:49:16 INFO Epoch 1 | Step 13780/15377 | Loss 1.1062 | LR 2.6183e-06
2026-03-11 19:49:31 INFO Epoch 1 | Step 13800/15377 | Loss 1.1053 | LR 2.6234e-06
2026-03-11 19:49:46 INFO Epoch 1 | Step 13820/15377 | Loss 1.1044 | LR 2.6285e-06
2026-03-11 19:50:01 INFO Epoch 1 | Step 13840/15377 | Loss 1.1035 | LR 2.6337e-06
2026-03-11 19:50:15 INFO Epoch 1 | Step 13860/15377 | Loss 1.1026 | LR 2.6388e-06
2026-03-11 19:50:30 INFO Epoch 1 | Step 13880/15377 | Loss 1.1017 | LR 2.6439e-06
2026-03-11 19:50:44 INFO Epoch 1 | Step 13900/15377 | Loss 1.1008 | LR 2.6491e-06
2026-03-11 19:50:59 INFO Epoch 1 | Step 13920/15377 | Loss 1.0999 | LR 2.6542e-06
2026-03-11 19:51:14 INFO Epoch 1 | Step 13940/15377 | Loss 1.0990 | LR 2.6594e-06
2026-03-11 19:51:29 INFO Epoch 1 | Step 13960/15377 | Loss 1.0981 | LR 2.6645e-06
2026-03-11 19:51:43 INFO Epoch 1 | Step 13980/15377 | Loss 1.0972 | LR 2.6697e-06
2026-03-11 19:51:58 INFO Epoch 1 | Step 14000/15377 | Loss 1.0964 | LR 2.6749e-06
2026-03-11 19:52:12 INFO Epoch 1 | Step 14020/15377 | Loss 1.0955 | LR 2.6800e-06
2026-03-11 19:52:26 INFO Epoch 1 | Step 14040/15377 | Loss 1.0946 | LR 2.6852e-06
2026-03-11 19:52:41 INFO Epoch 1 | Step 14060/15377 | Loss 1.0937 | LR 2.6904e-06
2026-03-11 19:52:55 INFO Epoch 1 | Step 14080/15377 | Loss 1.0929 | LR 2.6956e-06
2026-03-11 19:53:09 INFO Epoch 1 | Step 14100/15377 | Loss 1.0920 | LR 2.7008e-06
2026-03-11 19:53:23 INFO Epoch 1 | Step 14120/15377 | Loss 1.0912 | LR 2.7060e-06
2026-03-11 19:53:38 INFO Epoch 1 | Step 14140/15377 | Loss 1.0903 | LR 2.7112e-06
2026-03-11 19:53:52 INFO Epoch 1 | Step 14160/15377 | Loss 1.0894 | LR 2.7165e-06
2026-03-11 19:54:06 INFO Epoch 1 | Step 14180/15377 | Loss 1.0885 | LR 2.7217e-06
2026-03-11 19:54:20 INFO Epoch 1 | Step 14200/15377 | Loss 1.0877 | LR 2.7269e-06
2026-03-11 19:54:35 INFO Epoch 1 | Step 14220/15377 | Loss 1.0868 | LR 2.7322e-06
2026-03-11 19:54:49 INFO Epoch 1 | Step 14240/15377 | Loss 1.0859 | LR 2.7374e-06
2026-03-11 19:55:03 INFO Epoch 1 | Step 14260/15377 | Loss 1.0851 | LR 2.7427e-06
2026-03-11 19:55:17 INFO Epoch 1 | Step 14280/15377 | Loss 1.0842 | LR 2.7479e-06
2026-03-11 19:55:32 INFO Epoch 1 | Step 14300/15377 | Loss 1.0833 | LR 2.7532e-06
2026-03-11 19:55:46 INFO Epoch 1 | Step 14320/15377 | Loss 1.0825 | LR 2.7585e-06
2026-03-11 19:56:00 INFO Epoch 1 | Step 14340/15377 | Loss 1.0817 | LR 2.7638e-06
2026-03-11 19:56:14 INFO Epoch 1 | Step 14360/15377 | Loss 1.0808 | LR 2.7690e-06
2026-03-11 19:56:28 INFO Epoch 1 | Step 14380/15377 | Loss 1.0800 | LR 2.7743e-06
2026-03-11 19:56:43 INFO Epoch 1 | Step 14400/15377 | Loss 1.0791 | LR 2.7796e-06
2026-03-11 19:56:57 INFO Epoch 1 | Step 14420/15377 | Loss 1.0783 | LR 2.7849e-06
2026-03-11 19:57:11 INFO Epoch 1 | Step 14440/15377 | Loss 1.0775 | LR 2.7903e-06
2026-03-11 19:57:25 INFO Epoch 1 | Step 14460/15377 | Loss 1.0766 | LR 2.7956e-06
2026-03-11 19:57:40 INFO Epoch 1 | Step 14480/15377 | Loss 1.0758 | LR 2.8009e-06
2026-03-11 19:57:54 INFO Epoch 1 | Step 14500/15377 | Loss 1.0749 | LR 2.8062e-06
2026-03-11 19:58:08 INFO Epoch 1 | Step 14520/15377 | Loss 1.0741 | LR 2.8116e-06
2026-03-11 19:58:22 INFO Epoch 1 | Step 14540/15377 | Loss 1.0733 | LR 2.8169e-06
2026-03-11 19:58:37 INFO Epoch 1 | Step 14560/15377 | Loss 1.0725 | LR 2.8223e-06
2026-03-11 19:58:51 INFO Epoch 1 | Step 14580/15377 | Loss 1.0717 | LR 2.8276e-06
2026-03-11 19:59:05 INFO Epoch 1 | Step 14600/15377 | Loss 1.0708 | LR 2.8330e-06
2026-03-11 19:59:19 INFO Epoch 1 | Step 14620/15377 | Loss 1.0700 | LR 2.8383e-06
2026-03-11 19:59:34 INFO Epoch 1 | Step 14640/15377 | Loss 1.0692 | LR 2.8437e-06
2026-03-11 19:59:48 INFO Epoch 1 | Step 14660/15377 | Loss 1.0684 | LR 2.8491e-06
2026-03-11 20:00:02 INFO Epoch 1 | Step 14680/15377 | Loss 1.0676 | LR 2.8545e-06
2026-03-11 20:00:16 INFO Epoch 1 | Step 14700/15377 | Loss 1.0668 | LR 2.8599e-06
2026-03-11 20:00:30 INFO Epoch 1 | Step 14720/15377 | Loss 1.0660 | LR 2.8653e-06
2026-03-11 20:00:45 INFO Epoch 1 | Step 14740/15377 | Loss 1.0652 | LR 2.8707e-06
2026-03-11 20:00:59 INFO Epoch 1 | Step 14760/15377 | Loss 1.0644 | LR 2.8761e-06
2026-03-11 20:01:14 INFO Epoch 1 | Step 14780/15377 | Loss 1.0637 | LR 2.8815e-06
2026-03-11 20:01:28 INFO Epoch 1 | Step 14800/15377 | Loss 1.0629 | LR 2.8869e-06
2026-03-11 20:01:42 INFO Epoch 1 | Step 14820/15377 | Loss 1.0621 | LR 2.8924e-06
2026-03-11 20:01:57 INFO Epoch 1 | Step 14840/15377 | Loss 1.0613 | LR 2.8978e-06
2026-03-11 20:02:11 INFO Epoch 1 | Step 14860/15377 | Loss 1.0605 | LR 2.9032e-06
2026-03-11 20:02:25 INFO Epoch 1 | Step 14880/15377 | Loss 1.0597 | LR 2.9087e-06
2026-03-11 20:02:40 INFO Epoch 1 | Step 14900/15377 | Loss 1.0589 | LR 2.9141e-06
2026-03-11 20:02:54 INFO Epoch 1 | Step 14920/15377 | Loss 1.0581 | LR 2.9196e-06
2026-03-11 20:03:08 INFO Epoch 1 | Step 14940/15377 | Loss 1.0574 | LR 2.9251e-06
2026-03-11 20:03:22 INFO Epoch 1 | Step 14960/15377 | Loss 1.0566 | LR 2.9305e-06
2026-03-11 20:03:37 INFO Epoch 1 | Step 14980/15377 | Loss 1.0558 | LR 2.9360e-06
2026-03-11 20:03:51 INFO Epoch 1 | Step 15000/15377 | Loss 1.0550 | LR 2.9415e-06
2026-03-11 20:04:05 INFO Epoch 1 | Step 15020/15377 | Loss 1.0543 | LR 2.9470e-06
2026-03-11 20:04:19 INFO Epoch 1 | Step 15040/15377 | Loss 1.0534 | LR 2.9525e-06
2026-03-11 20:04:34 INFO Epoch 1 | Step 15060/15377 | Loss 1.0527 | LR 2.9580e-06
2026-03-11 20:04:48 INFO Epoch 1 | Step 15080/15377 | Loss 1.0519 | LR 2.9635e-06
2026-03-11 20:05:02 INFO Epoch 1 | Step 15100/15377 | Loss 1.0511 | LR 2.9690e-06
2026-03-11 20:05:16 INFO Epoch 1 | Step 15120/15377 | Loss 1.0504 | LR 2.9745e-06
2026-03-11 20:05:31 INFO Epoch 1 | Step 15140/15377 | Loss 1.0496 | LR 2.9801e-06
2026-03-11 20:05:45 INFO Epoch 1 | Step 15160/15377 | Loss 1.0489 | LR 2.9856e-06
2026-03-11 20:05:59 INFO Epoch 1 | Step 15180/15377 | Loss 1.0481 | LR 2.9911e-06
2026-03-11 20:06:13 INFO Epoch 1 | Step 15200/15377 | Loss 1.0474 | LR 2.9967e-06
2026-03-11 20:06:27 INFO Epoch 1 | Step 15220/15377 | Loss 1.0466 | LR 3.0022e-06
2026-03-11 20:06:42 INFO Epoch 1 | Step 15240/15377 | Loss 1.0458 | LR 3.0078e-06
2026-03-11 20:06:56 INFO Epoch 1 | Step 15260/15377 | Loss 1.0451 | LR 3.0134e-06
2026-03-11 20:07:10 INFO Epoch 1 | Step 15280/15377 | Loss 1.0443 | LR 3.0189e-06
2026-03-11 20:07:24 INFO Epoch 1 | Step 15300/15377 | Loss 1.0435 | LR 3.0245e-06
2026-03-11 20:07:39 INFO Epoch 1 | Step 15320/15377 | Loss 1.0427 | LR 3.0301e-06
2026-03-11 20:07:53 INFO Epoch 1 | Step 15340/15377 | Loss 1.0420 | LR 3.0357e-06
2026-03-11 20:08:07 INFO Epoch 1 | Step 15360/15377 | Loss 1.0412 | LR 3.0413e-06
2026-03-11 20:08:19 INFO Epoch 1 | Step 15377/15377 | Loss 1.0406 | LR 3.0460e-06
2026-03-11 20:54:39 INFO CSV Written | Epoch: 1
2026-03-11 20:54:39 INFO Best Saved | Epoch: 1 | Monitor: val_auprc | Value: 0.0874
2026-03-11 20:54:39 INFO Epoch Done | Epoch: 1 | Time: 14097.7471 | Train Loss: 1.0406 | Val Accuracy: 0.9766 | Val AUPRC: 0.0874 | Val Auroc: 0.8020 | Val F1: 0.0066 | Val Loss: 0.4662
2026-03-11 20:54:39 INFO Epoch Start | Epoch: 2
2026-03-11 20:55:06 INFO Epoch 2 | Step 1/15377 | Loss 0.4727 | LR 3.0463e-06
2026-03-11 20:55:21 INFO Epoch 2 | Step 20/15377 | Loss 0.5079 | LR 3.0516e-06
2026-03-11 20:55:36 INFO Epoch 2 | Step 40/15377 | Loss 0.4763 | LR 3.0573e-06
2026-03-11 20:55:50 INFO Epoch 2 | Step 60/15377 | Loss 0.4809 | LR 3.0629e-06
2026-03-11 20:56:05 INFO Epoch 2 | Step 80/15377 | Loss 0.4730 | LR 3.0685e-06
2026-03-11 20:56:20 INFO Epoch 2 | Step 100/15377 | Loss 0.4753 | LR 3.0741e-06
2026-03-11 20:56:35 INFO Epoch 2 | Step 120/15377 | Loss 0.4701 | LR 3.0798e-06
2026-03-11 20:56:50 INFO Epoch 2 | Step 140/15377 | Loss 0.4673 | LR 3.0854e-06
2026-03-11 20:57:05 INFO Epoch 2 | Step 160/15377 | Loss 0.4690 | LR 3.0911e-06
2026-03-11 20:57:19 INFO Epoch 2 | Step 180/15377 | Loss 0.4680 | LR 3.0967e-06
2026-03-11 20:57:34 INFO Epoch 2 | Step 200/15377 | Loss 0.4656 | LR 3.1024e-06
2026-03-11 20:57:49 INFO Epoch 2 | Step 220/15377 | Loss 0.4650 | LR 3.1080e-06
2026-03-11 20:58:04 INFO Epoch 2 | Step 240/15377 | Loss 0.4656 | LR 3.1137e-06
2026-03-11 20:58:19 INFO Epoch 2 | Step 260/15377 | Loss 0.4633 | LR 3.1194e-06
2026-03-11 20:58:34 INFO Epoch 2 | Step 280/15377 | Loss 0.4622 | LR 3.1251e-06
2026-03-11 20:58:49 INFO Epoch 2 | Step 300/15377 | Loss 0.4611 | LR 3.1308e-06
2026-03-11 20:59:04 INFO Epoch 2 | Step 320/15377 | Loss 0.4613 | LR 3.1365e-06
2026-03-11 20:59:19 INFO Epoch 2 | Step 340/15377 | Loss 0.4604 | LR 3.1422e-06
2026-03-11 20:59:34 INFO Epoch 2 | Step 360/15377 | Loss 0.4623 | LR 3.1479e-06
2026-03-11 20:59:48 INFO Epoch 2 | Step 380/15377 | Loss 0.4621 | LR 3.1536e-06
2026-03-11 21:00:03 INFO Epoch 2 | Step 400/15377 | Loss 0.4626 | LR 3.1593e-06
2026-03-11 21:00:18 INFO Epoch 2 | Step 420/15377 | Loss 0.4629 | LR 3.1650e-06
2026-03-11 21:00:33 INFO Epoch 2 | Step 440/15377 | Loss 0.4633 | LR 3.1708e-06
2026-03-11 21:00:48 INFO Epoch 2 | Step 460/15377 | Loss 0.4648 | LR 3.1765e-06
2026-03-11 21:01:03 INFO Epoch 2 | Step 480/15377 | Loss 0.4644 | LR 3.1823e-06
2026-03-11 21:01:18 INFO Epoch 2 | Step 500/15377 | Loss 0.4653 | LR 3.1880e-06
2026-03-11 21:01:33 INFO Epoch 2 | Step 520/15377 | Loss 0.4646 | LR 3.1938e-06
2026-03-11 21:01:48 INFO Epoch 2 | Step 540/15377 | Loss 0.4649 | LR 3.1995e-06
2026-03-11 21:02:02 INFO Epoch 2 | Step 560/15377 | Loss 0.4641 | LR 3.2053e-06
2026-03-11 21:02:17 INFO Epoch 2 | Step 580/15377 | Loss 0.4641 | LR 3.2111e-06
2026-03-11 21:02:32 INFO Epoch 2 | Step 600/15377 | Loss 0.4641 | LR 3.2168e-06
2026-03-11 21:02:47 INFO Epoch 2 | Step 620/15377 | Loss 0.4643 | LR 3.2226e-06
2026-03-11 21:03:02 INFO Epoch 2 | Step 640/15377 | Loss 0.4639 | LR 3.2284e-06
2026-03-11 21:03:17 INFO Epoch 2 | Step 660/15377 | Loss 0.4645 | LR 3.2342e-06
2026-03-11 21:03:32 INFO Epoch 2 | Step 680/15377 | Loss 0.4647 | LR 3.2400e-06
2026-03-11 21:03:46 INFO Epoch 2 | Step 700/15377 | Loss 0.4647 | LR 3.2458e-06
2026-03-11 21:04:01 INFO Epoch 2 | Step 720/15377 | Loss 0.4643 | LR 3.2516e-06
2026-03-11 21:04:16 INFO Epoch 2 | Step 740/15377 | Loss 0.4647 | LR 3.2575e-06
2026-03-11 21:04:31 INFO Epoch 2 | Step 760/15377 | Loss 0.4639 | LR 3.2633e-06
2026-03-11 21:04:46 INFO Epoch 2 | Step 780/15377 | Loss 0.4633 | LR 3.2691e-06
2026-03-11 21:05:01 INFO Epoch 2 | Step 800/15377 | Loss 0.4641 | LR 3.2750e-06
2026-03-11 21:05:16 INFO Epoch 2 | Step 820/15377 | Loss 0.4637 | LR 3.2808e-06
2026-03-11 21:05:31 INFO Epoch 2 | Step 840/15377 | Loss 0.4638 | LR 3.2867e-06
2026-03-11 21:05:46 INFO Epoch 2 | Step 860/15377 | Loss 0.4634 | LR 3.2925e-06
2026-03-11 21:06:00 INFO Epoch 2 | Step 880/15377 | Loss 0.4631 | LR 3.2984e-06
2026-03-11 21:06:15 INFO Epoch 2 | Step 900/15377 | Loss 0.4632 | LR 3.3043e-06
2026-03-11 21:06:30 INFO Epoch 2 | Step 920/15377 | Loss 0.4646 | LR 3.3101e-06
2026-03-11 21:06:45 INFO Epoch 2 | Step 940/15377 | Loss 0.4647 | LR 3.3160e-06
2026-03-11 21:07:00 INFO Epoch 2 | Step 960/15377 | Loss 0.4645 | LR 3.3219e-06
2026-03-11 21:07:15 INFO Epoch 2 | Step 980/15377 | Loss 0.4641 | LR 3.3278e-06
2026-03-11 21:07:30 INFO Epoch 2 | Step 1000/15377 | Loss 0.4644 | LR 3.3337e-06
2026-03-11 21:07:44 INFO Epoch 2 | Step 1020/15377 | Loss 0.4646 | LR 3.3396e-06
2026-03-11 21:07:59 INFO Epoch 2 | Step 1040/15377 | Loss 0.4643 | LR 3.3455e-06
2026-03-11 21:08:14 INFO Epoch 2 | Step 1060/15377 | Loss 0.4651 | LR 3.3514e-06
2026-03-11 21:08:29 INFO Epoch 2 | Step 1080/15377 | Loss 0.4648 | LR 3.3573e-06
2026-03-11 21:08:43 INFO Epoch 2 | Step 1100/15377 | Loss 0.4648 | LR 3.3633e-06
2026-03-11 21:08:58 INFO Epoch 2 | Step 1120/15377 | Loss 0.4645 | LR 3.3692e-06
2026-03-11 21:09:13 INFO Epoch 2 | Step 1140/15377 | Loss 0.4658 | LR 3.3751e-06
2026-03-11 21:09:28 INFO Epoch 2 | Step 1160/15377 | Loss 0.4657 | LR 3.3811e-06
2026-03-11 21:09:43 INFO Epoch 2 | Step 1180/15377 | Loss 0.4660 | LR 3.3870e-06
2026-03-11 21:09:58 INFO Epoch 2 | Step 1200/15377 | Loss 0.4663 | LR 3.3930e-06
2026-03-11 21:10:13 INFO Epoch 2 | Step 1220/15377 | Loss 0.4666 | LR 3.3989e-06
2026-03-11 21:10:28 INFO Epoch 2 | Step 1240/15377 | Loss 0.4665 | LR 3.4049e-06
2026-03-11 21:10:43 INFO Epoch 2 | Step 1260/15377 | Loss 0.4668 | LR 3.4109e-06
2026-03-11 21:10:58 INFO Epoch 2 | Step 1280/15377 | Loss 0.4668 | LR 3.4169e-06
2026-03-11 21:11:13 INFO Epoch 2 | Step 1300/15377 | Loss 0.4674 | LR 3.4228e-06
2026-03-11 21:11:28 INFO Epoch 2 | Step 1320/15377 | Loss 0.4678 | LR 3.4288e-06
2026-03-11 21:11:43 INFO Epoch 2 | Step 1340/15377 | Loss 0.4672 | LR 3.4348e-06
2026-03-11 21:11:58 INFO Epoch 2 | Step 1360/15377 | Loss 0.4671 | LR 3.4408e-06
2026-03-11 21:12:13 INFO Epoch 2 | Step 1380/15377 | Loss 0.4670 | LR 3.4468e-06
2026-03-11 21:12:28 INFO Epoch 2 | Step 1400/15377 | Loss 0.4666 | LR 3.4529e-06
2026-03-11 21:12:44 INFO Epoch 2 | Step 1420/15377 | Loss 0.4667 | LR 3.4589e-06
2026-03-11 21:12:58 INFO Epoch 2 | Step 1440/15377 | Loss 0.4665 | LR 3.4649e-06
2026-03-11 21:13:14 INFO Epoch 2 | Step 1460/15377 | Loss 0.4668 | LR 3.4709e-06
2026-03-11 21:13:29 INFO Epoch 2 | Step 1480/15377 | Loss 0.4665 | LR 3.4770e-06
2026-03-11 21:13:44 INFO Epoch 2 | Step 1500/15377 | Loss 0.4665 | LR 3.4830e-06
2026-03-11 21:13:59 INFO Epoch 2 | Step 1520/15377 | Loss 0.4660 | LR 3.4891e-06
2026-03-11 21:14:14 INFO Epoch 2 | Step 1540/15377 | Loss 0.4661 | LR 3.4951e-06
2026-03-11 21:14:29 INFO Epoch 2 | Step 1560/15377 | Loss 0.4660 | LR 3.5012e-06
2026-03-11 21:14:44 INFO Epoch 2 | Step 1580/15377 | Loss 0.4656 | LR 3.5072e-06
2026-03-11 21:14:59 INFO Epoch 2 | Step 1600/15377 | Loss 0.4656 | LR 3.5133e-06
2026-03-11 21:15:14 INFO Epoch 2 | Step 1620/15377 | Loss 0.4657 | LR 3.5194e-06
2026-03-11 21:15:29 INFO Epoch 2 | Step 1640/15377 | Loss 0.4657 | LR 3.5255e-06
2026-03-11 21:15:44 INFO Epoch 2 | Step 1660/15377 | Loss 0.4660 | LR 3.5315e-06
2026-03-11 21:16:00 INFO Epoch 2 | Step 1680/15377 | Loss 0.4661 | LR 3.5376e-06
2026-03-11 21:16:15 INFO Epoch 2 | Step 1700/15377 | Loss 0.4662 | LR 3.5437e-06
2026-03-11 21:16:30 INFO Epoch 2 | Step 1720/15377 | Loss 0.4667 | LR 3.5498e-06
2026-03-11 21:16:45 INFO Epoch 2 | Step 1740/15377 | Loss 0.4669 | LR 3.5560e-06
2026-03-11 21:17:00 INFO Epoch 2 | Step 1760/15377 | Loss 0.4670 | LR 3.5621e-06
2026-03-11 21:17:15 INFO Epoch 2 | Step 1780/15377 | Loss 0.4668 | LR 3.5682e-06
2026-03-11 21:17:30 INFO Epoch 2 | Step 1800/15377 | Loss 0.4666 | LR 3.5743e-06
2026-03-11 21:17:45 INFO Epoch 2 | Step 1820/15377 | Loss 0.4664 | LR 3.5805e-06
2026-03-11 21:18:00 INFO Epoch 2 | Step 1840/15377 | Loss 0.4663 | LR 3.5866e-06
2026-03-11 21:18:15 INFO Epoch 2 | Step 1860/15377 | Loss 0.4662 | LR 3.5927e-06
2026-03-11 21:18:30 INFO Epoch 2 | Step 1880/15377 | Loss 0.4664 | LR 3.5989e-06
2026-03-11 21:18:45 INFO Epoch 2 | Step 1900/15377 | Loss 0.4665 | LR 3.6050e-06
2026-03-11 21:19:01 INFO Epoch 2 | Step 1920/15377 | Loss 0.4667 | LR 3.6112e-06
2026-03-11 21:19:16 INFO Epoch 2 | Step 1940/15377 | Loss 0.4669 | LR 3.6174e-06
2026-03-11 21:19:31 INFO Epoch 2 | Step 1960/15377 | Loss 0.4666 | LR 3.6235e-06
2026-03-11 21:19:46 INFO Epoch 2 | Step 1980/15377 | Loss 0.4666 | LR 3.6297e-06
2026-03-11 21:20:01 INFO Epoch 2 | Step 2000/15377 | Loss 0.4668 | LR 3.6359e-06
2026-03-11 21:20:16 INFO Epoch 2 | Step 2020/15377 | Loss 0.4663 | LR 3.6421e-06
2026-03-11 21:20:31 INFO Epoch 2 | Step 2040/15377 | Loss 0.4662 | LR 3.6483e-06
2026-03-11 21:20:47 INFO Epoch 2 | Step 2060/15377 | Loss 0.4660 | LR 3.6545e-06
2026-03-11 21:21:02 INFO Epoch 2 | Step 2080/15377 | Loss 0.4661 | LR 3.6607e-06
2026-03-11 21:21:17 INFO Epoch 2 | Step 2100/15377 | Loss 0.4662 | LR 3.6669e-06
2026-03-11 21:21:32 INFO Epoch 2 | Step 2120/15377 | Loss 0.4663 | LR 3.6731e-06
2026-03-11 21:21:47 INFO Epoch 2 | Step 2140/15377 | Loss 0.4662 | LR 3.6793e-06
2026-03-11 21:22:02 INFO Epoch 2 | Step 2160/15377 | Loss 0.4663 | LR 3.6856e-06
2026-03-11 21:22:17 INFO Epoch 2 | Step 2180/15377 | Loss 0.4659 | LR 3.6918e-06
2026-03-11 21:22:32 INFO Epoch 2 | Step 2200/15377 | Loss 0.4660 | LR 3.6980e-06
2026-03-11 21:22:48 INFO Epoch 2 | Step 2220/15377 | Loss 0.4659 | LR 3.7043e-06
2026-03-11 21:23:03 INFO Epoch 2 | Step 2240/15377 | Loss 0.4657 | LR 3.7105e-06
2026-03-11 21:23:18 INFO Epoch 2 | Step 2260/15377 | Loss 0.4657 | LR 3.7168e-06
2026-03-11 21:23:33 INFO Epoch 2 | Step 2280/15377 | Loss 0.4654 | LR 3.7230e-06
2026-03-11 21:23:48 INFO Epoch 2 | Step 2300/15377 | Loss 0.4654 | LR 3.7293e-06
2026-03-11 21:24:03 INFO Epoch 2 | Step 2320/15377 | Loss 0.4654 | LR 3.7356e-06
2026-03-11 21:24:18 INFO Epoch 2 | Step 2340/15377 | Loss 0.4653 | LR 3.7419e-06
2026-03-11 21:24:34 INFO Epoch 2 | Step 2360/15377 | Loss 0.4651 | LR 3.7481e-06
2026-03-11 21:24:49 INFO Epoch 2 | Step 2380/15377 | Loss 0.4650 | LR 3.7544e-06
2026-03-11 21:25:04 INFO Epoch 2 | Step 2400/15377 | Loss 0.4653 | LR 3.7607e-06
2026-03-11 21:25:19 INFO Epoch 2 | Step 2420/15377 | Loss 0.4653 | LR 3.7670e-06
2026-03-11 21:25:34 INFO Epoch 2 | Step 2440/15377 | Loss 0.4652 | LR 3.7733e-06
2026-03-11 21:25:49 INFO Epoch 2 | Step 2460/15377 | Loss 0.4651 | LR 3.7796e-06
2026-03-11 21:26:05 INFO Epoch 2 | Step 2480/15377 | Loss 0.4650 | LR 3.7859e-06
2026-03-11 21:26:20 INFO Epoch 2 | Step 2500/15377 | Loss 0.4648 | LR 3.7923e-06
2026-03-11 21:26:35 INFO Epoch 2 | Step 2520/15377 | Loss 0.4648 | LR 3.7986e-06
2026-03-11 21:26:50 INFO Epoch 2 | Step 2540/15377 | Loss 0.4648 | LR 3.8049e-06
2026-03-11 21:27:05 INFO Epoch 2 | Step 2560/15377 | Loss 0.4648 | LR 3.8113e-06
2026-03-11 21:27:20 INFO Epoch 2 | Step 2580/15377 | Loss 0.4648 | LR 3.8176e-06
2026-03-11 21:27:35 INFO Epoch 2 | Step 2600/15377 | Loss 0.4646 | LR 3.8240e-06
2026-03-11 21:27:50 INFO Epoch 2 | Step 2620/15377 | Loss 0.4646 | LR 3.8303e-06
2026-03-11 21:28:06 INFO Epoch 2 | Step 2640/15377 | Loss 0.4645 | LR 3.8367e-06
2026-03-11 21:28:21 INFO Epoch 2 | Step 2660/15377 | Loss 0.4643 | LR 3.8430e-06
2026-03-11 21:28:36 INFO Epoch 2 | Step 2680/15377 | Loss 0.4643 | LR 3.8494e-06
2026-03-11 21:28:51 INFO Epoch 2 | Step 2700/15377 | Loss 0.4643 | LR 3.8558e-06
2026-03-11 21:29:06 INFO Epoch 2 | Step 2720/15377 | Loss 0.4645 | LR 3.8622e-06
2026-03-11 21:29:21 INFO Epoch 2 | Step 2740/15377 | Loss 0.4646 | LR 3.8685e-06
2026-03-11 21:29:36 INFO Epoch 2 | Step 2760/15377 | Loss 0.4643 | LR 3.8749e-06
2026-03-11 21:29:51 INFO Epoch 2 | Step 2780/15377 | Loss 0.4643 | LR 3.8813e-06
2026-03-11 21:30:06 INFO Epoch 2 | Step 2800/15377 | Loss 0.4642 | LR 3.8877e-06
2026-03-11 21:30:20 INFO Epoch 2 | Step 2820/15377 | Loss 0.4641 | LR 3.8941e-06
2026-03-11 21:30:34 INFO Epoch 2 | Step 2840/15377 | Loss 0.4643 | LR 3.9006e-06
2026-03-11 21:30:49 INFO Epoch 2 | Step 2860/15377 | Loss 0.4641 | LR 3.9070e-06
2026-03-11 21:31:04 INFO Epoch 2 | Step 2880/15377 | Loss 0.4643 | LR 3.9134e-06
2026-03-11 21:31:18 INFO Epoch 2 | Step 2900/15377 | Loss 0.4642 | LR 3.9198e-06
2026-03-11 21:31:33 INFO Epoch 2 | Step 2920/15377 | Loss 0.4640 | LR 3.9263e-06
2026-03-11 21:31:47 INFO Epoch 2 | Step 2940/15377 | Loss 0.4643 | LR 3.9327e-06
2026-03-11 21:32:02 INFO Epoch 2 | Step 2960/15377 | Loss 0.4643 | LR 3.9391e-06
2026-03-11 21:32:17 INFO Epoch 2 | Step 2980/15377 | Loss 0.4643 | LR 3.9456e-06
2026-03-11 21:32:32 INFO Epoch 2 | Step 3000/15377 | Loss 0.4646 | LR 3.9520e-06
2026-03-11 21:32:46 INFO Epoch 2 | Step 3020/15377 | Loss 0.4643 | LR 3.9585e-06
2026-03-11 21:33:01 INFO Epoch 2 | Step 3040/15377 | Loss 0.4646 | LR 3.9650e-06
2026-03-11 21:33:16 INFO Epoch 2 | Step 3060/15377 | Loss 0.4647 | LR 3.9714e-06
2026-03-11 21:33:30 INFO Epoch 2 | Step 3080/15377 | Loss 0.4647 | LR 3.9779e-06
2026-03-11 21:33:45 INFO Epoch 2 | Step 3100/15377 | Loss 0.4646 | LR 3.9844e-06
2026-03-11 21:33:59 INFO Epoch 2 | Step 3120/15377 | Loss 0.4647 | LR 3.9909e-06
2026-03-11 21:34:14 INFO Epoch 2 | Step 3140/15377 | Loss 0.4645 | LR 3.9974e-06
2026-03-11 21:34:28 INFO Epoch 2 | Step 3160/15377 | Loss 0.4646 | LR 4.0039e-06
2026-03-11 21:34:43 INFO Epoch 2 | Step 3180/15377 | Loss 0.4645 | LR 4.0104e-06
2026-03-11 21:34:58 INFO Epoch 2 | Step 3200/15377 | Loss 0.4646 | LR 4.0169e-06
2026-03-11 21:35:12 INFO Epoch 2 | Step 3220/15377 | Loss 0.4647 | LR 4.0234e-06
2026-03-11 21:35:27 INFO Epoch 2 | Step 3240/15377 | Loss 0.4647 | LR 4.0299e-06
2026-03-11 21:35:42 INFO Epoch 2 | Step 3260/15377 | Loss 0.4645 | LR 4.0365e-06
2026-03-11 21:35:57 INFO Epoch 2 | Step 3280/15377 | Loss 0.4647 | LR 4.0430e-06
2026-03-11 21:36:12 INFO Epoch 2 | Step 3300/15377 | Loss 0.4646 | LR 4.0495e-06
2026-03-11 21:36:26 INFO Epoch 2 | Step 3320/15377 | Loss 0.4646 | LR 4.0561e-06
2026-03-11 21:36:41 INFO Epoch 2 | Step 3340/15377 | Loss 0.4647 | LR 4.0626e-06
2026-03-11 21:36:56 INFO Epoch 2 | Step 3360/15377 | Loss 0.4647 | LR 4.0692e-06
2026-03-11 21:37:10 INFO Epoch 2 | Step 3380/15377 | Loss 0.4646 | LR 4.0757e-06
2026-03-11 21:37:25 INFO Epoch 2 | Step 3400/15377 | Loss 0.4646 | LR 4.0823e-06
2026-03-11 21:37:39 INFO Epoch 2 | Step 3420/15377 | Loss 0.4646 | LR 4.0888e-06
2026-03-11 21:37:54 INFO Epoch 2 | Step 3440/15377 | Loss 0.4649 | LR 4.0954e-06
2026-03-11 21:38:09 INFO Epoch 2 | Step 3460/15377 | Loss 0.4650 | LR 4.1020e-06
2026-03-11 21:38:24 INFO Epoch 2 | Step 3480/15377 | Loss 0.4649 | LR 4.1086e-06
2026-03-11 21:38:38 INFO Epoch 2 | Step 3500/15377 | Loss 0.4648 | LR 4.1151e-06
2026-03-11 21:38:53 INFO Epoch 2 | Step 3520/15377 | Loss 0.4650 | LR 4.1217e-06
2026-03-11 21:39:08 INFO Epoch 2 | Step 3540/15377 | Loss 0.4649 | LR 4.1283e-06
2026-03-11 21:39:22 INFO Epoch 2 | Step 3560/15377 | Loss 0.4649 | LR 4.1349e-06
2026-03-11 21:39:37 INFO Epoch 2 | Step 3580/15377 | Loss 0.4649 | LR 4.1415e-06
2026-03-11 21:39:52 INFO Epoch 2 | Step 3600/15377 | Loss 0.4649 | LR 4.1482e-06
2026-03-11 21:40:07 INFO Epoch 2 | Step 3620/15377 | Loss 0.4650 | LR 4.1548e-06
2026-03-11 21:40:21 INFO Epoch 2 | Step 3640/15377 | Loss 0.4649 | LR 4.1614e-06
2026-03-11 21:40:36 INFO Epoch 2 | Step 3660/15377 | Loss 0.4649 | LR 4.1680e-06
2026-03-11 21:40:51 INFO Epoch 2 | Step 3680/15377 | Loss 0.4648 | LR 4.1747e-06
2026-03-11 21:41:06 INFO Epoch 2 | Step 3700/15377 | Loss 0.4647 | LR 4.1813e-06
2026-03-11 21:41:20 INFO Epoch 2 | Step 3720/15377 | Loss 0.4645 | LR 4.1879e-06
2026-03-11 21:41:35 INFO Epoch 2 | Step 3740/15377 | Loss 0.4644 | LR 4.1946e-06
2026-03-11 21:41:49 INFO Epoch 2 | Step 3760/15377 | Loss 0.4644 | LR 4.2012e-06
2026-03-11 21:42:04 INFO Epoch 2 | Step 3780/15377 | Loss 0.4646 | LR 4.2079e-06
2026-03-11 21:42:18 INFO Epoch 2 | Step 3800/15377 | Loss 0.4647 | LR 4.2146e-06
2026-03-11 21:42:33 INFO Epoch 2 | Step 3820/15377 | Loss 0.4647 | LR 4.2212e-06
2026-03-11 21:42:47 INFO Epoch 2 | Step 3840/15377 | Loss 0.4649 | LR 4.2279e-06
2026-03-11 21:43:02 INFO Epoch 2 | Step 3860/15377 | Loss 0.4648 | LR 4.2346e-06
2026-03-11 21:43:16 INFO Epoch 2 | Step 3880/15377 | Loss 0.4647 | LR 4.2413e-06
2026-03-11 21:43:31 INFO Epoch 2 | Step 3900/15377 | Loss 0.4647 | LR 4.2480e-06
2026-03-11 21:43:45 INFO Epoch 2 | Step 3920/15377 | Loss 0.4648 | LR 4.2547e-06
2026-03-11 21:44:00 INFO Epoch 2 | Step 3940/15377 | Loss 0.4650 | LR 4.2614e-06
2026-03-11 21:44:14 INFO Epoch 2 | Step 3960/15377 | Loss 0.4651 | LR 4.2681e-06
2026-03-11 21:44:28 INFO Epoch 2 | Step 3980/15377 | Loss 0.4650 | LR 4.2748e-06
2026-03-11 21:44:43 INFO Epoch 2 | Step 4000/15377 | Loss 0.4648 | LR 4.2815e-06
2026-03-11 21:44:57 INFO Epoch 2 | Step 4020/15377 | Loss 0.4648 | LR 4.2882e-06
2026-03-11 21:45:12 INFO Epoch 2 | Step 4040/15377 | Loss 0.4646 | LR 4.2949e-06
2026-03-11 21:45:26 INFO Epoch 2 | Step 4060/15377 | Loss 0.4647 | LR 4.3017e-06
2026-03-11 21:45:41 INFO Epoch 2 | Step 4080/15377 | Loss 0.4645 | LR 4.3084e-06
2026-03-11 21:45:56 INFO Epoch 2 | Step 4100/15377 | Loss 0.4645 | LR 4.3151e-06
2026-03-11 21:46:10 INFO Epoch 2 | Step 4120/15377 | Loss 0.4644 | LR 4.3219e-06
2026-03-11 21:46:24 INFO Epoch 2 | Step 4140/15377 | Loss 0.4644 | LR 4.3286e-06
2026-03-11 21:46:39 INFO Epoch 2 | Step 4160/15377 | Loss 0.4646 | LR 4.3354e-06
2026-03-11 21:46:53 INFO Epoch 2 | Step 4180/15377 | Loss 0.4646 | LR 4.3421e-06
2026-03-11 21:47:08 INFO Epoch 2 | Step 4200/15377 | Loss 0.4648 | LR 4.3489e-06
2026-03-11 21:47:22 INFO Epoch 2 | Step 4220/15377 | Loss 0.4647 | LR 4.3557e-06
2026-03-11 21:47:37 INFO Epoch 2 | Step 4240/15377 | Loss 0.4649 | LR 4.3625e-06
2026-03-11 21:47:51 INFO Epoch 2 | Step 4260/15377 | Loss 0.4649 | LR 4.3692e-06
2026-03-11 21:48:06 INFO Epoch 2 | Step 4280/15377 | Loss 0.4649 | LR 4.3760e-06
2026-03-11 21:48:20 INFO Epoch 2 | Step 4300/15377 | Loss 0.4650 | LR 4.3828e-06
2026-03-11 21:48:35 INFO Epoch 2 | Step 4320/15377 | Loss 0.4651 | LR 4.3896e-06
2026-03-11 21:48:49 INFO Epoch 2 | Step 4340/15377 | Loss 0.4653 | LR 4.3964e-06
2026-03-11 21:49:04 INFO Epoch 2 | Step 4360/15377 | Loss 0.4655 | LR 4.4032e-06
2026-03-11 21:49:18 INFO Epoch 2 | Step 4380/15377 | Loss 0.4656 | LR 4.4100e-06
2026-03-11 21:49:33 INFO Epoch 2 | Step 4400/15377 | Loss 0.4655 | LR 4.4168e-06
2026-03-11 21:49:48 INFO Epoch 2 | Step 4420/15377 | Loss 0.4656 | LR 4.4237e-06
2026-03-11 21:50:02 INFO Epoch 2 | Step 4440/15377 | Loss 0.4656 | LR 4.4305e-06
2026-03-11 21:50:17 INFO Epoch 2 | Step 4460/15377 | Loss 0.4656 | LR 4.4373e-06
2026-03-11 21:50:32 INFO Epoch 2 | Step 4480/15377 | Loss 0.4655 | LR 4.4441e-06
2026-03-11 21:50:46 INFO Epoch 2 | Step 4500/15377 | Loss 0.4656 | LR 4.4510e-06
2026-03-11 21:51:01 INFO Epoch 2 | Step 4520/15377 | Loss 0.4654 | LR 4.4578e-06
2026-03-11 21:51:15 INFO Epoch 2 | Step 4540/15377 | Loss 0.4656 | LR 4.4647e-06
2026-03-11 21:51:30 INFO Epoch 2 | Step 4560/15377 | Loss 0.4659 | LR 4.4715e-06
2026-03-11 21:51:45 INFO Epoch 2 | Step 4580/15377 | Loss 0.4658 | LR 4.4784e-06
2026-03-11 21:51:59 INFO Epoch 2 | Step 4600/15377 | Loss 0.4659 | LR 4.4853e-06
2026-03-11 21:52:14 INFO Epoch 2 | Step 4620/15377 | Loss 0.4659 | LR 4.4921e-06
2026-03-11 21:52:28 INFO Epoch 2 | Step 4640/15377 | Loss 0.4658 | LR 4.4990e-06
2026-03-11 21:52:43 INFO Epoch 2 | Step 4660/15377 | Loss 0.4658 | LR 4.5059e-06
2026-03-11 21:52:57 INFO Epoch 2 | Step 4680/15377 | Loss 0.4659 | LR 4.5128e-06
2026-03-11 21:53:12 INFO Epoch 2 | Step 4700/15377 | Loss 0.4659 | LR 4.5196e-06
2026-03-11 21:53:26 INFO Epoch 2 | Step 4720/15377 | Loss 0.4659 | LR 4.5265e-06
2026-03-11 21:53:41 INFO Epoch 2 | Step 4740/15377 | Loss 0.4658 | LR 4.5334e-06
2026-03-11 21:53:55 INFO Epoch 2 | Step 4760/15377 | Loss 0.4658 | LR 4.5403e-06
2026-03-11 21:54:10 INFO Epoch 2 | Step 4780/15377 | Loss 0.4658 | LR 4.5472e-06
2026-03-11 21:54:24 INFO Epoch 2 | Step 4800/15377 | Loss 0.4658 | LR 4.5542e-06
2026-03-11 21:54:38 INFO Epoch 2 | Step 4820/15377 | Loss 0.4658 | LR 4.5611e-06
2026-03-11 21:54:54 INFO Epoch 2 | Step 4840/15377 | Loss 0.4661 | LR 4.5680e-06
2026-03-11 21:55:09 INFO Epoch 2 | Step 4860/15377 | Loss 0.4660 | LR 4.5749e-06
2026-03-11 21:55:24 INFO Epoch 2 | Step 4880/15377 | Loss 0.4660 | LR 4.5819e-06
2026-03-11 21:55:40 INFO Epoch 2 | Step 4900/15377 | Loss 0.4660 | LR 4.5888e-06
2026-03-11 21:55:55 INFO Epoch 2 | Step 4920/15377 | Loss 0.4662 | LR 4.5957e-06
2026-03-11 21:56:10 INFO Epoch 2 | Step 4940/15377 | Loss 0.4663 | LR 4.6027e-06
2026-03-11 21:56:26 INFO Epoch 2 | Step 4960/15377 | Loss 0.4662 | LR 4.6096e-06
2026-03-11 21:56:41 INFO Epoch 2 | Step 4980/15377 | Loss 0.4661 | LR 4.6166e-06
2026-03-11 21:56:56 INFO Epoch 2 | Step 5000/15377 | Loss 0.4659 | LR 4.6235e-06
2026-03-11 21:57:12 INFO Epoch 2 | Step 5020/15377 | Loss 0.4658 | LR 4.6305e-06
2026-03-11 21:57:27 INFO Epoch 2 | Step 5040/15377 | Loss 0.4658 | LR 4.6375e-06
2026-03-11 21:57:42 INFO Epoch 2 | Step 5060/15377 | Loss 0.4659 | LR 4.6444e-06
2026-03-11 21:57:58 INFO Epoch 2 | Step 5080/15377 | Loss 0.4659 | LR 4.6514e-06
2026-03-11 21:58:13 INFO Epoch 2 | Step 5100/15377 | Loss 0.4660 | LR 4.6584e-06
2026-03-11 21:58:28 INFO Epoch 2 | Step 5120/15377 | Loss 0.4662 | LR 4.6654e-06
2026-03-11 21:58:44 INFO Epoch 2 | Step 5140/15377 | Loss 0.4661 | LR 4.6724e-06
2026-03-11 21:58:59 INFO Epoch 2 | Step 5160/15377 | Loss 0.4659 | LR 4.6794e-06
2026-03-11 21:59:14 INFO Epoch 2 | Step 5180/15377 | Loss 0.4660 | LR 4.6864e-06
2026-03-11 21:59:30 INFO Epoch 2 | Step 5200/15377 | Loss 0.4659 | LR 4.6934e-06
2026-03-11 21:59:45 INFO Epoch 2 | Step 5220/15377 | Loss 0.4659 | LR 4.7004e-06
2026-03-11 22:00:00 INFO Epoch 2 | Step 5240/15377 | Loss 0.4659 | LR 4.7074e-06
2026-03-11 22:00:16 INFO Epoch 2 | Step 5260/15377 | Loss 0.4660 | LR 4.7145e-06
2026-03-11 22:00:31 INFO Epoch 2 | Step 5280/15377 | Loss 0.4659 | LR 4.7215e-06
2026-03-11 22:00:46 INFO Epoch 2 | Step 5300/15377 | Loss 0.4659 | LR 4.7285e-06
2026-03-11 22:01:02 INFO Epoch 2 | Step 5320/15377 | Loss 0.4658 | LR 4.7355e-06
2026-03-11 22:01:17 INFO Epoch 2 | Step 5340/15377 | Loss 0.4658 | LR 4.7426e-06
2026-03-11 22:01:32 INFO Epoch 2 | Step 5360/15377 | Loss 0.4658 | LR 4.7496e-06
2026-03-11 22:01:48 INFO Epoch 2 | Step 5380/15377 | Loss 0.4657 | LR 4.7567e-06
2026-03-11 22:02:03 INFO Epoch 2 | Step 5400/15377 | Loss 0.4657 | LR 4.7637e-06
2026-03-11 22:02:18 INFO Epoch 2 | Step 5420/15377 | Loss 0.4658 | LR 4.7708e-06
2026-03-11 22:02:34 INFO Epoch 2 | Step 5440/15377 | Loss 0.4656 | LR 4.7779e-06
2026-03-11 22:02:49 INFO Epoch 2 | Step 5460/15377 | Loss 0.4655 | LR 4.7849e-06
2026-03-11 22:03:05 INFO Epoch 2 | Step 5480/15377 | Loss 0.4654 | LR 4.7920e-06
2026-03-11 22:03:20 INFO Epoch 2 | Step 5500/15377 | Loss 0.4654 | LR 4.7991e-06
2026-03-11 22:03:35 INFO Epoch 2 | Step 5520/15377 | Loss 0.4654 | LR 4.8062e-06
2026-03-11 22:03:51 INFO Epoch 2 | Step 5540/15377 | Loss 0.4655 | LR 4.8132e-06
2026-03-11 22:04:06 INFO Epoch 2 | Step 5560/15377 | Loss 0.4654 | LR 4.8203e-06
2026-03-11 22:04:22 INFO Epoch 2 | Step 5580/15377 | Loss 0.4655 | LR 4.8274e-06
2026-03-11 22:04:37 INFO Epoch 2 | Step 5600/15377 | Loss 0.4655 | LR 4.8345e-06
2026-03-11 22:04:53 INFO Epoch 2 | Step 5620/15377 | Loss 0.4656 | LR 4.8416e-06
2026-03-11 22:05:09 INFO Epoch 2 | Step 5640/15377 | Loss 0.4656 | LR 4.8487e-06
2026-03-11 22:05:25 INFO Epoch 2 | Step 5660/15377 | Loss 0.4657 | LR 4.8559e-06
2026-03-11 22:05:41 INFO Epoch 2 | Step 5680/15377 | Loss 0.4656 | LR 4.8630e-06
2026-03-11 22:05:56 INFO Epoch 2 | Step 5700/15377 | Loss 0.4656 | LR 4.8701e-06
2026-03-11 22:06:12 INFO Epoch 2 | Step 5720/15377 | Loss 0.4656 | LR 4.8772e-06
2026-03-11 22:06:28 INFO Epoch 2 | Step 5740/15377 | Loss 0.4655 | LR 4.8844e-06
2026-03-11 22:06:44 INFO Epoch 2 | Step 5760/15377 | Loss 0.4655 | LR 4.8915e-06
2026-03-11 22:07:00 INFO Epoch 2 | Step 5780/15377 | Loss 0.4655 | LR 4.8986e-06
2026-03-11 22:07:16 INFO Epoch 2 | Step 5800/15377 | Loss 0.4654 | LR 4.9058e-06
2026-03-11 22:07:31 INFO Epoch 2 | Step 5820/15377 | Loss 0.4655 | LR 4.9129e-06
2026-03-11 22:07:47 INFO Epoch 2 | Step 5840/15377 | Loss 0.4655 | LR 4.9201e-06
2026-03-11 22:08:03 INFO Epoch 2 | Step 5860/15377 | Loss 0.4654 | LR 4.9273e-06
2026-03-11 22:08:19 INFO Epoch 2 | Step 5880/15377 | Loss 0.4654 | LR 4.9344e-06
2026-03-11 22:08:35 INFO Epoch 2 | Step 5900/15377 | Loss 0.4655 | LR 4.9416e-06
2026-03-11 22:08:51 INFO Epoch 2 | Step 5920/15377 | Loss 0.4653 | LR 4.9488e-06
2026-03-11 22:09:07 INFO Epoch 2 | Step 5940/15377 | Loss 0.4653 | LR 4.9559e-06
2026-03-11 22:09:23 INFO Epoch 2 | Step 5960/15377 | Loss 0.4654 | LR 4.9631e-06
2026-03-11 22:09:39 INFO Epoch 2 | Step 5980/15377 | Loss 0.4654 | LR 4.9703e-06
2026-03-11 22:09:55 INFO Epoch 2 | Step 6000/15377 | Loss 0.4655 | LR 4.9775e-06
2026-03-11 22:10:11 INFO Epoch 2 | Step 6020/15377 | Loss 0.4655 | LR 4.9847e-06
2026-03-11 22:10:27 INFO Epoch 2 | Step 6040/15377 | Loss 0.4656 | LR 4.9919e-06
2026-03-11 22:10:43 INFO Epoch 2 | Step 6060/15377 | Loss 0.4655 | LR 4.9991e-06
2026-03-11 22:10:59 INFO Epoch 2 | Step 6080/15377 | Loss 0.4655 | LR 5.0063e-06
2026-03-11 22:11:14 INFO Epoch 2 | Step 6100/15377 | Loss 0.4655 | LR 5.0135e-06
2026-03-11 22:11:30 INFO Epoch 2 | Step 6120/15377 | Loss 0.4654 | LR 5.0207e-06
2026-03-11 22:11:46 INFO Epoch 2 | Step 6140/15377 | Loss 0.4655 | LR 5.0280e-06
2026-03-11 22:12:01 INFO Epoch 2 | Step 6160/15377 | Loss 0.4655 | LR 5.0352e-06
2026-03-11 22:12:17 INFO Epoch 2 | Step 6180/15377 | Loss 0.4656 | LR 5.0424e-06
2026-03-11 22:12:33 INFO Epoch 2 | Step 6200/15377 | Loss 0.4656 | LR 5.0497e-06
2026-03-11 22:12:48 INFO Epoch 2 | Step 6220/15377 | Loss 0.4655 | LR 5.0569e-06
2026-03-11 22:13:04 INFO Epoch 2 | Step 6240/15377 | Loss 0.4654 | LR 5.0641e-06
2026-03-11 22:13:20 INFO Epoch 2 | Step 6260/15377 | Loss 0.4654 | LR 5.0714e-06
2026-03-11 22:13:36 INFO Epoch 2 | Step 6280/15377 | Loss 0.4653 | LR 5.0786e-06
2026-03-11 22:13:52 INFO Epoch 2 | Step 6300/15377 | Loss 0.4653 | LR 5.0859e-06
2026-03-11 22:14:08 INFO Epoch 2 | Step 6320/15377 | Loss 0.4653 | LR 5.0932e-06
2026-03-11 22:14:23 INFO Epoch 2 | Step 6340/15377 | Loss 0.4653 | LR 5.1004e-06
2026-03-11 22:14:39 INFO Epoch 2 | Step 6360/15377 | Loss 0.4653 | LR 5.1077e-06
2026-03-11 22:14:55 INFO Epoch 2 | Step 6380/15377 | Loss 0.4654 | LR 5.1150e-06
2026-03-11 22:15:11 INFO Epoch 2 | Step 6400/15377 | Loss 0.4654 | LR 5.1222e-06
2026-03-11 22:15:27 INFO Epoch 2 | Step 6420/15377 | Loss 0.4654 | LR 5.1295e-06
2026-03-11 22:15:43 INFO Epoch 2 | Step 6440/15377 | Loss 0.4653 | LR 5.1368e-06
2026-03-11 22:15:59 INFO Epoch 2 | Step 6460/15377 | Loss 0.4653 | LR 5.1441e-06
2026-03-11 22:16:15 INFO Epoch 2 | Step 6480/15377 | Loss 0.4653 | LR 5.1514e-06
2026-03-11 22:16:30 INFO Epoch 2 | Step 6500/15377 | Loss 0.4652 | LR 5.1587e-06
2026-03-11 22:16:46 INFO Epoch 2 | Step 6520/15377 | Loss 0.4652 | LR 5.1660e-06
2026-03-11 22:17:02 INFO Epoch 2 | Step 6540/15377 | Loss 0.4653 | LR 5.1733e-06
2026-03-11 22:17:18 INFO Epoch 2 | Step 6560/15377 | Loss 0.4653 | LR 5.1806e-06
2026-03-11 22:17:33 INFO Epoch 2 | Step 6580/15377 | Loss 0.4653 | LR 5.1880e-06
2026-03-11 22:17:49 INFO Epoch 2 | Step 6600/15377 | Loss 0.4652 | LR 5.1953e-06
2026-03-11 22:18:05 INFO Epoch 2 | Step 6620/15377 | Loss 0.4653 | LR 5.2026e-06
2026-03-11 22:18:21 INFO Epoch 2 | Step 6640/15377 | Loss 0.4655 | LR 5.2099e-06
2026-03-11 22:18:36 INFO Epoch 2 | Step 6660/15377 | Loss 0.4655 | LR 5.2173e-06
2026-03-11 22:18:52 INFO Epoch 2 | Step 6680/15377 | Loss 0.4655 | LR 5.2246e-06
2026-03-11 22:19:08 INFO Epoch 2 | Step 6700/15377 | Loss 0.4655 | LR 5.2320e-06
2026-03-11 22:19:24 INFO Epoch 2 | Step 6720/15377 | Loss 0.4655 | LR 5.2393e-06
2026-03-11 22:19:40 INFO Epoch 2 | Step 6740/15377 | Loss 0.4654 | LR 5.2467e-06
2026-03-11 22:19:56 INFO Epoch 2 | Step 6760/15377 | Loss 0.4654 | LR 5.2540e-06
2026-03-11 22:20:11 INFO Epoch 2 | Step 6780/15377 | Loss 0.4653 | LR 5.2614e-06
2026-03-11 22:20:27 INFO Epoch 2 | Step 6800/15377 | Loss 0.4653 | LR 5.2687e-06
2026-03-11 22:20:43 INFO Epoch 2 | Step 6820/15377 | Loss 0.4653 | LR 5.2761e-06
2026-03-11 22:20:59 INFO Epoch 2 | Step 6840/15377 | Loss 0.4654 | LR 5.2835e-06
2026-03-11 22:21:15 INFO Epoch 2 | Step 6860/15377 | Loss 0.4654 | LR 5.2909e-06
2026-03-11 22:21:31 INFO Epoch 2 | Step 6880/15377 | Loss 0.4654 | LR 5.2982e-06
2026-03-11 22:21:46 INFO Epoch 2 | Step 6900/15377 | Loss 0.4653 | LR 5.3056e-06
2026-03-11 22:22:02 INFO Epoch 2 | Step 6920/15377 | Loss 0.4652 | LR 5.3130e-06
2026-03-11 22:22:18 INFO Epoch 2 | Step 6940/15377 | Loss 0.4653 | LR 5.3204e-06
2026-03-11 22:22:34 INFO Epoch 2 | Step 6960/15377 | Loss 0.4653 | LR 5.3278e-06
2026-03-11 22:22:49 INFO Epoch 2 | Step 6980/15377 | Loss 0.4652 | LR 5.3352e-06
2026-03-11 22:23:05 INFO Epoch 2 | Step 7000/15377 | Loss 0.4652 | LR 5.3426e-06
2026-03-11 22:23:21 INFO Epoch 2 | Step 7020/15377 | Loss 0.4651 | LR 5.3500e-06
2026-03-11 22:23:37 INFO Epoch 2 | Step 7040/15377 | Loss 0.4650 | LR 5.3575e-06
2026-03-11 22:23:53 INFO Epoch 2 | Step 7060/15377 | Loss 0.4651 | LR 5.3649e-06
2026-03-11 22:24:09 INFO Epoch 2 | Step 7080/15377 | Loss 0.4651 | LR 5.3723e-06
2026-03-11 22:24:24 INFO Epoch 2 | Step 7100/15377 | Loss 0.4651 | LR 5.3797e-06
2026-03-11 22:24:40 INFO Epoch 2 | Step 7120/15377 | Loss 0.4652 | LR 5.3872e-06
2026-03-11 22:24:56 INFO Epoch 2 | Step 7140/15377 | Loss 0.4652 | LR 5.3946e-06
2026-03-11 22:25:12 INFO Epoch 2 | Step 7160/15377 | Loss 0.4653 | LR 5.4020e-06
2026-03-11 22:25:27 INFO Epoch 2 | Step 7180/15377 | Loss 0.4653 | LR 5.4095e-06
2026-03-11 22:25:43 INFO Epoch 2 | Step 7200/15377 | Loss 0.4653 | LR 5.4169e-06
2026-03-11 22:25:59 INFO Epoch 2 | Step 7220/15377 | Loss 0.4653 | LR 5.4244e-06
2026-03-11 22:26:15 INFO Epoch 2 | Step 7240/15377 | Loss 0.4654 | LR 5.4318e-06
2026-03-11 22:26:31 INFO Epoch 2 | Step 7260/15377 | Loss 0.4653 | LR 5.4393e-06
2026-03-11 22:26:46 INFO Epoch 2 | Step 7280/15377 | Loss 0.4652 | LR 5.4468e-06
2026-03-11 22:27:02 INFO Epoch 2 | Step 7300/15377 | Loss 0.4653 | LR 5.4542e-06
2026-03-11 22:27:18 INFO Epoch 2 | Step 7320/15377 | Loss 0.4653 | LR 5.4617e-06
2026-03-11 22:27:34 INFO Epoch 2 | Step 7340/15377 | Loss 0.4652 | LR 5.4692e-06
2026-03-11 22:27:50 INFO Epoch 2 | Step 7360/15377 | Loss 0.4653 | LR 5.4767e-06
2026-03-11 22:28:05 INFO Epoch 2 | Step 7380/15377 | Loss 0.4653 | LR 5.4842e-06
2026-03-11 22:28:21 INFO Epoch 2 | Step 7400/15377 | Loss 0.4653 | LR 5.4916e-06
2026-03-11 22:28:37 INFO Epoch 2 | Step 7420/15377 | Loss 0.4653 | LR 5.4991e-06
2026-03-11 22:28:53 INFO Epoch 2 | Step 7440/15377 | Loss 0.4653 | LR 5.5066e-06
2026-03-11 22:29:09 INFO Epoch 2 | Step 7460/15377 | Loss 0.4652 | LR 5.5141e-06
2026-03-11 22:29:24 INFO Epoch 2 | Step 7480/15377 | Loss 0.4652 | LR 5.5216e-06
2026-03-11 22:29:40 INFO Epoch 2 | Step 7500/15377 | Loss 0.4652 | LR 5.5292e-06
2026-03-11 22:29:56 INFO Epoch 2 | Step 7520/15377 | Loss 0.4652 | LR 5.5367e-06
2026-03-11 22:30:12 INFO Epoch 2 | Step 7540/15377 | Loss 0.4652 | LR 5.5442e-06
2026-03-11 22:30:28 INFO Epoch 2 | Step 7560/15377 | Loss 0.4652 | LR 5.5517e-06
2026-03-11 22:30:43 INFO Epoch 2 | Step 7580/15377 | Loss 0.4652 | LR 5.5592e-06
2026-03-11 22:30:59 INFO Epoch 2 | Step 7600/15377 | Loss 0.4652 | LR 5.5668e-06
2026-03-11 22:31:15 INFO Epoch 2 | Step 7620/15377 | Loss 0.4653 | LR 5.5743e-06
2026-03-11 22:31:30 INFO Epoch 2 | Step 7640/15377 | Loss 0.4653 | LR 5.5818e-06
2026-03-11 22:31:44 INFO Epoch 2 | Step 7660/15377 | Loss 0.4654 | LR 5.5894e-06
2026-03-11 22:31:59 INFO Epoch 2 | Step 7680/15377 | Loss 0.4655 | LR 5.5969e-06
2026-03-11 22:32:12 INFO Epoch 2 | Step 7700/15377 | Loss 0.4655 | LR 5.6045e-06
2026-03-11 22:32:27 INFO Epoch 2 | Step 7720/15377 | Loss 0.4654 | LR 5.6120e-06
2026-03-11 22:32:41 INFO Epoch 2 | Step 7740/15377 | Loss 0.4654 | LR 5.6196e-06
2026-03-11 22:32:55 INFO Epoch 2 | Step 7760/15377 | Loss 0.4653 | LR 5.6271e-06
2026-03-11 22:33:10 INFO Epoch 2 | Step 7780/15377 | Loss 0.4652 | LR 5.6347e-06
2026-03-11 22:33:24 INFO Epoch 2 | Step 7800/15377 | Loss 0.4652 | LR 5.6423e-06
2026-03-11 22:33:39 INFO Epoch 2 | Step 7820/15377 | Loss 0.4651 | LR 5.6498e-06
2026-03-11 22:33:53 INFO Epoch 2 | Step 7840/15377 | Loss 0.4651 | LR 5.6574e-06
2026-03-11 22:34:07 INFO Epoch 2 | Step 7860/15377 | Loss 0.4651 | LR 5.6650e-06
2026-03-11 22:34:22 INFO Epoch 2 | Step 7880/15377 | Loss 0.4651 | LR 5.6726e-06
2026-03-11 22:34:36 INFO Epoch 2 | Step 7900/15377 | Loss 0.4651 | LR 5.6802e-06
2026-03-11 22:34:50 INFO Epoch 2 | Step 7920/15377 | Loss 0.4651 | LR 5.6878e-06
2026-03-11 22:35:05 INFO Epoch 2 | Step 7940/15377 | Loss 0.4651 | LR 5.6954e-06
2026-03-11 22:35:19 INFO Epoch 2 | Step 7960/15377 | Loss 0.4651 | LR 5.7030e-06
2026-03-11 22:35:33 INFO Epoch 2 | Step 7980/15377 | Loss 0.4651 | LR 5.7106e-06
2026-03-11 22:35:47 INFO Epoch 2 | Step 8000/15377 | Loss 0.4651 | LR 5.7182e-06
2026-03-11 22:36:02 INFO Epoch 2 | Step 8020/15377 | Loss 0.4651 | LR 5.7258e-06
2026-03-11 22:36:16 INFO Epoch 2 | Step 8040/15377 | Loss 0.4651 | LR 5.7334e-06
2026-03-11 22:36:30 INFO Epoch 2 | Step 8060/15377 | Loss 0.4651 | LR 5.7410e-06
2026-03-11 22:36:44 INFO Epoch 2 | Step 8080/15377 | Loss 0.4651 | LR 5.7487e-06
2026-03-11 22:36:59 INFO Epoch 2 | Step 8100/15377 | Loss 0.4651 | LR 5.7563e-06
2026-03-11 22:37:13 INFO Epoch 2 | Step 8120/15377 | Loss 0.4651 | LR 5.7639e-06
2026-03-11 22:37:27 INFO Epoch 2 | Step 8140/15377 | Loss 0.4651 | LR 5.7715e-06
2026-03-11 22:37:42 INFO Epoch 2 | Step 8160/15377 | Loss 0.4652 | LR 5.7792e-06
2026-03-11 22:37:56 INFO Epoch 2 | Step 8180/15377 | Loss 0.4652 | LR 5.7868e-06
2026-03-11 22:38:10 INFO Epoch 2 | Step 8200/15377 | Loss 0.4652 | LR 5.7945e-06
2026-03-11 22:38:25 INFO Epoch 2 | Step 8220/15377 | Loss 0.4652 | LR 5.8021e-06
2026-03-11 22:38:39 INFO Epoch 2 | Step 8240/15377 | Loss 0.4652 | LR 5.8098e-06
2026-03-11 22:38:53 INFO Epoch 2 | Step 8260/15377 | Loss 0.4651 | LR 5.8174e-06
2026-03-11 22:39:08 INFO Epoch 2 | Step 8280/15377 | Loss 0.4651 | LR 5.8251e-06
2026-03-11 22:39:22 INFO Epoch 2 | Step 8300/15377 | Loss 0.4651 | LR 5.8328e-06
2026-03-11 22:39:36 INFO Epoch 2 | Step 8320/15377 | Loss 0.4650 | LR 5.8404e-06
2026-03-11 22:39:51 INFO Epoch 2 | Step 8340/15377 | Loss 0.4650 | LR 5.8481e-06
2026-03-11 22:40:05 INFO Epoch 2 | Step 8360/15377 | Loss 0.4651 | LR 5.8558e-06
2026-03-11 22:40:19 INFO Epoch 2 | Step 8380/15377 | Loss 0.4650 | LR 5.8635e-06
2026-03-11 22:40:34 INFO Epoch 2 | Step 8400/15377 | Loss 0.4649 | LR 5.8712e-06
2026-03-11 22:40:48 INFO Epoch 2 | Step 8420/15377 | Loss 0.4649 | LR 5.8788e-06
2026-03-11 22:41:02 INFO Epoch 2 | Step 8440/15377 | Loss 0.4649 | LR 5.8865e-06
2026-03-11 22:41:16 INFO Epoch 2 | Step 8460/15377 | Loss 0.4649 | LR 5.8942e-06
2026-03-11 22:41:30 INFO Epoch 2 | Step 8480/15377 | Loss 0.4649 | LR 5.9019e-06
2026-03-11 22:41:44 INFO Epoch 2 | Step 8500/15377 | Loss 0.4649 | LR 5.9096e-06
2026-03-11 22:41:58 INFO Epoch 2 | Step 8520/15377 | Loss 0.4649 | LR 5.9173e-06
2026-03-11 22:42:12 INFO Epoch 2 | Step 8540/15377 | Loss 0.4649 | LR 5.9250e-06
2026-03-11 22:42:26 INFO Epoch 2 | Step 8560/15377 | Loss 0.4650 | LR 5.9328e-06
2026-03-11 22:42:41 INFO Epoch 2 | Step 8580/15377 | Loss 0.4649 | LR 5.9405e-06
2026-03-11 22:42:55 INFO Epoch 2 | Step 8600/15377 | Loss 0.4649 | LR 5.9482e-06
2026-03-11 22:43:09 INFO Epoch 2 | Step 8620/15377 | Loss 0.4650 | LR 5.9559e-06
2026-03-11 22:43:23 INFO Epoch 2 | Step 8640/15377 | Loss 0.4650 | LR 5.9637e-06
2026-03-11 22:43:37 INFO Epoch 2 | Step 8660/15377 | Loss 0.4650 | LR 5.9714e-06
2026-03-11 22:43:51 INFO Epoch 2 | Step 8680/15377 | Loss 0.4649 | LR 5.9791e-06
2026-03-11 22:44:05 INFO Epoch 2 | Step 8700/15377 | Loss 0.4649 | LR 5.9869e-06
2026-03-11 22:44:20 INFO Epoch 2 | Step 8720/15377 | Loss 0.4648 | LR 5.9946e-06
2026-03-11 22:44:34 INFO Epoch 2 | Step 8740/15377 | Loss 0.4648 | LR 6.0023e-06
2026-03-11 22:44:48 INFO Epoch 2 | Step 8760/15377 | Loss 0.4649 | LR 6.0101e-06
2026-03-11 22:45:02 INFO Epoch 2 | Step 8780/15377 | Loss 0.4648 | LR 6.0179e-06
2026-03-11 22:45:16 INFO Epoch 2 | Step 8800/15377 | Loss 0.4648 | LR 6.0256e-06
2026-03-11 22:45:30 INFO Epoch 2 | Step 8820/15377 | Loss 0.4647 | LR 6.0334e-06
2026-03-11 22:45:44 INFO Epoch 2 | Step 8840/15377 | Loss 0.4646 | LR 6.0411e-06
2026-03-11 22:45:59 INFO Epoch 2 | Step 8860/15377 | Loss 0.4646 | LR 6.0489e-06
2026-03-11 22:46:13 INFO Epoch 2 | Step 8880/15377 | Loss 0.4645 | LR 6.0567e-06
2026-03-11 22:46:27 INFO Epoch 2 | Step 8900/15377 | Loss 0.4645 | LR 6.0645e-06
2026-03-11 22:46:41 INFO Epoch 2 | Step 8920/15377 | Loss 0.4645 | LR 6.0722e-06
2026-03-11 22:46:55 INFO Epoch 2 | Step 8940/15377 | Loss 0.4645 | LR 6.0800e-06
2026-03-11 22:47:10 INFO Epoch 2 | Step 8960/15377 | Loss 0.4645 | LR 6.0878e-06
2026-03-11 22:47:24 INFO Epoch 2 | Step 8980/15377 | Loss 0.4645 | LR 6.0956e-06
2026-03-11 22:47:38 INFO Epoch 2 | Step 9000/15377 | Loss 0.4645 | LR 6.1034e-06
2026-03-11 22:47:52 INFO Epoch 2 | Step 9020/15377 | Loss 0.4645 | LR 6.1112e-06
2026-03-11 22:48:06 INFO Epoch 2 | Step 9040/15377 | Loss 0.4645 | LR 6.1190e-06
2026-03-11 22:48:20 INFO Epoch 2 | Step 9060/15377 | Loss 0.4645 | LR 6.1268e-06
2026-03-11 22:48:34 INFO Epoch 2 | Step 9080/15377 | Loss 0.4645 | LR 6.1346e-06
2026-03-11 22:48:48 INFO Epoch 2 | Step 9100/15377 | Loss 0.4644 | LR 6.1424e-06
2026-03-11 22:49:02 INFO Epoch 2 | Step 9120/15377 | Loss 0.4644 | LR 6.1502e-06
2026-03-11 22:49:17 INFO Epoch 2 | Step 9140/15377 | Loss 0.4644 | LR 6.1580e-06
2026-03-11 22:49:31 INFO Epoch 2 | Step 9160/15377 | Loss 0.4643 | LR 6.1659e-06
2026-03-11 22:49:45 INFO Epoch 2 | Step 9180/15377 | Loss 0.4644 | LR 6.1737e-06
2026-03-11 22:49:59 INFO Epoch 2 | Step 9200/15377 | Loss 0.4643 | LR 6.1815e-06
2026-03-11 22:50:13 INFO Epoch 2 | Step 9220/15377 | Loss 0.4643 | LR 6.1893e-06
2026-03-11 22:50:27 INFO Epoch 2 | Step 9240/15377 | Loss 0.4643 | LR 6.1972e-06
2026-03-11 22:50:41 INFO Epoch 2 | Step 9260/15377 | Loss 0.4642 | LR 6.2050e-06
2026-03-11 22:50:55 INFO Epoch 2 | Step 9280/15377 | Loss 0.4642 | LR 6.2129e-06
2026-03-11 22:51:10 INFO Epoch 2 | Step 9300/15377 | Loss 0.4643 | LR 6.2207e-06
2026-03-11 22:51:24 INFO Epoch 2 | Step 9320/15377 | Loss 0.4642 | LR 6.2286e-06
2026-03-11 22:51:38 INFO Epoch 2 | Step 9340/15377 | Loss 0.4642 | LR 6.2364e-06
2026-03-11 22:51:52 INFO Epoch 2 | Step 9360/15377 | Loss 0.4642 | LR 6.2443e-06
2026-03-11 22:52:06 INFO Epoch 2 | Step 9380/15377 | Loss 0.4642 | LR 6.2521e-06
2026-03-11 22:52:20 INFO Epoch 2 | Step 9400/15377 | Loss 0.4641 | LR 6.2600e-06
2026-03-11 22:52:35 INFO Epoch 2 | Step 9420/15377 | Loss 0.4642 | LR 6.2679e-06
2026-03-11 22:52:49 INFO Epoch 2 | Step 9440/15377 | Loss 0.4642 | LR 6.2757e-06
2026-03-11 22:53:03 INFO Epoch 2 | Step 9460/15377 | Loss 0.4643 | LR 6.2836e-06
2026-03-11 22:53:17 INFO Epoch 2 | Step 9480/15377 | Loss 0.4643 | LR 6.2915e-06
2026-03-11 22:53:31 INFO Epoch 2 | Step 9500/15377 | Loss 0.4643 | LR 6.2994e-06
2026-03-11 22:53:45 INFO Epoch 2 | Step 9520/15377 | Loss 0.4644 | LR 6.3072e-06
2026-03-11 22:54:00 INFO Epoch 2 | Step 9540/15377 | Loss 0.4645 | LR 6.3151e-06
2026-03-11 22:54:14 INFO Epoch 2 | Step 9560/15377 | Loss 0.4645 | LR 6.3230e-06
2026-03-11 22:54:28 INFO Epoch 2 | Step 9580/15377 | Loss 0.4644 | LR 6.3309e-06
2026-03-11 22:54:42 INFO Epoch 2 | Step 9600/15377 | Loss 0.4644 | LR 6.3388e-06
2026-03-11 22:54:56 INFO Epoch 2 | Step 9620/15377 | Loss 0.4643 | LR 6.3467e-06
2026-03-11 22:55:10 INFO Epoch 2 | Step 9640/15377 | Loss 0.4643 | LR 6.3546e-06
2026-03-11 22:55:25 INFO Epoch 2 | Step 9660/15377 | Loss 0.4643 | LR 6.3625e-06
2026-03-11 22:55:39 INFO Epoch 2 | Step 9680/15377 | Loss 0.4642 | LR 6.3704e-06
2026-03-11 22:55:53 INFO Epoch 2 | Step 9700/15377 | Loss 0.4641 | LR 6.3783e-06
2026-03-11 22:56:07 INFO Epoch 2 | Step 9720/15377 | Loss 0.4641 | LR 6.3863e-06
2026-03-11 22:56:21 INFO Epoch 2 | Step 9740/15377 | Loss 0.4642 | LR 6.3942e-06
2026-03-11 22:56:35 INFO Epoch 2 | Step 9760/15377 | Loss 0.4643 | LR 6.4021e-06
2026-03-11 22:56:49 INFO Epoch 2 | Step 9780/15377 | Loss 0.4643 | LR 6.4100e-06
2026-03-11 22:57:03 INFO Epoch 2 | Step 9800/15377 | Loss 0.4642 | LR 6.4180e-06
2026-03-11 22:57:18 INFO Epoch 2 | Step 9820/15377 | Loss 0.4642 | LR 6.4259e-06
2026-03-11 22:57:32 INFO Epoch 2 | Step 9840/15377 | Loss 0.4642 | LR 6.4338e-06
2026-03-11 22:57:46 INFO Epoch 2 | Step 9860/15377 | Loss 0.4642 | LR 6.4418e-06
2026-03-11 22:58:00 INFO Epoch 2 | Step 9880/15377 | Loss 0.4641 | LR 6.4497e-06
2026-03-11 22:58:14 INFO Epoch 2 | Step 9900/15377 | Loss 0.4641 | LR 6.4577e-06
2026-03-11 22:58:28 INFO Epoch 2 | Step 9920/15377 | Loss 0.4641 | LR 6.4656e-06
2026-03-11 22:58:42 INFO Epoch 2 | Step 9940/15377 | Loss 0.4641 | LR 6.4736e-06
2026-03-11 22:58:56 INFO Epoch 2 | Step 9960/15377 | Loss 0.4641 | LR 6.4815e-06
2026-03-11 22:59:11 INFO Epoch 2 | Step 9980/15377 | Loss 0.4641 | LR 6.4895e-06
2026-03-11 22:59:25 INFO Epoch 2 | Step 10000/15377 | Loss 0.4642 | LR 6.4974e-06
2026-03-11 22:59:39 INFO Epoch 2 | Step 10020/15377 | Loss 0.4642 | LR 6.5054e-06
2026-03-11 22:59:53 INFO Epoch 2 | Step 10040/15377 | Loss 0.4642 | LR 6.5134e-06
2026-03-11 23:00:07 INFO Epoch 2 | Step 10060/15377 | Loss 0.4641 | LR 6.5214e-06
2026-03-11 23:00:21 INFO Epoch 2 | Step 10080/15377 | Loss 0.4641 | LR 6.5293e-06
2026-03-11 23:00:36 INFO Epoch 2 | Step 10100/15377 | Loss 0.4641 | LR 6.5373e-06
2026-03-11 23:00:50 INFO Epoch 2 | Step 10120/15377 | Loss 0.4641 | LR 6.5453e-06
2026-03-11 23:01:04 INFO Epoch 2 | Step 10140/15377 | Loss 0.4641 | LR 6.5533e-06
2026-03-11 23:01:18 INFO Epoch 2 | Step 10160/15377 | Loss 0.4641 | LR 6.5613e-06
2026-03-11 23:01:32 INFO Epoch 2 | Step 10180/15377 | Loss 0.4641 | LR 6.5693e-06
2026-03-11 23:01:46 INFO Epoch 2 | Step 10200/15377 | Loss 0.4641 | LR 6.5772e-06
2026-03-11 23:02:00 INFO Epoch 2 | Step 10220/15377 | Loss 0.4640 | LR 6.5852e-06
2026-03-11 23:02:14 INFO Epoch 2 | Step 10240/15377 | Loss 0.4640 | LR 6.5932e-06
2026-03-11 23:02:28 INFO Epoch 2 | Step 10260/15377 | Loss 0.4640 | LR 6.6013e-06
2026-03-11 23:02:42 INFO Epoch 2 | Step 10280/15377 | Loss 0.4639 | LR 6.6093e-06
2026-03-11 23:02:57 INFO Epoch 2 | Step 10300/15377 | Loss 0.4639 | LR 6.6173e-06
2026-03-11 23:03:11 INFO Epoch 2 | Step 10320/15377 | Loss 0.4639 | LR 6.6253e-06
2026-03-11 23:03:25 INFO Epoch 2 | Step 10340/15377 | Loss 0.4639 | LR 6.6333e-06
2026-03-11 23:03:39 INFO Epoch 2 | Step 10360/15377 | Loss 0.4639 | LR 6.6413e-06
2026-03-11 23:03:53 INFO Epoch 2 | Step 10380/15377 | Loss 0.4639 | LR 6.6493e-06
2026-03-11 23:04:07 INFO Epoch 2 | Step 10400/15377 | Loss 0.4638 | LR 6.6574e-06
2026-03-11 23:04:21 INFO Epoch 2 | Step 10420/15377 | Loss 0.4639 | LR 6.6654e-06
2026-03-11 23:04:36 INFO Epoch 2 | Step 10440/15377 | Loss 0.4638 | LR 6.6734e-06
2026-03-11 23:04:50 INFO Epoch 2 | Step 10460/15377 | Loss 0.4638 | LR 6.6815e-06
2026-03-11 23:05:04 INFO Epoch 2 | Step 10480/15377 | Loss 0.4638 | LR 6.6895e-06
2026-03-11 23:05:18 INFO Epoch 2 | Step 10500/15377 | Loss 0.4639 | LR 6.6975e-06
2026-03-11 23:05:32 INFO Epoch 2 | Step 10520/15377 | Loss 0.4639 | LR 6.7056e-06
2026-03-11 23:05:47 INFO Epoch 2 | Step 10540/15377 | Loss 0.4639 | LR 6.7136e-06
2026-03-11 23:06:01 INFO Epoch 2 | Step 10560/15377 | Loss 0.4639 | LR 6.7217e-06
2026-03-11 23:06:15 INFO Epoch 2 | Step 10580/15377 | Loss 0.4639 | LR 6.7297e-06
2026-03-11 23:06:30 INFO Epoch 2 | Step 10600/15377 | Loss 0.4639 | LR 6.7378e-06
2026-03-11 23:06:44 INFO Epoch 2 | Step 10620/15377 | Loss 0.4639 | LR 6.7459e-06
2026-03-11 23:06:58 INFO Epoch 2 | Step 10640/15377 | Loss 0.4639 | LR 6.7539e-06
2026-03-11 23:07:12 INFO Epoch 2 | Step 10660/15377 | Loss 0.4640 | LR 6.7620e-06
2026-03-11 23:07:27 INFO Epoch 2 | Step 10680/15377 | Loss 0.4640 | LR 6.7700e-06
2026-03-11 23:07:41 INFO Epoch 2 | Step 10700/15377 | Loss 0.4639 | LR 6.7781e-06
2026-03-11 23:07:55 INFO Epoch 2 | Step 10720/15377 | Loss 0.4639 | LR 6.7862e-06
2026-03-11 23:08:10 INFO Epoch 2 | Step 10740/15377 | Loss 0.4639 | LR 6.7943e-06
2026-03-11 23:08:24 INFO Epoch 2 | Step 10760/15377 | Loss 0.4638 | LR 6.8024e-06
2026-03-11 23:08:38 INFO Epoch 2 | Step 10780/15377 | Loss 0.4639 | LR 6.8104e-06
2026-03-11 23:08:53 INFO Epoch 2 | Step 10800/15377 | Loss 0.4638 | LR 6.8185e-06
2026-03-11 23:09:07 INFO Epoch 2 | Step 10820/15377 | Loss 0.4638 | LR 6.8266e-06
2026-03-11 23:09:21 INFO Epoch 2 | Step 10840/15377 | Loss 0.4638 | LR 6.8347e-06
2026-03-11 23:09:36 INFO Epoch 2 | Step 10860/15377 | Loss 0.4639 | LR 6.8428e-06
2026-03-11 23:09:50 INFO Epoch 2 | Step 10880/15377 | Loss 0.4640 | LR 6.8509e-06
2026-03-11 23:10:04 INFO Epoch 2 | Step 10900/15377 | Loss 0.4640 | LR 6.8590e-06
2026-03-11 23:10:19 INFO Epoch 2 | Step 10920/15377 | Loss 0.4640 | LR 6.8671e-06
2026-03-11 23:10:33 INFO Epoch 2 | Step 10940/15377 | Loss 0.4640 | LR 6.8752e-06
2026-03-11 23:10:47 INFO Epoch 2 | Step 10960/15377 | Loss 0.4640 | LR 6.8833e-06
2026-03-11 23:11:02 INFO Epoch 2 | Step 10980/15377 | Loss 0.4640 | LR 6.8914e-06
2026-03-11 23:11:16 INFO Epoch 2 | Step 11000/15377 | Loss 0.4640 | LR 6.8995e-06
2026-03-11 23:11:30 INFO Epoch 2 | Step 11020/15377 | Loss 0.4640 | LR 6.9077e-06
2026-03-11 23:11:44 INFO Epoch 2 | Step 11040/15377 | Loss 0.4640 | LR 6.9158e-06
2026-03-11 23:11:59 INFO Epoch 2 | Step 11060/15377 | Loss 0.4640 | LR 6.9239e-06
2026-03-11 23:12:13 INFO Epoch 2 | Step 11080/15377 | Loss 0.4640 | LR 6.9320e-06
2026-03-11 23:12:28 INFO Epoch 2 | Step 11100/15377 | Loss 0.4640 | LR 6.9402e-06
2026-03-11 23:12:42 INFO Epoch 2 | Step 11120/15377 | Loss 0.4640 | LR 6.9483e-06
2026-03-11 23:12:56 INFO Epoch 2 | Step 11140/15377 | Loss 0.4640 | LR 6.9564e-06
2026-03-11 23:13:11 INFO Epoch 2 | Step 11160/15377 | Loss 0.4640 | LR 6.9646e-06
2026-03-11 23:13:25 INFO Epoch 2 | Step 11180/15377 | Loss 0.4641 | LR 6.9727e-06
2026-03-11 23:13:39 INFO Epoch 2 | Step 11200/15377 | Loss 0.4641 | LR 6.9809e-06
2026-03-11 23:13:54 INFO Epoch 2 | Step 11220/15377 | Loss 0.4641 | LR 6.9890e-06
2026-03-11 23:14:09 INFO Epoch 2 | Step 11240/15377 | Loss 0.4642 | LR 6.9972e-06
2026-03-11 23:14:24 INFO Epoch 2 | Step 11260/15377 | Loss 0.4641 | LR 7.0053e-06
2026-03-11 23:14:39 INFO Epoch 2 | Step 11280/15377 | Loss 0.4642 | LR 7.0135e-06
2026-03-11 23:14:54 INFO Epoch 2 | Step 11300/15377 | Loss 0.4641 | LR 7.0216e-06
2026-03-11 23:15:08 INFO Epoch 2 | Step 11320/15377 | Loss 0.4641 | LR 7.0298e-06
2026-03-11 23:15:23 INFO Epoch 2 | Step 11340/15377 | Loss 0.4641 | LR 7.0379e-06
2026-03-11 23:15:38 INFO Epoch 2 | Step 11360/15377 | Loss 0.4641 | LR 7.0461e-06
2026-03-11 23:15:53 INFO Epoch 2 | Step 11380/15377 | Loss 0.4641 | LR 7.0543e-06
2026-03-11 23:16:07 INFO Epoch 2 | Step 11400/15377 | Loss 0.4640 | LR 7.0625e-06
2026-03-11 23:16:22 INFO Epoch 2 | Step 11420/15377 | Loss 0.4639 | LR 7.0706e-06
2026-03-11 23:16:37 INFO Epoch 2 | Step 11440/15377 | Loss 0.4639 | LR 7.0788e-06
2026-03-11 23:16:52 INFO Epoch 2 | Step 11460/15377 | Loss 0.4639 | LR 7.0870e-06
2026-03-11 23:17:06 INFO Epoch 2 | Step 11480/15377 | Loss 0.4639 | LR 7.0952e-06
2026-03-11 23:17:21 INFO Epoch 2 | Step 11500/15377 | Loss 0.4638 | LR 7.1034e-06
2026-03-11 23:17:36 INFO Epoch 2 | Step 11520/15377 | Loss 0.4638 | LR 7.1115e-06
2026-03-11 23:17:51 INFO Epoch 2 | Step 11540/15377 | Loss 0.4638 | LR 7.1197e-06
2026-03-11 23:18:05 INFO Epoch 2 | Step 11560/15377 | Loss 0.4637 | LR 7.1279e-06
2026-03-11 23:18:20 INFO Epoch 2 | Step 11580/15377 | Loss 0.4638 | LR 7.1361e-06
2026-03-11 23:18:35 INFO Epoch 2 | Step 11600/15377 | Loss 0.4637 | LR 7.1443e-06
2026-03-11 23:18:50 INFO Epoch 2 | Step 11620/15377 | Loss 0.4637 | LR 7.1525e-06
2026-03-11 23:19:05 INFO Epoch 2 | Step 11640/15377 | Loss 0.4636 | LR 7.1607e-06
2026-03-11 23:19:20 INFO Epoch 2 | Step 11660/15377 | Loss 0.4636 | LR 7.1689e-06
2026-03-11 23:19:35 INFO Epoch 2 | Step 11680/15377 | Loss 0.4636 | LR 7.1771e-06
2026-03-11 23:19:49 INFO Epoch 2 | Step 11700/15377 | Loss 0.4636 | LR 7.1854e-06
2026-03-11 23:20:04 INFO Epoch 2 | Step 11720/15377 | Loss 0.4635 | LR 7.1936e-06
2026-03-11 23:20:19 INFO Epoch 2 | Step 11740/15377 | Loss 0.4636 | LR 7.2018e-06
2026-03-11 23:20:34 INFO Epoch 2 | Step 11760/15377 | Loss 0.4636 | LR 7.2100e-06
2026-03-11 23:20:48 INFO Epoch 2 | Step 11780/15377 | Loss 0.4636 | LR 7.2182e-06
2026-03-11 23:21:03 INFO Epoch 2 | Step 11800/15377 | Loss 0.4637 | LR 7.2265e-06
2026-03-11 23:21:18 INFO Epoch 2 | Step 11820/15377 | Loss 0.4637 | LR 7.2347e-06
2026-03-11 23:21:33 INFO Epoch 2 | Step 11840/15377 | Loss 0.4637 | LR 7.2429e-06
2026-03-11 23:21:48 INFO Epoch 2 | Step 11860/15377 | Loss 0.4637 | LR 7.2512e-06
2026-03-11 23:22:03 INFO Epoch 2 | Step 11880/15377 | Loss 0.4638 | LR 7.2594e-06
2026-03-11 23:22:18 INFO Epoch 2 | Step 11900/15377 | Loss 0.4637 | LR 7.2676e-06
2026-03-11 23:22:32 INFO Epoch 2 | Step 11920/15377 | Loss 0.4637 | LR 7.2759e-06
2026-03-11 23:22:47 INFO Epoch 2 | Step 11940/15377 | Loss 0.4637 | LR 7.2841e-06
2026-03-11 23:23:02 INFO Epoch 2 | Step 11960/15377 | Loss 0.4636 | LR 7.2924e-06
2026-03-11 23:23:17 INFO Epoch 2 | Step 11980/15377 | Loss 0.4636 | LR 7.3006e-06
2026-03-11 23:23:31 INFO Epoch 2 | Step 12000/15377 | Loss 0.4636 | LR 7.3089e-06
2026-03-11 23:23:46 INFO Epoch 2 | Step 12020/15377 | Loss 0.4635 | LR 7.3171e-06
2026-03-11 23:24:01 INFO Epoch 2 | Step 12040/15377 | Loss 0.4636 | LR 7.3254e-06
2026-03-11 23:24:16 INFO Epoch 2 | Step 12060/15377 | Loss 0.4636 | LR 7.3336e-06
2026-03-11 23:24:31 INFO Epoch 2 | Step 12080/15377 | Loss 0.4636 | LR 7.3419e-06
2026-03-11 23:24:45 INFO Epoch 2 | Step 12100/15377 | Loss 0.4636 | LR 7.3502e-06
2026-03-11 23:25:00 INFO Epoch 2 | Step 12120/15377 | Loss 0.4635 | LR 7.3584e-06
2026-03-11 23:25:15 INFO Epoch 2 | Step 12140/15377 | Loss 0.4636 | LR 7.3667e-06
2026-03-11 23:25:30 INFO Epoch 2 | Step 12160/15377 | Loss 0.4635 | LR 7.3750e-06
2026-03-11 23:25:45 INFO Epoch 2 | Step 12180/15377 | Loss 0.4635 | LR 7.3832e-06
2026-03-11 23:25:59 INFO Epoch 2 | Step 12200/15377 | Loss 0.4634 | LR 7.3915e-06
2026-03-11 23:26:14 INFO Epoch 2 | Step 12220/15377 | Loss 0.4634 | LR 7.3998e-06
2026-03-11 23:26:29 INFO Epoch 2 | Step 12240/15377 | Loss 0.4635 | LR 7.4081e-06
2026-03-11 23:26:44 INFO Epoch 2 | Step 12260/15377 | Loss 0.4634 | LR 7.4164e-06
2026-03-11 23:26:58 INFO Epoch 2 | Step 12280/15377 | Loss 0.4634 | LR 7.4247e-06
2026-03-11 23:27:13 INFO Epoch 2 | Step 12300/15377 | Loss 0.4634 | LR 7.4329e-06
2026-03-11 23:27:28 INFO Epoch 2 | Step 12320/15377 | Loss 0.4635 | LR 7.4412e-06
2026-03-11 23:27:42 INFO Epoch 2 | Step 12340/15377 | Loss 0.4635 | LR 7.4495e-06
2026-03-11 23:27:57 INFO Epoch 2 | Step 12360/15377 | Loss 0.4634 | LR 7.4578e-06
2026-03-11 23:28:12 INFO Epoch 2 | Step 12380/15377 | Loss 0.4634 | LR 7.4661e-06
2026-03-11 23:28:27 INFO Epoch 2 | Step 12400/15377 | Loss 0.4634 | LR 7.4744e-06
2026-03-11 23:28:42 INFO Epoch 2 | Step 12420/15377 | Loss 0.4633 | LR 7.4827e-06
2026-03-11 23:28:57 INFO Epoch 2 | Step 12440/15377 | Loss 0.4633 | LR 7.4910e-06
2026-03-11 23:29:12 INFO Epoch 2 | Step 12460/15377 | Loss 0.4634 | LR 7.4993e-06
2026-03-11 23:29:27 INFO Epoch 2 | Step 12480/15377 | Loss 0.4634 | LR 7.5077e-06
2026-03-11 23:29:42 INFO Epoch 2 | Step 12500/15377 | Loss 0.4634 | LR 7.5160e-06
2026-03-11 23:29:56 INFO Epoch 2 | Step 12520/15377 | Loss 0.4635 | LR 7.5243e-06
2026-03-11 23:30:11 INFO Epoch 2 | Step 12540/15377 | Loss 0.4635 | LR 7.5326e-06
2026-03-11 23:30:26 INFO Epoch 2 | Step 12560/15377 | Loss 0.4635 | LR 7.5409e-06
2026-03-11 23:30:41 INFO Epoch 2 | Step 12580/15377 | Loss 0.4635 | LR 7.5492e-06
2026-03-11 23:30:56 INFO Epoch 2 | Step 12600/15377 | Loss 0.4635 | LR 7.5576e-06
2026-03-11 23:31:11 INFO Epoch 2 | Step 12620/15377 | Loss 0.4634 | LR 7.5659e-06
2026-03-11 23:31:26 INFO Epoch 2 | Step 12640/15377 | Loss 0.4634 | LR 7.5742e-06
2026-03-11 23:31:40 INFO Epoch 2 | Step 12660/15377 | Loss 0.4635 | LR 7.5826e-06
2026-03-11 23:31:55 INFO Epoch 2 | Step 12680/15377 | Loss 0.4635 | LR 7.5909e-06
2026-03-11 23:32:10 INFO Epoch 2 | Step 12700/15377 | Loss 0.4636 | LR 7.5992e-06
2026-03-11 23:32:25 INFO Epoch 2 | Step 12720/15377 | Loss 0.4636 | LR 7.6076e-06
2026-03-11 23:32:39 INFO Epoch 2 | Step 12740/15377 | Loss 0.4635 | LR 7.6159e-06
2026-03-11 23:32:54 INFO Epoch 2 | Step 12760/15377 | Loss 0.4635 | LR 7.6243e-06
2026-03-11 23:33:09 INFO Epoch 2 | Step 12780/15377 | Loss 0.4635 | LR 7.6326e-06
2026-03-11 23:33:24 INFO Epoch 2 | Step 12800/15377 | Loss 0.4635 | LR 7.6409e-06
2026-03-11 23:33:39 INFO Epoch 2 | Step 12820/15377 | Loss 0.4634 | LR 7.6493e-06
2026-03-11 23:33:54 INFO Epoch 2 | Step 12840/15377 | Loss 0.4634 | LR 7.6576e-06
2026-03-11 23:34:08 INFO Epoch 2 | Step 12860/15377 | Loss 0.4634 | LR 7.6660e-06
2026-03-11 23:34:23 INFO Epoch 2 | Step 12880/15377 | Loss 0.4634 | LR 7.6744e-06
2026-03-11 23:34:38 INFO Epoch 2 | Step 12900/15377 | Loss 0.4633 | LR 7.6827e-06
2026-03-11 23:34:53 INFO Epoch 2 | Step 12920/15377 | Loss 0.4633 | LR 7.6911e-06
2026-03-11 23:35:08 INFO Epoch 2 | Step 12940/15377 | Loss 0.4633 | LR 7.6994e-06
2026-03-11 23:35:23 INFO Epoch 2 | Step 12960/15377 | Loss 0.4633 | LR 7.7078e-06
2026-03-11 23:35:37 INFO Epoch 2 | Step 12980/15377 | Loss 0.4633 | LR 7.7162e-06
2026-03-11 23:35:52 INFO Epoch 2 | Step 13000/15377 | Loss 0.4633 | LR 7.7246e-06
2026-03-11 23:36:07 INFO Epoch 2 | Step 13020/15377 | Loss 0.4633 | LR 7.7329e-06
2026-03-11 23:36:22 INFO Epoch 2 | Step 13040/15377 | Loss 0.4633 | LR 7.7413e-06
2026-03-11 23:36:36 INFO Epoch 2 | Step 13060/15377 | Loss 0.4633 | LR 7.7497e-06
2026-03-11 23:36:51 INFO Epoch 2 | Step 13080/15377 | Loss 0.4632 | LR 7.7581e-06
2026-03-11 23:37:06 INFO Epoch 2 | Step 13100/15377 | Loss 0.4632 | LR 7.7664e-06
2026-03-11 23:37:21 INFO Epoch 2 | Step 13120/15377 | Loss 0.4633 | LR 7.7748e-06
2026-03-11 23:37:36 INFO Epoch 2 | Step 13140/15377 | Loss 0.4632 | LR 7.7832e-06
2026-03-11 23:37:50 INFO Epoch 2 | Step 13160/15377 | Loss 0.4632 | LR 7.7916e-06
2026-03-11 23:38:05 INFO Epoch 2 | Step 13180/15377 | Loss 0.4631 | LR 7.8000e-06
2026-03-11 23:38:20 INFO Epoch 2 | Step 13200/15377 | Loss 0.4631 | LR 7.8084e-06
2026-03-11 23:38:35 INFO Epoch 2 | Step 13220/15377 | Loss 0.4631 | LR 7.8168e-06
2026-03-11 23:38:49 INFO Epoch 2 | Step 13240/15377 | Loss 0.4632 | LR 7.8252e-06
2026-03-11 23:39:04 INFO Epoch 2 | Step 13260/15377 | Loss 0.4631 | LR 7.8336e-06
2026-03-11 23:39:19 INFO Epoch 2 | Step 13280/15377 | Loss 0.4631 | LR 7.8420e-06
2026-03-11 23:39:33 INFO Epoch 2 | Step 13300/15377 | Loss 0.4631 | LR 7.8504e-06
2026-03-11 23:39:48 INFO Epoch 2 | Step 13320/15377 | Loss 0.4631 | LR 7.8588e-06
2026-03-11 23:40:03 INFO Epoch 2 | Step 13340/15377 | Loss 0.4631 | LR 7.8672e-06
2026-03-11 23:40:17 INFO Epoch 2 | Step 13360/15377 | Loss 0.4630 | LR 7.8756e-06
2026-03-11 23:40:32 INFO Epoch 2 | Step 13380/15377 | Loss 0.4630 | LR 7.8840e-06
2026-03-11 23:40:47 INFO Epoch 2 | Step 13400/15377 | Loss 0.4630 | LR 7.8924e-06
2026-03-11 23:41:01 INFO Epoch 2 | Step 13420/15377 | Loss 0.4630 | LR 7.9008e-06
2026-03-11 23:41:16 INFO Epoch 2 | Step 13440/15377 | Loss 0.4631 | LR 7.9093e-06
2026-03-11 23:41:31 INFO Epoch 2 | Step 13460/15377 | Loss 0.4631 | LR 7.9177e-06
2026-03-11 23:41:46 INFO Epoch 2 | Step 13480/15377 | Loss 0.4631 | LR 7.9261e-06
2026-03-11 23:42:00 INFO Epoch 2 | Step 13500/15377 | Loss 0.4631 | LR 7.9345e-06
2026-03-11 23:42:15 INFO Epoch 2 | Step 13520/15377 | Loss 0.4631 | LR 7.9429e-06
2026-03-11 23:42:30 INFO Epoch 2 | Step 13540/15377 | Loss 0.4630 | LR 7.9514e-06
2026-03-11 23:42:45 INFO Epoch 2 | Step 13560/15377 | Loss 0.4630 | LR 7.9598e-06
2026-03-11 23:43:00 INFO Epoch 2 | Step 13580/15377 | Loss 0.4631 | LR 7.9682e-06
2026-03-11 23:43:14 INFO Epoch 2 | Step 13600/15377 | Loss 0.4630 | LR 7.9767e-06
2026-03-11 23:43:29 INFO Epoch 2 | Step 13620/15377 | Loss 0.4630 | LR 7.9851e-06
2026-03-11 23:43:44 INFO Epoch 2 | Step 13640/15377 | Loss 0.4630 | LR 7.9935e-06
2026-03-11 23:43:59 INFO Epoch 2 | Step 13660/15377 | Loss 0.4630 | LR 8.0020e-06
2026-03-11 23:44:14 INFO Epoch 2 | Step 13680/15377 | Loss 0.4631 | LR 8.0104e-06
2026-03-11 23:44:28 INFO Epoch 2 | Step 13700/15377 | Loss 0.4631 | LR 8.0189e-06
2026-03-11 23:44:43 INFO Epoch 2 | Step 13720/15377 | Loss 0.4631 | LR 8.0273e-06
2026-03-11 23:44:58 INFO Epoch 2 | Step 13740/15377 | Loss 0.4630 | LR 8.0358e-06
2026-03-11 23:45:13 INFO Epoch 2 | Step 13760/15377 | Loss 0.4630 | LR 8.0442e-06
2026-03-11 23:45:27 INFO Epoch 2 | Step 13780/15377 | Loss 0.4631 | LR 8.0527e-06
2026-03-11 23:45:42 INFO Epoch 2 | Step 13800/15377 | Loss 0.4631 | LR 8.0611e-06
2026-03-11 23:45:57 INFO Epoch 2 | Step 13820/15377 | Loss 0.4631 | LR 8.0696e-06
2026-03-11 23:46:11 INFO Epoch 2 | Step 13840/15377 | Loss 0.4632 | LR 8.0780e-06
2026-03-11 23:46:26 INFO Epoch 2 | Step 13860/15377 | Loss 0.4632 | LR 8.0865e-06
2026-03-11 23:46:41 INFO Epoch 2 | Step 13880/15377 | Loss 0.4632 | LR 8.0949e-06
2026-03-11 23:46:55 INFO Epoch 2 | Step 13900/15377 | Loss 0.4631 | LR 8.1034e-06
2026-03-11 23:47:10 INFO Epoch 2 | Step 13920/15377 | Loss 0.4632 | LR 8.1119e-06
2026-03-11 23:47:25 INFO Epoch 2 | Step 13940/15377 | Loss 0.4632 | LR 8.1203e-06
2026-03-11 23:47:39 INFO Epoch 2 | Step 13960/15377 | Loss 0.4632 | LR 8.1288e-06
2026-03-11 23:47:54 INFO Epoch 2 | Step 13980/15377 | Loss 0.4632 | LR 8.1373e-06
2026-03-11 23:48:09 INFO Epoch 2 | Step 14000/15377 | Loss 0.4632 | LR 8.1458e-06
2026-03-11 23:48:23 INFO Epoch 2 | Step 14020/15377 | Loss 0.4632 | LR 8.1542e-06
2026-03-11 23:48:37 INFO Epoch 2 | Step 14040/15377 | Loss 0.4632 | LR 8.1627e-06
2026-03-11 23:48:52 INFO Epoch 2 | Step 14060/15377 | Loss 0.4631 | LR 8.1712e-06
2026-03-11 23:49:06 INFO Epoch 2 | Step 14080/15377 | Loss 0.4631 | LR 8.1797e-06
2026-03-11 23:49:21 INFO Epoch 2 | Step 14100/15377 | Loss 0.4631 | LR 8.1881e-06
2026-03-11 23:49:35 INFO Epoch 2 | Step 14120/15377 | Loss 0.4631 | LR 8.1966e-06
2026-03-11 23:49:49 INFO Epoch 2 | Step 14140/15377 | Loss 0.4630 | LR 8.2051e-06
2026-03-11 23:50:03 INFO Epoch 2 | Step 14160/15377 | Loss 0.4631 | LR 8.2136e-06
2026-03-11 23:50:18 INFO Epoch 2 | Step 14180/15377 | Loss 0.4630 | LR 8.2221e-06
2026-03-11 23:50:32 INFO Epoch 2 | Step 14200/15377 | Loss 0.4630 | LR 8.2306e-06
2026-03-11 23:50:46 INFO Epoch 2 | Step 14220/15377 | Loss 0.4630 | LR 8.2391e-06
2026-03-11 23:51:01 INFO Epoch 2 | Step 14240/15377 | Loss 0.4630 | LR 8.2476e-06
2026-03-11 23:51:15 INFO Epoch 2 | Step 14260/15377 | Loss 0.4630 | LR 8.2561e-06
2026-03-11 23:51:29 INFO Epoch 2 | Step 14280/15377 | Loss 0.4630 | LR 8.2646e-06
2026-03-11 23:51:44 INFO Epoch 2 | Step 14300/15377 | Loss 0.4630 | LR 8.2731e-06
2026-03-11 23:51:58 INFO Epoch 2 | Step 14320/15377 | Loss 0.4630 | LR 8.2816e-06
2026-03-11 23:52:12 INFO Epoch 2 | Step 14340/15377 | Loss 0.4630 | LR 8.2901e-06
2026-03-11 23:52:26 INFO Epoch 2 | Step 14360/15377 | Loss 0.4629 | LR 8.2986e-06
2026-03-11 23:52:40 INFO Epoch 2 | Step 14380/15377 | Loss 0.4629 | LR 8.3071e-06
2026-03-11 23:52:55 INFO Epoch 2 | Step 14400/15377 | Loss 0.4629 | LR 8.3156e-06
2026-03-11 23:53:09 INFO Epoch 2 | Step 14420/15377 | Loss 0.4629 | LR 8.3241e-06
2026-03-11 23:53:23 INFO Epoch 2 | Step 14440/15377 | Loss 0.4629 | LR 8.3326e-06
2026-03-11 23:53:37 INFO Epoch 2 | Step 14460/15377 | Loss 0.4629 | LR 8.3411e-06
2026-03-11 23:53:52 INFO Epoch 2 | Step 14480/15377 | Loss 0.4628 | LR 8.3496e-06
2026-03-11 23:54:06 INFO Epoch 2 | Step 14500/15377 | Loss 0.4628 | LR 8.3581e-06
2026-03-11 23:54:20 INFO Epoch 2 | Step 14520/15377 | Loss 0.4628 | LR 8.3667e-06
2026-03-11 23:54:35 INFO Epoch 2 | Step 14540/15377 | Loss 0.4627 | LR 8.3752e-06
2026-03-11 23:54:49 INFO Epoch 2 | Step 14560/15377 | Loss 0.4627 | LR 8.3837e-06
2026-03-11 23:55:04 INFO Epoch 2 | Step 14580/15377 | Loss 0.4626 | LR 8.3922e-06
2026-03-11 23:55:18 INFO Epoch 2 | Step 14600/15377 | Loss 0.4627 | LR 8.4008e-06
2026-03-11 23:55:32 INFO Epoch 2 | Step 14620/15377 | Loss 0.4626 | LR 8.4093e-06
2026-03-11 23:55:46 INFO Epoch 2 | Step 14640/15377 | Loss 0.4627 | LR 8.4178e-06
2026-03-11 23:56:01 INFO Epoch 2 | Step 14660/15377 | Loss 0.4627 | LR 8.4263e-06
2026-03-11 23:56:15 INFO Epoch 2 | Step 14680/15377 | Loss 0.4627 | LR 8.4349e-06
2026-03-11 23:56:29 INFO Epoch 2 | Step 14700/15377 | Loss 0.4627 | LR 8.4434e-06
2026-03-11 23:56:44 INFO Epoch 2 | Step 14720/15377 | Loss 0.4627 | LR 8.4519e-06
2026-03-11 23:56:58 INFO Epoch 2 | Step 14740/15377 | Loss 0.4627 | LR 8.4605e-06
2026-03-11 23:57:12 INFO Epoch 2 | Step 14760/15377 | Loss 0.4627 | LR 8.4690e-06
2026-03-11 23:57:26 INFO Epoch 2 | Step 14780/15377 | Loss 0.4626 | LR 8.4776e-06
2026-03-11 23:57:41 INFO Epoch 2 | Step 14800/15377 | Loss 0.4626 | LR 8.4861e-06
2026-03-11 23:57:55 INFO Epoch 2 | Step 14820/15377 | Loss 0.4626 | LR 8.4946e-06
2026-03-11 23:58:09 INFO Epoch 2 | Step 14840/15377 | Loss 0.4626 | LR 8.5032e-06
2026-03-11 23:58:24 INFO Epoch 2 | Step 14860/15377 | Loss 0.4625 | LR 8.5117e-06
2026-03-11 23:58:38 INFO Epoch 2 | Step 14880/15377 | Loss 0.4625 | LR 8.5203e-06
2026-03-11 23:58:52 INFO Epoch 2 | Step 14900/15377 | Loss 0.4625 | LR 8.5288e-06
2026-03-11 23:59:07 INFO Epoch 2 | Step 14920/15377 | Loss 0.4625 | LR 8.5374e-06
2026-03-11 23:59:21 INFO Epoch 2 | Step 14940/15377 | Loss 0.4624 | LR 8.5459e-06
2026-03-11 23:59:35 INFO Epoch 2 | Step 14960/15377 | Loss 0.4624 | LR 8.5545e-06
2026-03-11 23:59:50 INFO Epoch 2 | Step 14980/15377 | Loss 0.4624 | LR 8.5630e-06
2026-03-12 00:00:04 INFO Epoch 2 | Step 15000/15377 | Loss 0.4624 | LR 8.5716e-06
2026-03-12 00:00:19 INFO Epoch 2 | Step 15020/15377 | Loss 0.4623 | LR 8.5802e-06
2026-03-12 00:00:33 INFO Epoch 2 | Step 15040/15377 | Loss 0.4624 | LR 8.5887e-06
2026-03-12 00:00:47 INFO Epoch 2 | Step 15060/15377 | Loss 0.4623 | LR 8.5973e-06
2026-03-12 00:01:02 INFO Epoch 2 | Step 15080/15377 | Loss 0.4623 | LR 8.6058e-06
2026-03-12 00:01:16 INFO Epoch 2 | Step 15100/15377 | Loss 0.4623 | LR 8.6144e-06
2026-03-12 00:01:30 INFO Epoch 2 | Step 15120/15377 | Loss 0.4622 | LR 8.6230e-06
2026-03-12 00:01:45 INFO Epoch 2 | Step 15140/15377 | Loss 0.4622 | LR 8.6315e-06
2026-03-12 00:01:59 INFO Epoch 2 | Step 15160/15377 | Loss 0.4622 | LR 8.6401e-06
2026-03-12 00:02:13 INFO Epoch 2 | Step 15180/15377 | Loss 0.4622 | LR 8.6487e-06
2026-03-12 00:02:27 INFO Epoch 2 | Step 15200/15377 | Loss 0.4622 | LR 8.6572e-06
2026-03-12 00:02:42 INFO Epoch 2 | Step 15220/15377 | Loss 0.4622 | LR 8.6658e-06
2026-03-12 00:02:56 INFO Epoch 2 | Step 15240/15377 | Loss 0.4621 | LR 8.6744e-06
2026-03-12 00:03:11 INFO Epoch 2 | Step 15260/15377 | Loss 0.4621 | LR 8.6830e-06
2026-03-12 00:03:25 INFO Epoch 2 | Step 15280/15377 | Loss 0.4621 | LR 8.6915e-06
2026-03-12 00:03:39 INFO Epoch 2 | Step 15300/15377 | Loss 0.4621 | LR 8.7001e-06
2026-03-12 00:03:54 INFO Epoch 2 | Step 15320/15377 | Loss 0.4621 | LR 8.7087e-06
2026-03-12 00:04:08 INFO Epoch 2 | Step 15340/15377 | Loss 0.4621 | LR 8.7173e-06
2026-03-12 00:04:22 INFO Epoch 2 | Step 15360/15377 | Loss 0.4620 | LR 8.7259e-06
2026-03-12 00:04:35 INFO Epoch 2 | Step 15377/15377 | Loss 0.4620 | LR 8.7332e-06
2026-03-12 00:51:10 INFO CSV Written | Epoch: 2
2026-03-12 00:51:10 INFO Best Saved | Epoch: 2 | Monitor: val_auprc | Value: 0.0930
2026-03-12 00:51:10 INFO Epoch Done | Epoch: 2 | Time: 14190.7006 | Train Loss: 0.4620 | Val Accuracy: 0.9551 | Val AUPRC: 0.0930 | Val Auroc: 0.8237 | Val F1: 0.1340 | Val Loss: 0.4475
2026-03-12 00:51:10 INFO Epoch Start | Epoch: 3
2026-03-12 00:51:28 INFO Epoch 3 | Step 1/15377 | Loss 0.6226 | LR 8.0000e-07
2026-03-12 00:51:49 INFO Epoch 3 | Step 20/15377 | Loss 0.4550 | LR 8.0000e-07
2026-03-12 00:52:12 INFO Epoch 3 | Step 40/15377 | Loss 0.4398 | LR 8.0002e-07
2026-03-12 00:52:34 INFO Epoch 3 | Step 60/15377 | Loss 0.4555 | LR 8.0004e-07
2026-03-12 00:52:57 INFO Epoch 3 | Step 80/15377 | Loss 0.4582 | LR 8.0006e-07
2026-03-12 00:53:19 INFO Epoch 3 | Step 100/15377 | Loss 0.4565 | LR 8.0010e-07
2026-03-12 00:53:42 INFO Epoch 3 | Step 120/15377 | Loss 0.4589 | LR 8.0014e-07
2026-03-12 00:54:04 INFO Epoch 3 | Step 140/15377 | Loss 0.4562 | LR 8.0019e-07
2026-03-12 00:54:27 INFO Epoch 3 | Step 160/15377 | Loss 0.4535 | LR 8.0025e-07
2026-03-12 00:54:49 INFO Epoch 3 | Step 180/15377 | Loss 0.4512 | LR 8.0032e-07
2026-03-12 00:55:12 INFO Epoch 3 | Step 200/15377 | Loss 0.4515 | LR 8.0040e-07
2026-03-12 00:55:34 INFO Epoch 3 | Step 220/15377 | Loss 0.4555 | LR 8.0048e-07
2026-03-12 00:55:57 INFO Epoch 3 | Step 240/15377 | Loss 0.4539 | LR 8.0057e-07
2026-03-12 00:56:19 INFO Epoch 3 | Step 260/15377 | Loss 0.4539 | LR 8.0067e-07
2026-03-12 00:56:42 INFO Epoch 3 | Step 280/15377 | Loss 0.4534 | LR 8.0078e-07
2026-03-12 00:57:04 INFO Epoch 3 | Step 300/15377 | Loss 0.4521 | LR 8.0089e-07
2026-03-12 00:57:27 INFO Epoch 3 | Step 320/15377 | Loss 0.4506 | LR 8.0101e-07
2026-03-12 00:57:49 INFO Epoch 3 | Step 340/15377 | Loss 0.4499 | LR 8.0114e-07
2026-03-12 00:58:12 INFO Epoch 3 | Step 360/15377 | Loss 0.4494 | LR 8.0128e-07
2026-03-12 00:58:35 INFO Epoch 3 | Step 380/15377 | Loss 0.4486 | LR 8.0143e-07
2026-03-12 00:58:57 INFO Epoch 3 | Step 400/15377 | Loss 0.4499 | LR 8.0158e-07
2026-03-12 00:59:20 INFO Epoch 3 | Step 420/15377 | Loss 0.4477 | LR 8.0175e-07
2026-03-12 00:59:42 INFO Epoch 3 | Step 440/15377 | Loss 0.4473 | LR 8.0192e-07
2026-03-12 01:00:05 INFO Epoch 3 | Step 460/15377 | Loss 0.4464 | LR 8.0209e-07
2026-03-12 01:00:27 INFO Epoch 3 | Step 480/15377 | Loss 0.4452 | LR 8.0228e-07
2026-03-12 01:00:50 INFO Epoch 3 | Step 500/15377 | Loss 0.4445 | LR 8.0247e-07
2026-03-12 01:01:12 INFO Epoch 3 | Step 520/15377 | Loss 0.4449 | LR 8.0268e-07
2026-03-12 01:01:35 INFO Epoch 3 | Step 540/15377 | Loss 0.4458 | LR 8.0289e-07
2026-03-12 01:01:57 INFO Epoch 3 | Step 560/15377 | Loss 0.4443 | LR 8.0310e-07
2026-03-12 01:02:20 INFO Epoch 3 | Step 580/15377 | Loss 0.4436 | LR 8.0333e-07
2026-03-12 01:02:43 INFO Epoch 3 | Step 600/15377 | Loss 0.4433 | LR 8.0356e-07
2026-03-12 01:03:05 INFO Epoch 3 | Step 620/15377 | Loss 0.4429 | LR 8.0380e-07
2026-03-12 01:03:28 INFO Epoch 3 | Step 640/15377 | Loss 0.4420 | LR 8.0405e-07
2026-03-12 01:03:50 INFO Epoch 3 | Step 660/15377 | Loss 0.4417 | LR 8.0431e-07
2026-03-12 01:04:13 INFO Epoch 3 | Step 680/15377 | Loss 0.4426 | LR 8.0457e-07
2026-03-12 01:04:36 INFO Epoch 3 | Step 700/15377 | Loss 0.4422 | LR 8.0485e-07
2026-03-12 01:04:58 INFO Epoch 3 | Step 720/15377 | Loss 0.4416 | LR 8.0513e-07
2026-03-12 01:05:21 INFO Epoch 3 | Step 740/15377 | Loss 0.4411 | LR 8.0542e-07
2026-03-12 01:05:43 INFO Epoch 3 | Step 760/15377 | Loss 0.4404 | LR 8.0571e-07
2026-03-12 01:06:06 INFO Epoch 3 | Step 780/15377 | Loss 0.4401 | LR 8.0602e-07
2026-03-12 01:06:28 INFO Epoch 3 | Step 800/15377 | Loss 0.4404 | LR 8.0633e-07
2026-03-12 01:06:51 INFO Epoch 3 | Step 820/15377 | Loss 0.4395 | LR 8.0665e-07
2026-03-12 01:07:14 INFO Epoch 3 | Step 840/15377 | Loss 0.4385 | LR 8.0698e-07
2026-03-12 01:07:36 INFO Epoch 3 | Step 860/15377 | Loss 0.4384 | LR 8.0732e-07
2026-03-12 01:07:59 INFO Epoch 3 | Step 880/15377 | Loss 0.4383 | LR 8.0766e-07
2026-03-12 01:08:21 INFO Epoch 3 | Step 900/15377 | Loss 0.4380 | LR 8.0801e-07
2026-03-12 01:08:44 INFO Epoch 3 | Step 920/15377 | Loss 0.4379 | LR 8.0837e-07
2026-03-12 01:09:06 INFO Epoch 3 | Step 940/15377 | Loss 0.4381 | LR 8.0874e-07
2026-03-12 01:09:29 INFO Epoch 3 | Step 960/15377 | Loss 0.4378 | LR 8.0912e-07
2026-03-12 01:09:51 INFO Epoch 3 | Step 980/15377 | Loss 0.4379 | LR 8.0950e-07
2026-03-12 01:10:14 INFO Epoch 3 | Step 1000/15377 | Loss 0.4383 | LR 8.0989e-07
2026-03-12 01:10:36 INFO Epoch 3 | Step 1020/15377 | Loss 0.4392 | LR 8.1029e-07
2026-03-12 01:10:58 INFO Epoch 3 | Step 1040/15377 | Loss 0.4390 | LR 8.1070e-07
2026-03-12 01:11:21 INFO Epoch 3 | Step 1060/15377 | Loss 0.4380 | LR 8.1112e-07
2026-03-12 01:11:43 INFO Epoch 3 | Step 1080/15377 | Loss 0.4381 | LR 8.1154e-07
2026-03-12 01:12:06 INFO Epoch 3 | Step 1100/15377 | Loss 0.4380 | LR 8.1197e-07
2026-03-12 01:12:28 INFO Epoch 3 | Step 1120/15377 | Loss 0.4375 | LR 8.1241e-07
2026-03-12 01:12:51 INFO Epoch 3 | Step 1140/15377 | Loss 0.4372 | LR 8.1286e-07
2026-03-12 01:13:13 INFO Epoch 3 | Step 1160/15377 | Loss 0.4376 | LR 8.1331e-07
2026-03-12 01:13:36 INFO Epoch 3 | Step 1180/15377 | Loss 0.4373 | LR 8.1377e-07
2026-03-12 01:13:58 INFO Epoch 3 | Step 1200/15377 | Loss 0.4375 | LR 8.1424e-07
2026-03-12 01:14:20 INFO Epoch 3 | Step 1220/15377 | Loss 0.4378 | LR 8.1472e-07
2026-03-12 01:14:43 INFO Epoch 3 | Step 1240/15377 | Loss 0.4378 | LR 8.1521e-07
2026-03-12 01:15:06 INFO Epoch 3 | Step 1260/15377 | Loss 0.4376 | LR 8.1570e-07
2026-03-12 01:15:28 INFO Epoch 3 | Step 1280/15377 | Loss 0.4378 | LR 8.1621e-07
2026-03-12 01:15:50 INFO Epoch 3 | Step 1300/15377 | Loss 0.4373 | LR 8.1672e-07
2026-03-12 01:16:13 INFO Epoch 3 | Step 1320/15377 | Loss 0.4367 | LR 8.1723e-07
2026-03-12 01:16:35 INFO Epoch 3 | Step 1340/15377 | Loss 0.4367 | LR 8.1776e-07
2026-03-12 01:16:58 INFO Epoch 3 | Step 1360/15377 | Loss 0.4368 | LR 8.1829e-07
2026-03-12 01:17:20 INFO Epoch 3 | Step 1380/15377 | Loss 0.4369 | LR 8.1884e-07
2026-03-12 01:17:43 INFO Epoch 3 | Step 1400/15377 | Loss 0.4367 | LR 8.1939e-07
2026-03-12 01:18:05 INFO Epoch 3 | Step 1420/15377 | Loss 0.4365 | LR 8.1994e-07
2026-03-12 01:18:27 INFO Epoch 3 | Step 1440/15377 | Loss 0.4363 | LR 8.2051e-07
2026-03-12 01:18:50 INFO Epoch 3 | Step 1460/15377 | Loss 0.4360 | LR 8.2108e-07
2026-03-12 01:19:12 INFO Epoch 3 | Step 1480/15377 | Loss 0.4362 | LR 8.2166e-07
2026-03-12 01:19:34 INFO Epoch 3 | Step 1500/15377 | Loss 0.4363 | LR 8.2225e-07
2026-03-12 01:19:57 INFO Epoch 3 | Step 1520/15377 | Loss 0.4361 | LR 8.2285e-07
2026-03-12 01:20:20 INFO Epoch 3 | Step 1540/15377 | Loss 0.4359 | LR 8.2346e-07
2026-03-12 01:20:42 INFO Epoch 3 | Step 1560/15377 | Loss 0.4358 | LR 8.2407e-07
2026-03-12 01:21:05 INFO Epoch 3 | Step 1580/15377 | Loss 0.4356 | LR 8.2469e-07
2026-03-12 01:21:27 INFO Epoch 3 | Step 1600/15377 | Loss 0.4357 | LR 8.2532e-07
2026-03-12 01:21:50 INFO Epoch 3 | Step 1620/15377 | Loss 0.4356 | LR 8.2595e-07
2026-03-12 01:22:12 INFO Epoch 3 | Step 1640/15377 | Loss 0.4355 | LR 8.2660e-07
2026-03-12 01:22:34 INFO Epoch 3 | Step 1660/15377 | Loss 0.4356 | LR 8.2725e-07
2026-03-12 01:22:57 INFO Epoch 3 | Step 1680/15377 | Loss 0.4354 | LR 8.2791e-07
2026-03-12 01:23:19 INFO Epoch 3 | Step 1700/15377 | Loss 0.4357 | LR 8.2858e-07
2026-03-12 01:23:42 INFO Epoch 3 | Step 1720/15377 | Loss 0.4354 | LR 8.2926e-07
2026-03-12 01:24:05 INFO Epoch 3 | Step 1740/15377 | Loss 0.4355 | LR 8.2994e-07
2026-03-12 01:24:28 INFO Epoch 3 | Step 1760/15377 | Loss 0.4351 | LR 8.3063e-07
2026-03-12 01:24:51 INFO Epoch 3 | Step 1780/15377 | Loss 0.4350 | LR 8.3133e-07
2026-03-12 01:25:14 INFO Epoch 3 | Step 1800/15377 | Loss 0.4351 | LR 8.3204e-07
2026-03-12 01:25:37 INFO Epoch 3 | Step 1820/15377 | Loss 0.4349 | LR 8.3276e-07
2026-03-12 01:25:59 INFO Epoch 3 | Step 1840/15377 | Loss 0.4344 | LR 8.3348e-07
2026-03-12 01:26:22 INFO Epoch 3 | Step 1860/15377 | Loss 0.4340 | LR 8.3421e-07
2026-03-12 01:26:45 INFO Epoch 3 | Step 1880/15377 | Loss 0.4338 | LR 8.3495e-07
2026-03-12 01:27:08 INFO Epoch 3 | Step 1900/15377 | Loss 0.4337 | LR 8.3570e-07
2026-03-12 01:27:31 INFO Epoch 3 | Step 1920/15377 | Loss 0.4334 | LR 8.3645e-07
2026-03-12 01:27:54 INFO Epoch 3 | Step 1940/15377 | Loss 0.4337 | LR 8.3721e-07
2026-03-12 01:28:17 INFO Epoch 3 | Step 1960/15377 | Loss 0.4333 | LR 8.3798e-07
2026-03-12 01:28:39 INFO Epoch 3 | Step 1980/15377 | Loss 0.4334 | LR 8.3876e-07
2026-03-12 01:29:02 INFO Epoch 3 | Step 2000/15377 | Loss 0.4331 | LR 8.3955e-07
2026-03-12 01:29:25 INFO Epoch 3 | Step 2020/15377 | Loss 0.4327 | LR 8.4034e-07
2026-03-12 01:29:48 INFO Epoch 3 | Step 2040/15377 | Loss 0.4327 | LR 8.4115e-07
2026-03-12 01:30:11 INFO Epoch 3 | Step 2060/15377 | Loss 0.4323 | LR 8.4196e-07
2026-03-12 01:30:33 INFO Epoch 3 | Step 2080/15377 | Loss 0.4316 | LR 8.4277e-07
2026-03-12 01:30:56 INFO Epoch 3 | Step 2100/15377 | Loss 0.4319 | LR 8.4360e-07
2026-03-12 01:31:19 INFO Epoch 3 | Step 2120/15377 | Loss 0.4317 | LR 8.4443e-07
2026-03-12 01:31:42 INFO Epoch 3 | Step 2140/15377 | Loss 0.4324 | LR 8.4528e-07
2026-03-12 01:32:05 INFO Epoch 3 | Step 2160/15377 | Loss 0.4324 | LR 8.4613e-07
2026-03-12 01:32:28 INFO Epoch 3 | Step 2180/15377 | Loss 0.4322 | LR 8.4698e-07
2026-03-12 01:32:51 INFO Epoch 3 | Step 2200/15377 | Loss 0.4317 | LR 8.4785e-07
2026-03-12 01:33:14 INFO Epoch 3 | Step 2220/15377 | Loss 0.4317 | LR 8.4872e-07
2026-03-12 01:33:36 INFO Epoch 3 | Step 2240/15377 | Loss 0.4319 | LR 8.4960e-07
2026-03-12 01:33:59 INFO Epoch 3 | Step 2260/15377 | Loss 0.4316 | LR 8.5049e-07
2026-03-12 01:34:22 INFO Epoch 3 | Step 2280/15377 | Loss 0.4313 | LR 8.5139e-07
2026-03-12 01:34:45 INFO Epoch 3 | Step 2300/15377 | Loss 0.4311 | LR 8.5229e-07
2026-03-12 01:35:08 INFO Epoch 3 | Step 2320/15377 | Loss 0.4311 | LR 8.5321e-07
2026-03-12 01:35:30 INFO Epoch 3 | Step 2340/15377 | Loss 0.4309 | LR 8.5413e-07
2026-03-12 01:35:53 INFO Epoch 3 | Step 2360/15377 | Loss 0.4310 | LR 8.5505e-07
2026-03-12 01:36:16 INFO Epoch 3 | Step 2380/15377 | Loss 0.4308 | LR 8.5599e-07
2026-03-12 01:36:39 INFO Epoch 3 | Step 2400/15377 | Loss 0.4303 | LR 8.5693e-07
2026-03-12 01:37:02 INFO Epoch 3 | Step 2420/15377 | Loss 0.4298 | LR 8.5789e-07
2026-03-12 01:37:25 INFO Epoch 3 | Step 2440/15377 | Loss 0.4297 | LR 8.5885e-07
2026-03-12 01:37:47 INFO Epoch 3 | Step 2460/15377 | Loss 0.4299 | LR 8.5981e-07
2026-03-12 01:38:10 INFO Epoch 3 | Step 2480/15377 | Loss 0.4299 | LR 8.6079e-07
2026-03-12 01:38:33 INFO Epoch 3 | Step 2500/15377 | Loss 0.4296 | LR 8.6177e-07
2026-03-12 01:38:56 INFO Epoch 3 | Step 2520/15377 | Loss 0.4292 | LR 8.6276e-07
2026-03-12 01:39:19 INFO Epoch 3 | Step 2540/15377 | Loss 0.4290 | LR 8.6376e-07
2026-03-12 01:39:42 INFO Epoch 3 | Step 2560/15377 | Loss 0.4289 | LR 8.6477e-07
2026-03-12 01:40:04 INFO Epoch 3 | Step 2580/15377 | Loss 0.4286 | LR 8.6579e-07
2026-03-12 01:40:27 INFO Epoch 3 | Step 2600/15377 | Loss 0.4287 | LR 8.6681e-07
2026-03-12 01:40:50 INFO Epoch 3 | Step 2620/15377 | Loss 0.4286 | LR 8.6784e-07
2026-03-12 01:41:13 INFO Epoch 3 | Step 2640/15377 | Loss 0.4285 | LR 8.6888e-07
2026-03-12 01:41:36 INFO Epoch 3 | Step 2660/15377 | Loss 0.4285 | LR 8.6992e-07
2026-03-12 01:41:59 INFO Epoch 3 | Step 2680/15377 | Loss 0.4285 | LR 8.7098e-07
2026-03-12 01:42:21 INFO Epoch 3 | Step 2700/15377 | Loss 0.4281 | LR 8.7204e-07
2026-03-12 01:42:44 INFO Epoch 3 | Step 2720/15377 | Loss 0.4279 | LR 8.7311e-07
2026-03-12 01:43:07 INFO Epoch 3 | Step 2740/15377 | Loss 0.4277 | LR 8.7419e-07
2026-03-12 01:43:30 INFO Epoch 3 | Step 2760/15377 | Loss 0.4274 | LR 8.7527e-07
2026-03-12 01:43:52 INFO Epoch 3 | Step 2780/15377 | Loss 0.4275 | LR 8.7637e-07
2026-03-12 01:44:15 INFO Epoch 3 | Step 2800/15377 | Loss 0.4272 | LR 8.7747e-07
2026-03-12 01:44:37 INFO Epoch 3 | Step 2820/15377 | Loss 0.4269 | LR 8.7858e-07
2026-03-12 01:45:00 INFO Epoch 3 | Step 2840/15377 | Loss 0.4266 | LR 8.7969e-07
2026-03-12 01:45:22 INFO Epoch 3 | Step 2860/15377 | Loss 0.4265 | LR 8.8082e-07
2026-03-12 01:45:45 INFO Epoch 3 | Step 2880/15377 | Loss 0.4263 | LR 8.8195e-07
2026-03-12 01:46:08 INFO Epoch 3 | Step 2900/15377 | Loss 0.4263 | LR 8.8309e-07
2026-03-12 01:46:30 INFO Epoch 3 | Step 2920/15377 | Loss 0.4260 | LR 8.8424e-07
2026-03-12 01:46:53 INFO Epoch 3 | Step 2940/15377 | Loss 0.4260 | LR 8.8540e-07
2026-03-12 01:47:15 INFO Epoch 3 | Step 2960/15377 | Loss 0.4258 | LR 8.8656e-07
2026-03-12 01:47:38 INFO Epoch 3 | Step 2980/15377 | Loss 0.4257 | LR 8.8773e-07
2026-03-12 01:48:00 INFO Epoch 3 | Step 3000/15377 | Loss 0.4256 | LR 8.8891e-07
2026-03-12 01:48:23 INFO Epoch 3 | Step 3020/15377 | Loss 0.4255 | LR 8.9010e-07
2026-03-12 01:48:45 INFO Epoch 3 | Step 3040/15377 | Loss 0.4252 | LR 8.9129e-07
2026-03-12 01:49:08 INFO Epoch 3 | Step 3060/15377 | Loss 0.4251 | LR 8.9250e-07
2026-03-12 01:49:30 INFO Epoch 3 | Step 3080/15377 | Loss 0.4250 | LR 8.9371e-07
2026-03-12 01:49:53 INFO Epoch 3 | Step 3100/15377 | Loss 0.4248 | LR 8.9493e-07
2026-03-12 01:50:15 INFO Epoch 3 | Step 3120/15377 | Loss 0.4248 | LR 8.9615e-07
2026-03-12 01:50:38 INFO Epoch 3 | Step 3140/15377 | Loss 0.4246 | LR 8.9739e-07
2026-03-12 01:51:00 INFO Epoch 3 | Step 3160/15377 | Loss 0.4246 | LR 8.9863e-07
2026-03-12 01:51:23 INFO Epoch 3 | Step 3180/15377 | Loss 0.4243 | LR 8.9988e-07
2026-03-12 01:51:45 INFO Epoch 3 | Step 3200/15377 | Loss 0.4240 | LR 9.0114e-07
2026-03-12 01:52:08 INFO Epoch 3 | Step 3220/15377 | Loss 0.4241 | LR 9.0241e-07
2026-03-12 01:52:30 INFO Epoch 3 | Step 3240/15377 | Loss 0.4239 | LR 9.0368e-07
2026-03-12 01:52:53 INFO Epoch 3 | Step 3260/15377 | Loss 0.4236 | LR 9.0496e-07
2026-03-12 01:53:15 INFO Epoch 3 | Step 3280/15377 | Loss 0.4234 | LR 9.0625e-07
2026-03-12 01:53:38 INFO Epoch 3 | Step 3300/15377 | Loss 0.4232 | LR 9.0755e-07
2026-03-12 01:54:01 INFO Epoch 3 | Step 3320/15377 | Loss 0.4232 | LR 9.0885e-07
2026-03-12 01:54:23 INFO Epoch 3 | Step 3340/15377 | Loss 0.4230 | LR 9.1017e-07
2026-03-12 01:54:45 INFO Epoch 3 | Step 3360/15377 | Loss 0.4227 | LR 9.1149e-07
2026-03-12 01:55:08 INFO Epoch 3 | Step 3380/15377 | Loss 0.4226 | LR 9.1281e-07
2026-03-12 01:55:31 INFO Epoch 3 | Step 3400/15377 | Loss 0.4226 | LR 9.1415e-07
2026-03-12 01:55:53 INFO Epoch 3 | Step 3420/15377 | Loss 0.4226 | LR 9.1550e-07
2026-03-12 01:56:16 INFO Epoch 3 | Step 3440/15377 | Loss 0.4226 | LR 9.1685e-07
2026-03-12 01:56:38 INFO Epoch 3 | Step 3460/15377 | Loss 0.4225 | LR 9.1821e-07
2026-03-12 01:57:00 INFO Epoch 3 | Step 3480/15377 | Loss 0.4224 | LR 9.1957e-07
2026-03-12 01:57:23 INFO Epoch 3 | Step 3500/15377 | Loss 0.4223 | LR 9.2095e-07
2026-03-12 01:57:45 INFO Epoch 3 | Step 3520/15377 | Loss 0.4222 | LR 9.2233e-07
2026-03-12 01:58:06 INFO Epoch 3 | Step 3540/15377 | Loss 0.4221 | LR 9.2372e-07
2026-03-12 01:58:28 INFO Epoch 3 | Step 3560/15377 | Loss 0.4221 | LR 9.2512e-07
2026-03-12 01:58:50 INFO Epoch 3 | Step 3580/15377 | Loss 0.4220 | LR 9.2653e-07
2026-03-12 01:59:12 INFO Epoch 3 | Step 3600/15377 | Loss 0.4219 | LR 9.2794e-07
2026-03-12 01:59:34 INFO Epoch 3 | Step 3620/15377 | Loss 0.4215 | LR 9.2937e-07
2026-03-12 01:59:57 INFO Epoch 3 | Step 3640/15377 | Loss 0.4215 | LR 9.3080e-07
2026-03-12 02:00:19 INFO Epoch 3 | Step 3660/15377 | Loss 0.4212 | LR 9.3224e-07
2026-03-12 02:00:41 INFO Epoch 3 | Step 3680/15377 | Loss 0.4212 | LR 9.3368e-07
2026-03-12 02:01:03 INFO Epoch 3 | Step 3700/15377 | Loss 0.4211 | LR 9.3513e-07
2026-03-12 02:01:26 INFO Epoch 3 | Step 3720/15377 | Loss 0.4211 | LR 9.3660e-07
2026-03-12 02:01:48 INFO Epoch 3 | Step 3740/15377 | Loss 0.4212 | LR 9.3807e-07
2026-03-12 02:02:10 INFO Epoch 3 | Step 3760/15377 | Loss 0.4209 | LR 9.3954e-07
2026-03-12 02:02:32 INFO Epoch 3 | Step 3780/15377 | Loss 0.4207 | LR 9.4103e-07
2026-03-12 02:02:55 INFO Epoch 3 | Step 3800/15377 | Loss 0.4206 | LR 9.4252e-07
2026-03-12 02:03:17 INFO Epoch 3 | Step 3820/15377 | Loss 0.4205 | LR 9.4402e-07
2026-03-12 02:03:39 INFO Epoch 3 | Step 3840/15377 | Loss 0.4204 | LR 9.4553e-07
2026-03-12 02:04:01 INFO Epoch 3 | Step 3860/15377 | Loss 0.4202 | LR 9.4704e-07
2026-03-12 02:04:23 INFO Epoch 3 | Step 3880/15377 | Loss 0.4200 | LR 9.4857e-07
2026-03-12 02:04:45 INFO Epoch 3 | Step 3900/15377 | Loss 0.4199 | LR 9.5010e-07
2026-03-12 02:05:08 INFO Epoch 3 | Step 3920/15377 | Loss 0.4198 | LR 9.5164e-07
2026-03-12 02:05:30 INFO Epoch 3 | Step 3940/15377 | Loss 0.4198 | LR 9.5319e-07
2026-03-12 02:05:52 INFO Epoch 3 | Step 3960/15377 | Loss 0.4197 | LR 9.5474e-07
2026-03-12 02:06:14 INFO Epoch 3 | Step 3980/15377 | Loss 0.4196 | LR 9.5630e-07
2026-03-12 02:06:36 INFO Epoch 3 | Step 4000/15377 | Loss 0.4195 | LR 9.5787e-07
2026-03-12 02:06:59 INFO Epoch 3 | Step 4020/15377 | Loss 0.4193 | LR 9.5945e-07
2026-03-12 02:07:21 INFO Epoch 3 | Step 4040/15377 | Loss 0.4192 | LR 9.6104e-07
2026-03-12 02:07:43 INFO Epoch 3 | Step 4060/15377 | Loss 0.4191 | LR 9.6263e-07
2026-03-12 02:08:05 INFO Epoch 3 | Step 4080/15377 | Loss 0.4191 | LR 9.6423e-07
2026-03-12 02:08:27 INFO Epoch 3 | Step 4100/15377 | Loss 0.4188 | LR 9.6584e-07
2026-03-12 02:08:50 INFO Epoch 3 | Step 4120/15377 | Loss 0.4189 | LR 9.6746e-07
2026-03-12 02:09:12 INFO Epoch 3 | Step 4140/15377 | Loss 0.4188 | LR 9.6909e-07
2026-03-12 02:09:34 INFO Epoch 3 | Step 4160/15377 | Loss 0.4187 | LR 9.7072e-07
2026-03-12 02:09:57 INFO Epoch 3 | Step 4180/15377 | Loss 0.4185 | LR 9.7236e-07
2026-03-12 02:10:19 INFO Epoch 3 | Step 4200/15377 | Loss 0.4185 | LR 9.7401e-07
2026-03-12 02:10:41 INFO Epoch 3 | Step 4220/15377 | Loss 0.4184 | LR 9.7566e-07
2026-03-12 02:11:03 INFO Epoch 3 | Step 4240/15377 | Loss 0.4182 | LR 9.7733e-07
2026-03-12 02:11:26 INFO Epoch 3 | Step 4260/15377 | Loss 0.4181 | LR 9.7900e-07
2026-03-12 02:11:48 INFO Epoch 3 | Step 4280/15377 | Loss 0.4180 | LR 9.8068e-07
2026-03-12 02:12:10 INFO Epoch 3 | Step 4300/15377 | Loss 0.4179 | LR 9.8237e-07
2026-03-12 02:12:32 INFO Epoch 3 | Step 4320/15377 | Loss 0.4178 | LR 9.8406e-07
2026-03-12 02:12:55 INFO Epoch 3 | Step 4340/15377 | Loss 0.4176 | LR 9.8576e-07
2026-03-12 02:13:17 INFO Epoch 3 | Step 4360/15377 | Loss 0.4175 | LR 9.8747e-07
2026-03-12 02:13:39 INFO Epoch 3 | Step 4380/15377 | Loss 0.4173 | LR 9.8919e-07
2026-03-12 02:14:02 INFO Epoch 3 | Step 4400/15377 | Loss 0.4173 | LR 9.9092e-07
2026-03-12 02:14:24 INFO Epoch 3 | Step 4420/15377 | Loss 0.4171 | LR 9.9265e-07
2026-03-12 02:14:46 INFO Epoch 3 | Step 4440/15377 | Loss 0.4171 | LR 9.9439e-07
2026-03-12 02:15:09 INFO Epoch 3 | Step 4460/15377 | Loss 0.4170 | LR 9.9614e-07
2026-03-12 02:15:31 INFO Epoch 3 | Step 4480/15377 | Loss 0.4169 | LR 9.9790e-07
2026-03-12 02:15:53 INFO Epoch 3 | Step 4500/15377 | Loss 0.4168 | LR 9.9966e-07
2026-03-12 02:16:15 INFO Epoch 3 | Step 4520/15377 | Loss 0.4168 | LR 1.0014e-06
2026-03-12 02:16:38 INFO Epoch 3 | Step 4540/15377 | Loss 0.4166 | LR 1.0032e-06
2026-03-12 02:17:00 INFO Epoch 3 | Step 4560/15377 | Loss 0.4166 | LR 1.0050e-06
2026-03-12 02:17:22 INFO Epoch 3 | Step 4580/15377 | Loss 0.4167 | LR 1.0068e-06
2026-03-12 02:17:45 INFO Epoch 3 | Step 4600/15377 | Loss 0.4166 | LR 1.0086e-06
2026-03-12 02:18:07 INFO Epoch 3 | Step 4620/15377 | Loss 0.4165 | LR 1.0104e-06
2026-03-12 02:18:29 INFO Epoch 3 | Step 4640/15377 | Loss 0.4165 | LR 1.0122e-06
2026-03-12 02:18:52 INFO Epoch 3 | Step 4660/15377 | Loss 0.4165 | LR 1.0141e-06
2026-03-12 02:19:14 INFO Epoch 3 | Step 4680/15377 | Loss 0.4164 | LR 1.0159e-06
2026-03-12 02:19:36 INFO Epoch 3 | Step 4700/15377 | Loss 0.4163 | LR 1.0177e-06
2026-03-12 02:19:59 INFO Epoch 3 | Step 4720/15377 | Loss 0.4162 | LR 1.0196e-06
2026-03-12 02:20:21 INFO Epoch 3 | Step 4740/15377 | Loss 0.4161 | LR 1.0214e-06
2026-03-12 02:20:43 INFO Epoch 3 | Step 4760/15377 | Loss 0.4160 | LR 1.0233e-06
2026-03-12 02:21:05 INFO Epoch 3 | Step 4780/15377 | Loss 0.4158 | LR 1.0252e-06
2026-03-12 02:21:28 INFO Epoch 3 | Step 4800/15377 | Loss 0.4158 | LR 1.0271e-06
2026-03-12 02:21:50 INFO Epoch 3 | Step 4820/15377 | Loss 0.4158 | LR 1.0290e-06
2026-03-12 02:22:12 INFO Epoch 3 | Step 4840/15377 | Loss 0.4157 | LR 1.0308e-06
2026-03-12 02:22:35 INFO Epoch 3 | Step 4860/15377 | Loss 0.4156 | LR 1.0328e-06
2026-03-12 02:22:57 INFO Epoch 3 | Step 4880/15377 | Loss 0.4156 | LR 1.0347e-06
2026-03-12 02:23:19 INFO Epoch 3 | Step 4900/15377 | Loss 0.4156 | LR 1.0366e-06
2026-03-12 02:23:41 INFO Epoch 3 | Step 4920/15377 | Loss 0.4155 | LR 1.0385e-06
2026-03-12 02:24:04 INFO Epoch 3 | Step 4940/15377 | Loss 0.4154 | LR 1.0404e-06
2026-03-12 02:24:26 INFO Epoch 3 | Step 4960/15377 | Loss 0.4154 | LR 1.0424e-06
2026-03-12 02:24:49 INFO Epoch 3 | Step 4980/15377 | Loss 0.4152 | LR 1.0443e-06
2026-03-12 02:25:11 INFO Epoch 3 | Step 5000/15377 | Loss 0.4152 | LR 1.0463e-06
2026-03-12 02:25:33 INFO Epoch 3 | Step 5020/15377 | Loss 0.4151 | LR 1.0483e-06
2026-03-12 02:25:56 INFO Epoch 3 | Step 5040/15377 | Loss 0.4149 | LR 1.0502e-06
2026-03-12 02:26:18 INFO Epoch 3 | Step 5060/15377 | Loss 0.4147 | LR 1.0522e-06
2026-03-12 02:26:40 INFO Epoch 3 | Step 5080/15377 | Loss 0.4146 | LR 1.0542e-06
2026-03-12 02:27:03 INFO Epoch 3 | Step 5100/15377 | Loss 0.4145 | LR 1.0562e-06
2026-03-12 02:27:25 INFO Epoch 3 | Step 5120/15377 | Loss 0.4145 | LR 1.0582e-06
2026-03-12 02:27:47 INFO Epoch 3 | Step 5140/15377 | Loss 0.4144 | LR 1.0602e-06
2026-03-12 02:28:10 INFO Epoch 3 | Step 5160/15377 | Loss 0.4144 | LR 1.0622e-06
2026-03-12 02:28:32 INFO Epoch 3 | Step 5180/15377 | Loss 0.4143 | LR 1.0643e-06
2026-03-12 02:28:54 INFO Epoch 3 | Step 5200/15377 | Loss 0.4142 | LR 1.0663e-06
2026-03-12 02:29:16 INFO Epoch 3 | Step 5220/15377 | Loss 0.4140 | LR 1.0683e-06
2026-03-12 02:29:39 INFO Epoch 3 | Step 5240/15377 | Loss 0.4138 | LR 1.0704e-06
2026-03-12 02:30:01 INFO Epoch 3 | Step 5260/15377 | Loss 0.4137 | LR 1.0725e-06
2026-03-12 02:30:24 INFO Epoch 3 | Step 5280/15377 | Loss 0.4135 | LR 1.0745e-06
2026-03-12 02:30:46 INFO Epoch 3 | Step 5300/15377 | Loss 0.4133 | LR 1.0766e-06
2026-03-12 02:31:09 INFO Epoch 3 | Step 5320/15377 | Loss 0.4132 | LR 1.0787e-06
2026-03-12 02:31:31 INFO Epoch 3 | Step 5340/15377 | Loss 0.4132 | LR 1.0808e-06
2026-03-12 02:31:53 INFO Epoch 3 | Step 5360/15377 | Loss 0.4131 | LR 1.0829e-06
2026-03-12 02:32:16 INFO Epoch 3 | Step 5380/15377 | Loss 0.4131 | LR 1.0850e-06
2026-03-12 02:32:38 INFO Epoch 3 | Step 5400/15377 | Loss 0.4130 | LR 1.0871e-06
2026-03-12 02:33:01 INFO Epoch 3 | Step 5420/15377 | Loss 0.4129 | LR 1.0892e-06
2026-03-12 02:33:23 INFO Epoch 3 | Step 5440/15377 | Loss 0.4129 | LR 1.0913e-06
2026-03-12 02:33:45 INFO Epoch 3 | Step 5460/15377 | Loss 0.4128 | LR 1.0935e-06
2026-03-12 02:34:08 INFO Epoch 3 | Step 5480/15377 | Loss 0.4128 | LR 1.0956e-06
2026-03-12 02:34:30 INFO Epoch 3 | Step 5500/15377 | Loss 0.4127 | LR 1.0978e-06
2026-03-12 02:34:53 INFO Epoch 3 | Step 5520/15377 | Loss 0.4126 | LR 1.0999e-06
2026-03-12 02:35:15 INFO Epoch 3 | Step 5540/15377 | Loss 0.4125 | LR 1.1021e-06
2026-03-12 02:35:38 INFO Epoch 3 | Step 5560/15377 | Loss 0.4125 | LR 1.1042e-06
2026-03-12 02:36:00 INFO Epoch 3 | Step 5580/15377 | Loss 0.4125 | LR 1.1064e-06
2026-03-12 02:36:22 INFO Epoch 3 | Step 5600/15377 | Loss 0.4125 | LR 1.1086e-06
2026-03-12 02:36:45 INFO Epoch 3 | Step 5620/15377 | Loss 0.4123 | LR 1.1108e-06
2026-03-12 02:37:08 INFO Epoch 3 | Step 5640/15377 | Loss 0.4123 | LR 1.1130e-06
2026-03-12 02:37:30 INFO Epoch 3 | Step 5660/15377 | Loss 0.4122 | LR 1.1152e-06
2026-03-12 02:37:52 INFO Epoch 3 | Step 5680/15377 | Loss 0.4121 | LR 1.1174e-06
2026-03-12 02:38:15 INFO Epoch 3 | Step 5700/15377 | Loss 0.4120 | LR 1.1197e-06
2026-03-12 02:38:38 INFO Epoch 3 | Step 5720/15377 | Loss 0.4119 | LR 1.1219e-06
2026-03-12 02:39:00 INFO Epoch 3 | Step 5740/15377 | Loss 0.4117 | LR 1.1242e-06
2026-03-12 02:39:23 INFO Epoch 3 | Step 5760/15377 | Loss 0.4117 | LR 1.1264e-06
2026-03-12 02:39:46 INFO Epoch 3 | Step 5780/15377 | Loss 0.4116 | LR 1.1287e-06
2026-03-12 02:40:08 INFO Epoch 3 | Step 5800/15377 | Loss 0.4115 | LR 1.1309e-06
2026-03-12 02:40:30 INFO Epoch 3 | Step 5820/15377 | Loss 0.4114 | LR 1.1332e-06
2026-03-12 02:40:53 INFO Epoch 3 | Step 5840/15377 | Loss 0.4112 | LR 1.1355e-06
2026-03-12 02:41:16 INFO Epoch 3 | Step 5860/15377 | Loss 0.4113 | LR 1.1378e-06
2026-03-12 02:41:38 INFO Epoch 3 | Step 5880/15377 | Loss 0.4113 | LR 1.1401e-06
2026-03-12 02:42:01 INFO Epoch 3 | Step 5900/15377 | Loss 0.4112 | LR 1.1424e-06
2026-03-12 02:42:23 INFO Epoch 3 | Step 5920/15377 | Loss 0.4112 | LR 1.1447e-06
2026-03-12 02:42:46 INFO Epoch 3 | Step 5940/15377 | Loss 0.4112 | LR 1.1470e-06
2026-03-12 02:43:08 INFO Epoch 3 | Step 5960/15377 | Loss 0.4111 | LR 1.1493e-06
2026-03-12 02:43:31 INFO Epoch 3 | Step 5980/15377 | Loss 0.4110 | LR 1.1517e-06
2026-03-12 02:43:53 INFO Epoch 3 | Step 6000/15377 | Loss 0.4109 | LR 1.1540e-06
2026-03-12 02:44:16 INFO Epoch 3 | Step 6020/15377 | Loss 0.4110 | LR 1.1563e-06
2026-03-12 02:44:38 INFO Epoch 3 | Step 6040/15377 | Loss 0.4109 | LR 1.1587e-06
2026-03-12 02:45:01 INFO Epoch 3 | Step 6060/15377 | Loss 0.4108 | LR 1.1611e-06
2026-03-12 02:45:24 INFO Epoch 3 | Step 6080/15377 | Loss 0.4107 | LR 1.1634e-06
2026-03-12 02:45:46 INFO Epoch 3 | Step 6100/15377 | Loss 0.4106 | LR 1.1658e-06
2026-03-12 02:46:09 INFO Epoch 3 | Step 6120/15377 | Loss 0.4106 | LR 1.1682e-06
2026-03-12 02:46:31 INFO Epoch 3 | Step 6140/15377 | Loss 0.4105 | LR 1.1706e-06
2026-03-12 02:46:54 INFO Epoch 3 | Step 6160/15377 | Loss 0.4105 | LR 1.1730e-06
2026-03-12 02:47:16 INFO Epoch 3 | Step 6180/15377 | Loss 0.4104 | LR 1.1754e-06
2026-03-12 02:47:39 INFO Epoch 3 | Step 6200/15377 | Loss 0.4102 | LR 1.1778e-06
2026-03-12 02:48:01 INFO Epoch 3 | Step 6220/15377 | Loss 0.4102 | LR 1.1803e-06
2026-03-12 02:48:24 INFO Epoch 3 | Step 6240/15377 | Loss 0.4102 | LR 1.1827e-06
2026-03-12 02:48:46 INFO Epoch 3 | Step 6260/15377 | Loss 0.4100 | LR 1.1851e-06
2026-03-12 02:49:09 INFO Epoch 3 | Step 6280/15377 | Loss 0.4099 | LR 1.1876e-06
2026-03-12 02:49:32 INFO Epoch 3 | Step 6300/15377 | Loss 0.4099 | LR 1.1900e-06
2026-03-12 02:49:54 INFO Epoch 3 | Step 6320/15377 | Loss 0.4097 | LR 1.1925e-06
2026-03-12 02:50:17 INFO Epoch 3 | Step 6340/15377 | Loss 0.4096 | LR 1.1950e-06
2026-03-12 02:50:39 INFO Epoch 3 | Step 6360/15377 | Loss 0.4095 | LR 1.1974e-06
2026-03-12 02:51:02 INFO Epoch 3 | Step 6380/15377 | Loss 0.4093 | LR 1.1999e-06
2026-03-12 02:51:25 INFO Epoch 3 | Step 6400/15377 | Loss 0.4091 | LR 1.2024e-06
2026-03-12 02:51:47 INFO Epoch 3 | Step 6420/15377 | Loss 0.4090 | LR 1.2049e-06
2026-03-12 02:52:10 INFO Epoch 3 | Step 6440/15377 | Loss 0.4089 | LR 1.2074e-06
2026-03-12 02:52:32 INFO Epoch 3 | Step 6460/15377 | Loss 0.4089 | LR 1.2100e-06
2026-03-12 02:52:55 INFO Epoch 3 | Step 6480/15377 | Loss 0.4089 | LR 1.2125e-06
2026-03-12 02:53:18 INFO Epoch 3 | Step 6500/15377 | Loss 0.4088 | LR 1.2150e-06
2026-03-12 02:53:40 INFO Epoch 3 | Step 6520/15377 | Loss 0.4087 | LR 1.2175e-06
2026-03-12 02:54:03 INFO Epoch 3 | Step 6540/15377 | Loss 0.4088 | LR 1.2201e-06
2026-03-12 02:54:25 INFO Epoch 3 | Step 6560/15377 | Loss 0.4086 | LR 1.2226e-06
2026-03-12 02:54:48 INFO Epoch 3 | Step 6580/15377 | Loss 0.4085 | LR 1.2252e-06
2026-03-12 02:55:11 INFO Epoch 3 | Step 6600/15377 | Loss 0.4084 | LR 1.2278e-06
2026-03-12 02:55:33 INFO Epoch 3 | Step 6620/15377 | Loss 0.4084 | LR 1.2304e-06
2026-03-12 02:55:56 INFO Epoch 3 | Step 6640/15377 | Loss 0.4083 | LR 1.2329e-06
2026-03-12 02:56:18 INFO Epoch 3 | Step 6660/15377 | Loss 0.4082 | LR 1.2355e-06
2026-03-12 02:56:41 INFO Epoch 3 | Step 6680/15377 | Loss 0.4081 | LR 1.2381e-06
2026-03-12 02:57:04 INFO Epoch 3 | Step 6700/15377 | Loss 0.4080 | LR 1.2407e-06
2026-03-12 02:57:26 INFO Epoch 3 | Step 6720/15377 | Loss 0.4078 | LR 1.2434e-06
2026-03-12 02:57:49 INFO Epoch 3 | Step 6740/15377 | Loss 0.4077 | LR 1.2460e-06
2026-03-12 02:58:11 INFO Epoch 3 | Step 6760/15377 | Loss 0.4076 | LR 1.2486e-06
2026-03-12 02:58:34 INFO Epoch 3 | Step 6780/15377 | Loss 0.4076 | LR 1.2512e-06
2026-03-12 02:58:56 INFO Epoch 3 | Step 6800/15377 | Loss 0.4075 | LR 1.2539e-06
2026-03-12 02:59:19 INFO Epoch 3 | Step 6820/15377 | Loss 0.4074 | LR 1.2565e-06
2026-03-12 02:59:41 INFO Epoch 3 | Step 6840/15377 | Loss 0.4073 | LR 1.2592e-06
2026-03-12 03:00:04 INFO Epoch 3 | Step 6860/15377 | Loss 0.4073 | LR 1.2619e-06
2026-03-12 03:00:26 INFO Epoch 3 | Step 6880/15377 | Loss 0.4072 | LR 1.2645e-06
2026-03-12 03:00:49 INFO Epoch 3 | Step 6900/15377 | Loss 0.4071 | LR 1.2672e-06
2026-03-12 03:01:12 INFO Epoch 3 | Step 6920/15377 | Loss 0.4070 | LR 1.2699e-06
2026-03-12 03:01:34 INFO Epoch 3 | Step 6940/15377 | Loss 0.4068 | LR 1.2726e-06
2026-03-12 03:01:57 INFO Epoch 3 | Step 6960/15377 | Loss 0.4067 | LR 1.2753e-06
2026-03-12 03:02:19 INFO Epoch 3 | Step 6980/15377 | Loss 0.4066 | LR 1.2780e-06
2026-03-12 03:02:42 INFO Epoch 3 | Step 7000/15377 | Loss 0.4067 | LR 1.2808e-06
2026-03-12 03:03:04 INFO Epoch 3 | Step 7020/15377 | Loss 0.4067 | LR 1.2835e-06
2026-03-12 03:03:27 INFO Epoch 3 | Step 7040/15377 | Loss 0.4066 | LR 1.2862e-06
2026-03-12 03:03:49 INFO Epoch 3 | Step 7060/15377 | Loss 0.4065 | LR 1.2890e-06
2026-03-12 03:04:12 INFO Epoch 3 | Step 7080/15377 | Loss 0.4064 | LR 1.2917e-06
2026-03-12 03:04:34 INFO Epoch 3 | Step 7100/15377 | Loss 0.4064 | LR 1.2945e-06
2026-03-12 03:04:57 INFO Epoch 3 | Step 7120/15377 | Loss 0.4064 | LR 1.2972e-06
2026-03-12 03:05:19 INFO Epoch 3 | Step 7140/15377 | Loss 0.4063 | LR 1.3000e-06
2026-03-12 03:05:42 INFO Epoch 3 | Step 7160/15377 | Loss 0.4063 | LR 1.3028e-06
2026-03-12 03:06:04 INFO Epoch 3 | Step 7180/15377 | Loss 0.4062 | LR 1.3056e-06
2026-03-12 03:06:26 INFO Epoch 3 | Step 7200/15377 | Loss 0.4062 | LR 1.3084e-06
2026-03-12 03:06:49 INFO Epoch 3 | Step 7220/15377 | Loss 0.4062 | LR 1.3112e-06
2026-03-12 03:07:11 INFO Epoch 3 | Step 7240/15377 | Loss 0.4061 | LR 1.3140e-06
2026-03-12 03:07:34 INFO Epoch 3 | Step 7260/15377 | Loss 0.4061 | LR 1.3168e-06
2026-03-12 03:07:56 INFO Epoch 3 | Step 7280/15377 | Loss 0.4060 | LR 1.3196e-06
2026-03-12 03:08:19 INFO Epoch 3 | Step 7300/15377 | Loss 0.4058 | LR 1.3225e-06
2026-03-12 03:08:41 INFO Epoch 3 | Step 7320/15377 | Loss 0.4057 | LR 1.3253e-06
2026-03-12 03:09:04 INFO Epoch 3 | Step 7340/15377 | Loss 0.4056 | LR 1.3281e-06
2026-03-12 03:09:27 INFO Epoch 3 | Step 7360/15377 | Loss 0.4055 | LR 1.3310e-06
2026-03-12 03:09:49 INFO Epoch 3 | Step 7380/15377 | Loss 0.4055 | LR 1.3339e-06
2026-03-12 03:10:12 INFO Epoch 3 | Step 7400/15377 | Loss 0.4054 | LR 1.3367e-06
2026-03-12 03:10:34 INFO Epoch 3 | Step 7420/15377 | Loss 0.4054 | LR 1.3396e-06
2026-03-12 03:10:57 INFO Epoch 3 | Step 7440/15377 | Loss 0.4053 | LR 1.3425e-06
2026-03-12 03:11:19 INFO Epoch 3 | Step 7460/15377 | Loss 0.4052 | LR 1.3454e-06
2026-03-12 03:11:42 INFO Epoch 3 | Step 7480/15377 | Loss 0.4051 | LR 1.3483e-06
2026-03-12 03:12:04 INFO Epoch 3 | Step 7500/15377 | Loss 0.4051 | LR 1.3512e-06
2026-03-12 03:12:27 INFO Epoch 3 | Step 7520/15377 | Loss 0.4049 | LR 1.3541e-06
2026-03-12 03:12:50 INFO Epoch 3 | Step 7540/15377 | Loss 0.4048 | LR 1.3570e-06
2026-03-12 03:13:12 INFO Epoch 3 | Step 7560/15377 | Loss 0.4047 | LR 1.3600e-06
2026-03-12 03:13:35 INFO Epoch 3 | Step 7580/15377 | Loss 0.4046 | LR 1.3629e-06
2026-03-12 03:13:57 INFO Epoch 3 | Step 7600/15377 | Loss 0.4046 | LR 1.3658e-06
2026-03-12 03:14:20 INFO Epoch 3 | Step 7620/15377 | Loss 0.4046 | LR 1.3688e-06
2026-03-12 03:14:42 INFO Epoch 3 | Step 7640/15377 | Loss 0.4044 | LR 1.3718e-06
2026-03-12 03:15:05 INFO Epoch 3 | Step 7660/15377 | Loss 0.4044 | LR 1.3747e-06
2026-03-12 03:15:27 INFO Epoch 3 | Step 7680/15377 | Loss 0.4044 | LR 1.3777e-06
2026-03-12 03:15:50 INFO Epoch 3 | Step 7700/15377 | Loss 0.4043 | LR 1.3807e-06
2026-03-12 03:16:13 INFO Epoch 3 | Step 7720/15377 | Loss 0.4042 | LR 1.3837e-06
2026-03-12 03:16:35 INFO Epoch 3 | Step 7740/15377 | Loss 0.4041 | LR 1.3867e-06
2026-03-12 03:16:58 INFO Epoch 3 | Step 7760/15377 | Loss 0.4041 | LR 1.3897e-06
2026-03-12 03:17:20 INFO Epoch 3 | Step 7780/15377 | Loss 0.4040 | LR 1.3927e-06
2026-03-12 03:17:43 INFO Epoch 3 | Step 7800/15377 | Loss 0.4039 | LR 1.3957e-06
2026-03-12 03:18:05 INFO Epoch 3 | Step 7820/15377 | Loss 0.4038 | LR 1.3987e-06
2026-03-12 03:18:28 INFO Epoch 3 | Step 7840/15377 | Loss 0.4037 | LR 1.4018e-06
2026-03-12 03:18:50 INFO Epoch 3 | Step 7860/15377 | Loss 0.4037 | LR 1.4048e-06
2026-03-12 03:19:13 INFO Epoch 3 | Step 7880/15377 | Loss 0.4037 | LR 1.4079e-06
2026-03-12 03:19:36 INFO Epoch 3 | Step 7900/15377 | Loss 0.4036 | LR 1.4109e-06
2026-03-12 03:19:58 INFO Epoch 3 | Step 7920/15377 | Loss 0.4035 | LR 1.4140e-06
2026-03-12 03:20:21 INFO Epoch 3 | Step 7940/15377 | Loss 0.4035 | LR 1.4170e-06
2026-03-12 03:20:43 INFO Epoch 3 | Step 7960/15377 | Loss 0.4034 | LR 1.4201e-06
2026-03-12 03:21:06 INFO Epoch 3 | Step 7980/15377 | Loss 0.4033 | LR 1.4232e-06
2026-03-12 03:21:28 INFO Epoch 3 | Step 8000/15377 | Loss 0.4033 | LR 1.4263e-06
2026-03-12 03:21:51 INFO Epoch 3 | Step 8020/15377 | Loss 0.4032 | LR 1.4294e-06
2026-03-12 03:22:13 INFO Epoch 3 | Step 8040/15377 | Loss 0.4031 | LR 1.4325e-06
2026-03-12 03:22:36 INFO Epoch 3 | Step 8060/15377 | Loss 0.4031 | LR 1.4356e-06
2026-03-12 03:22:59 INFO Epoch 3 | Step 8080/15377 | Loss 0.4031 | LR 1.4388e-06
2026-03-12 03:23:21 INFO Epoch 3 | Step 8100/15377 | Loss 0.4030 | LR 1.4419e-06
2026-03-12 03:23:44 INFO Epoch 3 | Step 8120/15377 | Loss 0.4030 | LR 1.4450e-06
2026-03-12 03:24:06 INFO Epoch 3 | Step 8140/15377 | Loss 0.4029 | LR 1.4482e-06
2026-03-12 03:24:29 INFO Epoch 3 | Step 8160/15377 | Loss 0.4028 | LR 1.4513e-06
2026-03-12 03:24:52 INFO Epoch 3 | Step 8180/15377 | Loss 0.4027 | LR 1.4545e-06
2026-03-12 03:25:14 INFO Epoch 3 | Step 8200/15377 | Loss 0.4026 | LR 1.4576e-06
2026-03-12 03:25:37 INFO Epoch 3 | Step 8220/15377 | Loss 0.4025 | LR 1.4608e-06
2026-03-12 03:25:59 INFO Epoch 3 | Step 8240/15377 | Loss 0.4024 | LR 1.4640e-06
2026-03-12 03:26:22 INFO Epoch 3 | Step 8260/15377 | Loss 0.4024 | LR 1.4672e-06
2026-03-12 03:26:45 INFO Epoch 3 | Step 8280/15377 | Loss 0.4023 | LR 1.4704e-06
2026-03-12 03:27:07 INFO Epoch 3 | Step 8300/15377 | Loss 0.4022 | LR 1.4736e-06
2026-03-12 03:27:30 INFO Epoch 3 | Step 8320/15377 | Loss 0.4022 | LR 1.4768e-06
2026-03-12 03:27:53 INFO Epoch 3 | Step 8340/15377 | Loss 0.4022 | LR 1.4800e-06
2026-03-12 03:28:15 INFO Epoch 3 | Step 8360/15377 | Loss 0.4022 | LR 1.4832e-06
2026-03-12 03:28:38 INFO Epoch 3 | Step 8380/15377 | Loss 0.4020 | LR 1.4865e-06
2026-03-12 03:29:01 INFO Epoch 3 | Step 8400/15377 | Loss 0.4020 | LR 1.4897e-06
2026-03-12 03:29:23 INFO Epoch 3 | Step 8420/15377 | Loss 0.4019 | LR 1.4930e-06
2026-03-12 03:29:45 INFO Epoch 3 | Step 8440/15377 | Loss 0.4018 | LR 1.4962e-06
2026-03-12 03:30:08 INFO Epoch 3 | Step 8460/15377 | Loss 0.4017 | LR 1.4995e-06
2026-03-12 03:30:30 INFO Epoch 3 | Step 8480/15377 | Loss 0.4016 | LR 1.5028e-06
2026-03-12 03:30:53 INFO Epoch 3 | Step 8500/15377 | Loss 0.4017 | LR 1.5060e-06
2026-03-12 03:31:15 INFO Epoch 3 | Step 8520/15377 | Loss 0.4016 | LR 1.5093e-06
2026-03-12 03:31:38 INFO Epoch 3 | Step 8540/15377 | Loss 0.4015 | LR 1.5126e-06
2026-03-12 03:32:00 INFO Epoch 3 | Step 8560/15377 | Loss 0.4014 | LR 1.5159e-06
2026-03-12 03:32:22 INFO Epoch 3 | Step 8580/15377 | Loss 0.4014 | LR 1.5192e-06
2026-03-12 03:32:45 INFO Epoch 3 | Step 8600/15377 | Loss 0.4013 | LR 1.5225e-06
2026-03-12 03:33:07 INFO Epoch 3 | Step 8620/15377 | Loss 0.4013 | LR 1.5259e-06
2026-03-12 03:33:30 INFO Epoch 3 | Step 8640/15377 | Loss 0.4012 | LR 1.5292e-06
2026-03-12 03:33:52 INFO Epoch 3 | Step 8660/15377 | Loss 0.4012 | LR 1.5325e-06
2026-03-12 03:34:15 INFO Epoch 3 | Step 8680/15377 | Loss 0.4011 | LR 1.5359e-06
2026-03-12 03:34:37 INFO Epoch 3 | Step 8700/15377 | Loss 0.4011 | LR 1.5392e-06
2026-03-12 03:35:00 INFO Epoch 3 | Step 8720/15377 | Loss 0.4010 | LR 1.5426e-06
2026-03-12 03:35:22 INFO Epoch 3 | Step 8740/15377 | Loss 0.4009 | LR 1.5459e-06
2026-03-12 03:35:45 INFO Epoch 3 | Step 8760/15377 | Loss 0.4008 | LR 1.5493e-06
2026-03-12 03:36:07 INFO Epoch 3 | Step 8780/15377 | Loss 0.4007 | LR 1.5527e-06
2026-03-12 03:36:30 INFO Epoch 3 | Step 8800/15377 | Loss 0.4007 | LR 1.5561e-06
2026-03-12 03:36:52 INFO Epoch 3 | Step 8820/15377 | Loss 0.4006 | LR 1.5595e-06
2026-03-12 03:37:15 INFO Epoch 3 | Step 8840/15377 | Loss 0.4005 | LR 1.5629e-06
2026-03-12 03:37:37 INFO Epoch 3 | Step 8860/15377 | Loss 0.4004 | LR 1.5663e-06
2026-03-12 03:38:00 INFO Epoch 3 | Step 8880/15377 | Loss 0.4003 | LR 1.5697e-06
2026-03-12 03:38:22 INFO Epoch 3 | Step 8900/15377 | Loss 0.4002 | LR 1.5731e-06
2026-03-12 03:38:45 INFO Epoch 3 | Step 8920/15377 | Loss 0.4001 | LR 1.5766e-06
2026-03-12 03:39:07 INFO Epoch 3 | Step 8940/15377 | Loss 0.4001 | LR 1.5800e-06
2026-03-12 03:39:29 INFO Epoch 3 | Step 8960/15377 | Loss 0.4000 | LR 1.5834e-06
2026-03-12 03:39:52 INFO Epoch 3 | Step 8980/15377 | Loss 0.3999 | LR 1.5869e-06
2026-03-12 03:40:15 INFO Epoch 3 | Step 9000/15377 | Loss 0.3998 | LR 1.5903e-06
2026-03-12 03:40:37 INFO Epoch 3 | Step 9020/15377 | Loss 0.3997 | LR 1.5938e-06
2026-03-12 03:41:00 INFO Epoch 3 | Step 9040/15377 | Loss 0.3997 | LR 1.5973e-06
2026-03-12 03:41:22 INFO Epoch 3 | Step 9060/15377 | Loss 0.3996 | LR 1.6008e-06
2026-03-12 03:41:45 INFO Epoch 3 | Step 9080/15377 | Loss 0.3995 | LR 1.6043e-06
2026-03-12 03:42:07 INFO Epoch 3 | Step 9100/15377 | Loss 0.3995 | LR 1.6078e-06
2026-03-12 03:42:30 INFO Epoch 3 | Step 9120/15377 | Loss 0.3994 | LR 1.6113e-06
2026-03-12 03:42:52 INFO Epoch 3 | Step 9140/15377 | Loss 0.3994 | LR 1.6148e-06
2026-03-12 03:43:15 INFO Epoch 3 | Step 9160/15377 | Loss 0.3993 | LR 1.6183e-06
2026-03-12 03:43:37 INFO Epoch 3 | Step 9180/15377 | Loss 0.3992 | LR 1.6218e-06
2026-03-12 03:44:00 INFO Epoch 3 | Step 9200/15377 | Loss 0.3991 | LR 1.6253e-06
2026-03-12 03:44:22 INFO Epoch 3 | Step 9220/15377 | Loss 0.3991 | LR 1.6289e-06
2026-03-12 03:44:45 INFO Epoch 3 | Step 9240/15377 | Loss 0.3990 | LR 1.6324e-06
2026-03-12 03:45:08 INFO Epoch 3 | Step 9260/15377 | Loss 0.3989 | LR 1.6360e-06
2026-03-12 03:45:30 INFO Epoch 3 | Step 9280/15377 | Loss 0.3989 | LR 1.6396e-06
2026-03-12 03:45:53 INFO Epoch 3 | Step 9300/15377 | Loss 0.3989 | LR 1.6431e-06
2026-03-12 03:46:15 INFO Epoch 3 | Step 9320/15377 | Loss 0.3988 | LR 1.6467e-06
2026-03-12 03:46:38 INFO Epoch 3 | Step 9340/15377 | Loss 0.3987 | LR 1.6503e-06
2026-03-12 03:47:00 INFO Epoch 3 | Step 9360/15377 | Loss 0.3986 | LR 1.6539e-06
2026-03-12 03:47:23 INFO Epoch 3 | Step 9380/15377 | Loss 0.3985 | LR 1.6575e-06
2026-03-12 03:47:46 INFO Epoch 3 | Step 9400/15377 | Loss 0.3985 | LR 1.6611e-06
2026-03-12 03:48:08 INFO Epoch 3 | Step 9420/15377 | Loss 0.3985 | LR 1.6647e-06
2026-03-12 03:48:31 INFO Epoch 3 | Step 9440/15377 | Loss 0.3985 | LR 1.6683e-06
2026-03-12 03:48:53 INFO Epoch 3 | Step 9460/15377 | Loss 0.3984 | LR 1.6719e-06
2026-03-12 03:49:16 INFO Epoch 3 | Step 9480/15377 | Loss 0.3983 | LR 1.6756e-06
2026-03-12 03:49:38 INFO Epoch 3 | Step 9500/15377 | Loss 0.3982 | LR 1.6792e-06
2026-03-12 03:50:01 INFO Epoch 3 | Step 9520/15377 | Loss 0.3981 | LR 1.6829e-06
2026-03-12 03:50:23 INFO Epoch 3 | Step 9540/15377 | Loss 0.3981 | LR 1.6865e-06
2026-03-12 03:50:46 INFO Epoch 3 | Step 9560/15377 | Loss 0.3980 | LR 1.6902e-06
2026-03-12 03:51:09 INFO Epoch 3 | Step 9580/15377 | Loss 0.3980 | LR 1.6938e-06
2026-03-12 03:51:31 INFO Epoch 3 | Step 9600/15377 | Loss 0.3978 | LR 1.6975e-06
2026-03-12 03:51:54 INFO Epoch 3 | Step 9620/15377 | Loss 0.3978 | LR 1.7012e-06
2026-03-12 03:52:16 INFO Epoch 3 | Step 9640/15377 | Loss 0.3977 | LR 1.7049e-06
2026-03-12 03:52:39 INFO Epoch 3 | Step 9660/15377 | Loss 0.3977 | LR 1.7086e-06
2026-03-12 03:53:02 INFO Epoch 3 | Step 9680/15377 | Loss 0.3977 | LR 1.7123e-06
2026-03-12 03:53:24 INFO Epoch 3 | Step 9700/15377 | Loss 0.3976 | LR 1.7160e-06
2026-03-12 03:53:47 INFO Epoch 3 | Step 9720/15377 | Loss 0.3975 | LR 1.7197e-06
2026-03-12 03:54:09 INFO Epoch 3 | Step 9740/15377 | Loss 0.3974 | LR 1.7235e-06
2026-03-12 03:54:32 INFO Epoch 3 | Step 9760/15377 | Loss 0.3974 | LR 1.7272e-06
2026-03-12 03:54:54 INFO Epoch 3 | Step 9780/15377 | Loss 0.3974 | LR 1.7309e-06
2026-03-12 03:55:17 INFO Epoch 3 | Step 9800/15377 | Loss 0.3973 | LR 1.7347e-06
2026-03-12 03:55:39 INFO Epoch 3 | Step 9820/15377 | Loss 0.3972 | LR 1.7384e-06
2026-03-12 03:56:02 INFO Epoch 3 | Step 9840/15377 | Loss 0.3971 | LR 1.7422e-06
2026-03-12 03:56:24 INFO Epoch 3 | Step 9860/15377 | Loss 0.3971 | LR 1.7460e-06
2026-03-12 03:56:47 INFO Epoch 3 | Step 9880/15377 | Loss 0.3970 | LR 1.7497e-06
2026-03-12 03:57:09 INFO Epoch 3 | Step 9900/15377 | Loss 0.3970 | LR 1.7535e-06
2026-03-12 03:57:32 INFO Epoch 3 | Step 9920/15377 | Loss 0.3969 | LR 1.7573e-06
2026-03-12 03:57:54 INFO Epoch 3 | Step 9940/15377 | Loss 0.3968 | LR 1.7611e-06
2026-03-12 03:58:17 INFO Epoch 3 | Step 9960/15377 | Loss 0.3967 | LR 1.7649e-06
2026-03-12 03:58:39 INFO Epoch 3 | Step 9980/15377 | Loss 0.3967 | LR 1.7687e-06
2026-03-12 03:59:02 INFO Epoch 3 | Step 10000/15377 | Loss 0.3967 | LR 1.7726e-06
2026-03-12 03:59:24 INFO Epoch 3 | Step 10020/15377 | Loss 0.3967 | LR 1.7764e-06
2026-03-12 03:59:47 INFO Epoch 3 | Step 10040/15377 | Loss 0.3966 | LR 1.7802e-06
2026-03-12 04:00:10 INFO Epoch 3 | Step 10060/15377 | Loss 0.3966 | LR 1.7841e-06
2026-03-12 04:00:33 INFO Epoch 3 | Step 10080/15377 | Loss 0.3965 | LR 1.7879e-06
2026-03-12 04:00:55 INFO Epoch 3 | Step 10100/15377 | Loss 0.3965 | LR 1.7918e-06
2026-03-12 04:01:18 INFO Epoch 3 | Step 10120/15377 | Loss 0.3964 | LR 1.7956e-06
2026-03-12 04:01:40 INFO Epoch 3 | Step 10140/15377 | Loss 0.3964 | LR 1.7995e-06
2026-03-12 04:02:03 INFO Epoch 3 | Step 10160/15377 | Loss 0.3963 | LR 1.8034e-06
2026-03-12 04:02:26 INFO Epoch 3 | Step 10180/15377 | Loss 0.3962 | LR 1.8072e-06
2026-03-12 04:02:48 INFO Epoch 3 | Step 10200/15377 | Loss 0.3961 | LR 1.8111e-06
2026-03-12 04:03:11 INFO Epoch 3 | Step 10220/15377 | Loss 0.3960 | LR 1.8150e-06
2026-03-12 04:03:34 INFO Epoch 3 | Step 10240/15377 | Loss 0.3960 | LR 1.8189e-06
2026-03-12 04:03:56 INFO Epoch 3 | Step 10260/15377 | Loss 0.3959 | LR 1.8229e-06
2026-03-12 04:04:19 INFO Epoch 3 | Step 10280/15377 | Loss 0.3959 | LR 1.8268e-06
2026-03-12 04:04:42 INFO Epoch 3 | Step 10300/15377 | Loss 0.3958 | LR 1.8307e-06
2026-03-12 04:05:05 INFO Epoch 3 | Step 10320/15377 | Loss 0.3957 | LR 1.8346e-06
2026-03-12 04:05:27 INFO Epoch 3 | Step 10340/15377 | Loss 0.3956 | LR 1.8386e-06
2026-03-12 04:05:50 INFO Epoch 3 | Step 10360/15377 | Loss 0.3956 | LR 1.8425e-06
2026-03-12 04:06:12 INFO Epoch 3 | Step 10380/15377 | Loss 0.3955 | LR 1.8465e-06
2026-03-12 04:06:35 INFO Epoch 3 | Step 10400/15377 | Loss 0.3954 | LR 1.8504e-06
2026-03-12 04:06:57 INFO Epoch 3 | Step 10420/15377 | Loss 0.3954 | LR 1.8544e-06
2026-03-12 04:07:20 INFO Epoch 3 | Step 10440/15377 | Loss 0.3953 | LR 1.8584e-06
2026-03-12 04:07:43 INFO Epoch 3 | Step 10460/15377 | Loss 0.3952 | LR 1.8624e-06
2026-03-12 04:08:05 INFO Epoch 3 | Step 10480/15377 | Loss 0.3952 | LR 1.8663e-06
2026-03-12 04:08:28 INFO Epoch 3 | Step 10500/15377 | Loss 0.3950 | LR 1.8703e-06
2026-03-12 04:08:51 INFO Epoch 3 | Step 10520/15377 | Loss 0.3950 | LR 1.8743e-06
2026-03-12 04:09:13 INFO Epoch 3 | Step 10540/15377 | Loss 0.3950 | LR 1.8784e-06
2026-03-12 04:09:36 INFO Epoch 3 | Step 10560/15377 | Loss 0.3949 | LR 1.8824e-06
2026-03-12 04:09:59 INFO Epoch 3 | Step 10580/15377 | Loss 0.3948 | LR 1.8864e-06
2026-03-12 04:10:21 INFO Epoch 3 | Step 10600/15377 | Loss 0.3947 | LR 1.8904e-06
2026-03-12 04:10:44 INFO Epoch 3 | Step 10620/15377 | Loss 0.3946 | LR 1.8945e-06
2026-03-12 04:11:07 INFO Epoch 3 | Step 10640/15377 | Loss 0.3945 | LR 1.8985e-06
2026-03-12 04:11:29 INFO Epoch 3 | Step 10660/15377 | Loss 0.3945 | LR 1.9026e-06
2026-03-12 04:11:52 INFO Epoch 3 | Step 10680/15377 | Loss 0.3944 | LR 1.9066e-06
2026-03-12 04:12:14 INFO Epoch 3 | Step 10700/15377 | Loss 0.3944 | LR 1.9107e-06
2026-03-12 04:12:37 INFO Epoch 3 | Step 10720/15377 | Loss 0.3944 | LR 1.9148e-06
2026-03-12 04:13:00 INFO Epoch 3 | Step 10740/15377 | Loss 0.3943 | LR 1.9188e-06
2026-03-12 04:13:23 INFO Epoch 3 | Step 10760/15377 | Loss 0.3942 | LR 1.9229e-06
2026-03-12 04:13:45 INFO Epoch 3 | Step 10780/15377 | Loss 0.3941 | LR 1.9270e-06
2026-03-12 04:14:08 INFO Epoch 3 | Step 10800/15377 | Loss 0.3941 | LR 1.9311e-06
2026-03-12 04:14:31 INFO Epoch 3 | Step 10820/15377 | Loss 0.3940 | LR 1.9352e-06
2026-03-12 04:14:53 INFO Epoch 3 | Step 10840/15377 | Loss 0.3939 | LR 1.9394e-06
2026-03-12 04:15:16 INFO Epoch 3 | Step 10860/15377 | Loss 0.3939 | LR 1.9435e-06
2026-03-12 04:15:39 INFO Epoch 3 | Step 10880/15377 | Loss 0.3939 | LR 1.9476e-06
2026-03-12 04:16:02 INFO Epoch 3 | Step 10900/15377 | Loss 0.3938 | LR 1.9517e-06
2026-03-12 04:16:24 INFO Epoch 3 | Step 10920/15377 | Loss 0.3938 | LR 1.9559e-06
2026-03-12 04:16:47 INFO Epoch 3 | Step 10940/15377 | Loss 0.3937 | LR 1.9600e-06
2026-03-12 04:17:10 INFO Epoch 3 | Step 10960/15377 | Loss 0.3936 | LR 1.9642e-06
2026-03-12 04:17:32 INFO Epoch 3 | Step 10980/15377 | Loss 0.3936 | LR 1.9684e-06
2026-03-12 04:17:55 INFO Epoch 3 | Step 11000/15377 | Loss 0.3935 | LR 1.9725e-06
2026-03-12 04:18:18 INFO Epoch 3 | Step 11020/15377 | Loss 0.3935 | LR 1.9767e-06
2026-03-12 04:18:40 INFO Epoch 3 | Step 11040/15377 | Loss 0.3934 | LR 1.9809e-06
2026-03-12 04:19:03 INFO Epoch 3 | Step 11060/15377 | Loss 0.3934 | LR 1.9851e-06
2026-03-12 04:19:26 INFO Epoch 3 | Step 11080/15377 | Loss 0.3933 | LR 1.9893e-06
2026-03-12 04:19:48 INFO Epoch 3 | Step 11100/15377 | Loss 0.3932 | LR 1.9935e-06
2026-03-12 04:20:11 INFO Epoch 3 | Step 11120/15377 | Loss 0.3932 | LR 1.9977e-06
2026-03-12 04:20:34 INFO Epoch 3 | Step 11140/15377 | Loss 0.3932 | LR 2.0019e-06
2026-03-12 04:20:57 INFO Epoch 3 | Step 11160/15377 | Loss 0.3931 | LR 2.0062e-06
2026-03-12 04:21:19 INFO Epoch 3 | Step 11180/15377 | Loss 0.3931 | LR 2.0104e-06
2026-03-12 04:21:42 INFO Epoch 3 | Step 11200/15377 | Loss 0.3930 | LR 2.0146e-06
2026-03-12 04:22:05 INFO Epoch 3 | Step 11220/15377 | Loss 0.3930 | LR 2.0189e-06
2026-03-12 04:22:27 INFO Epoch 3 | Step 11240/15377 | Loss 0.3929 | LR 2.0231e-06
2026-03-12 04:22:50 INFO Epoch 3 | Step 11260/15377 | Loss 0.3928 | LR 2.0274e-06
2026-03-12 04:23:13 INFO Epoch 3 | Step 11280/15377 | Loss 0.3928 | LR 2.0317e-06
2026-03-12 04:23:36 INFO Epoch 3 | Step 11300/15377 | Loss 0.3927 | LR 2.0359e-06
2026-03-12 04:23:59 INFO Epoch 3 | Step 11320/15377 | Loss 0.3927 | LR 2.0402e-06
2026-03-12 04:24:21 INFO Epoch 3 | Step 11340/15377 | Loss 0.3926 | LR 2.0445e-06
2026-03-12 04:24:44 INFO Epoch 3 | Step 11360/15377 | Loss 0.3925 | LR 2.0488e-06
2026-03-12 04:25:07 INFO Epoch 3 | Step 11380/15377 | Loss 0.3925 | LR 2.0531e-06
2026-03-12 04:25:30 INFO Epoch 3 | Step 11400/15377 | Loss 0.3925 | LR 2.0574e-06
2026-03-12 04:25:53 INFO Epoch 3 | Step 11420/15377 | Loss 0.3925 | LR 2.0617e-06
2026-03-12 04:26:16 INFO Epoch 3 | Step 11440/15377 | Loss 0.3924 | LR 2.0661e-06
2026-03-12 04:26:38 INFO Epoch 3 | Step 11460/15377 | Loss 0.3923 | LR 2.0704e-06
2026-03-12 04:27:01 INFO Epoch 3 | Step 11480/15377 | Loss 0.3922 | LR 2.0747e-06
2026-03-12 04:27:24 INFO Epoch 3 | Step 11500/15377 | Loss 0.3922 | LR 2.0791e-06
2026-03-12 04:27:47 INFO Epoch 3 | Step 11520/15377 | Loss 0.3922 | LR 2.0834e-06
2026-03-12 04:28:09 INFO Epoch 3 | Step 11540/15377 | Loss 0.3921 | LR 2.0878e-06
2026-03-12 04:28:32 INFO Epoch 3 | Step 11560/15377 | Loss 0.3921 | LR 2.0921e-06
2026-03-12 04:28:55 INFO Epoch 3 | Step 11580/15377 | Loss 0.3920 | LR 2.0965e-06
2026-03-12 04:29:18 INFO Epoch 3 | Step 11600/15377 | Loss 0.3919 | LR 2.1009e-06
2026-03-12 04:29:40 INFO Epoch 3 | Step 11620/15377 | Loss 0.3919 | LR 2.1053e-06
2026-03-12 04:30:03 INFO Epoch 3 | Step 11640/15377 | Loss 0.3918 | LR 2.1097e-06
2026-03-12 04:30:26 INFO Epoch 3 | Step 11660/15377 | Loss 0.3917 | LR 2.1141e-06
2026-03-12 04:30:49 INFO Epoch 3 | Step 11680/15377 | Loss 0.3917 | LR 2.1185e-06
2026-03-12 04:31:11 INFO Epoch 3 | Step 11700/15377 | Loss 0.3917 | LR 2.1229e-06
2026-03-12 04:31:34 INFO Epoch 3 | Step 11720/15377 | Loss 0.3917 | LR 2.1273e-06
2026-03-12 04:31:56 INFO Epoch 3 | Step 11740/15377 | Loss 0.3916 | LR 2.1317e-06
2026-03-12 04:32:19 INFO Epoch 3 | Step 11760/15377 | Loss 0.3915 | LR 2.1362e-06
2026-03-12 04:32:42 INFO Epoch 3 | Step 11780/15377 | Loss 0.3914 | LR 2.1406e-06
2026-03-12 04:33:04 INFO Epoch 3 | Step 11800/15377 | Loss 0.3914 | LR 2.1450e-06
2026-03-12 04:33:27 INFO Epoch 3 | Step 11820/15377 | Loss 0.3913 | LR 2.1495e-06
2026-03-12 04:33:50 INFO Epoch 3 | Step 11840/15377 | Loss 0.3913 | LR 2.1540e-06
2026-03-12 04:34:12 INFO Epoch 3 | Step 11860/15377 | Loss 0.3912 | LR 2.1584e-06
2026-03-12 04:34:35 INFO Epoch 3 | Step 11880/15377 | Loss 0.3912 | LR 2.1629e-06
2026-03-12 04:34:57 INFO Epoch 3 | Step 11900/15377 | Loss 0.3911 | LR 2.1674e-06
2026-03-12 04:35:20 INFO Epoch 3 | Step 11920/15377 | Loss 0.3910 | LR 2.1719e-06
2026-03-12 04:35:43 INFO Epoch 3 | Step 11940/15377 | Loss 0.3910 | LR 2.1764e-06
2026-03-12 04:36:06 INFO Epoch 3 | Step 11960/15377 | Loss 0.3910 | LR 2.1809e-06
2026-03-12 04:36:28 INFO Epoch 3 | Step 11980/15377 | Loss 0.3910 | LR 2.1854e-06
2026-03-12 04:36:51 INFO Epoch 3 | Step 12000/15377 | Loss 0.3909 | LR 2.1899e-06
2026-03-12 04:37:14 INFO Epoch 3 | Step 12020/15377 | Loss 0.3909 | LR 2.1944e-06
2026-03-12 04:37:36 INFO Epoch 3 | Step 12040/15377 | Loss 0.3908 | LR 2.1989e-06
2026-03-12 04:37:59 INFO Epoch 3 | Step 12060/15377 | Loss 0.3907 | LR 2.2035e-06
2026-03-12 04:38:22 INFO Epoch 3 | Step 12080/15377 | Loss 0.3907 | LR 2.2080e-06
2026-03-12 04:38:44 INFO Epoch 3 | Step 12100/15377 | Loss 0.3906 | LR 2.2126e-06
2026-03-12 04:39:07 INFO Epoch 3 | Step 12120/15377 | Loss 0.3905 | LR 2.2171e-06
2026-03-12 04:39:30 INFO Epoch 3 | Step 12140/15377 | Loss 0.3905 | LR 2.2217e-06
2026-03-12 04:39:52 INFO Epoch 3 | Step 12160/15377 | Loss 0.3904 | LR 2.2262e-06
2026-03-12 04:40:15 INFO Epoch 3 | Step 12180/15377 | Loss 0.3903 | LR 2.2308e-06
2026-03-12 04:40:38 INFO Epoch 3 | Step 12200/15377 | Loss 0.3903 | LR 2.2354e-06
2026-03-12 04:41:00 INFO Epoch 3 | Step 12220/15377 | Loss 0.3903 | LR 2.2400e-06
2026-03-12 04:41:23 INFO Epoch 3 | Step 12240/15377 | Loss 0.3902 | LR 2.2446e-06
2026-03-12 04:41:46 INFO Epoch 3 | Step 12260/15377 | Loss 0.3902 | LR 2.2492e-06
2026-03-12 04:42:08 INFO Epoch 3 | Step 12280/15377 | Loss 0.3901 | LR 2.2538e-06
2026-03-12 04:42:31 INFO Epoch 3 | Step 12300/15377 | Loss 0.3901 | LR 2.2584e-06
2026-03-12 04:42:54 INFO Epoch 3 | Step 12320/15377 | Loss 0.3900 | LR 2.2630e-06
2026-03-12 04:43:17 INFO Epoch 3 | Step 12340/15377 | Loss 0.3899 | LR 2.2677e-06
2026-03-12 04:43:39 INFO Epoch 3 | Step 12360/15377 | Loss 0.3898 | LR 2.2723e-06
2026-03-12 04:44:02 INFO Epoch 3 | Step 12380/15377 | Loss 0.3898 | LR 2.2769e-06
2026-03-12 04:44:25 INFO Epoch 3 | Step 12400/15377 | Loss 0.3898 | LR 2.2816e-06
2026-03-12 04:44:47 INFO Epoch 3 | Step 12420/15377 | Loss 0.3898 | LR 2.2862e-06
2026-03-12 04:45:10 INFO Epoch 3 | Step 12440/15377 | Loss 0.3897 | LR 2.2909e-06
2026-03-12 04:45:33 INFO Epoch 3 | Step 12460/15377 | Loss 0.3896 | LR 2.2956e-06
2026-03-12 04:45:56 INFO Epoch 3 | Step 12480/15377 | Loss 0.3896 | LR 2.3003e-06
2026-03-12 04:46:18 INFO Epoch 3 | Step 12500/15377 | Loss 0.3895 | LR 2.3049e-06
2026-03-12 04:46:41 INFO Epoch 3 | Step 12520/15377 | Loss 0.3895 | LR 2.3096e-06
2026-03-12 04:47:04 INFO Epoch 3 | Step 12540/15377 | Loss 0.3894 | LR 2.3143e-06
2026-03-12 04:47:26 INFO Epoch 3 | Step 12560/15377 | Loss 0.3894 | LR 2.3190e-06
2026-03-12 04:47:49 INFO Epoch 3 | Step 12580/15377 | Loss 0.3893 | LR 2.3237e-06
2026-03-12 04:48:12 INFO Epoch 3 | Step 12600/15377 | Loss 0.3893 | LR 2.3284e-06
2026-03-12 04:48:34 INFO Epoch 3 | Step 12620/15377 | Loss 0.3892 | LR 2.3332e-06
2026-03-12 04:48:57 INFO Epoch 3 | Step 12640/15377 | Loss 0.3892 | LR 2.3379e-06
2026-03-12 04:49:20 INFO Epoch 3 | Step 12660/15377 | Loss 0.3891 | LR 2.3426e-06
2026-03-12 04:49:42 INFO Epoch 3 | Step 12680/15377 | Loss 0.3890 | LR 2.3474e-06
2026-03-12 04:50:05 INFO Epoch 3 | Step 12700/15377 | Loss 0.3890 | LR 2.3521e-06
2026-03-12 04:50:28 INFO Epoch 3 | Step 12720/15377 | Loss 0.3890 | LR 2.3569e-06
2026-03-12 04:50:50 INFO Epoch 3 | Step 12740/15377 | Loss 0.3889 | LR 2.3616e-06
2026-03-12 04:51:13 INFO Epoch 3 | Step 12760/15377 | Loss 0.3888 | LR 2.3664e-06
2026-03-12 04:51:36 INFO Epoch 3 | Step 12780/15377 | Loss 0.3888 | LR 2.3712e-06
2026-03-12 04:51:59 INFO Epoch 3 | Step 12800/15377 | Loss 0.3887 | LR 2.3760e-06
2026-03-12 04:52:22 INFO Epoch 3 | Step 12820/15377 | Loss 0.3887 | LR 2.3808e-06
2026-03-12 04:52:44 INFO Epoch 3 | Step 12840/15377 | Loss 0.3886 | LR 2.3856e-06
2026-03-12 04:53:07 INFO Epoch 3 | Step 12860/15377 | Loss 0.3885 | LR 2.3904e-06
2026-03-12 04:53:30 INFO Epoch 3 | Step 12880/15377 | Loss 0.3885 | LR 2.3952e-06
2026-03-12 04:53:53 INFO Epoch 3 | Step 12900/15377 | Loss 0.3884 | LR 2.4000e-06
2026-03-12 04:54:16 INFO Epoch 3 | Step 12920/15377 | Loss 0.3884 | LR 2.4048e-06
2026-03-12 04:54:38 INFO Epoch 3 | Step 12940/15377 | Loss 0.3883 | LR 2.4096e-06
2026-03-12 04:55:01 INFO Epoch 3 | Step 12960/15377 | Loss 0.3883 | LR 2.4145e-06
2026-03-12 04:55:24 INFO Epoch 3 | Step 12980/15377 | Loss 0.3882 | LR 2.4193e-06
2026-03-12 04:55:46 INFO Epoch 3 | Step 13000/15377 | Loss 0.3882 | LR 2.4242e-06
2026-03-12 04:56:09 INFO Epoch 3 | Step 13020/15377 | Loss 0.3881 | LR 2.4290e-06
2026-03-12 04:56:32 INFO Epoch 3 | Step 13040/15377 | Loss 0.3881 | LR 2.4339e-06
2026-03-12 04:56:54 INFO Epoch 3 | Step 13060/15377 | Loss 0.3881 | LR 2.4387e-06
2026-03-12 04:57:17 INFO Epoch 3 | Step 13080/15377 | Loss 0.3880 | LR 2.4436e-06
2026-03-12 04:57:40 INFO Epoch 3 | Step 13100/15377 | Loss 0.3879 | LR 2.4485e-06
2026-03-12 04:58:02 INFO Epoch 3 | Step 13120/15377 | Loss 0.3879 | LR 2.4534e-06
2026-03-12 04:58:25 INFO Epoch 3 | Step 13140/15377 | Loss 0.3879 | LR 2.4583e-06
2026-03-12 04:58:48 INFO Epoch 3 | Step 13160/15377 | Loss 0.3878 | LR 2.4632e-06
2026-03-12 04:59:10 INFO Epoch 3 | Step 13180/15377 | Loss 0.3878 | LR 2.4681e-06
2026-03-12 04:59:33 INFO Epoch 3 | Step 13200/15377 | Loss 0.3878 | LR 2.4730e-06
2026-03-12 04:59:56 INFO Epoch 3 | Step 13220/15377 | Loss 0.3877 | LR 2.4779e-06
2026-03-12 05:00:18 INFO Epoch 3 | Step 13240/15377 | Loss 0.3877 | LR 2.4828e-06
2026-03-12 05:00:41 INFO Epoch 3 | Step 13260/15377 | Loss 0.3876 | LR 2.4878e-06
2026-03-12 05:01:04 INFO Epoch 3 | Step 13280/15377 | Loss 0.3876 | LR 2.4927e-06
2026-03-12 05:01:26 INFO Epoch 3 | Step 13300/15377 | Loss 0.3875 | LR 2.4977e-06
2026-03-12 05:01:49 INFO Epoch 3 | Step 13320/15377 | Loss 0.3875 | LR 2.5026e-06
2026-03-12 05:02:12 INFO Epoch 3 | Step 13340/15377 | Loss 0.3874 | LR 2.5076e-06
2026-03-12 05:02:34 INFO Epoch 3 | Step 13360/15377 | Loss 0.3874 | LR 2.5125e-06
2026-03-12 05:02:57 INFO Epoch 3 | Step 13380/15377 | Loss 0.3873 | LR 2.5175e-06
2026-03-12 05:03:20 INFO Epoch 3 | Step 13400/15377 | Loss 0.3873 | LR 2.5225e-06
2026-03-12 05:03:42 INFO Epoch 3 | Step 13420/15377 | Loss 0.3873 | LR 2.5275e-06
2026-03-12 05:04:05 INFO Epoch 3 | Step 13440/15377 | Loss 0.3872 | LR 2.5325e-06
2026-03-12 05:04:28 INFO Epoch 3 | Step 13460/15377 | Loss 0.3872 | LR 2.5375e-06
2026-03-12 05:04:50 INFO Epoch 3 | Step 13480/15377 | Loss 0.3871 | LR 2.5425e-06
2026-03-12 05:05:13 INFO Epoch 3 | Step 13500/15377 | Loss 0.3871 | LR 2.5475e-06
2026-03-12 05:05:36 INFO Epoch 3 | Step 13520/15377 | Loss 0.3870 | LR 2.5525e-06
2026-03-12 05:05:59 INFO Epoch 3 | Step 13540/15377 | Loss 0.3870 | LR 2.5575e-06
2026-03-12 05:06:21 INFO Epoch 3 | Step 13560/15377 | Loss 0.3870 | LR 2.5626e-06
2026-03-12 05:06:44 INFO Epoch 3 | Step 13580/15377 | Loss 0.3869 | LR 2.5676e-06
2026-03-12 05:07:07 INFO Epoch 3 | Step 13600/15377 | Loss 0.3869 | LR 2.5726e-06
2026-03-12 05:07:29 INFO Epoch 3 | Step 13620/15377 | Loss 0.3868 | LR 2.5777e-06
2026-03-12 05:07:52 INFO Epoch 3 | Step 13640/15377 | Loss 0.3868 | LR 2.5827e-06
2026-03-12 05:08:14 INFO Epoch 3 | Step 13660/15377 | Loss 0.3867 | LR 2.5878e-06
2026-03-12 05:08:37 INFO Epoch 3 | Step 13680/15377 | Loss 0.3866 | LR 2.5929e-06
2026-03-12 05:09:00 INFO Epoch 3 | Step 13700/15377 | Loss 0.3866 | LR 2.5980e-06
2026-03-12 05:09:22 INFO Epoch 3 | Step 13720/15377 | Loss 0.3865 | LR 2.6030e-06
2026-03-12 05:09:45 INFO Epoch 3 | Step 13740/15377 | Loss 0.3865 | LR 2.6081e-06
2026-03-12 05:10:08 INFO Epoch 3 | Step 13760/15377 | Loss 0.3864 | LR 2.6132e-06
2026-03-12 05:10:30 INFO Epoch 3 | Step 13780/15377 | Loss 0.3864 | LR 2.6183e-06
2026-03-12 05:10:53 INFO Epoch 3 | Step 13800/15377 | Loss 0.3863 | LR 2.6234e-06
2026-03-12 05:11:16 INFO Epoch 3 | Step 13820/15377 | Loss 0.3863 | LR 2.6285e-06
2026-03-12 05:11:39 INFO Epoch 3 | Step 13840/15377 | Loss 0.3862 | LR 2.6337e-06
2026-03-12 05:12:01 INFO Epoch 3 | Step 13860/15377 | Loss 0.3861 | LR 2.6388e-06
2026-03-12 05:12:24 INFO Epoch 3 | Step 13880/15377 | Loss 0.3861 | LR 2.6439e-06
2026-03-12 05:12:47 INFO Epoch 3 | Step 13900/15377 | Loss 0.3860 | LR 2.6491e-06
2026-03-12 05:13:09 INFO Epoch 3 | Step 13920/15377 | Loss 0.3860 | LR 2.6542e-06
2026-03-12 05:13:32 INFO Epoch 3 | Step 13940/15377 | Loss 0.3859 | LR 2.6594e-06
2026-03-12 05:13:55 INFO Epoch 3 | Step 13960/15377 | Loss 0.3858 | LR 2.6645e-06
2026-03-12 05:14:17 INFO Epoch 3 | Step 13980/15377 | Loss 0.3858 | LR 2.6697e-06
2026-03-12 05:14:39 INFO Epoch 3 | Step 14000/15377 | Loss 0.3858 | LR 2.6749e-06
2026-03-12 05:15:02 INFO Epoch 3 | Step 14020/15377 | Loss 0.3857 | LR 2.6800e-06
2026-03-12 05:15:24 INFO Epoch 3 | Step 14040/15377 | Loss 0.3856 | LR 2.6852e-06
2026-03-12 05:15:47 INFO Epoch 3 | Step 14060/15377 | Loss 0.3855 | LR 2.6904e-06
2026-03-12 05:16:09 INFO Epoch 3 | Step 14080/15377 | Loss 0.3855 | LR 2.6956e-06
2026-03-12 05:16:32 INFO Epoch 3 | Step 14100/15377 | Loss 0.3855 | LR 2.7008e-06
2026-03-12 05:16:54 INFO Epoch 3 | Step 14120/15377 | Loss 0.3855 | LR 2.7060e-06
2026-03-12 05:17:16 INFO Epoch 3 | Step 14140/15377 | Loss 0.3854 | LR 2.7112e-06
2026-03-12 05:17:39 INFO Epoch 3 | Step 14160/15377 | Loss 0.3854 | LR 2.7165e-06
2026-03-12 05:18:01 INFO Epoch 3 | Step 14180/15377 | Loss 0.3853 | LR 2.7217e-06
2026-03-12 05:18:22 INFO Epoch 3 | Step 14200/15377 | Loss 0.3853 | LR 2.7269e-06
2026-03-12 05:18:44 INFO Epoch 3 | Step 14220/15377 | Loss 0.3852 | LR 2.7322e-06
2026-03-12 05:19:06 INFO Epoch 3 | Step 14240/15377 | Loss 0.3851 | LR 2.7374e-06
2026-03-12 05:19:28 INFO Epoch 3 | Step 14260/15377 | Loss 0.3850 | LR 2.7427e-06
2026-03-12 05:19:50 INFO Epoch 3 | Step 14280/15377 | Loss 0.3850 | LR 2.7479e-06
2026-03-12 05:20:12 INFO Epoch 3 | Step 14300/15377 | Loss 0.3849 | LR 2.7532e-06
2026-03-12 05:20:35 INFO Epoch 3 | Step 14320/15377 | Loss 0.3849 | LR 2.7585e-06
2026-03-12 05:20:57 INFO Epoch 3 | Step 14340/15377 | Loss 0.3848 | LR 2.7638e-06
2026-03-12 05:21:19 INFO Epoch 3 | Step 14360/15377 | Loss 0.3848 | LR 2.7690e-06
2026-03-12 05:21:42 INFO Epoch 3 | Step 14380/15377 | Loss 0.3847 | LR 2.7743e-06
2026-03-12 05:22:04 INFO Epoch 3 | Step 14400/15377 | Loss 0.3847 | LR 2.7796e-06
2026-03-12 05:22:26 INFO Epoch 3 | Step 14420/15377 | Loss 0.3847 | LR 2.7849e-06
2026-03-12 05:22:48 INFO Epoch 3 | Step 14440/15377 | Loss 0.3846 | LR 2.7903e-06
2026-03-12 05:23:11 INFO Epoch 3 | Step 14460/15377 | Loss 0.3846 | LR 2.7956e-06
2026-03-12 05:23:33 INFO Epoch 3 | Step 14480/15377 | Loss 0.3845 | LR 2.8009e-06
2026-03-12 05:23:55 INFO Epoch 3 | Step 14500/15377 | Loss 0.3844 | LR 2.8062e-06
2026-03-12 05:24:18 INFO Epoch 3 | Step 14520/15377 | Loss 0.3843 | LR 2.8116e-06
2026-03-12 05:24:40 INFO Epoch 3 | Step 14540/15377 | Loss 0.3843 | LR 2.8169e-06
2026-03-12 05:25:02 INFO Epoch 3 | Step 14560/15377 | Loss 0.3842 | LR 2.8223e-06
2026-03-12 05:25:25 INFO Epoch 3 | Step 14580/15377 | Loss 0.3842 | LR 2.8276e-06
2026-03-12 05:25:47 INFO Epoch 3 | Step 14600/15377 | Loss 0.3841 | LR 2.8330e-06
2026-03-12 05:26:09 INFO Epoch 3 | Step 14620/15377 | Loss 0.3841 | LR 2.8383e-06
2026-03-12 05:26:32 INFO Epoch 3 | Step 14640/15377 | Loss 0.3840 | LR 2.8437e-06
2026-03-12 05:26:54 INFO Epoch 3 | Step 14660/15377 | Loss 0.3839 | LR 2.8491e-06
2026-03-12 05:27:16 INFO Epoch 3 | Step 14680/15377 | Loss 0.3838 | LR 2.8545e-06
2026-03-12 05:27:39 INFO Epoch 3 | Step 14700/15377 | Loss 0.3838 | LR 2.8599e-06
2026-03-12 05:28:01 INFO Epoch 3 | Step 14720/15377 | Loss 0.3837 | LR 2.8653e-06
2026-03-12 05:28:23 INFO Epoch 3 | Step 14740/15377 | Loss 0.3837 | LR 2.8707e-06
2026-03-12 05:28:46 INFO Epoch 3 | Step 14760/15377 | Loss 0.3837 | LR 2.8761e-06
2026-03-12 05:29:08 INFO Epoch 3 | Step 14780/15377 | Loss 0.3836 | LR 2.8815e-06
2026-03-12 05:29:30 INFO Epoch 3 | Step 14800/15377 | Loss 0.3836 | LR 2.8869e-06
2026-03-12 05:29:52 INFO Epoch 3 | Step 14820/15377 | Loss 0.3835 | LR 2.8924e-06
2026-03-12 05:30:15 INFO Epoch 3 | Step 14840/15377 | Loss 0.3834 | LR 2.8978e-06
2026-03-12 05:30:37 INFO Epoch 3 | Step 14860/15377 | Loss 0.3834 | LR 2.9032e-06
2026-03-12 05:30:59 INFO Epoch 3 | Step 14880/15377 | Loss 0.3833 | LR 2.9087e-06
2026-03-12 05:31:22 INFO Epoch 3 | Step 14900/15377 | Loss 0.3833 | LR 2.9141e-06
2026-03-12 05:31:44 INFO Epoch 3 | Step 14920/15377 | Loss 0.3833 | LR 2.9196e-06
2026-03-12 05:32:06 INFO Epoch 3 | Step 14940/15377 | Loss 0.3832 | LR 2.9251e-06
2026-03-12 05:32:29 INFO Epoch 3 | Step 14960/15377 | Loss 0.3832 | LR 2.9305e-06
2026-03-12 05:32:51 INFO Epoch 3 | Step 14980/15377 | Loss 0.3831 | LR 2.9360e-06
2026-03-12 05:33:13 INFO Epoch 3 | Step 15000/15377 | Loss 0.3831 | LR 2.9415e-06
2026-03-12 05:33:36 INFO Epoch 3 | Step 15020/15377 | Loss 0.3830 | LR 2.9470e-06
2026-03-12 05:33:58 INFO Epoch 3 | Step 15040/15377 | Loss 0.3830 | LR 2.9525e-06
2026-03-12 05:34:20 INFO Epoch 3 | Step 15060/15377 | Loss 0.3830 | LR 2.9580e-06
2026-03-12 05:34:42 INFO Epoch 3 | Step 15080/15377 | Loss 0.3830 | LR 2.9635e-06
2026-03-12 05:35:04 INFO Epoch 3 | Step 15100/15377 | Loss 0.3829 | LR 2.9690e-06
2026-03-12 05:35:27 INFO Epoch 3 | Step 15120/15377 | Loss 0.3828 | LR 2.9745e-06
2026-03-12 05:35:49 INFO Epoch 3 | Step 15140/15377 | Loss 0.3828 | LR 2.9801e-06
2026-03-12 05:36:11 INFO Epoch 3 | Step 15160/15377 | Loss 0.3827 | LR 2.9856e-06
2026-03-12 05:36:34 INFO Epoch 3 | Step 15180/15377 | Loss 0.3827 | LR 2.9911e-06
2026-03-12 05:36:56 INFO Epoch 3 | Step 15200/15377 | Loss 0.3826 | LR 2.9967e-06
2026-03-12 05:37:18 INFO Epoch 3 | Step 15220/15377 | Loss 0.3826 | LR 3.0022e-06
2026-03-12 05:37:41 INFO Epoch 3 | Step 15240/15377 | Loss 0.3825 | LR 3.0078e-06
2026-03-12 05:38:03 INFO Epoch 3 | Step 15260/15377 | Loss 0.3825 | LR 3.0134e-06
2026-03-12 05:38:25 INFO Epoch 3 | Step 15280/15377 | Loss 0.3824 | LR 3.0189e-06
2026-03-12 05:38:48 INFO Epoch 3 | Step 15300/15377 | Loss 0.3824 | LR 3.0245e-06
2026-03-12 05:39:10 INFO Epoch 3 | Step 15320/15377 | Loss 0.3824 | LR 3.0301e-06
2026-03-12 05:39:32 INFO Epoch 3 | Step 15340/15377 | Loss 0.3823 | LR 3.0357e-06
2026-03-12 05:39:55 INFO Epoch 3 | Step 15360/15377 | Loss 0.3823 | LR 3.0413e-06
2026-03-12 05:40:13 INFO Epoch 3 | Step 15377/15377 | Loss 0.3822 | LR 3.0460e-06
2026-03-12 06:23:07 INFO CSV Written | Epoch: 3
2026-03-12 06:23:07 INFO Best Saved | Epoch: 3 | Monitor: val_auprc | Value: 0.2446
2026-03-12 06:23:07 INFO Epoch Done | Epoch: 3 | Time: 19916.5752 | Train Loss: 0.3822 | Val Accuracy: 0.9274 | Val AUPRC: 0.2446 | Val Auroc: 0.9490 | Val F1: 0.3121 | Val Loss: 0.3385
2026-03-12 06:23:07 INFO Epoch Start | Epoch: 4
2026-03-12 06:23:34 INFO Epoch 4 | Step 1/2562 | Loss 0.7230 | LR 3.0463e-06
2026-03-12 06:25:07 INFO Epoch 4 | Step 20/2562 | Loss 0.5721 | LR 3.0516e-06
2026-03-12 06:26:41 INFO Epoch 4 | Step 40/2562 | Loss 0.5315 | LR 3.0573e-06
2026-03-12 06:28:16 INFO Epoch 4 | Step 60/2562 | Loss 0.5202 | LR 3.0629e-06
2026-03-12 06:29:52 INFO Epoch 4 | Step 80/2562 | Loss 0.5144 | LR 3.0685e-06
2026-03-12 06:31:26 INFO Epoch 4 | Step 100/2562 | Loss 0.5083 | LR 3.0741e-06
2026-03-12 06:33:03 INFO Epoch 4 | Step 120/2562 | Loss 0.5048 | LR 3.0798e-06
2026-03-12 06:34:37 INFO Epoch 4 | Step 140/2562 | Loss 0.5037 | LR 3.0854e-06
2026-03-12 06:36:11 INFO Epoch 4 | Step 160/2562 | Loss 0.5006 | LR 3.0911e-06
2026-03-12 06:37:45 INFO Epoch 4 | Step 180/2562 | Loss 0.4991 | LR 3.0967e-06
2026-03-12 06:39:19 INFO Epoch 4 | Step 200/2562 | Loss 0.4989 | LR 3.1024e-06
2026-03-12 06:40:53 INFO Epoch 4 | Step 220/2562 | Loss 0.4984 | LR 3.1080e-06
2026-03-12 06:42:28 INFO Epoch 4 | Step 240/2562 | Loss 0.4963 | LR 3.1137e-06
2026-03-12 06:44:01 INFO Epoch 4 | Step 260/2562 | Loss 0.4951 | LR 3.1194e-06
2026-03-12 06:45:36 INFO Epoch 4 | Step 280/2562 | Loss 0.4948 | LR 3.1251e-06
2026-03-12 06:47:11 INFO Epoch 4 | Step 300/2562 | Loss 0.4942 | LR 3.1308e-06
2026-03-12 06:48:44 INFO Epoch 4 | Step 320/2562 | Loss 0.4932 | LR 3.1365e-06
2026-03-12 06:50:19 INFO Epoch 4 | Step 340/2562 | Loss 0.4924 | LR 3.1422e-06
2026-03-12 06:51:52 INFO Epoch 4 | Step 360/2562 | Loss 0.4917 | LR 3.1479e-06
2026-03-12 06:53:26 INFO Epoch 4 | Step 380/2562 | Loss 0.4909 | LR 3.1536e-06
2026-03-12 06:55:00 INFO Epoch 4 | Step 400/2562 | Loss 0.4907 | LR 3.1593e-06
2026-03-12 06:56:34 INFO Epoch 4 | Step 420/2562 | Loss 0.4905 | LR 3.1650e-06
2026-03-12 06:58:09 INFO Epoch 4 | Step 440/2562 | Loss 0.4902 | LR 3.1708e-06
2026-03-12 06:59:43 INFO Epoch 4 | Step 460/2562 | Loss 0.4895 | LR 3.1765e-06
2026-03-12 07:01:16 INFO Epoch 4 | Step 480/2562 | Loss 0.4888 | LR 3.1823e-06
2026-03-12 07:02:50 INFO Epoch 4 | Step 500/2562 | Loss 0.4885 | LR 3.1880e-06
2026-03-12 07:04:22 INFO Epoch 4 | Step 520/2562 | Loss 0.4882 | LR 3.1938e-06
2026-03-12 07:05:55 INFO Epoch 4 | Step 540/2562 | Loss 0.4876 | LR 3.1995e-06
2026-03-12 07:07:29 INFO Epoch 4 | Step 560/2562 | Loss 0.4876 | LR 3.2053e-06
2026-03-12 07:09:02 INFO Epoch 4 | Step 580/2562 | Loss 0.4872 | LR 3.2111e-06
2026-03-12 07:10:35 INFO Epoch 4 | Step 600/2562 | Loss 0.4873 | LR 3.2168e-06
2026-03-12 07:12:08 INFO Epoch 4 | Step 620/2562 | Loss 0.4871 | LR 3.2226e-06
2026-03-12 07:13:41 INFO Epoch 4 | Step 640/2562 | Loss 0.4870 | LR 3.2284e-06
2026-03-12 07:15:13 INFO Epoch 4 | Step 660/2562 | Loss 0.4866 | LR 3.2342e-06
2026-03-12 07:16:47 INFO Epoch 4 | Step 680/2562 | Loss 0.4862 | LR 3.2400e-06
2026-03-12 07:18:20 INFO Epoch 4 | Step 700/2562 | Loss 0.4861 | LR 3.2458e-06
2026-03-12 07:19:54 INFO Epoch 4 | Step 720/2562 | Loss 0.4859 | LR 3.2516e-06
2026-03-12 07:21:27 INFO Epoch 4 | Step 740/2562 | Loss 0.4858 | LR 3.2575e-06
2026-03-12 07:23:00 INFO Epoch 4 | Step 760/2562 | Loss 0.4856 | LR 3.2633e-06
2026-03-12 07:24:33 INFO Epoch 4 | Step 780/2562 | Loss 0.4850 | LR 3.2691e-06
2026-03-12 07:26:05 INFO Epoch 4 | Step 800/2562 | Loss 0.4850 | LR 3.2750e-06
2026-03-12 07:27:39 INFO Epoch 4 | Step 820/2562 | Loss 0.4848 | LR 3.2808e-06
2026-03-12 07:29:13 INFO Epoch 4 | Step 840/2562 | Loss 0.4847 | LR 3.2867e-06
2026-03-12 07:30:45 INFO Epoch 4 | Step 860/2562 | Loss 0.4844 | LR 3.2925e-06
2026-03-12 07:32:19 INFO Epoch 4 | Step 880/2562 | Loss 0.4843 | LR 3.2984e-06
2026-03-12 07:33:52 INFO Epoch 4 | Step 900/2562 | Loss 0.4843 | LR 3.3043e-06
2026-03-12 07:35:26 INFO Epoch 4 | Step 920/2562 | Loss 0.4837 | LR 3.3101e-06
2026-03-12 07:37:00 INFO Epoch 4 | Step 940/2562 | Loss 0.4836 | LR 3.3160e-06
2026-03-12 07:38:34 INFO Epoch 4 | Step 960/2562 | Loss 0.4833 | LR 3.3219e-06
2026-03-12 07:40:08 INFO Epoch 4 | Step 980/2562 | Loss 0.4831 | LR 3.3278e-06
2026-03-12 07:41:41 INFO Epoch 4 | Step 1000/2562 | Loss 0.4828 | LR 3.3337e-06
2026-03-12 07:43:15 INFO Epoch 4 | Step 1020/2562 | Loss 0.4827 | LR 3.3396e-06
2026-03-12 07:44:48 INFO Epoch 4 | Step 1040/2562 | Loss 0.4825 | LR 3.3455e-06
2026-03-12 07:46:21 INFO Epoch 4 | Step 1060/2562 | Loss 0.4826 | LR 3.3514e-06
2026-03-12 07:47:55 INFO Epoch 4 | Step 1080/2562 | Loss 0.4824 | LR 3.3573e-06
2026-03-12 07:49:29 INFO Epoch 4 | Step 1100/2562 | Loss 0.4824 | LR 3.3633e-06
2026-03-12 07:51:03 INFO Epoch 4 | Step 1120/2562 | Loss 0.4819 | LR 3.3692e-06
2026-03-12 07:52:36 INFO Epoch 4 | Step 1140/2562 | Loss 0.4815 | LR 3.3751e-06
2026-03-12 07:54:10 INFO Epoch 4 | Step 1160/2562 | Loss 0.4814 | LR 3.3811e-06
2026-03-12 07:55:44 INFO Epoch 4 | Step 1180/2562 | Loss 0.4812 | LR 3.3870e-06
2026-03-12 07:57:18 INFO Epoch 4 | Step 1200/2562 | Loss 0.4810 | LR 3.3930e-06
2026-03-12 07:58:51 INFO Epoch 4 | Step 1220/2562 | Loss 0.4810 | LR 3.3989e-06
2026-03-12 08:00:23 INFO Epoch 4 | Step 1240/2562 | Loss 0.4806 | LR 3.4049e-06
2026-03-12 08:01:57 INFO Epoch 4 | Step 1260/2562 | Loss 0.4806 | LR 3.4109e-06
2026-03-12 08:03:31 INFO Epoch 4 | Step 1280/2562 | Loss 0.4803 | LR 3.4169e-06
2026-03-12 08:05:04 INFO Epoch 4 | Step 1300/2562 | Loss 0.4801 | LR 3.4228e-06
2026-03-12 08:06:37 INFO Epoch 4 | Step 1320/2562 | Loss 0.4801 | LR 3.4288e-06
2026-03-12 08:08:11 INFO Epoch 4 | Step 1340/2562 | Loss 0.4798 | LR 3.4348e-06
2026-03-12 08:09:44 INFO Epoch 4 | Step 1360/2562 | Loss 0.4796 | LR 3.4408e-06
2026-03-12 08:11:16 INFO Epoch 4 | Step 1380/2562 | Loss 0.4793 | LR 3.4468e-06
2026-03-12 08:12:54 INFO Epoch 4 | Step 1400/2562 | Loss 0.4792 | LR 3.4529e-06
2026-03-12 08:14:32 INFO Epoch 4 | Step 1420/2562 | Loss 0.4786 | LR 3.4589e-06
2026-03-12 08:16:09 INFO Epoch 4 | Step 1440/2562 | Loss 0.4785 | LR 3.4649e-06
2026-03-12 08:17:46 INFO Epoch 4 | Step 1460/2562 | Loss 0.4783 | LR 3.4709e-06
2026-03-12 08:19:22 INFO Epoch 4 | Step 1480/2562 | Loss 0.4785 | LR 3.4770e-06
2026-03-12 08:20:59 INFO Epoch 4 | Step 1500/2562 | Loss 0.4783 | LR 3.4830e-06
2026-03-12 08:22:35 INFO Epoch 4 | Step 1520/2562 | Loss 0.4783 | LR 3.4891e-06
2026-03-12 08:24:12 INFO Epoch 4 | Step 1540/2562 | Loss 0.4781 | LR 3.4951e-06
2026-03-12 08:25:48 INFO Epoch 4 | Step 1560/2562 | Loss 0.4779 | LR 3.5012e-06
2026-03-12 08:27:25 INFO Epoch 4 | Step 1580/2562 | Loss 0.4778 | LR 3.5072e-06
2026-03-12 08:29:01 INFO Epoch 4 | Step 1600/2562 | Loss 0.4775 | LR 3.5133e-06
2026-03-12 08:30:37 INFO Epoch 4 | Step 1620/2562 | Loss 0.4769 | LR 3.5194e-06
2026-03-12 08:32:14 INFO Epoch 4 | Step 1640/2562 | Loss 0.4767 | LR 3.5255e-06
2026-03-12 08:33:50 INFO Epoch 4 | Step 1660/2562 | Loss 0.4766 | LR 3.5315e-06
2026-03-12 08:35:27 INFO Epoch 4 | Step 1680/2562 | Loss 0.4765 | LR 3.5376e-06
2026-03-12 08:37:03 INFO Epoch 4 | Step 1700/2562 | Loss 0.4763 | LR 3.5437e-06
2026-03-12 08:38:40 INFO Epoch 4 | Step 1720/2562 | Loss 0.4761 | LR 3.5498e-06
2026-03-12 08:40:16 INFO Epoch 4 | Step 1740/2562 | Loss 0.4759 | LR 3.5560e-06
2026-03-12 08:41:52 INFO Epoch 4 | Step 1760/2562 | Loss 0.4755 | LR 3.5621e-06
2026-03-12 08:43:28 INFO Epoch 4 | Step 1780/2562 | Loss 0.4752 | LR 3.5682e-06
2026-03-12 08:45:03 INFO Epoch 4 | Step 1800/2562 | Loss 0.4749 | LR 3.5743e-06
2026-03-12 08:46:40 INFO Epoch 4 | Step 1820/2562 | Loss 0.4745 | LR 3.5805e-06
2026-03-12 08:48:10 INFO Epoch 4 | Step 1840/2562 | Loss 0.4743 | LR 3.5866e-06
2026-03-12 08:49:40 INFO Epoch 4 | Step 1860/2562 | Loss 0.4740 | LR 3.5927e-06
2026-03-12 08:51:12 INFO Epoch 4 | Step 1880/2562 | Loss 0.4735 | LR 3.5989e-06
2026-03-12 08:52:43 INFO Epoch 4 | Step 1900/2562 | Loss 0.4732 | LR 3.6050e-06
2026-03-12 08:54:16 INFO Epoch 4 | Step 1920/2562 | Loss 0.4730 | LR 3.6112e-06
2026-03-12 08:55:48 INFO Epoch 4 | Step 1940/2562 | Loss 0.4727 | LR 3.6174e-06
2026-03-12 08:57:20 INFO Epoch 4 | Step 1960/2562 | Loss 0.4725 | LR 3.6235e-06
2026-03-12 08:58:52 INFO Epoch 4 | Step 1980/2562 | Loss 0.4725 | LR 3.6297e-06
2026-03-12 09:00:24 INFO Epoch 4 | Step 2000/2562 | Loss 0.4722 | LR 3.6359e-06
2026-03-12 09:01:57 INFO Epoch 4 | Step 2020/2562 | Loss 0.4718 | LR 3.6421e-06
2026-03-12 09:03:29 INFO Epoch 4 | Step 2040/2562 | Loss 0.4716 | LR 3.6483e-06
2026-03-12 09:05:02 INFO Epoch 4 | Step 2060/2562 | Loss 0.4711 | LR 3.6545e-06
2026-03-12 09:06:35 INFO Epoch 4 | Step 2080/2562 | Loss 0.4708 | LR 3.6607e-06
2026-03-12 09:08:08 INFO Epoch 4 | Step 2100/2562 | Loss 0.4706 | LR 3.6669e-06
2026-03-12 09:09:40 INFO Epoch 4 | Step 2120/2562 | Loss 0.4703 | LR 3.6731e-06
2026-03-12 09:11:12 INFO Epoch 4 | Step 2140/2562 | Loss 0.4699 | LR 3.6793e-06
2026-03-12 09:12:45 INFO Epoch 4 | Step 2160/2562 | Loss 0.4698 | LR 3.6856e-06
2026-03-12 09:14:17 INFO Epoch 4 | Step 2180/2562 | Loss 0.4695 | LR 3.6918e-06
2026-03-12 09:15:50 INFO Epoch 4 | Step 2200/2562 | Loss 0.4691 | LR 3.6980e-06
2026-03-12 09:17:23 INFO Epoch 4 | Step 2220/2562 | Loss 0.4688 | LR 3.7043e-06
2026-03-12 09:18:56 INFO Epoch 4 | Step 2240/2562 | Loss 0.4686 | LR 3.7105e-06
2026-03-12 09:20:28 INFO Epoch 4 | Step 2260/2562 | Loss 0.4683 | LR 3.7168e-06
2026-03-12 09:22:03 INFO Epoch 4 | Step 2280/2562 | Loss 0.4680 | LR 3.7230e-06
2026-03-12 09:23:36 INFO Epoch 4 | Step 2300/2562 | Loss 0.4677 | LR 3.7293e-06
2026-03-12 09:25:09 INFO Epoch 4 | Step 2320/2562 | Loss 0.4675 | LR 3.7356e-06
2026-03-12 09:26:44 INFO Epoch 4 | Step 2340/2562 | Loss 0.4673 | LR 3.7419e-06
2026-03-12 09:28:18 INFO Epoch 4 | Step 2360/2562 | Loss 0.4670 | LR 3.7481e-06
2026-03-12 09:29:51 INFO Epoch 4 | Step 2380/2562 | Loss 0.4668 | LR 3.7544e-06
2026-03-12 09:31:24 INFO Epoch 4 | Step 2400/2562 | Loss 0.4664 | LR 3.7607e-06
2026-03-12 09:32:57 INFO Epoch 4 | Step 2420/2562 | Loss 0.4661 | LR 3.7670e-06
2026-03-12 09:34:31 INFO Epoch 4 | Step 2440/2562 | Loss 0.4657 | LR 3.7733e-06
2026-03-12 09:36:04 INFO Epoch 4 | Step 2460/2562 | Loss 0.4652 | LR 3.7796e-06
2026-03-12 09:37:36 INFO Epoch 4 | Step 2480/2562 | Loss 0.4648 | LR 3.7859e-06
2026-03-12 09:39:09 INFO Epoch 4 | Step 2500/2562 | Loss 0.4645 | LR 3.7923e-06
2026-03-12 09:40:43 INFO Epoch 4 | Step 2520/2562 | Loss 0.4641 | LR 3.7986e-06
2026-03-12 09:42:16 INFO Epoch 4 | Step 2540/2562 | Loss 0.4636 | LR 3.8049e-06
2026-03-12 09:43:49 INFO Epoch 4 | Step 2560/2562 | Loss 0.4635 | LR 3.8113e-06
2026-03-12 09:43:58 INFO Epoch 4 | Step 2562/2562 | Loss 0.4635 | LR 3.8119e-06
2026-03-12 10:26:31 INFO CSV Written | Epoch: 4
2026-03-12 10:26:31 INFO Best Saved | Epoch: 4 | Monitor: val_auprc | Value: 0.5338
2026-03-12 10:26:31 INFO Epoch Done | Epoch: 4 | Time: 14603.3992 | Train Loss: 0.4635 | Val Accuracy: 0.9815 | Val AUPRC: 0.5338 | Val Auroc: 0.9665 | Val F1: 0.4068 | Val Loss: 0.3864
2026-03-12 10:26:31 INFO Epoch Start | Epoch: 5
2026-03-12 10:27:00 INFO Epoch 5 | Step 1/2562 | Loss 0.4276 | LR 3.8122e-06
2026-03-12 10:28:28 INFO Epoch 5 | Step 20/2562 | Loss 0.3859 | LR 3.8182e-06
2026-03-12 10:30:00 INFO Epoch 5 | Step 40/2562 | Loss 0.4011 | LR 3.8246e-06
2026-03-12 10:31:32 INFO Epoch 5 | Step 60/2562 | Loss 0.3986 | LR 3.8309e-06
2026-03-12 10:33:03 INFO Epoch 5 | Step 80/2562 | Loss 0.4017 | LR 3.8373e-06
2026-03-12 10:34:35 INFO Epoch 5 | Step 100/2562 | Loss 0.4048 | LR 3.8437e-06
2026-03-12 10:36:06 INFO Epoch 5 | Step 120/2562 | Loss 0.4088 | LR 3.8500e-06
2026-03-12 10:37:39 INFO Epoch 5 | Step 140/2562 | Loss 0.4109 | LR 3.8564e-06
2026-03-12 10:39:11 INFO Epoch 5 | Step 160/2562 | Loss 0.4100 | LR 3.8628e-06
2026-03-12 10:40:43 INFO Epoch 5 | Step 180/2562 | Loss 0.4120 | LR 3.8692e-06
2026-03-12 10:42:16 INFO Epoch 5 | Step 200/2562 | Loss 0.4095 | LR 3.8756e-06
2026-03-12 10:43:48 INFO Epoch 5 | Step 220/2562 | Loss 0.4085 | LR 3.8820e-06
2026-03-12 10:45:20 INFO Epoch 5 | Step 240/2562 | Loss 0.4069 | LR 3.8884e-06
2026-03-12 10:46:52 INFO Epoch 5 | Step 260/2562 | Loss 0.4057 | LR 3.8948e-06
2026-03-12 10:48:24 INFO Epoch 5 | Step 280/2562 | Loss 0.4052 | LR 3.9012e-06
2026-03-12 10:49:57 INFO Epoch 5 | Step 300/2562 | Loss 0.4044 | LR 3.9076e-06
2026-03-12 10:51:28 INFO Epoch 5 | Step 320/2562 | Loss 0.4045 | LR 3.9140e-06
2026-03-12 10:53:00 INFO Epoch 5 | Step 340/2562 | Loss 0.4047 | LR 3.9205e-06
2026-03-12 10:54:33 INFO Epoch 5 | Step 360/2562 | Loss 0.4055 | LR 3.9269e-06
2026-03-12 10:56:05 INFO Epoch 5 | Step 380/2562 | Loss 0.4053 | LR 3.9333e-06
2026-03-12 10:57:37 INFO Epoch 5 | Step 400/2562 | Loss 0.4060 | LR 3.9398e-06
2026-03-12 10:59:09 INFO Epoch 5 | Step 420/2562 | Loss 0.4065 | LR 3.9462e-06
2026-03-12 11:00:42 INFO Epoch 5 | Step 440/2562 | Loss 0.4077 | LR 3.9527e-06
2026-03-12 11:02:14 INFO Epoch 5 | Step 460/2562 | Loss 0.4075 | LR 3.9592e-06
2026-03-12 11:03:46 INFO Epoch 5 | Step 480/2562 | Loss 0.4079 | LR 3.9656e-06
2026-03-12 11:05:18 INFO Epoch 5 | Step 500/2562 | Loss 0.4066 | LR 3.9721e-06
2026-03-12 11:06:52 INFO Epoch 5 | Step 520/2562 | Loss 0.4074 | LR 3.9786e-06
2026-03-12 11:08:25 INFO Epoch 5 | Step 540/2562 | Loss 0.4060 | LR 3.9851e-06
2026-03-12 11:09:59 INFO Epoch 5 | Step 560/2562 | Loss 0.4053 | LR 3.9915e-06
2026-03-12 11:11:33 INFO Epoch 5 | Step 580/2562 | Loss 0.4050 | LR 3.9980e-06
2026-03-12 11:13:07 INFO Epoch 5 | Step 600/2562 | Loss 0.4046 | LR 4.0045e-06
2026-03-12 11:14:41 INFO Epoch 5 | Step 620/2562 | Loss 0.4032 | LR 4.0110e-06
2026-03-12 11:16:15 INFO Epoch 5 | Step 640/2562 | Loss 0.4026 | LR 4.0175e-06
2026-03-12 11:17:50 INFO Epoch 5 | Step 660/2562 | Loss 0.4041 | LR 4.0241e-06
2026-03-12 11:19:24 INFO Epoch 5 | Step 680/2562 | Loss 0.4043 | LR 4.0306e-06
2026-03-12 11:20:57 INFO Epoch 5 | Step 700/2562 | Loss 0.4039 | LR 4.0371e-06
2026-03-12 11:22:31 INFO Epoch 5 | Step 720/2562 | Loss 0.4034 | LR 4.0436e-06
2026-03-12 11:24:05 INFO Epoch 5 | Step 740/2562 | Loss 0.4022 | LR 4.0502e-06
2026-03-12 11:25:40 INFO Epoch 5 | Step 760/2562 | Loss 0.4019 | LR 4.0567e-06
2026-03-12 11:27:13 INFO Epoch 5 | Step 780/2562 | Loss 0.4013 | LR 4.0633e-06
2026-03-12 11:28:46 INFO Epoch 5 | Step 800/2562 | Loss 0.4013 | LR 4.0698e-06
2026-03-12 11:30:16 INFO Epoch 5 | Step 820/2562 | Loss 0.4011 | LR 4.0764e-06
2026-03-12 11:31:47 INFO Epoch 5 | Step 840/2562 | Loss 0.4012 | LR 4.0829e-06
2026-03-12 11:33:17 INFO Epoch 5 | Step 860/2562 | Loss 0.4009 | LR 4.0895e-06
2026-03-12 11:34:48 INFO Epoch 5 | Step 880/2562 | Loss 0.4004 | LR 4.0961e-06
2026-03-12 11:36:18 INFO Epoch 5 | Step 900/2562 | Loss 0.4002 | LR 4.1026e-06
2026-03-12 11:37:49 INFO Epoch 5 | Step 920/2562 | Loss 0.4004 | LR 4.1092e-06
2026-03-12 11:39:20 INFO Epoch 5 | Step 940/2562 | Loss 0.4001 | LR 4.1158e-06
2026-03-12 11:40:50 INFO Epoch 5 | Step 960/2562 | Loss 0.3998 | LR 4.1224e-06
2026-03-12 11:42:20 INFO Epoch 5 | Step 980/2562 | Loss 0.3992 | LR 4.1290e-06
2026-03-12 11:43:55 INFO Epoch 5 | Step 1000/2562 | Loss 0.3990 | LR 4.1356e-06
2026-03-12 11:45:33 INFO Epoch 5 | Step 1020/2562 | Loss 0.3983 | LR 4.1422e-06
2026-03-12 11:47:12 INFO Epoch 5 | Step 1040/2562 | Loss 0.3983 | LR 4.1488e-06
2026-03-12 11:48:51 INFO Epoch 5 | Step 1060/2562 | Loss 0.3980 | LR 4.1554e-06
2026-03-12 11:50:30 INFO Epoch 5 | Step 1080/2562 | Loss 0.3972 | LR 4.1621e-06
2026-03-12 11:52:10 INFO Epoch 5 | Step 1100/2562 | Loss 0.3969 | LR 4.1687e-06
2026-03-12 11:53:49 INFO Epoch 5 | Step 1120/2562 | Loss 0.3967 | LR 4.1753e-06
2026-03-12 11:55:29 INFO Epoch 5 | Step 1140/2562 | Loss 0.3966 | LR 4.1820e-06
2026-03-12 11:57:08 INFO Epoch 5 | Step 1160/2562 | Loss 0.3963 | LR 4.1886e-06
2026-03-12 11:58:48 INFO Epoch 5 | Step 1180/2562 | Loss 0.3952 | LR 4.1953e-06
2026-03-12 12:00:27 INFO Epoch 5 | Step 1200/2562 | Loss 0.3946 | LR 4.2019e-06
2026-03-12 12:02:06 INFO Epoch 5 | Step 1220/2562 | Loss 0.3938 | LR 4.2086e-06
2026-03-12 12:03:45 INFO Epoch 5 | Step 1240/2562 | Loss 0.3934 | LR 4.2152e-06
2026-03-12 12:05:25 INFO Epoch 5 | Step 1260/2562 | Loss 0.3929 | LR 4.2219e-06
2026-03-12 12:07:04 INFO Epoch 5 | Step 1280/2562 | Loss 0.3924 | LR 4.2286e-06
2026-03-12 12:08:44 INFO Epoch 5 | Step 1300/2562 | Loss 0.3919 | LR 4.2353e-06
2026-03-12 12:10:24 INFO Epoch 5 | Step 1320/2562 | Loss 0.3915 | LR 4.2419e-06
2026-03-12 12:12:04 INFO Epoch 5 | Step 1340/2562 | Loss 0.3910 | LR 4.2486e-06
2026-03-12 12:13:43 INFO Epoch 5 | Step 1360/2562 | Loss 0.3907 | LR 4.2553e-06
2026-03-12 12:15:23 INFO Epoch 5 | Step 1380/2562 | Loss 0.3903 | LR 4.2620e-06
2026-03-12 12:17:01 INFO Epoch 5 | Step 1400/2562 | Loss 0.3900 | LR 4.2687e-06
2026-03-12 12:18:41 INFO Epoch 5 | Step 1420/2562 | Loss 0.3896 | LR 4.2754e-06
2026-03-12 12:20:11 INFO Epoch 5 | Step 1440/2562 | Loss 0.3890 | LR 4.2822e-06
2026-03-12 12:21:42 INFO Epoch 5 | Step 1460/2562 | Loss 0.3885 | LR 4.2889e-06
2026-03-12 12:23:12 INFO Epoch 5 | Step 1480/2562 | Loss 0.3885 | LR 4.2956e-06
2026-03-12 12:24:43 INFO Epoch 5 | Step 1500/2562 | Loss 0.3885 | LR 4.3023e-06
2026-03-12 12:26:14 INFO Epoch 5 | Step 1520/2562 | Loss 0.3884 | LR 4.3091e-06
2026-03-12 12:27:45 INFO Epoch 5 | Step 1540/2562 | Loss 0.3879 | LR 4.3158e-06
2026-03-12 12:29:15 INFO Epoch 5 | Step 1560/2562 | Loss 0.3874 | LR 4.3226e-06
2026-03-12 12:30:46 INFO Epoch 5 | Step 1580/2562 | Loss 0.3870 | LR 4.3293e-06
2026-03-12 12:32:17 INFO Epoch 5 | Step 1600/2562 | Loss 0.3869 | LR 4.3361e-06
2026-03-12 12:33:48 INFO Epoch 5 | Step 1620/2562 | Loss 0.3865 | LR 4.3428e-06
2026-03-12 12:35:19 INFO Epoch 5 | Step 1640/2562 | Loss 0.3865 | LR 4.3496e-06
2026-03-12 12:36:50 INFO Epoch 5 | Step 1660/2562 | Loss 0.3860 | LR 4.3564e-06
2026-03-12 12:38:20 INFO Epoch 5 | Step 1680/2562 | Loss 0.3860 | LR 4.3631e-06
2026-03-12 12:39:51 INFO Epoch 5 | Step 1700/2562 | Loss 0.3855 | LR 4.3699e-06
2026-03-12 12:41:22 INFO Epoch 5 | Step 1720/2562 | Loss 0.3851 | LR 4.3767e-06
2026-03-12 12:42:52 INFO Epoch 5 | Step 1740/2562 | Loss 0.3849 | LR 4.3835e-06
2026-03-12 12:44:23 INFO Epoch 5 | Step 1760/2562 | Loss 0.3844 | LR 4.3903e-06
2026-03-12 12:45:54 INFO Epoch 5 | Step 1780/2562 | Loss 0.3840 | LR 4.3971e-06
2026-03-12 12:47:24 INFO Epoch 5 | Step 1800/2562 | Loss 0.3838 | LR 4.4039e-06
2026-03-12 12:48:55 INFO Epoch 5 | Step 1820/2562 | Loss 0.3835 | LR 4.4107e-06
2026-03-12 12:50:25 INFO Epoch 5 | Step 1840/2562 | Loss 0.3833 | LR 4.4175e-06
2026-03-12 12:51:56 INFO Epoch 5 | Step 1860/2562 | Loss 0.3827 | LR 4.4243e-06
2026-03-12 12:53:27 INFO Epoch 5 | Step 1880/2562 | Loss 0.3824 | LR 4.4312e-06
2026-03-12 12:54:57 INFO Epoch 5 | Step 1900/2562 | Loss 0.3819 | LR 4.4380e-06
2026-03-12 12:56:28 INFO Epoch 5 | Step 1920/2562 | Loss 0.3817 | LR 4.4448e-06
2026-03-12 12:57:59 INFO Epoch 5 | Step 1940/2562 | Loss 0.3815 | LR 4.4517e-06
2026-03-12 12:59:29 INFO Epoch 5 | Step 1960/2562 | Loss 0.3812 | LR 4.4585e-06
2026-03-12 13:01:00 INFO Epoch 5 | Step 1980/2562 | Loss 0.3808 | LR 4.4654e-06
2026-03-12 13:02:31 INFO Epoch 5 | Step 2000/2562 | Loss 0.3807 | LR 4.4722e-06
2026-03-12 13:04:01 INFO Epoch 5 | Step 2020/2562 | Loss 0.3802 | LR 4.4791e-06
2026-03-12 13:05:32 INFO Epoch 5 | Step 2040/2562 | Loss 0.3797 | LR 4.4859e-06
2026-03-12 13:07:03 INFO Epoch 5 | Step 2060/2562 | Loss 0.3794 | LR 4.4928e-06
2026-03-12 13:08:33 INFO Epoch 5 | Step 2080/2562 | Loss 0.3792 | LR 4.4997e-06
2026-03-12 13:10:03 INFO Epoch 5 | Step 2100/2562 | Loss 0.3795 | LR 4.5066e-06
2026-03-12 13:11:34 INFO Epoch 5 | Step 2120/2562 | Loss 0.3792 | LR 4.5134e-06
2026-03-12 13:13:04 INFO Epoch 5 | Step 2140/2562 | Loss 0.3792 | LR 4.5203e-06
2026-03-12 13:14:35 INFO Epoch 5 | Step 2160/2562 | Loss 0.3789 | LR 4.5272e-06
2026-03-12 13:16:06 INFO Epoch 5 | Step 2180/2562 | Loss 0.3790 | LR 4.5341e-06
2026-03-12 13:17:36 INFO Epoch 5 | Step 2200/2562 | Loss 0.3790 | LR 4.5410e-06
2026-03-12 13:19:07 INFO Epoch 5 | Step 2220/2562 | Loss 0.3788 | LR 4.5479e-06
2026-03-12 13:20:37 INFO Epoch 5 | Step 2240/2562 | Loss 0.3785 | LR 4.5548e-06
2026-03-12 13:22:08 INFO Epoch 5 | Step 2260/2562 | Loss 0.3782 | LR 4.5618e-06
2026-03-12 13:23:39 INFO Epoch 5 | Step 2280/2562 | Loss 0.3780 | LR 4.5687e-06
2026-03-12 13:25:09 INFO Epoch 5 | Step 2300/2562 | Loss 0.3778 | LR 4.5756e-06
2026-03-12 13:26:40 INFO Epoch 5 | Step 2320/2562 | Loss 0.3773 | LR 4.5825e-06
2026-03-12 13:28:10 INFO Epoch 5 | Step 2340/2562 | Loss 0.3769 | LR 4.5895e-06
2026-03-12 13:29:41 INFO Epoch 5 | Step 2360/2562 | Loss 0.3765 | LR 4.5964e-06
2026-03-12 13:31:12 INFO Epoch 5 | Step 2380/2562 | Loss 0.3763 | LR 4.6034e-06
2026-03-12 13:32:42 INFO Epoch 5 | Step 2400/2562 | Loss 0.3759 | LR 4.6103e-06
2026-03-12 13:34:13 INFO Epoch 5 | Step 2420/2562 | Loss 0.3759 | LR 4.6173e-06
2026-03-12 13:35:44 INFO Epoch 5 | Step 2440/2562 | Loss 0.3760 | LR 4.6242e-06
2026-03-12 13:37:14 INFO Epoch 5 | Step 2460/2562 | Loss 0.3757 | LR 4.6312e-06
2026-03-12 13:38:45 INFO Epoch 5 | Step 2480/2562 | Loss 0.3754 | LR 4.6382e-06
2026-03-12 13:40:16 INFO Epoch 5 | Step 2500/2562 | Loss 0.3752 | LR 4.6451e-06
2026-03-12 13:41:47 INFO Epoch 5 | Step 2520/2562 | Loss 0.3751 | LR 4.6521e-06
2026-03-12 13:43:17 INFO Epoch 5 | Step 2540/2562 | Loss 0.3748 | LR 4.6591e-06
2026-03-12 13:44:48 INFO Epoch 5 | Step 2560/2562 | Loss 0.3743 | LR 4.6661e-06
2026-03-12 13:44:57 INFO Epoch 5 | Step 2562/2562 | Loss 0.3743 | LR 4.6668e-06
2026-03-12 14:28:21 INFO CSV Written | Epoch: 5
2026-03-12 14:28:21 INFO Best Saved | Epoch: 5 | Monitor: val_auprc | Value: 0.7193
2026-03-12 14:28:21 INFO Epoch Done | Epoch: 5 | Time: 14509.9816 | Train Loss: 0.3743 | Val Accuracy: 0.9872 | Val AUPRC: 0.7193 | Val Auroc: 0.9772 | Val F1: 0.6492 | Val Loss: 0.3291
2026-03-12 14:28:21 INFO Epoch Start | Epoch: 6
2026-03-12 14:28:43 INFO Epoch 6 | Step 1/2562 | Loss 0.2494 | LR 4.6671e-06
2026-03-12 14:30:12 INFO Epoch 6 | Step 20/2562 | Loss 0.3502 | LR 4.6738e-06
2026-03-12 14:31:44 INFO Epoch 6 | Step 40/2562 | Loss 0.3388 | LR 4.6808e-06
2026-03-12 14:33:16 INFO Epoch 6 | Step 60/2562 | Loss 0.3334 | LR 4.6878e-06
2026-03-12 14:34:50 INFO Epoch 6 | Step 80/2562 | Loss 0.3346 | LR 4.6948e-06
2026-03-12 14:36:23 INFO Epoch 6 | Step 100/2562 | Loss 0.3364 | LR 4.7018e-06
2026-03-12 14:37:55 INFO Epoch 6 | Step 120/2562 | Loss 0.3278 | LR 4.7088e-06
2026-03-12 14:39:28 INFO Epoch 6 | Step 140/2562 | Loss 0.3262 | LR 4.7159e-06
2026-03-12 14:41:01 INFO Epoch 6 | Step 160/2562 | Loss 0.3254 | LR 4.7229e-06
2026-03-12 14:42:34 INFO Epoch 6 | Step 180/2562 | Loss 0.3271 | LR 4.7299e-06
2026-03-12 14:44:07 INFO Epoch 6 | Step 200/2562 | Loss 0.3249 | LR 4.7370e-06
2026-03-12 14:45:39 INFO Epoch 6 | Step 220/2562 | Loss 0.3242 | LR 4.7440e-06
2026-03-12 14:47:12 INFO Epoch 6 | Step 240/2562 | Loss 0.3265 | LR 4.7510e-06
2026-03-12 14:48:44 INFO Epoch 6 | Step 260/2562 | Loss 0.3267 | LR 4.7581e-06
2026-03-12 14:50:17 INFO Epoch 6 | Step 280/2562 | Loss 0.3254 | LR 4.7651e-06
2026-03-12 14:51:50 INFO Epoch 6 | Step 300/2562 | Loss 0.3235 | LR 4.7722e-06
2026-03-12 14:53:22 INFO Epoch 6 | Step 320/2562 | Loss 0.3257 | LR 4.7793e-06
2026-03-12 14:54:55 INFO Epoch 6 | Step 340/2562 | Loss 0.3268 | LR 4.7863e-06
2026-03-12 14:56:28 INFO Epoch 6 | Step 360/2562 | Loss 0.3266 | LR 4.7934e-06
2026-03-12 14:58:01 INFO Epoch 6 | Step 380/2562 | Loss 0.3281 | LR 4.8005e-06
2026-03-12 14:59:34 INFO Epoch 6 | Step 400/2562 | Loss 0.3268 | LR 4.8076e-06
2026-03-12 15:01:07 INFO Epoch 6 | Step 420/2562 | Loss 0.3263 | LR 4.8147e-06
2026-03-12 15:02:39 INFO Epoch 6 | Step 440/2562 | Loss 0.3261 | LR 4.8218e-06
2026-03-12 15:04:12 INFO Epoch 6 | Step 460/2562 | Loss 0.3274 | LR 4.8289e-06
2026-03-12 15:05:43 INFO Epoch 6 | Step 480/2562 | Loss 0.3264 | LR 4.8360e-06
2026-03-12 15:07:14 INFO Epoch 6 | Step 500/2562 | Loss 0.3268 | LR 4.8431e-06
2026-03-12 15:08:44 INFO Epoch 6 | Step 520/2562 | Loss 0.3265 | LR 4.8502e-06
2026-03-12 15:10:15 INFO Epoch 6 | Step 540/2562 | Loss 0.3271 | LR 4.8573e-06
2026-03-12 15:11:46 INFO Epoch 6 | Step 560/2562 | Loss 0.3269 | LR 4.8644e-06
2026-03-12 15:13:17 INFO Epoch 6 | Step 580/2562 | Loss 0.3266 | LR 4.8715e-06
2026-03-12 15:14:55 INFO Epoch 6 | Step 600/2562 | Loss 0.3268 | LR 4.8787e-06
2026-03-12 15:16:34 INFO Epoch 6 | Step 620/2562 | Loss 0.3282 | LR 4.8858e-06
2026-03-12 15:18:13 INFO Epoch 6 | Step 640/2562 | Loss 0.3276 | LR 4.8929e-06
2026-03-12 15:19:51 INFO Epoch 6 | Step 660/2562 | Loss 0.3281 | LR 4.9001e-06
2026-03-12 15:21:30 INFO Epoch 6 | Step 680/2562 | Loss 0.3274 | LR 4.9072e-06
2026-03-12 15:23:09 INFO Epoch 6 | Step 700/2562 | Loss 0.3273 | LR 4.9144e-06
2026-03-12 15:24:47 INFO Epoch 6 | Step 720/2562 | Loss 0.3271 | LR 4.9215e-06
2026-03-12 15:26:26 INFO Epoch 6 | Step 740/2562 | Loss 0.3273 | LR 4.9287e-06
2026-03-12 15:28:05 INFO Epoch 6 | Step 760/2562 | Loss 0.3264 | LR 4.9358e-06
2026-03-12 15:29:43 INFO Epoch 6 | Step 780/2562 | Loss 0.3261 | LR 4.9430e-06
2026-03-12 15:31:22 INFO Epoch 6 | Step 800/2562 | Loss 0.3257 | LR 4.9502e-06
2026-03-12 15:33:01 INFO Epoch 6 | Step 820/2562 | Loss 0.3252 | LR 4.9574e-06
2026-03-12 15:34:40 INFO Epoch 6 | Step 840/2562 | Loss 0.3245 | LR 4.9646e-06
2026-03-12 15:36:19 INFO Epoch 6 | Step 860/2562 | Loss 0.3244 | LR 4.9717e-06
2026-03-12 15:37:58 INFO Epoch 6 | Step 880/2562 | Loss 0.3240 | LR 4.9789e-06
2026-03-12 15:39:37 INFO Epoch 6 | Step 900/2562 | Loss 0.3234 | LR 4.9861e-06
2026-03-12 15:41:16 INFO Epoch 6 | Step 920/2562 | Loss 0.3226 | LR 4.9933e-06
2026-03-12 15:42:55 INFO Epoch 6 | Step 940/2562 | Loss 0.3215 | LR 5.0005e-06
2026-03-12 15:44:33 INFO Epoch 6 | Step 960/2562 | Loss 0.3212 | LR 5.0077e-06
2026-03-12 15:46:12 INFO Epoch 6 | Step 980/2562 | Loss 0.3209 | LR 5.0150e-06
2026-03-12 15:47:50 INFO Epoch 6 | Step 1000/2562 | Loss 0.3212 | LR 5.0222e-06
2026-03-12 15:49:24 INFO Epoch 6 | Step 1020/2562 | Loss 0.3215 | LR 5.0294e-06
2026-03-12 15:50:55 INFO Epoch 6 | Step 1040/2562 | Loss 0.3216 | LR 5.0366e-06
2026-03-12 15:52:25 INFO Epoch 6 | Step 1060/2562 | Loss 0.3215 | LR 5.0439e-06
2026-03-12 15:53:56 INFO Epoch 6 | Step 1080/2562 | Loss 0.3217 | LR 5.0511e-06
2026-03-12 15:55:26 INFO Epoch 6 | Step 1100/2562 | Loss 0.3215 | LR 5.0583e-06
2026-03-12 15:56:57 INFO Epoch 6 | Step 1120/2562 | Loss 0.3214 | LR 5.0656e-06
2026-03-12 15:58:27 INFO Epoch 6 | Step 1140/2562 | Loss 0.3210 | LR 5.0728e-06
2026-03-12 15:59:57 INFO Epoch 6 | Step 1160/2562 | Loss 0.3209 | LR 5.0801e-06
2026-03-12 16:01:28 INFO Epoch 6 | Step 1180/2562 | Loss 0.3208 | LR 5.0873e-06
2026-03-12 16:02:58 INFO Epoch 6 | Step 1200/2562 | Loss 0.3210 | LR 5.0946e-06
2026-03-12 16:04:28 INFO Epoch 6 | Step 1220/2562 | Loss 0.3208 | LR 5.1019e-06
2026-03-12 16:05:58 INFO Epoch 6 | Step 1240/2562 | Loss 0.3202 | LR 5.1091e-06
2026-03-12 16:07:29 INFO Epoch 6 | Step 1260/2562 | Loss 0.3201 | LR 5.1164e-06
2026-03-12 16:08:59 INFO Epoch 6 | Step 1280/2562 | Loss 0.3199 | LR 5.1237e-06
2026-03-12 16:10:29 INFO Epoch 6 | Step 1300/2562 | Loss 0.3195 | LR 5.1310e-06
2026-03-12 16:11:59 INFO Epoch 6 | Step 1320/2562 | Loss 0.3193 | LR 5.1383e-06
2026-03-12 16:13:30 INFO Epoch 6 | Step 1340/2562 | Loss 0.3192 | LR 5.1456e-06
2026-03-12 16:15:01 INFO Epoch 6 | Step 1360/2562 | Loss 0.3186 | LR 5.1529e-06
2026-03-12 16:16:31 INFO Epoch 6 | Step 1380/2562 | Loss 0.3188 | LR 5.1602e-06
2026-03-12 16:18:01 INFO Epoch 6 | Step 1400/2562 | Loss 0.3187 | LR 5.1675e-06
2026-03-12 16:19:31 INFO Epoch 6 | Step 1420/2562 | Loss 0.3184 | LR 5.1748e-06
2026-03-12 16:21:01 INFO Epoch 6 | Step 1440/2562 | Loss 0.3183 | LR 5.1821e-06
2026-03-12 16:22:31 INFO Epoch 6 | Step 1460/2562 | Loss 0.3179 | LR 5.1894e-06
2026-03-12 16:24:01 INFO Epoch 6 | Step 1480/2562 | Loss 0.3178 | LR 5.1967e-06
2026-03-12 16:25:32 INFO Epoch 6 | Step 1500/2562 | Loss 0.3174 | LR 5.2041e-06
2026-03-12 16:27:02 INFO Epoch 6 | Step 1520/2562 | Loss 0.3180 | LR 5.2114e-06
2026-03-12 16:28:33 INFO Epoch 6 | Step 1540/2562 | Loss 0.3184 | LR 5.2187e-06
2026-03-12 16:30:03 INFO Epoch 6 | Step 1560/2562 | Loss 0.3185 | LR 5.2261e-06
2026-03-12 16:31:33 INFO Epoch 6 | Step 1580/2562 | Loss 0.3183 | LR 5.2334e-06
2026-03-12 16:33:04 INFO Epoch 6 | Step 1600/2562 | Loss 0.3179 | LR 5.2408e-06
2026-03-12 16:34:34 INFO Epoch 6 | Step 1620/2562 | Loss 0.3178 | LR 5.2481e-06
2026-03-12 16:36:04 INFO Epoch 6 | Step 1640/2562 | Loss 0.3176 | LR 5.2555e-06
2026-03-12 16:37:35 INFO Epoch 6 | Step 1660/2562 | Loss 0.3175 | LR 5.2629e-06
2026-03-12 16:39:05 INFO Epoch 6 | Step 1680/2562 | Loss 0.3177 | LR 5.2702e-06
2026-03-12 16:40:35 INFO Epoch 6 | Step 1700/2562 | Loss 0.3178 | LR 5.2776e-06
2026-03-12 16:42:06 INFO Epoch 6 | Step 1720/2562 | Loss 0.3179 | LR 5.2850e-06
2026-03-12 16:43:36 INFO Epoch 6 | Step 1740/2562 | Loss 0.3175 | LR 5.2923e-06
2026-03-12 16:45:07 INFO Epoch 6 | Step 1760/2562 | Loss 0.3174 | LR 5.2997e-06
2026-03-12 16:46:37 INFO Epoch 6 | Step 1780/2562 | Loss 0.3173 | LR 5.3071e-06
2026-03-12 16:48:08 INFO Epoch 6 | Step 1800/2562 | Loss 0.3173 | LR 5.3145e-06
2026-03-12 16:49:38 INFO Epoch 6 | Step 1820/2562 | Loss 0.3171 | LR 5.3219e-06
2026-03-12 16:51:09 INFO Epoch 6 | Step 1840/2562 | Loss 0.3167 | LR 5.3293e-06
2026-03-12 16:52:39 INFO Epoch 6 | Step 1860/2562 | Loss 0.3164 | LR 5.3367e-06
2026-03-12 16:54:10 INFO Epoch 6 | Step 1880/2562 | Loss 0.3162 | LR 5.3441e-06
2026-03-12 16:55:40 INFO Epoch 6 | Step 1900/2562 | Loss 0.3163 | LR 5.3515e-06
2026-03-12 16:57:10 INFO Epoch 6 | Step 1920/2562 | Loss 0.3163 | LR 5.3589e-06
2026-03-12 16:58:41 INFO Epoch 6 | Step 1940/2562 | Loss 0.3161 | LR 5.3664e-06
2026-03-12 17:00:11 INFO Epoch 6 | Step 1960/2562 | Loss 0.3159 | LR 5.3738e-06
2026-03-12 17:01:42 INFO Epoch 6 | Step 1980/2562 | Loss 0.3158 | LR 5.3812e-06
2026-03-12 17:03:12 INFO Epoch 6 | Step 2000/2562 | Loss 0.3156 | LR 5.3886e-06
2026-03-12 17:04:43 INFO Epoch 6 | Step 2020/2562 | Loss 0.3156 | LR 5.3961e-06
2026-03-12 17:06:13 INFO Epoch 6 | Step 2040/2562 | Loss 0.3154 | LR 5.4035e-06
2026-03-12 17:07:43 INFO Epoch 6 | Step 2060/2562 | Loss 0.3152 | LR 5.4110e-06
2026-03-12 17:09:14 INFO Epoch 6 | Step 2080/2562 | Loss 0.3152 | LR 5.4184e-06
2026-03-12 17:10:44 INFO Epoch 6 | Step 2100/2562 | Loss 0.3149 | LR 5.4259e-06
2026-03-12 17:12:15 INFO Epoch 6 | Step 2120/2562 | Loss 0.3149 | LR 5.4333e-06
2026-03-12 17:13:45 INFO Epoch 6 | Step 2140/2562 | Loss 0.3150 | LR 5.4408e-06
2026-03-12 17:15:15 INFO Epoch 6 | Step 2160/2562 | Loss 0.3147 | LR 5.4483e-06
2026-03-12 17:16:46 INFO Epoch 6 | Step 2180/2562 | Loss 0.3146 | LR 5.4557e-06
2026-03-12 17:18:16 INFO Epoch 6 | Step 2200/2562 | Loss 0.3143 | LR 5.4632e-06
2026-03-12 17:19:47 INFO Epoch 6 | Step 2220/2562 | Loss 0.3141 | LR 5.4707e-06
2026-03-12 17:21:18 INFO Epoch 6 | Step 2240/2562 | Loss 0.3141 | LR 5.4782e-06
2026-03-12 17:22:49 INFO Epoch 6 | Step 2260/2562 | Loss 0.3139 | LR 5.4856e-06
2026-03-12 17:24:19 INFO Epoch 6 | Step 2280/2562 | Loss 0.3138 | LR 5.4931e-06
2026-03-12 17:25:50 INFO Epoch 6 | Step 2300/2562 | Loss 0.3137 | LR 5.5006e-06
2026-03-12 17:27:21 INFO Epoch 6 | Step 2320/2562 | Loss 0.3131 | LR 5.5081e-06
2026-03-12 17:28:51 INFO Epoch 6 | Step 2340/2562 | Loss 0.3130 | LR 5.5156e-06
2026-03-12 17:30:22 INFO Epoch 6 | Step 2360/2562 | Loss 0.3129 | LR 5.5231e-06
2026-03-12 17:31:52 INFO Epoch 6 | Step 2380/2562 | Loss 0.3128 | LR 5.5307e-06
2026-03-12 17:33:23 INFO Epoch 6 | Step 2400/2562 | Loss 0.3130 | LR 5.5382e-06
2026-03-12 17:34:53 INFO Epoch 6 | Step 2420/2562 | Loss 0.3128 | LR 5.5457e-06
2026-03-12 17:36:23 INFO Epoch 6 | Step 2440/2562 | Loss 0.3125 | LR 5.5532e-06
2026-03-12 17:37:54 INFO Epoch 6 | Step 2460/2562 | Loss 0.3125 | LR 5.5607e-06
2026-03-12 17:39:24 INFO Epoch 6 | Step 2480/2562 | Loss 0.3124 | LR 5.5683e-06
2026-03-12 17:40:55 INFO Epoch 6 | Step 2500/2562 | Loss 0.3123 | LR 5.5758e-06
2026-03-12 17:42:25 INFO Epoch 6 | Step 2520/2562 | Loss 0.3121 | LR 5.5833e-06
2026-03-12 17:43:56 INFO Epoch 6 | Step 2540/2562 | Loss 0.3119 | LR 5.5909e-06
2026-03-12 17:45:27 INFO Epoch 6 | Step 2560/2562 | Loss 0.3116 | LR 5.5984e-06
2026-03-12 17:45:35 INFO Epoch 6 | Step 2562/2562 | Loss 0.3115 | LR 5.5992e-06
2026-03-12 18:29:05 INFO CSV Written | Epoch: 6
2026-03-12 18:29:05 INFO Best Saved | Epoch: 6 | Monitor: val_auprc | Value: 0.7887
2026-03-12 18:29:05 INFO Epoch Done | Epoch: 6 | Time: 14443.8701 | Train Loss: 0.3115 | Val Accuracy: 0.9894 | Val AUPRC: 0.7887 | Val Auroc: 0.9816 | Val F1: 0.7222 | Val Loss: 0.3077
2026-03-12 18:29:05 INFO Epoch Start | Epoch: 7
2026-03-12 18:29:25 INFO Epoch 7 | Step 1/2562 | Loss 0.2909 | LR 5.5996e-06
2026-03-12 18:30:55 INFO Epoch 7 | Step 20/2562 | Loss 0.2702 | LR 5.6067e-06
2026-03-12 18:32:28 INFO Epoch 7 | Step 40/2562 | Loss 0.2899 | LR 5.6143e-06
2026-03-12 18:34:02 INFO Epoch 7 | Step 60/2562 | Loss 0.2929 | LR 5.6218e-06
2026-03-12 18:35:36 INFO Epoch 7 | Step 80/2562 | Loss 0.2866 | LR 5.6294e-06
2026-03-12 18:37:10 INFO Epoch 7 | Step 100/2562 | Loss 0.2857 | LR 5.6370e-06
2026-03-12 18:38:44 INFO Epoch 7 | Step 120/2562 | Loss 0.2894 | LR 5.6445e-06
2026-03-12 18:40:18 INFO Epoch 7 | Step 140/2562 | Loss 0.2875 | LR 5.6521e-06
2026-03-12 18:41:52 INFO Epoch 7 | Step 160/2562 | Loss 0.2854 | LR 5.6597e-06
2026-03-12 18:43:27 INFO Epoch 7 | Step 180/2562 | Loss 0.2868 | LR 5.6673e-06
2026-03-12 18:45:09 INFO Epoch 7 | Step 200/2562 | Loss 0.2875 | LR 5.6749e-06
2026-03-12 18:46:52 INFO Epoch 7 | Step 220/2562 | Loss 0.2881 | LR 5.6825e-06
2026-03-12 18:48:35 INFO Epoch 7 | Step 240/2562 | Loss 0.2858 | LR 5.6901e-06
2026-03-12 18:50:17 INFO Epoch 7 | Step 260/2562 | Loss 0.2848 | LR 5.6976e-06
2026-03-12 18:51:59 INFO Epoch 7 | Step 280/2562 | Loss 0.2834 | LR 5.7053e-06
2026-03-12 18:53:42 INFO Epoch 7 | Step 300/2562 | Loss 0.2835 | LR 5.7129e-06
2026-03-12 18:55:25 INFO Epoch 7 | Step 320/2562 | Loss 0.2837 | LR 5.7205e-06
2026-03-12 18:57:07 INFO Epoch 7 | Step 340/2562 | Loss 0.2840 | LR 5.7281e-06
2026-03-12 18:58:50 INFO Epoch 7 | Step 360/2562 | Loss 0.2810 | LR 5.7357e-06
2026-03-12 19:00:32 INFO Epoch 7 | Step 380/2562 | Loss 0.2811 | LR 5.7433e-06
2026-03-12 19:02:15 INFO Epoch 7 | Step 400/2562 | Loss 0.2815 | LR 5.7509e-06
2026-03-12 19:03:57 INFO Epoch 7 | Step 420/2562 | Loss 0.2799 | LR 5.7586e-06
2026-03-12 19:05:40 INFO Epoch 7 | Step 440/2562 | Loss 0.2805 | LR 5.7662e-06
2026-03-12 19:07:23 INFO Epoch 7 | Step 460/2562 | Loss 0.2812 | LR 5.7738e-06
2026-03-12 19:09:03 INFO Epoch 7 | Step 480/2562 | Loss 0.2816 | LR 5.7815e-06
2026-03-12 19:10:42 INFO Epoch 7 | Step 500/2562 | Loss 0.2814 | LR 5.7891e-06
2026-03-12 19:12:22 INFO Epoch 7 | Step 520/2562 | Loss 0.2823 | LR 5.7968e-06
2026-03-12 19:14:01 INFO Epoch 7 | Step 540/2562 | Loss 0.2844 | LR 5.8044e-06
2026-03-12 19:15:41 INFO Epoch 7 | Step 560/2562 | Loss 0.2853 | LR 5.8121e-06
2026-03-12 19:17:20 INFO Epoch 7 | Step 580/2562 | Loss 0.2854 | LR 5.8197e-06
2026-03-12 19:19:00 INFO Epoch 7 | Step 600/2562 | Loss 0.2857 | LR 5.8274e-06
2026-03-12 19:20:32 INFO Epoch 7 | Step 620/2562 | Loss 0.2850 | LR 5.8351e-06
2026-03-12 19:22:04 INFO Epoch 7 | Step 640/2562 | Loss 0.2859 | LR 5.8427e-06
2026-03-12 19:23:34 INFO Epoch 7 | Step 660/2562 | Loss 0.2853 | LR 5.8504e-06
2026-03-12 19:25:05 INFO Epoch 7 | Step 680/2562 | Loss 0.2857 | LR 5.8581e-06
2026-03-12 19:26:36 INFO Epoch 7 | Step 700/2562 | Loss 0.2864 | LR 5.8658e-06
2026-03-12 19:28:07 INFO Epoch 7 | Step 720/2562 | Loss 0.2854 | LR 5.8735e-06
2026-03-12 19:29:38 INFO Epoch 7 | Step 740/2562 | Loss 0.2859 | LR 5.8811e-06
2026-03-12 19:31:09 INFO Epoch 7 | Step 760/2562 | Loss 0.2856 | LR 5.8888e-06
2026-03-12 19:32:39 INFO Epoch 7 | Step 780/2562 | Loss 0.2854 | LR 5.8965e-06
2026-03-12 19:34:10 INFO Epoch 7 | Step 800/2562 | Loss 0.2853 | LR 5.9042e-06
2026-03-12 19:35:41 INFO Epoch 7 | Step 820/2562 | Loss 0.2853 | LR 5.9119e-06
2026-03-12 19:37:12 INFO Epoch 7 | Step 840/2562 | Loss 0.2853 | LR 5.9196e-06
2026-03-12 19:38:44 INFO Epoch 7 | Step 860/2562 | Loss 0.2854 | LR 5.9274e-06
2026-03-12 19:40:14 INFO Epoch 7 | Step 880/2562 | Loss 0.2860 | LR 5.9351e-06
2026-03-12 19:41:46 INFO Epoch 7 | Step 900/2562 | Loss 0.2858 | LR 5.9428e-06
2026-03-12 19:43:17 INFO Epoch 7 | Step 920/2562 | Loss 0.2852 | LR 5.9505e-06
2026-03-12 19:44:47 INFO Epoch 7 | Step 940/2562 | Loss 0.2847 | LR 5.9582e-06
2026-03-12 19:46:18 INFO Epoch 7 | Step 960/2562 | Loss 0.2843 | LR 5.9660e-06
2026-03-12 19:47:49 INFO Epoch 7 | Step 980/2562 | Loss 0.2843 | LR 5.9737e-06
2026-03-12 19:49:20 INFO Epoch 7 | Step 1000/2562 | Loss 0.2842 | LR 5.9814e-06
2026-03-12 19:50:51 INFO Epoch 7 | Step 1020/2562 | Loss 0.2842 | LR 5.9892e-06
2026-03-12 19:52:21 INFO Epoch 7 | Step 1040/2562 | Loss 0.2836 | LR 5.9969e-06
2026-03-12 19:53:52 INFO Epoch 7 | Step 1060/2562 | Loss 0.2828 | LR 6.0047e-06
2026-03-12 19:55:23 INFO Epoch 7 | Step 1080/2562 | Loss 0.2824 | LR 6.0124e-06
2026-03-12 19:56:55 INFO Epoch 7 | Step 1100/2562 | Loss 0.2820 | LR 6.0202e-06
2026-03-12 19:58:26 INFO Epoch 7 | Step 1120/2562 | Loss 0.2824 | LR 6.0279e-06
2026-03-12 19:59:57 INFO Epoch 7 | Step 1140/2562 | Loss 0.2829 | LR 6.0357e-06
2026-03-12 20:01:28 INFO Epoch 7 | Step 1160/2562 | Loss 0.2832 | LR 6.0435e-06
2026-03-12 20:02:59 INFO Epoch 7 | Step 1180/2562 | Loss 0.2825 | LR 6.0512e-06
2026-03-12 20:04:30 INFO Epoch 7 | Step 1200/2562 | Loss 0.2826 | LR 6.0590e-06
2026-03-12 20:06:01 INFO Epoch 7 | Step 1220/2562 | Loss 0.2827 | LR 6.0668e-06
2026-03-12 20:07:32 INFO Epoch 7 | Step 1240/2562 | Loss 0.2827 | LR 6.0746e-06
2026-03-12 20:09:04 INFO Epoch 7 | Step 1260/2562 | Loss 0.2832 | LR 6.0824e-06
2026-03-12 20:10:35 INFO Epoch 7 | Step 1280/2562 | Loss 0.2827 | LR 6.0901e-06
2026-03-12 20:12:06 INFO Epoch 7 | Step 1300/2562 | Loss 0.2821 | LR 6.0979e-06
2026-03-12 20:13:38 INFO Epoch 7 | Step 1320/2562 | Loss 0.2818 | LR 6.1057e-06
2026-03-12 20:15:09 INFO Epoch 7 | Step 1340/2562 | Loss 0.2812 | LR 6.1135e-06
2026-03-12 20:16:40 INFO Epoch 7 | Step 1360/2562 | Loss 0.2809 | LR 6.1213e-06
2026-03-12 20:18:11 INFO Epoch 7 | Step 1380/2562 | Loss 0.2810 | LR 6.1291e-06
2026-03-12 20:19:43 INFO Epoch 7 | Step 1400/2562 | Loss 0.2810 | LR 6.1369e-06
2026-03-12 20:21:13 INFO Epoch 7 | Step 1420/2562 | Loss 0.2808 | LR 6.1448e-06
2026-03-12 20:22:44 INFO Epoch 7 | Step 1440/2562 | Loss 0.2805 | LR 6.1526e-06
2026-03-12 20:24:15 INFO Epoch 7 | Step 1460/2562 | Loss 0.2804 | LR 6.1604e-06
2026-03-12 20:25:46 INFO Epoch 7 | Step 1480/2562 | Loss 0.2799 | LR 6.1682e-06
2026-03-12 20:27:17 INFO Epoch 7 | Step 1500/2562 | Loss 0.2797 | LR 6.1760e-06
2026-03-12 20:28:49 INFO Epoch 7 | Step 1520/2562 | Loss 0.2799 | LR 6.1839e-06
2026-03-12 20:30:20 INFO Epoch 7 | Step 1540/2562 | Loss 0.2797 | LR 6.1917e-06
2026-03-12 20:31:51 INFO Epoch 7 | Step 1560/2562 | Loss 0.2800 | LR 6.1995e-06
2026-03-12 20:33:22 INFO Epoch 7 | Step 1580/2562 | Loss 0.2795 | LR 6.2074e-06
2026-03-12 20:34:53 INFO Epoch 7 | Step 1600/2562 | Loss 0.2792 | LR 6.2152e-06
2026-03-12 20:36:24 INFO Epoch 7 | Step 1620/2562 | Loss 0.2792 | LR 6.2231e-06
2026-03-12 20:37:55 INFO Epoch 7 | Step 1640/2562 | Loss 0.2790 | LR 6.2309e-06
2026-03-12 20:39:27 INFO Epoch 7 | Step 1660/2562 | Loss 0.2791 | LR 6.2388e-06
2026-03-12 20:40:58 INFO Epoch 7 | Step 1680/2562 | Loss 0.2787 | LR 6.2466e-06
2026-03-12 20:42:30 INFO Epoch 7 | Step 1700/2562 | Loss 0.2785 | LR 6.2545e-06
2026-03-12 20:44:01 INFO Epoch 7 | Step 1720/2562 | Loss 0.2782 | LR 6.2624e-06
2026-03-12 20:45:31 INFO Epoch 7 | Step 1740/2562 | Loss 0.2781 | LR 6.2702e-06
2026-03-12 20:47:03 INFO Epoch 7 | Step 1760/2562 | Loss 0.2783 | LR 6.2781e-06
2026-03-12 20:48:33 INFO Epoch 7 | Step 1780/2562 | Loss 0.2780 | LR 6.2860e-06
2026-03-12 20:50:04 INFO Epoch 7 | Step 1800/2562 | Loss 0.2782 | LR 6.2938e-06
2026-03-12 20:51:35 INFO Epoch 7 | Step 1820/2562 | Loss 0.2782 | LR 6.3017e-06
2026-03-12 20:53:06 INFO Epoch 7 | Step 1840/2562 | Loss 0.2781 | LR 6.3096e-06
2026-03-12 20:54:37 INFO Epoch 7 | Step 1860/2562 | Loss 0.2781 | LR 6.3175e-06
2026-03-12 20:56:08 INFO Epoch 7 | Step 1880/2562 | Loss 0.2782 | LR 6.3254e-06
2026-03-12 20:57:38 INFO Epoch 7 | Step 1900/2562 | Loss 0.2781 | LR 6.3333e-06
2026-03-12 20:59:09 INFO Epoch 7 | Step 1920/2562 | Loss 0.2782 | LR 6.3412e-06
2026-03-12 21:00:40 INFO Epoch 7 | Step 1940/2562 | Loss 0.2779 | LR 6.3491e-06
2026-03-12 21:02:11 INFO Epoch 7 | Step 1960/2562 | Loss 0.2777 | LR 6.3570e-06
2026-03-12 21:03:41 INFO Epoch 7 | Step 1980/2562 | Loss 0.2774 | LR 6.3649e-06
2026-03-12 21:05:13 INFO Epoch 7 | Step 2000/2562 | Loss 0.2771 | LR 6.3728e-06
2026-03-12 21:06:43 INFO Epoch 7 | Step 2020/2562 | Loss 0.2769 | LR 6.3807e-06
2026-03-12 21:08:13 INFO Epoch 7 | Step 2040/2562 | Loss 0.2767 | LR 6.3886e-06
2026-03-12 21:09:44 INFO Epoch 7 | Step 2060/2562 | Loss 0.2768 | LR 6.3966e-06
2026-03-12 21:11:15 INFO Epoch 7 | Step 2080/2562 | Loss 0.2766 | LR 6.4045e-06
2026-03-12 21:12:46 INFO Epoch 7 | Step 2100/2562 | Loss 0.2765 | LR 6.4124e-06
2026-03-12 21:14:17 INFO Epoch 7 | Step 2120/2562 | Loss 0.2762 | LR 6.4203e-06
2026-03-12 21:15:47 INFO Epoch 7 | Step 2140/2562 | Loss 0.2760 | LR 6.4283e-06
2026-03-12 21:17:18 INFO Epoch 7 | Step 2160/2562 | Loss 0.2760 | LR 6.4362e-06
2026-03-12 21:18:49 INFO Epoch 7 | Step 2180/2562 | Loss 0.2760 | LR 6.4442e-06
2026-03-12 21:20:19 INFO Epoch 7 | Step 2200/2562 | Loss 0.2758 | LR 6.4521e-06
2026-03-12 21:21:50 INFO Epoch 7 | Step 2220/2562 | Loss 0.2760 | LR 6.4600e-06
2026-03-12 21:23:21 INFO Epoch 7 | Step 2240/2562 | Loss 0.2762 | LR 6.4680e-06
2026-03-12 21:24:52 INFO Epoch 7 | Step 2260/2562 | Loss 0.2760 | LR 6.4760e-06
2026-03-12 21:26:23 INFO Epoch 7 | Step 2280/2562 | Loss 0.2758 | LR 6.4839e-06
2026-03-12 21:27:54 INFO Epoch 7 | Step 2300/2562 | Loss 0.2756 | LR 6.4919e-06
2026-03-12 21:29:25 INFO Epoch 7 | Step 2320/2562 | Loss 0.2755 | LR 6.4998e-06
2026-03-12 21:30:56 INFO Epoch 7 | Step 2340/2562 | Loss 0.2755 | LR 6.5078e-06
2026-03-12 21:32:28 INFO Epoch 7 | Step 2360/2562 | Loss 0.2759 | LR 6.5158e-06
2026-03-12 21:33:59 INFO Epoch 7 | Step 2380/2562 | Loss 0.2759 | LR 6.5237e-06
2026-03-12 21:35:30 INFO Epoch 7 | Step 2400/2562 | Loss 0.2759 | LR 6.5317e-06
2026-03-12 21:37:01 INFO Epoch 7 | Step 2420/2562 | Loss 0.2757 | LR 6.5397e-06
2026-03-12 21:38:33 INFO Epoch 7 | Step 2440/2562 | Loss 0.2757 | LR 6.5477e-06
2026-03-12 21:40:04 INFO Epoch 7 | Step 2460/2562 | Loss 0.2756 | LR 6.5557e-06
2026-03-12 21:41:34 INFO Epoch 7 | Step 2480/2562 | Loss 0.2754 | LR 6.5637e-06
2026-03-12 21:43:06 INFO Epoch 7 | Step 2500/2562 | Loss 0.2752 | LR 6.5717e-06
2026-03-12 21:44:37 INFO Epoch 7 | Step 2520/2562 | Loss 0.2751 | LR 6.5796e-06
2026-03-12 21:46:08 INFO Epoch 7 | Step 2540/2562 | Loss 0.2748 | LR 6.5876e-06
2026-03-12 21:47:40 INFO Epoch 7 | Step 2560/2562 | Loss 0.2746 | LR 6.5956e-06
2026-03-12 21:47:49 INFO Epoch 7 | Step 2562/2562 | Loss 0.2746 | LR 6.5964e-06
2026-03-12 22:31:35 INFO CSV Written | Epoch: 7
2026-03-12 22:31:36 INFO Best Saved | Epoch: 7 | Monitor: val_auprc | Value: 0.8213
2026-03-12 22:31:36 INFO Epoch Done | Epoch: 7 | Time: 14549.9002 | Train Loss: 0.2746 | Val Accuracy: 0.9905 | Val AUPRC: 0.8213 | Val Auroc: 0.9836 | Val F1: 0.7494 | Val Loss: 0.3050
2026-03-12 22:31:36 INFO Epoch Start | Epoch: 8
2026-03-12 22:31:55 INFO Epoch 8 | Step 1/2562 | Loss 0.1699 | LR 6.5968e-06
2026-03-12 22:33:31 INFO Epoch 8 | Step 20/2562 | Loss 0.2529 | LR 6.6045e-06
2026-03-12 22:35:13 INFO Epoch 8 | Step 40/2562 | Loss 0.2642 | LR 6.6125e-06
2026-03-12 22:36:54 INFO Epoch 8 | Step 60/2562 | Loss 0.2650 | LR 6.6205e-06
2026-03-12 22:38:35 INFO Epoch 8 | Step 80/2562 | Loss 0.2557 | LR 6.6285e-06
2026-03-12 22:40:16 INFO Epoch 8 | Step 100/2562 | Loss 0.2600 | LR 6.6365e-06
2026-03-12 22:41:57 INFO Epoch 8 | Step 120/2562 | Loss 0.2553 | LR 6.6445e-06
2026-03-12 22:43:38 INFO Epoch 8 | Step 140/2562 | Loss 0.2593 | LR 6.6526e-06
2026-03-12 22:45:19 INFO Epoch 8 | Step 160/2562 | Loss 0.2580 | LR 6.6606e-06
2026-03-12 22:47:00 INFO Epoch 8 | Step 180/2562 | Loss 0.2630 | LR 6.6686e-06
2026-03-12 22:48:39 INFO Epoch 8 | Step 200/2562 | Loss 0.2580 | LR 6.6766e-06
2026-03-12 22:50:12 INFO Epoch 8 | Step 220/2562 | Loss 0.2596 | LR 6.6847e-06
2026-03-12 22:51:44 INFO Epoch 8 | Step 240/2562 | Loss 0.2582 | LR 6.6927e-06
2026-03-12 22:53:17 INFO Epoch 8 | Step 260/2562 | Loss 0.2595 | LR 6.7008e-06
2026-03-12 22:54:51 INFO Epoch 8 | Step 280/2562 | Loss 0.2602 | LR 6.7088e-06
2026-03-12 22:56:24 INFO Epoch 8 | Step 300/2562 | Loss 0.2611 | LR 6.7169e-06
2026-03-12 22:57:57 INFO Epoch 8 | Step 320/2562 | Loss 0.2609 | LR 6.7249e-06
2026-03-12 22:59:30 INFO Epoch 8 | Step 340/2562 | Loss 0.2588 | LR 6.7330e-06
2026-03-12 23:01:02 INFO Epoch 8 | Step 360/2562 | Loss 0.2602 | LR 6.7410e-06
2026-03-12 23:02:35 INFO Epoch 8 | Step 380/2562 | Loss 0.2602 | LR 6.7491e-06
2026-03-12 23:04:07 INFO Epoch 8 | Step 400/2562 | Loss 0.2592 | LR 6.7571e-06
2026-03-12 23:05:40 INFO Epoch 8 | Step 420/2562 | Loss 0.2575 | LR 6.7652e-06
2026-03-12 23:07:13 INFO Epoch 8 | Step 440/2562 | Loss 0.2568 | LR 6.7733e-06
2026-03-12 23:08:45 INFO Epoch 8 | Step 460/2562 | Loss 0.2569 | LR 6.7814e-06
2026-03-12 23:10:16 INFO Epoch 8 | Step 480/2562 | Loss 0.2571 | LR 6.7894e-06
2026-03-12 23:11:47 INFO Epoch 8 | Step 500/2562 | Loss 0.2579 | LR 6.7975e-06
2026-03-12 23:13:18 INFO Epoch 8 | Step 520/2562 | Loss 0.2587 | LR 6.8056e-06
2026-03-12 23:14:48 INFO Epoch 8 | Step 540/2562 | Loss 0.2585 | LR 6.8137e-06
2026-03-12 23:16:19 INFO Epoch 8 | Step 560/2562 | Loss 0.2581 | LR 6.8218e-06
2026-03-12 23:17:49 INFO Epoch 8 | Step 580/2562 | Loss 0.2581 | LR 6.8298e-06
2026-03-12 23:19:20 INFO Epoch 8 | Step 600/2562 | Loss 0.2581 | LR 6.8379e-06
2026-03-12 23:20:50 INFO Epoch 8 | Step 620/2562 | Loss 0.2573 | LR 6.8460e-06
2026-03-12 23:22:21 INFO Epoch 8 | Step 640/2562 | Loss 0.2573 | LR 6.8541e-06
2026-03-12 23:23:51 INFO Epoch 8 | Step 660/2562 | Loss 0.2586 | LR 6.8622e-06
2026-03-12 23:25:21 INFO Epoch 8 | Step 680/2562 | Loss 0.2580 | LR 6.8703e-06
2026-03-12 23:26:51 INFO Epoch 8 | Step 700/2562 | Loss 0.2570 | LR 6.8785e-06
2026-03-12 23:28:21 INFO Epoch 8 | Step 720/2562 | Loss 0.2568 | LR 6.8866e-06
2026-03-12 23:29:52 INFO Epoch 8 | Step 740/2562 | Loss 0.2568 | LR 6.8947e-06
2026-03-12 23:31:22 INFO Epoch 8 | Step 760/2562 | Loss 0.2568 | LR 6.9028e-06
2026-03-12 23:32:52 INFO Epoch 8 | Step 780/2562 | Loss 0.2558 | LR 6.9109e-06
2026-03-12 23:34:23 INFO Epoch 8 | Step 800/2562 | Loss 0.2556 | LR 6.9190e-06
2026-03-12 23:35:52 INFO Epoch 8 | Step 820/2562 | Loss 0.2561 | LR 6.9272e-06
2026-03-12 23:37:18 INFO Epoch 8 | Step 840/2562 | Loss 0.2558 | LR 6.9353e-06
2026-03-12 23:38:43 INFO Epoch 8 | Step 860/2562 | Loss 0.2558 | LR 6.9434e-06
2026-03-12 23:40:09 INFO Epoch 8 | Step 880/2562 | Loss 0.2552 | LR 6.9516e-06
2026-03-12 23:41:34 INFO Epoch 8 | Step 900/2562 | Loss 0.2554 | LR 6.9597e-06
2026-03-12 23:42:59 INFO Epoch 8 | Step 920/2562 | Loss 0.2553 | LR 6.9678e-06
2026-03-12 23:44:24 INFO Epoch 8 | Step 940/2562 | Loss 0.2546 | LR 6.9760e-06
2026-03-12 23:45:50 INFO Epoch 8 | Step 960/2562 | Loss 0.2551 | LR 6.9841e-06
2026-03-12 23:47:15 INFO Epoch 8 | Step 980/2562 | Loss 0.2548 | LR 6.9923e-06
2026-03-12 23:48:41 INFO Epoch 8 | Step 1000/2562 | Loss 0.2541 | LR 7.0004e-06
2026-03-12 23:50:06 INFO Epoch 8 | Step 1020/2562 | Loss 0.2537 | LR 7.0086e-06
2026-03-12 23:51:32 INFO Epoch 8 | Step 1040/2562 | Loss 0.2542 | LR 7.0167e-06
2026-03-12 23:52:57 INFO Epoch 8 | Step 1060/2562 | Loss 0.2537 | LR 7.0249e-06
2026-03-12 23:54:22 INFO Epoch 8 | Step 1080/2562 | Loss 0.2532 | LR 7.0330e-06
2026-03-12 23:55:48 INFO Epoch 8 | Step 1100/2562 | Loss 0.2535 | LR 7.0412e-06
2026-03-12 23:57:13 INFO Epoch 8 | Step 1120/2562 | Loss 0.2534 | LR 7.0494e-06
2026-03-12 23:58:39 INFO Epoch 8 | Step 1140/2562 | Loss 0.2535 | LR 7.0576e-06
2026-03-13 00:00:04 INFO Epoch 8 | Step 1160/2562 | Loss 0.2534 | LR 7.0657e-06
2026-03-13 00:01:30 INFO Epoch 8 | Step 1180/2562 | Loss 0.2533 | LR 7.0739e-06
2026-03-13 00:02:56 INFO Epoch 8 | Step 1200/2562 | Loss 0.2533 | LR 7.0821e-06
2026-03-13 00:04:22 INFO Epoch 8 | Step 1220/2562 | Loss 0.2529 | LR 7.0903e-06
2026-03-13 00:05:47 INFO Epoch 8 | Step 1240/2562 | Loss 0.2531 | LR 7.0984e-06
2026-03-13 00:07:12 INFO Epoch 8 | Step 1260/2562 | Loss 0.2530 | LR 7.1066e-06
2026-03-13 00:08:38 INFO Epoch 8 | Step 1280/2562 | Loss 0.2535 | LR 7.1148e-06
2026-03-13 00:10:04 INFO Epoch 8 | Step 1300/2562 | Loss 0.2532 | LR 7.1230e-06
2026-03-13 00:11:29 INFO Epoch 8 | Step 1320/2562 | Loss 0.2529 | LR 7.1312e-06
2026-03-13 00:12:55 INFO Epoch 8 | Step 1340/2562 | Loss 0.2530 | LR 7.1394e-06
2026-03-13 00:14:21 INFO Epoch 8 | Step 1360/2562 | Loss 0.2526 | LR 7.1476e-06
2026-03-13 00:15:47 INFO Epoch 8 | Step 1380/2562 | Loss 0.2522 | LR 7.1558e-06
2026-03-13 00:17:12 INFO Epoch 8 | Step 1400/2562 | Loss 0.2528 | LR 7.1640e-06
2026-03-13 00:18:38 INFO Epoch 8 | Step 1420/2562 | Loss 0.2529 | LR 7.1722e-06
2026-03-13 00:20:03 INFO Epoch 8 | Step 1440/2562 | Loss 0.2533 | LR 7.1804e-06
2026-03-13 00:21:29 INFO Epoch 8 | Step 1460/2562 | Loss 0.2527 | LR 7.1886e-06
2026-03-13 00:22:55 INFO Epoch 8 | Step 1480/2562 | Loss 0.2527 | LR 7.1969e-06
2026-03-13 00:24:20 INFO Epoch 8 | Step 1500/2562 | Loss 0.2532 | LR 7.2051e-06
2026-03-13 00:25:46 INFO Epoch 8 | Step 1520/2562 | Loss 0.2534 | LR 7.2133e-06
2026-03-13 00:27:11 INFO Epoch 8 | Step 1540/2562 | Loss 0.2536 | LR 7.2215e-06
2026-03-13 00:28:36 INFO Epoch 8 | Step 1560/2562 | Loss 0.2533 | LR 7.2298e-06
2026-03-13 00:30:02 INFO Epoch 8 | Step 1580/2562 | Loss 0.2534 | LR 7.2380e-06
2026-03-13 00:31:27 INFO Epoch 8 | Step 1600/2562 | Loss 0.2532 | LR 7.2462e-06
2026-03-13 00:32:52 INFO Epoch 8 | Step 1620/2562 | Loss 0.2531 | LR 7.2545e-06
2026-03-13 00:34:17 INFO Epoch 8 | Step 1640/2562 | Loss 0.2534 | LR 7.2627e-06
2026-03-13 00:35:43 INFO Epoch 8 | Step 1660/2562 | Loss 0.2533 | LR 7.2709e-06
2026-03-13 00:37:11 INFO Epoch 8 | Step 1680/2562 | Loss 0.2532 | LR 7.2792e-06
2026-03-13 00:38:50 INFO Epoch 8 | Step 1700/2562 | Loss 0.2533 | LR 7.2874e-06
2026-03-13 00:40:30 INFO Epoch 8 | Step 1720/2562 | Loss 0.2529 | LR 7.2957e-06
2026-03-13 00:42:10 INFO Epoch 8 | Step 1740/2562 | Loss 0.2528 | LR 7.3039e-06
2026-03-13 00:43:50 INFO Epoch 8 | Step 1760/2562 | Loss 0.2524 | LR 7.3122e-06
2026-03-13 00:45:31 INFO Epoch 8 | Step 1780/2562 | Loss 0.2523 | LR 7.3204e-06
2026-03-13 00:47:10 INFO Epoch 8 | Step 1800/2562 | Loss 0.2524 | LR 7.3287e-06
2026-03-13 00:48:50 INFO Epoch 8 | Step 1820/2562 | Loss 0.2524 | LR 7.3369e-06
2026-03-13 00:50:31 INFO Epoch 8 | Step 1840/2562 | Loss 0.2524 | LR 7.3452e-06
2026-03-13 00:52:11 INFO Epoch 8 | Step 1860/2562 | Loss 0.2523 | LR 7.3535e-06
2026-03-13 00:53:50 INFO Epoch 8 | Step 1880/2562 | Loss 0.2526 | LR 7.3617e-06
2026-03-13 00:55:29 INFO Epoch 8 | Step 1900/2562 | Loss 0.2528 | LR 7.3700e-06
2026-03-13 00:57:08 INFO Epoch 8 | Step 1920/2562 | Loss 0.2525 | LR 7.3783e-06
2026-03-13 00:58:48 INFO Epoch 8 | Step 1940/2562 | Loss 0.2525 | LR 7.3866e-06
2026-03-13 01:00:27 INFO Epoch 8 | Step 1960/2562 | Loss 0.2522 | LR 7.3948e-06
2026-03-13 01:02:06 INFO Epoch 8 | Step 1980/2562 | Loss 0.2522 | LR 7.4031e-06
2026-03-13 01:03:45 INFO Epoch 8 | Step 2000/2562 | Loss 0.2519 | LR 7.4114e-06
2026-03-13 01:05:23 INFO Epoch 8 | Step 2020/2562 | Loss 0.2516 | LR 7.4197e-06
2026-03-13 01:07:02 INFO Epoch 8 | Step 2040/2562 | Loss 0.2518 | LR 7.4280e-06
2026-03-13 01:08:41 INFO Epoch 8 | Step 2060/2562 | Loss 0.2514 | LR 7.4363e-06
2026-03-13 01:10:20 INFO Epoch 8 | Step 2080/2562 | Loss 0.2513 | LR 7.4445e-06
2026-03-13 01:11:54 INFO Epoch 8 | Step 2100/2562 | Loss 0.2510 | LR 7.4528e-06
2026-03-13 01:13:22 INFO Epoch 8 | Step 2120/2562 | Loss 0.2509 | LR 7.4611e-06
2026-03-13 01:14:48 INFO Epoch 8 | Step 2140/2562 | Loss 0.2508 | LR 7.4694e-06
2026-03-13 01:16:13 INFO Epoch 8 | Step 2160/2562 | Loss 0.2505 | LR 7.4777e-06
2026-03-13 01:17:38 INFO Epoch 8 | Step 2180/2562 | Loss 0.2507 | LR 7.4860e-06
2026-03-13 01:19:02 INFO Epoch 8 | Step 2200/2562 | Loss 0.2507 | LR 7.4944e-06
2026-03-13 01:20:27 INFO Epoch 8 | Step 2220/2562 | Loss 0.2508 | LR 7.5027e-06
2026-03-13 01:21:52 INFO Epoch 8 | Step 2240/2562 | Loss 0.2509 | LR 7.5110e-06
2026-03-13 01:23:17 INFO Epoch 8 | Step 2260/2562 | Loss 0.2510 | LR 7.5193e-06
2026-03-13 01:24:42 INFO Epoch 8 | Step 2280/2562 | Loss 0.2508 | LR 7.5276e-06
2026-03-13 01:26:07 INFO Epoch 8 | Step 2300/2562 | Loss 0.2506 | LR 7.5359e-06
2026-03-13 01:27:31 INFO Epoch 8 | Step 2320/2562 | Loss 0.2508 | LR 7.5442e-06
2026-03-13 01:28:56 INFO Epoch 8 | Step 2340/2562 | Loss 0.2510 | LR 7.5526e-06
2026-03-13 01:30:21 INFO Epoch 8 | Step 2360/2562 | Loss 0.2508 | LR 7.5609e-06
2026-03-13 01:31:46 INFO Epoch 8 | Step 2380/2562 | Loss 0.2505 | LR 7.5692e-06
2026-03-13 01:33:11 INFO Epoch 8 | Step 2400/2562 | Loss 0.2505 | LR 7.5776e-06
2026-03-13 01:34:36 INFO Epoch 8 | Step 2420/2562 | Loss 0.2504 | LR 7.5859e-06
2026-03-13 01:36:01 INFO Epoch 8 | Step 2440/2562 | Loss 0.2503 | LR 7.5942e-06
2026-03-13 01:37:26 INFO Epoch 8 | Step 2460/2562 | Loss 0.2504 | LR 7.6026e-06
2026-03-13 01:38:51 INFO Epoch 8 | Step 2480/2562 | Loss 0.2499 | LR 7.6109e-06
2026-03-13 01:40:16 INFO Epoch 8 | Step 2500/2562 | Loss 0.2498 | LR 7.6192e-06
2026-03-13 01:41:41 INFO Epoch 8 | Step 2520/2562 | Loss 0.2499 | LR 7.6276e-06
2026-03-13 01:43:06 INFO Epoch 8 | Step 2540/2562 | Loss 0.2498 | LR 7.6359e-06
2026-03-13 01:44:30 INFO Epoch 8 | Step 2560/2562 | Loss 0.2496 | LR 7.6443e-06
2026-03-13 01:44:38 INFO Epoch 8 | Step 2562/2562 | Loss 0.2496 | LR 7.6451e-06
2026-03-13 02:24:59 INFO CSV Written | Epoch: 8
2026-03-13 02:24:59 INFO Best Saved | Epoch: 8 | Monitor: val_auprc | Value: 0.8383
2026-03-13 02:24:59 INFO Epoch Done | Epoch: 8 | Time: 14003.0950 | Train Loss: 0.2496 | Val Accuracy: 0.9907 | Val AUPRC: 0.8383 | Val Auroc: 0.9848 | Val F1: 0.7503 | Val Loss: 0.3157
2026-03-13 02:24:59 INFO Epoch Start | Epoch: 9
2026-03-13 02:25:30 INFO Epoch 9 | Step 1/2562 | Loss 0.2700 | LR 7.6455e-06
2026-03-13 02:26:52 INFO Epoch 9 | Step 20/2562 | Loss 0.2531 | LR 7.6535e-06
2026-03-13 02:28:19 INFO Epoch 9 | Step 40/2562 | Loss 0.2490 | LR 7.6618e-06
2026-03-13 02:29:46 INFO Epoch 9 | Step 60/2562 | Loss 0.2541 | LR 7.6702e-06
2026-03-13 02:31:12 INFO Epoch 9 | Step 80/2562 | Loss 0.2453 | LR 7.6785e-06
2026-03-13 02:32:38 INFO Epoch 9 | Step 100/2562 | Loss 0.2474 | LR 7.6869e-06
2026-03-13 02:34:04 INFO Epoch 9 | Step 120/2562 | Loss 0.2416 | LR 7.6953e-06
2026-03-13 02:35:31 INFO Epoch 9 | Step 140/2562 | Loss 0.2448 | LR 7.7036e-06
2026-03-13 02:36:58 INFO Epoch 9 | Step 160/2562 | Loss 0.2490 | LR 7.7120e-06
2026-03-13 02:38:24 INFO Epoch 9 | Step 180/2562 | Loss 0.2446 | LR 7.7204e-06
2026-03-13 02:39:51 INFO Epoch 9 | Step 200/2562 | Loss 0.2461 | LR 7.7287e-06
2026-03-13 02:41:17 INFO Epoch 9 | Step 220/2562 | Loss 0.2464 | LR 7.7371e-06
2026-03-13 02:42:43 INFO Epoch 9 | Step 240/2562 | Loss 0.2449 | LR 7.7455e-06
2026-03-13 02:44:10 INFO Epoch 9 | Step 260/2562 | Loss 0.2450 | LR 7.7539e-06
2026-03-13 02:45:36 INFO Epoch 9 | Step 280/2562 | Loss 0.2459 | LR 7.7622e-06
2026-03-13 02:47:03 INFO Epoch 9 | Step 300/2562 | Loss 0.2438 | LR 7.7706e-06
2026-03-13 02:48:30 INFO Epoch 9 | Step 320/2562 | Loss 0.2428 | LR 7.7790e-06
2026-03-13 02:49:56 INFO Epoch 9 | Step 340/2562 | Loss 0.2410 | LR 7.7874e-06
2026-03-13 02:51:23 INFO Epoch 9 | Step 360/2562 | Loss 0.2427 | LR 7.7958e-06
2026-03-13 02:52:49 INFO Epoch 9 | Step 380/2562 | Loss 0.2414 | LR 7.8042e-06
2026-03-13 02:54:16 INFO Epoch 9 | Step 400/2562 | Loss 0.2398 | LR 7.8126e-06
2026-03-13 02:55:43 INFO Epoch 9 | Step 420/2562 | Loss 0.2409 | LR 7.8210e-06
2026-03-13 02:57:10 INFO Epoch 9 | Step 440/2562 | Loss 0.2392 | LR 7.8294e-06
2026-03-13 02:58:36 INFO Epoch 9 | Step 460/2562 | Loss 0.2384 | LR 7.8378e-06
2026-03-13 03:00:02 INFO Epoch 9 | Step 480/2562 | Loss 0.2368 | LR 7.8462e-06
2026-03-13 03:01:26 INFO Epoch 9 | Step 500/2562 | Loss 0.2370 | LR 7.8546e-06
2026-03-13 03:02:51 INFO Epoch 9 | Step 520/2562 | Loss 0.2368 | LR 7.8630e-06
2026-03-13 03:04:16 INFO Epoch 9 | Step 540/2562 | Loss 0.2354 | LR 7.8714e-06
2026-03-13 03:05:40 INFO Epoch 9 | Step 560/2562 | Loss 0.2358 | LR 7.8798e-06
2026-03-13 03:07:05 INFO Epoch 9 | Step 580/2562 | Loss 0.2360 | LR 7.8882e-06
2026-03-13 03:08:30 INFO Epoch 9 | Step 600/2562 | Loss 0.2358 | LR 7.8966e-06
2026-03-13 03:09:54 INFO Epoch 9 | Step 620/2562 | Loss 0.2363 | LR 7.9050e-06
2026-03-13 03:11:19 INFO Epoch 9 | Step 640/2562 | Loss 0.2361 | LR 7.9135e-06
2026-03-13 03:12:44 INFO Epoch 9 | Step 660/2562 | Loss 0.2373 | LR 7.9219e-06
2026-03-13 03:14:09 INFO Epoch 9 | Step 680/2562 | Loss 0.2377 | LR 7.9303e-06
2026-03-13 03:15:34 INFO Epoch 9 | Step 700/2562 | Loss 0.2381 | LR 7.9387e-06
2026-03-13 03:16:59 INFO Epoch 9 | Step 720/2562 | Loss 0.2380 | LR 7.9472e-06
2026-03-13 03:18:23 INFO Epoch 9 | Step 740/2562 | Loss 0.2379 | LR 7.9556e-06
2026-03-13 03:19:48 INFO Epoch 9 | Step 760/2562 | Loss 0.2384 | LR 7.9640e-06
2026-03-13 03:21:12 INFO Epoch 9 | Step 780/2562 | Loss 0.2387 | LR 7.9724e-06
2026-03-13 03:22:37 INFO Epoch 9 | Step 800/2562 | Loss 0.2383 | LR 7.9809e-06
2026-03-13 03:24:03 INFO Epoch 9 | Step 820/2562 | Loss 0.2389 | LR 7.9893e-06
2026-03-13 03:25:28 INFO Epoch 9 | Step 840/2562 | Loss 0.2382 | LR 7.9978e-06
2026-03-13 03:26:52 INFO Epoch 9 | Step 860/2562 | Loss 0.2378 | LR 8.0062e-06
2026-03-13 03:28:17 INFO Epoch 9 | Step 880/2562 | Loss 0.2380 | LR 8.0146e-06
2026-03-13 03:29:42 INFO Epoch 9 | Step 900/2562 | Loss 0.2378 | LR 8.0231e-06
2026-03-13 03:31:07 INFO Epoch 9 | Step 920/2562 | Loss 0.2377 | LR 8.0315e-06
2026-03-13 03:32:31 INFO Epoch 9 | Step 940/2562 | Loss 0.2382 | LR 8.0400e-06
2026-03-13 03:33:57 INFO Epoch 9 | Step 960/2562 | Loss 0.2372 | LR 8.0484e-06
2026-03-13 03:35:21 INFO Epoch 9 | Step 980/2562 | Loss 0.2370 | LR 8.0569e-06
2026-03-13 03:36:46 INFO Epoch 9 | Step 1000/2562 | Loss 0.2372 | LR 8.0653e-06
2026-03-13 03:38:11 INFO Epoch 9 | Step 1020/2562 | Loss 0.2367 | LR 8.0738e-06
2026-03-13 03:39:36 INFO Epoch 9 | Step 1040/2562 | Loss 0.2367 | LR 8.0823e-06
2026-03-13 03:41:00 INFO Epoch 9 | Step 1060/2562 | Loss 0.2370 | LR 8.0907e-06
2026-03-13 03:42:25 INFO Epoch 9 | Step 1080/2562 | Loss 0.2375 | LR 8.0992e-06
2026-03-13 03:43:50 INFO Epoch 9 | Step 1100/2562 | Loss 0.2372 | LR 8.1076e-06
2026-03-13 03:45:15 INFO Epoch 9 | Step 1120/2562 | Loss 0.2373 | LR 8.1161e-06
2026-03-13 03:46:40 INFO Epoch 9 | Step 1140/2562 | Loss 0.2377 | LR 8.1246e-06
2026-03-13 03:48:05 INFO Epoch 9 | Step 1160/2562 | Loss 0.2377 | LR 8.1330e-06
2026-03-13 03:49:30 INFO Epoch 9 | Step 1180/2562 | Loss 0.2373 | LR 8.1415e-06
2026-03-13 03:50:55 INFO Epoch 9 | Step 1200/2562 | Loss 0.2374 | LR 8.1500e-06
2026-03-13 03:52:20 INFO Epoch 9 | Step 1220/2562 | Loss 0.2370 | LR 8.1585e-06
2026-03-13 03:53:45 INFO Epoch 9 | Step 1240/2562 | Loss 0.2368 | LR 8.1669e-06
2026-03-13 03:55:11 INFO Epoch 9 | Step 1260/2562 | Loss 0.2362 | LR 8.1754e-06
2026-03-13 03:56:36 INFO Epoch 9 | Step 1280/2562 | Loss 0.2357 | LR 8.1839e-06
2026-03-13 03:58:01 INFO Epoch 9 | Step 1300/2562 | Loss 0.2356 | LR 8.1924e-06
2026-03-13 03:59:26 INFO Epoch 9 | Step 1320/2562 | Loss 0.2356 | LR 8.2009e-06
2026-03-13 04:00:51 INFO Epoch 9 | Step 1340/2562 | Loss 0.2355 | LR 8.2094e-06
2026-03-13 04:02:16 INFO Epoch 9 | Step 1360/2562 | Loss 0.2353 | LR 8.2178e-06
2026-03-13 04:03:41 INFO Epoch 9 | Step 1380/2562 | Loss 0.2351 | LR 8.2263e-06
2026-03-13 04:05:06 INFO Epoch 9 | Step 1400/2562 | Loss 0.2350 | LR 8.2348e-06
2026-03-13 04:06:31 INFO Epoch 9 | Step 1420/2562 | Loss 0.2352 | LR 8.2433e-06
2026-03-13 04:07:56 INFO Epoch 9 | Step 1440/2562 | Loss 0.2351 | LR 8.2518e-06
2026-03-13 04:09:20 INFO Epoch 9 | Step 1460/2562 | Loss 0.2350 | LR 8.2603e-06
2026-03-13 04:10:45 INFO Epoch 9 | Step 1480/2562 | Loss 0.2351 | LR 8.2688e-06
2026-03-13 04:12:10 INFO Epoch 9 | Step 1500/2562 | Loss 0.2351 | LR 8.2773e-06
2026-03-13 04:13:34 INFO Epoch 9 | Step 1520/2562 | Loss 0.2352 | LR 8.2858e-06
2026-03-13 04:14:59 INFO Epoch 9 | Step 1540/2562 | Loss 0.2353 | LR 8.2943e-06
2026-03-13 04:16:24 INFO Epoch 9 | Step 1560/2562 | Loss 0.2353 | LR 8.3028e-06
2026-03-13 04:17:48 INFO Epoch 9 | Step 1580/2562 | Loss 0.2350 | LR 8.3113e-06
2026-03-13 04:19:14 INFO Epoch 9 | Step 1600/2562 | Loss 0.2349 | LR 8.3198e-06
2026-03-13 04:20:38 INFO Epoch 9 | Step 1620/2562 | Loss 0.2347 | LR 8.3283e-06
2026-03-13 04:22:03 INFO Epoch 9 | Step 1640/2562 | Loss 0.2349 | LR 8.3369e-06
2026-03-13 04:23:29 INFO Epoch 9 | Step 1660/2562 | Loss 0.2352 | LR 8.3454e-06
2026-03-13 04:24:54 INFO Epoch 9 | Step 1680/2562 | Loss 0.2354 | LR 8.3539e-06
2026-03-13 04:26:19 INFO Epoch 9 | Step 1700/2562 | Loss 0.2351 | LR 8.3624e-06
2026-03-13 04:27:44 INFO Epoch 9 | Step 1720/2562 | Loss 0.2349 | LR 8.3709e-06
2026-03-13 04:29:09 INFO Epoch 9 | Step 1740/2562 | Loss 0.2344 | LR 8.3794e-06
2026-03-13 04:30:34 INFO Epoch 9 | Step 1760/2562 | Loss 0.2344 | LR 8.3880e-06
2026-03-13 04:31:59 INFO Epoch 9 | Step 1780/2562 | Loss 0.2345 | LR 8.3965e-06
2026-03-13 04:33:24 INFO Epoch 9 | Step 1800/2562 | Loss 0.2345 | LR 8.4050e-06
2026-03-13 04:34:49 INFO Epoch 9 | Step 1820/2562 | Loss 0.2349 | LR 8.4135e-06
2026-03-13 04:36:14 INFO Epoch 9 | Step 1840/2562 | Loss 0.2349 | LR 8.4221e-06
2026-03-13 04:37:39 INFO Epoch 9 | Step 1860/2562 | Loss 0.2346 | LR 8.4306e-06
2026-03-13 04:39:04 INFO Epoch 9 | Step 1880/2562 | Loss 0.2349 | LR 8.4391e-06
2026-03-13 04:40:28 INFO Epoch 9 | Step 1900/2562 | Loss 0.2347 | LR 8.4477e-06
2026-03-13 04:41:53 INFO Epoch 9 | Step 1920/2562 | Loss 0.2343 | LR 8.4562e-06
2026-03-13 04:43:17 INFO Epoch 9 | Step 1940/2562 | Loss 0.2344 | LR 8.4647e-06
2026-03-13 04:44:42 INFO Epoch 9 | Step 1960/2562 | Loss 0.2344 | LR 8.4733e-06
2026-03-13 04:46:06 INFO Epoch 9 | Step 1980/2562 | Loss 0.2346 | LR 8.4818e-06
2026-03-13 04:47:31 INFO Epoch 9 | Step 2000/2562 | Loss 0.2343 | LR 8.4904e-06
2026-03-13 04:48:56 INFO Epoch 9 | Step 2020/2562 | Loss 0.2344 | LR 8.4989e-06
2026-03-13 04:50:20 INFO Epoch 9 | Step 2040/2562 | Loss 0.2345 | LR 8.5075e-06
2026-03-13 04:51:44 INFO Epoch 9 | Step 2060/2562 | Loss 0.2346 | LR 8.5160e-06
2026-03-13 04:53:09 INFO Epoch 9 | Step 2080/2562 | Loss 0.2351 | LR 8.5246e-06
2026-03-13 04:54:34 INFO Epoch 9 | Step 2100/2562 | Loss 0.2349 | LR 8.5331e-06
2026-03-13 04:55:58 INFO Epoch 9 | Step 2120/2562 | Loss 0.2346 | LR 8.5417e-06
2026-03-13 04:57:23 INFO Epoch 9 | Step 2140/2562 | Loss 0.2345 | LR 8.5502e-06
2026-03-13 04:58:48 INFO Epoch 9 | Step 2160/2562 | Loss 0.2343 | LR 8.5588e-06
2026-03-13 05:00:12 INFO Epoch 9 | Step 2180/2562 | Loss 0.2341 | LR 8.5673e-06
2026-03-13 05:01:37 INFO Epoch 9 | Step 2200/2562 | Loss 0.2340 | LR 8.5759e-06
2026-03-13 05:03:01 INFO Epoch 9 | Step 2220/2562 | Loss 0.2340 | LR 8.5844e-06
2026-03-13 05:04:26 INFO Epoch 9 | Step 2240/2562 | Loss 0.2339 | LR 8.5930e-06
2026-03-13 05:05:51 INFO Epoch 9 | Step 2260/2562 | Loss 0.2337 | LR 8.6016e-06
2026-03-13 05:07:15 INFO Epoch 9 | Step 2280/2562 | Loss 0.2334 | LR 8.6101e-06
2026-03-13 05:08:40 INFO Epoch 9 | Step 2300/2562 | Loss 0.2337 | LR 8.6187e-06
2026-03-13 05:10:04 INFO Epoch 9 | Step 2320/2562 | Loss 0.2336 | LR 8.6273e-06
2026-03-13 05:11:29 INFO Epoch 9 | Step 2340/2562 | Loss 0.2339 | LR 8.6358e-06
2026-03-13 05:12:54 INFO Epoch 9 | Step 2360/2562 | Loss 0.2338 | LR 8.6444e-06
2026-03-13 05:14:19 INFO Epoch 9 | Step 2380/2562 | Loss 0.2337 | LR 8.6530e-06
2026-03-13 05:15:44 INFO Epoch 9 | Step 2400/2562 | Loss 0.2336 | LR 8.6615e-06
2026-03-13 05:17:10 INFO Epoch 9 | Step 2420/2562 | Loss 0.2337 | LR 8.6701e-06
2026-03-13 05:18:35 INFO Epoch 9 | Step 2440/2562 | Loss 0.2336 | LR 8.6787e-06
2026-03-13 05:20:00 INFO Epoch 9 | Step 2460/2562 | Loss 0.2335 | LR 8.6873e-06
2026-03-13 05:21:26 INFO Epoch 9 | Step 2480/2562 | Loss 0.2337 | LR 8.6958e-06
2026-03-13 05:22:51 INFO Epoch 9 | Step 2500/2562 | Loss 0.2336 | LR 8.7044e-06
2026-03-13 05:24:16 INFO Epoch 9 | Step 2520/2562 | Loss 0.2333 | LR 8.7130e-06
2026-03-13 05:25:42 INFO Epoch 9 | Step 2540/2562 | Loss 0.2334 | LR 8.7216e-06
2026-03-13 05:27:08 INFO Epoch 9 | Step 2560/2562 | Loss 0.2334 | LR 8.7302e-06
2026-03-13 05:27:16 INFO Epoch 9 | Step 2562/2562 | Loss 0.2334 | LR 8.7310e-06
2026-03-13 06:07:35 INFO CSV Written | Epoch: 9
2026-03-13 06:07:36 INFO Best Saved | Epoch: 9 | Monitor: val_auprc | Value: 0.8585
2026-03-13 06:07:36 INFO Epoch Done | Epoch: 9 | Time: 13356.0494 | Train Loss: 0.2334 | Val Accuracy: 0.9922 | Val AUPRC: 0.8585 | Val Auroc: 0.9863 | Val F1: 0.8041 | Val Loss: 0.2832
2026-03-13 06:07:36 INFO Epoch Start | Epoch: 10
2026-03-13 06:08:08 INFO Epoch 10 | Step 1/2562 | Loss 0.1471 | LR 8.7315e-06
2026-03-13 06:09:29 INFO Epoch 10 | Step 20/2562 | Loss 0.1861 | LR 8.7396e-06
2026-03-13 06:10:55 INFO Epoch 10 | Step 40/2562 | Loss 0.1952 | LR 8.7482e-06
2026-03-13 06:12:22 INFO Epoch 10 | Step 60/2562 | Loss 0.1966 | LR 8.7568e-06
2026-03-13 06:13:48 INFO Epoch 10 | Step 80/2562 | Loss 0.1995 | LR 8.7654e-06
2026-03-13 06:15:15 INFO Epoch 10 | Step 100/2562 | Loss 0.2014 | LR 8.7740e-06
2026-03-13 06:16:41 INFO Epoch 10 | Step 120/2562 | Loss 0.2004 | LR 8.7826e-06
2026-03-13 06:18:07 INFO Epoch 10 | Step 140/2562 | Loss 0.2022 | LR 8.7911e-06
2026-03-13 06:19:33 INFO Epoch 10 | Step 160/2562 | Loss 0.2021 | LR 8.7997e-06
2026-03-13 06:21:00 INFO Epoch 10 | Step 180/2562 | Loss 0.2077 | LR 8.8083e-06
2026-03-13 06:22:26 INFO Epoch 10 | Step 200/2562 | Loss 0.2062 | LR 8.8169e-06
2026-03-13 06:23:53 INFO Epoch 10 | Step 220/2562 | Loss 0.2089 | LR 8.8255e-06
2026-03-13 06:25:20 INFO Epoch 10 | Step 240/2562 | Loss 0.2106 | LR 8.8341e-06
2026-03-13 06:26:46 INFO Epoch 10 | Step 260/2562 | Loss 0.2110 | LR 8.8427e-06
2026-03-13 06:28:12 INFO Epoch 10 | Step 280/2562 | Loss 0.2143 | LR 8.8513e-06
2026-03-13 06:29:39 INFO Epoch 10 | Step 300/2562 | Loss 0.2144 | LR 8.8599e-06
2026-03-13 06:31:05 INFO Epoch 10 | Step 320/2562 | Loss 0.2145 | LR 8.8685e-06
2026-03-13 06:32:32 INFO Epoch 10 | Step 340/2562 | Loss 0.2131 | LR 8.8771e-06
2026-03-13 06:33:58 INFO Epoch 10 | Step 360/2562 | Loss 0.2135 | LR 8.8858e-06
2026-03-13 06:35:25 INFO Epoch 10 | Step 380/2562 | Loss 0.2128 | LR 8.8944e-06
2026-03-13 06:36:51 INFO Epoch 10 | Step 400/2562 | Loss 0.2151 | LR 8.9030e-06
2026-03-13 06:38:17 INFO Epoch 10 | Step 420/2562 | Loss 0.2135 | LR 8.9116e-06
2026-03-13 06:39:44 INFO Epoch 10 | Step 440/2562 | Loss 0.2157 | LR 8.9202e-06
2026-03-13 06:41:10 INFO Epoch 10 | Step 460/2562 | Loss 0.2165 | LR 8.9288e-06
2026-03-13 06:42:35 INFO Epoch 10 | Step 480/2562 | Loss 0.2162 | LR 8.9374e-06
2026-03-13 06:44:00 INFO Epoch 10 | Step 500/2562 | Loss 0.2155 | LR 8.9460e-06
2026-03-13 06:45:24 INFO Epoch 10 | Step 520/2562 | Loss 0.2160 | LR 8.9547e-06
2026-03-13 06:46:49 INFO Epoch 10 | Step 540/2562 | Loss 0.2156 | LR 8.9633e-06
2026-03-13 06:48:14 INFO Epoch 10 | Step 560/2562 | Loss 0.2169 | LR 8.9719e-06
2026-03-13 06:49:38 INFO Epoch 10 | Step 580/2562 | Loss 0.2163 | LR 8.9805e-06
2026-03-13 06:51:02 INFO Epoch 10 | Step 600/2562 | Loss 0.2175 | LR 8.9891e-06
2026-03-13 06:52:26 INFO Epoch 10 | Step 620/2562 | Loss 0.2176 | LR 8.9978e-06
2026-03-13 06:53:51 INFO Epoch 10 | Step 640/2562 | Loss 0.2176 | LR 9.0064e-06
2026-03-13 06:55:15 INFO Epoch 10 | Step 660/2562 | Loss 0.2171 | LR 9.0150e-06
2026-03-13 06:56:39 INFO Epoch 10 | Step 680/2562 | Loss 0.2166 | LR 9.0236e-06
2026-03-13 06:58:04 INFO Epoch 10 | Step 700/2562 | Loss 0.2162 | LR 9.0323e-06
2026-03-13 06:59:29 INFO Epoch 10 | Step 720/2562 | Loss 0.2162 | LR 9.0409e-06
2026-03-13 07:00:53 INFO Epoch 10 | Step 740/2562 | Loss 0.2166 | LR 9.0495e-06
2026-03-13 07:02:17 INFO Epoch 10 | Step 760/2562 | Loss 0.2165 | LR 9.0582e-06
2026-03-13 07:03:42 INFO Epoch 10 | Step 780/2562 | Loss 0.2162 | LR 9.0668e-06
2026-03-13 07:05:06 INFO Epoch 10 | Step 800/2562 | Loss 0.2168 | LR 9.0754e-06
2026-03-13 07:06:31 INFO Epoch 10 | Step 820/2562 | Loss 0.2169 | LR 9.0841e-06
2026-03-13 07:07:56 INFO Epoch 10 | Step 840/2562 | Loss 0.2167 | LR 9.0927e-06
2026-03-13 07:09:21 INFO Epoch 10 | Step 860/2562 | Loss 0.2170 | LR 9.1013e-06
2026-03-13 07:10:46 INFO Epoch 10 | Step 880/2562 | Loss 0.2173 | LR 9.1100e-06
2026-03-13 07:12:10 INFO Epoch 10 | Step 900/2562 | Loss 0.2175 | LR 9.1186e-06
2026-03-13 07:13:35 INFO Epoch 10 | Step 920/2562 | Loss 0.2175 | LR 9.1272e-06
2026-03-13 07:15:00 INFO Epoch 10 | Step 940/2562 | Loss 0.2171 | LR 9.1359e-06
2026-03-13 07:16:24 INFO Epoch 10 | Step 960/2562 | Loss 0.2169 | LR 9.1445e-06
2026-03-13 07:17:49 INFO Epoch 10 | Step 980/2562 | Loss 0.2170 | LR 9.1532e-06
2026-03-13 07:19:13 INFO Epoch 10 | Step 1000/2562 | Loss 0.2169 | LR 9.1618e-06
2026-03-13 07:20:38 INFO Epoch 10 | Step 1020/2562 | Loss 0.2173 | LR 9.1705e-06
2026-03-13 07:22:03 INFO Epoch 10 | Step 1040/2562 | Loss 0.2172 | LR 9.1791e-06
2026-03-13 07:23:28 INFO Epoch 10 | Step 1060/2562 | Loss 0.2176 | LR 9.1878e-06
2026-03-13 07:24:53 INFO Epoch 10 | Step 1080/2562 | Loss 0.2181 | LR 9.1964e-06
2026-03-13 07:26:18 INFO Epoch 10 | Step 1100/2562 | Loss 0.2183 | LR 9.2050e-06
2026-03-13 07:27:42 INFO Epoch 10 | Step 1120/2562 | Loss 0.2180 | LR 9.2137e-06
2026-03-13 07:29:07 INFO Epoch 10 | Step 1140/2562 | Loss 0.2173 | LR 9.2223e-06
2026-03-13 07:30:31 INFO Epoch 10 | Step 1160/2562 | Loss 0.2172 | LR 9.2310e-06
2026-03-13 07:31:56 INFO Epoch 10 | Step 1180/2562 | Loss 0.2174 | LR 9.2397e-06
2026-03-13 07:33:21 INFO Epoch 10 | Step 1200/2562 | Loss 0.2176 | LR 9.2483e-06
2026-03-13 07:34:45 INFO Epoch 10 | Step 1220/2562 | Loss 0.2177 | LR 9.2570e-06
2026-03-13 07:36:10 INFO Epoch 10 | Step 1240/2562 | Loss 0.2183 | LR 9.2656e-06
2026-03-13 07:37:35 INFO Epoch 10 | Step 1260/2562 | Loss 0.2188 | LR 9.2743e-06
2026-03-13 07:39:00 INFO Epoch 10 | Step 1280/2562 | Loss 0.2190 | LR 9.2829e-06
2026-03-13 07:40:25 INFO Epoch 10 | Step 1300/2562 | Loss 0.2187 | LR 9.2916e-06
2026-03-13 07:41:50 INFO Epoch 10 | Step 1320/2562 | Loss 0.2188 | LR 9.3002e-06
2026-03-13 07:43:16 INFO Epoch 10 | Step 1340/2562 | Loss 0.2184 | LR 9.3089e-06
2026-03-13 07:44:41 INFO Epoch 10 | Step 1360/2562 | Loss 0.2183 | LR 9.3176e-06
2026-03-13 07:46:06 INFO Epoch 10 | Step 1380/2562 | Loss 0.2186 | LR 9.3262e-06
2026-03-13 07:47:31 INFO Epoch 10 | Step 1400/2562 | Loss 0.2180 | LR 9.3349e-06
2026-03-13 07:48:57 INFO Epoch 10 | Step 1420/2562 | Loss 0.2182 | LR 9.3436e-06
2026-03-13 07:50:22 INFO Epoch 10 | Step 1440/2562 | Loss 0.2182 | LR 9.3522e-06
2026-03-13 07:51:46 INFO Epoch 10 | Step 1460/2562 | Loss 0.2184 | LR 9.3609e-06
2026-03-13 07:53:12 INFO Epoch 10 | Step 1480/2562 | Loss 0.2191 | LR 9.3696e-06
2026-03-13 07:54:37 INFO Epoch 10 | Step 1500/2562 | Loss 0.2192 | LR 9.3782e-06
2026-03-13 07:56:02 INFO Epoch 10 | Step 1520/2562 | Loss 0.2191 | LR 9.3869e-06
2026-03-13 07:57:26 INFO Epoch 10 | Step 1540/2562 | Loss 0.2190 | LR 9.3956e-06
2026-03-13 07:58:51 INFO Epoch 10 | Step 1560/2562 | Loss 0.2192 | LR 9.4042e-06
2026-03-13 08:00:16 INFO Epoch 10 | Step 1580/2562 | Loss 0.2193 | LR 9.4129e-06
2026-03-13 08:01:41 INFO Epoch 10 | Step 1600/2562 | Loss 0.2192 | LR 9.4216e-06
2026-03-13 08:03:06 INFO Epoch 10 | Step 1620/2562 | Loss 0.2191 | LR 9.4302e-06
2026-03-13 08:04:30 INFO Epoch 10 | Step 1640/2562 | Loss 0.2190 | LR 9.4389e-06
2026-03-13 08:05:54 INFO Epoch 10 | Step 1660/2562 | Loss 0.2191 | LR 9.4476e-06
2026-03-13 08:07:19 INFO Epoch 10 | Step 1680/2562 | Loss 0.2191 | LR 9.4563e-06
2026-03-13 08:08:43 INFO Epoch 10 | Step 1700/2562 | Loss 0.2193 | LR 9.4649e-06
2026-03-13 08:10:08 INFO Epoch 10 | Step 1720/2562 | Loss 0.2195 | LR 9.4736e-06
2026-03-13 08:11:33 INFO Epoch 10 | Step 1740/2562 | Loss 0.2197 | LR 9.4823e-06
2026-03-13 08:12:58 INFO Epoch 10 | Step 1760/2562 | Loss 0.2197 | LR 9.4910e-06
2026-03-13 08:14:23 INFO Epoch 10 | Step 1780/2562 | Loss 0.2196 | LR 9.4996e-06
2026-03-13 08:15:48 INFO Epoch 10 | Step 1800/2562 | Loss 0.2193 | LR 9.5083e-06
2026-03-13 08:17:12 INFO Epoch 10 | Step 1820/2562 | Loss 0.2194 | LR 9.5170e-06
2026-03-13 08:18:37 INFO Epoch 10 | Step 1840/2562 | Loss 0.2190 | LR 9.5257e-06
2026-03-13 08:20:03 INFO Epoch 10 | Step 1860/2562 | Loss 0.2188 | LR 9.5344e-06
2026-03-13 08:21:28 INFO Epoch 10 | Step 1880/2562 | Loss 0.2191 | LR 9.5431e-06
2026-03-13 08:22:52 INFO Epoch 10 | Step 1900/2562 | Loss 0.2192 | LR 9.5517e-06
2026-03-13 08:24:17 INFO Epoch 10 | Step 1920/2562 | Loss 0.2194 | LR 9.5604e-06
2026-03-13 08:25:41 INFO Epoch 10 | Step 1940/2562 | Loss 0.2194 | LR 9.5691e-06
2026-03-13 08:27:06 INFO Epoch 10 | Step 1960/2562 | Loss 0.2196 | LR 9.5778e-06
2026-03-13 08:28:30 INFO Epoch 10 | Step 1980/2562 | Loss 0.2196 | LR 9.5865e-06
2026-03-13 08:29:55 INFO Epoch 10 | Step 2000/2562 | Loss 0.2194 | LR 9.5952e-06
2026-03-13 08:31:19 INFO Epoch 10 | Step 2020/2562 | Loss 0.2194 | LR 9.6038e-06
2026-03-13 08:32:44 INFO Epoch 10 | Step 2040/2562 | Loss 0.2191 | LR 9.6125e-06
2026-03-13 08:34:08 INFO Epoch 10 | Step 2060/2562 | Loss 0.2194 | LR 9.6212e-06
2026-03-13 08:35:33 INFO Epoch 10 | Step 2080/2562 | Loss 0.2193 | LR 9.6299e-06
2026-03-13 08:36:58 INFO Epoch 10 | Step 2100/2562 | Loss 0.2191 | LR 9.6386e-06
2026-03-13 08:38:22 INFO Epoch 10 | Step 2120/2562 | Loss 0.2191 | LR 9.6473e-06
2026-03-13 08:39:47 INFO Epoch 10 | Step 2140/2562 | Loss 0.2189 | LR 9.6560e-06
2026-03-13 08:41:11 INFO Epoch 10 | Step 2160/2562 | Loss 0.2190 | LR 9.6647e-06
2026-03-13 08:42:35 INFO Epoch 10 | Step 2180/2562 | Loss 0.2193 | LR 9.6734e-06
2026-03-13 08:44:00 INFO Epoch 10 | Step 2200/2562 | Loss 0.2195 | LR 9.6821e-06
2026-03-13 08:45:24 INFO Epoch 10 | Step 2220/2562 | Loss 0.2198 | LR 9.6907e-06
2026-03-13 08:46:48 INFO Epoch 10 | Step 2240/2562 | Loss 0.2196 | LR 9.6994e-06
2026-03-13 08:48:12 INFO Epoch 10 | Step 2260/2562 | Loss 0.2198 | LR 9.7081e-06
2026-03-13 08:49:37 INFO Epoch 10 | Step 2280/2562 | Loss 0.2200 | LR 9.7168e-06
2026-03-13 08:51:01 INFO Epoch 10 | Step 2300/2562 | Loss 0.2198 | LR 9.7255e-06
2026-03-13 08:52:26 INFO Epoch 10 | Step 2320/2562 | Loss 0.2196 | LR 9.7342e-06
2026-03-13 08:53:50 INFO Epoch 10 | Step 2340/2562 | Loss 0.2197 | LR 9.7429e-06
2026-03-13 08:55:15 INFO Epoch 10 | Step 2360/2562 | Loss 0.2196 | LR 9.7516e-06
2026-03-13 08:56:40 INFO Epoch 10 | Step 2380/2562 | Loss 0.2198 | LR 9.7603e-06
2026-03-13 08:58:05 INFO Epoch 10 | Step 2400/2562 | Loss 0.2194 | LR 9.7690e-06
2026-03-13 08:59:30 INFO Epoch 10 | Step 2420/2562 | Loss 0.2193 | LR 9.7777e-06
2026-03-13 09:00:56 INFO Epoch 10 | Step 2440/2562 | Loss 0.2193 | LR 9.7864e-06
2026-03-13 09:02:21 INFO Epoch 10 | Step 2460/2562 | Loss 0.2193 | LR 9.7951e-06
2026-03-13 09:03:47 INFO Epoch 10 | Step 2480/2562 | Loss 0.2191 | LR 9.8038e-06
2026-03-13 09:05:13 INFO Epoch 10 | Step 2500/2562 | Loss 0.2191 | LR 9.8125e-06
2026-03-13 09:06:38 INFO Epoch 10 | Step 2520/2562 | Loss 0.2188 | LR 9.8212e-06
2026-03-13 09:08:03 INFO Epoch 10 | Step 2540/2562 | Loss 0.2186 | LR 9.8299e-06
2026-03-13 09:09:29 INFO Epoch 10 | Step 2560/2562 | Loss 0.2183 | LR 9.8386e-06
2026-03-13 09:09:37 INFO Epoch 10 | Step 2562/2562 | Loss 0.2184 | LR 9.8395e-06
2026-03-13 09:49:59 INFO CSV Written | Epoch: 10
2026-03-13 09:49:59 INFO Best Saved | Epoch: 10 | Monitor: val_auprc | Value: 0.8686
2026-03-13 09:49:59 INFO Epoch Done | Epoch: 10 | Time: 13342.9697 | Train Loss: 0.2184 | Val Accuracy: 0.9922 | Val AUPRC: 0.8686 | Val Auroc: 0.9876 | Val F1: 0.8004 | Val Loss: 0.2967
2026-03-13 09:49:59 INFO Epoch Start | Epoch: 11
2026-03-13 09:50:33 INFO Epoch 11 | Step 1/2562 | Loss 0.1737 | LR 9.8399e-06
2026-03-13 09:51:55 INFO Epoch 11 | Step 20/2562 | Loss 0.2006 | LR 9.8482e-06
2026-03-13 09:53:22 INFO Epoch 11 | Step 40/2562 | Loss 0.2057 | LR 9.8569e-06
2026-03-13 09:54:48 INFO Epoch 11 | Step 60/2562 | Loss 0.2006 | LR 9.8656e-06
2026-03-13 09:56:15 INFO Epoch 11 | Step 80/2562 | Loss 0.1973 | LR 9.8743e-06
2026-03-13 09:57:42 INFO Epoch 11 | Step 100/2562 | Loss 0.1961 | LR 9.8830e-06
2026-03-13 09:59:08 INFO Epoch 11 | Step 120/2562 | Loss 0.1952 | LR 9.8917e-06
2026-03-13 10:00:35 INFO Epoch 11 | Step 140/2562 | Loss 0.1998 | LR 9.9004e-06
2026-03-13 10:02:02 INFO Epoch 11 | Step 160/2562 | Loss 0.1989 | LR 9.9091e-06
2026-03-13 10:03:29 INFO Epoch 11 | Step 180/2562 | Loss 0.1966 | LR 9.9178e-06
2026-03-13 10:04:55 INFO Epoch 11 | Step 200/2562 | Loss 0.1976 | LR 9.9265e-06
2026-03-13 10:06:21 INFO Epoch 11 | Step 220/2562 | Loss 0.1968 | LR 9.9352e-06
2026-03-13 10:07:48 INFO Epoch 11 | Step 240/2562 | Loss 0.1978 | LR 9.9439e-06
2026-03-13 10:09:14 INFO Epoch 11 | Step 260/2562 | Loss 0.1980 | LR 9.9526e-06
2026-03-13 10:10:41 INFO Epoch 11 | Step 280/2562 | Loss 0.1969 | LR 9.9614e-06
2026-03-13 10:12:07 INFO Epoch 11 | Step 300/2562 | Loss 0.1953 | LR 9.9701e-06
2026-03-13 10:13:34 INFO Epoch 11 | Step 320/2562 | Loss 0.1976 | LR 9.9788e-06
2026-03-13 10:15:01 INFO Epoch 11 | Step 340/2562 | Loss 0.1963 | LR 9.9875e-06
2026-03-13 10:16:27 INFO Epoch 11 | Step 360/2562 | Loss 0.1956 | LR 9.9962e-06
2026-03-13 10:17:54 INFO Epoch 11 | Step 380/2562 | Loss 0.1984 | LR 1.0005e-05
2026-03-13 10:19:21 INFO Epoch 11 | Step 400/2562 | Loss 0.1989 | LR 1.0014e-05
2026-03-13 10:20:47 INFO Epoch 11 | Step 420/2562 | Loss 0.2011 | LR 1.0022e-05
2026-03-13 10:22:14 INFO Epoch 11 | Step 440/2562 | Loss 0.2016 | LR 1.0031e-05
2026-03-13 10:23:40 INFO Epoch 11 | Step 460/2562 | Loss 0.2015 | LR 1.0040e-05
2026-03-13 10:25:05 INFO Epoch 11 | Step 480/2562 | Loss 0.2016 | LR 1.0048e-05
2026-03-13 10:26:30 INFO Epoch 11 | Step 500/2562 | Loss 0.1990 | LR 1.0057e-05
2026-03-13 10:27:55 INFO Epoch 11 | Step 520/2562 | Loss 0.1979 | LR 1.0066e-05
2026-03-13 10:29:20 INFO Epoch 11 | Step 540/2562 | Loss 0.1979 | LR 1.0075e-05
2026-03-13 10:30:44 INFO Epoch 11 | Step 560/2562 | Loss 0.1979 | LR 1.0083e-05
2026-03-13 10:32:09 INFO Epoch 11 | Step 580/2562 | Loss 0.2003 | LR 1.0092e-05
2026-03-13 10:33:33 INFO Epoch 11 | Step 600/2562 | Loss 0.2013 | LR 1.0101e-05
2026-03-13 10:34:58 INFO Epoch 11 | Step 620/2562 | Loss 0.2019 | LR 1.0109e-05
2026-03-13 10:36:22 INFO Epoch 11 | Step 640/2562 | Loss 0.2025 | LR 1.0118e-05
2026-03-13 10:37:46 INFO Epoch 11 | Step 660/2562 | Loss 0.2031 | LR 1.0127e-05
2026-03-13 10:39:11 INFO Epoch 11 | Step 680/2562 | Loss 0.2025 | LR 1.0136e-05
2026-03-13 10:40:36 INFO Epoch 11 | Step 700/2562 | Loss 0.2031 | LR 1.0144e-05
2026-03-13 10:42:01 INFO Epoch 11 | Step 720/2562 | Loss 0.2027 | LR 1.0153e-05
2026-03-13 10:43:26 INFO Epoch 11 | Step 740/2562 | Loss 0.2026 | LR 1.0162e-05
2026-03-13 10:44:51 INFO Epoch 11 | Step 760/2562 | Loss 0.2037 | LR 1.0170e-05
2026-03-13 10:46:16 INFO Epoch 11 | Step 780/2562 | Loss 0.2044 | LR 1.0179e-05
2026-03-13 10:47:40 INFO Epoch 11 | Step 800/2562 | Loss 0.2039 | LR 1.0188e-05
2026-03-13 10:49:05 INFO Epoch 11 | Step 820/2562 | Loss 0.2034 | LR 1.0197e-05
2026-03-13 10:50:30 INFO Epoch 11 | Step 840/2562 | Loss 0.2037 | LR 1.0205e-05
2026-03-13 10:51:55 INFO Epoch 11 | Step 860/2562 | Loss 0.2041 | LR 1.0214e-05
2026-03-13 10:53:19 INFO Epoch 11 | Step 880/2562 | Loss 0.2040 | LR 1.0223e-05
2026-03-13 10:54:44 INFO Epoch 11 | Step 900/2562 | Loss 0.2051 | LR 1.0231e-05
2026-03-13 10:56:09 INFO Epoch 11 | Step 920/2562 | Loss 0.2058 | LR 1.0240e-05
2026-03-13 10:57:34 INFO Epoch 11 | Step 940/2562 | Loss 0.2057 | LR 1.0249e-05
2026-03-13 10:59:00 INFO Epoch 11 | Step 960/2562 | Loss 0.2056 | LR 1.0258e-05
2026-03-13 11:00:25 INFO Epoch 11 | Step 980/2562 | Loss 0.2056 | LR 1.0266e-05
2026-03-13 11:01:51 INFO Epoch 11 | Step 1000/2562 | Loss 0.2054 | LR 1.0275e-05
2026-03-13 11:03:16 INFO Epoch 11 | Step 1020/2562 | Loss 0.2051 | LR 1.0284e-05
2026-03-13 11:04:42 INFO Epoch 11 | Step 1040/2562 | Loss 0.2047 | LR 1.0292e-05
2026-03-13 11:06:08 INFO Epoch 11 | Step 1060/2562 | Loss 0.2045 | LR 1.0301e-05
2026-03-13 11:07:33 INFO Epoch 11 | Step 1080/2562 | Loss 0.2045 | LR 1.0310e-05
2026-03-13 11:08:59 INFO Epoch 11 | Step 1100/2562 | Loss 0.2051 | LR 1.0319e-05
2026-03-13 11:10:25 INFO Epoch 11 | Step 1120/2562 | Loss 0.2056 | LR 1.0327e-05
2026-03-13 11:11:50 INFO Epoch 11 | Step 1140/2562 | Loss 0.2055 | LR 1.0336e-05
2026-03-13 11:13:16 INFO Epoch 11 | Step 1160/2562 | Loss 0.2063 | LR 1.0345e-05
2026-03-13 11:14:41 INFO Epoch 11 | Step 1180/2562 | Loss 0.2066 | LR 1.0353e-05
2026-03-13 11:16:06 INFO Epoch 11 | Step 1200/2562 | Loss 0.2066 | LR 1.0362e-05
2026-03-13 11:17:32 INFO Epoch 11 | Step 1220/2562 | Loss 0.2065 | LR 1.0371e-05
2026-03-13 11:18:57 INFO Epoch 11 | Step 1240/2562 | Loss 0.2063 | LR 1.0380e-05
2026-03-13 11:20:22 INFO Epoch 11 | Step 1260/2562 | Loss 0.2064 | LR 1.0388e-05
2026-03-13 11:21:48 INFO Epoch 11 | Step 1280/2562 | Loss 0.2065 | LR 1.0397e-05
2026-03-13 11:23:13 INFO Epoch 11 | Step 1300/2562 | Loss 0.2061 | LR 1.0406e-05
2026-03-13 11:24:38 INFO Epoch 11 | Step 1320/2562 | Loss 0.2065 | LR 1.0414e-05
2026-03-13 11:26:04 INFO Epoch 11 | Step 1340/2562 | Loss 0.2063 | LR 1.0423e-05
2026-03-13 11:27:29 INFO Epoch 11 | Step 1360/2562 | Loss 0.2060 | LR 1.0432e-05
2026-03-13 11:28:54 INFO Epoch 11 | Step 1380/2562 | Loss 0.2060 | LR 1.0441e-05
2026-03-13 11:30:20 INFO Epoch 11 | Step 1400/2562 | Loss 0.2057 | LR 1.0449e-05
2026-03-13 11:31:45 INFO Epoch 11 | Step 1420/2562 | Loss 0.2055 | LR 1.0458e-05
2026-03-13 11:33:09 INFO Epoch 11 | Step 1440/2562 | Loss 0.2054 | LR 1.0467e-05
2026-03-13 11:34:34 INFO Epoch 11 | Step 1460/2562 | Loss 0.2051 | LR 1.0476e-05
2026-03-13 11:35:58 INFO Epoch 11 | Step 1480/2562 | Loss 0.2056 | LR 1.0484e-05
2026-03-13 11:37:23 INFO Epoch 11 | Step 1500/2562 | Loss 0.2052 | LR 1.0493e-05
2026-03-13 11:38:48 INFO Epoch 11 | Step 1520/2562 | Loss 0.2054 | LR 1.0502e-05
2026-03-13 11:40:13 INFO Epoch 11 | Step 1540/2562 | Loss 0.2054 | LR 1.0510e-05
2026-03-13 11:41:38 INFO Epoch 11 | Step 1560/2562 | Loss 0.2053 | LR 1.0519e-05
2026-03-13 11:43:03 INFO Epoch 11 | Step 1580/2562 | Loss 0.2059 | LR 1.0528e-05
2026-03-13 11:44:27 INFO Epoch 11 | Step 1600/2562 | Loss 0.2063 | LR 1.0537e-05
2026-03-13 11:45:52 INFO Epoch 11 | Step 1620/2562 | Loss 0.2059 | LR 1.0545e-05
2026-03-13 11:47:17 INFO Epoch 11 | Step 1640/2562 | Loss 0.2062 | LR 1.0554e-05
2026-03-13 11:48:42 INFO Epoch 11 | Step 1660/2562 | Loss 0.2059 | LR 1.0563e-05
2026-03-13 11:50:07 INFO Epoch 11 | Step 1680/2562 | Loss 0.2063 | LR 1.0571e-05
2026-03-13 11:51:32 INFO Epoch 11 | Step 1700/2562 | Loss 0.2066 | LR 1.0580e-05
2026-03-13 11:52:57 INFO Epoch 11 | Step 1720/2562 | Loss 0.2063 | LR 1.0589e-05
2026-03-13 11:54:21 INFO Epoch 11 | Step 1740/2562 | Loss 0.2066 | LR 1.0598e-05
2026-03-13 11:55:46 INFO Epoch 11 | Step 1760/2562 | Loss 0.2064 | LR 1.0606e-05
2026-03-13 11:57:11 INFO Epoch 11 | Step 1780/2562 | Loss 0.2066 | LR 1.0615e-05
2026-03-13 11:58:36 INFO Epoch 11 | Step 1800/2562 | Loss 0.2066 | LR 1.0624e-05
2026-03-13 12:00:00 INFO Epoch 11 | Step 1820/2562 | Loss 0.2064 | LR 1.0632e-05
2026-03-13 12:01:25 INFO Epoch 11 | Step 1840/2562 | Loss 0.2063 | LR 1.0641e-05
2026-03-13 12:02:50 INFO Epoch 11 | Step 1860/2562 | Loss 0.2061 | LR 1.0650e-05
2026-03-13 12:04:15 INFO Epoch 11 | Step 1880/2562 | Loss 0.2056 | LR 1.0659e-05
2026-03-13 12:05:39 INFO Epoch 11 | Step 1900/2562 | Loss 0.2058 | LR 1.0667e-05
2026-03-13 12:07:04 INFO Epoch 11 | Step 1920/2562 | Loss 0.2061 | LR 1.0676e-05
2026-03-13 12:08:29 INFO Epoch 11 | Step 1940/2562 | Loss 0.2065 | LR 1.0685e-05
2026-03-13 12:09:53 INFO Epoch 11 | Step 1960/2562 | Loss 0.2066 | LR 1.0693e-05
2026-03-13 12:11:18 INFO Epoch 11 | Step 1980/2562 | Loss 0.2065 | LR 1.0702e-05
2026-03-13 12:12:43 INFO Epoch 11 | Step 2000/2562 | Loss 0.2061 | LR 1.0711e-05
2026-03-13 12:14:07 INFO Epoch 11 | Step 2020/2562 | Loss 0.2064 | LR 1.0720e-05
2026-03-13 12:15:32 INFO Epoch 11 | Step 2040/2562 | Loss 0.2066 | LR 1.0728e-05
2026-03-13 12:16:56 INFO Epoch 11 | Step 2060/2562 | Loss 0.2066 | LR 1.0737e-05
2026-03-13 12:18:21 INFO Epoch 11 | Step 2080/2562 | Loss 0.2068 | LR 1.0746e-05
2026-03-13 12:19:46 INFO Epoch 11 | Step 2100/2562 | Loss 0.2066 | LR 1.0754e-05
2026-03-13 12:21:11 INFO Epoch 11 | Step 2120/2562 | Loss 0.2065 | LR 1.0763e-05
2026-03-13 12:22:35 INFO Epoch 11 | Step 2140/2562 | Loss 0.2066 | LR 1.0772e-05
2026-03-13 12:24:00 INFO Epoch 11 | Step 2160/2562 | Loss 0.2068 | LR 1.0781e-05
2026-03-13 12:25:25 INFO Epoch 11 | Step 2180/2562 | Loss 0.2066 | LR 1.0789e-05
2026-03-13 12:26:49 INFO Epoch 11 | Step 2200/2562 | Loss 0.2064 | LR 1.0798e-05
2026-03-13 12:28:14 INFO Epoch 11 | Step 2220/2562 | Loss 0.2064 | LR 1.0807e-05
2026-03-13 12:29:39 INFO Epoch 11 | Step 2240/2562 | Loss 0.2063 | LR 1.0815e-05
2026-03-13 12:31:03 INFO Epoch 11 | Step 2260/2562 | Loss 0.2064 | LR 1.0824e-05
2026-03-13 12:32:28 INFO Epoch 11 | Step 2280/2562 | Loss 0.2064 | LR 1.0833e-05
2026-03-13 12:33:52 INFO Epoch 11 | Step 2300/2562 | Loss 0.2065 | LR 1.0841e-05
2026-03-13 12:35:17 INFO Epoch 11 | Step 2320/2562 | Loss 0.2065 | LR 1.0850e-05
2026-03-13 12:36:41 INFO Epoch 11 | Step 2340/2562 | Loss 0.2065 | LR 1.0859e-05
2026-03-13 12:38:06 INFO Epoch 11 | Step 2360/2562 | Loss 0.2067 | LR 1.0868e-05
2026-03-13 12:39:31 INFO Epoch 11 | Step 2380/2562 | Loss 0.2067 | LR 1.0876e-05
2026-03-13 12:40:56 INFO Epoch 11 | Step 2400/2562 | Loss 0.2064 | LR 1.0885e-05
2026-03-13 12:42:21 INFO Epoch 11 | Step 2420/2562 | Loss 0.2063 | LR 1.0894e-05
2026-03-13 12:43:46 INFO Epoch 11 | Step 2440/2562 | Loss 0.2063 | LR 1.0902e-05
2026-03-13 12:45:12 INFO Epoch 11 | Step 2460/2562 | Loss 0.2064 | LR 1.0911e-05
2026-03-13 12:46:37 INFO Epoch 11 | Step 2480/2562 | Loss 0.2064 | LR 1.0920e-05
2026-03-13 12:48:02 INFO Epoch 11 | Step 2500/2562 | Loss 0.2061 | LR 1.0929e-05
2026-03-13 12:49:28 INFO Epoch 11 | Step 2520/2562 | Loss 0.2065 | LR 1.0937e-05
2026-03-13 12:50:53 INFO Epoch 11 | Step 2540/2562 | Loss 0.2064 | LR 1.0946e-05
2026-03-13 12:52:18 INFO Epoch 11 | Step 2560/2562 | Loss 0.2063 | LR 1.0955e-05
2026-03-13 12:52:26 INFO Epoch 11 | Step 2562/2562 | Loss 0.2063 | LR 1.0956e-05
2026-03-13 13:32:47 INFO CSV Written | Epoch: 11
2026-03-13 13:32:47 INFO Best Saved | Epoch: 11 | Monitor: val_auprc | Value: 0.8766
2026-03-13 13:32:47 INFO Epoch Done | Epoch: 11 | Time: 13368.3031 | Train Loss: 0.2063 | Val Accuracy: 0.9928 | Val AUPRC: 0.8766 | Val Auroc: 0.9888 | Val F1: 0.8206 | Val Loss: 0.2856
2026-03-13 13:32:47 INFO Epoch Start | Epoch: 12
2026-03-13 13:33:19 INFO Epoch 12 | Step 1/2562 | Loss 0.2297 | LR 1.0956e-05
2026-03-13 13:34:41 INFO Epoch 12 | Step 20/2562 | Loss 0.2030 | LR 1.0964e-05
2026-03-13 13:36:07 INFO Epoch 12 | Step 40/2562 | Loss 0.1929 | LR 1.0973e-05
2026-03-13 13:37:34 INFO Epoch 12 | Step 60/2562 | Loss 0.1883 | LR 1.0982e-05
2026-03-13 13:39:00 INFO Epoch 12 | Step 80/2562 | Loss 0.1987 | LR 1.0990e-05
2026-03-13 13:40:26 INFO Epoch 12 | Step 100/2562 | Loss 0.1974 | LR 1.0999e-05
2026-03-13 13:41:53 INFO Epoch 12 | Step 120/2562 | Loss 0.1971 | LR 1.1008e-05
2026-03-13 13:43:19 INFO Epoch 12 | Step 140/2562 | Loss 0.1929 | LR 1.1016e-05
2026-03-13 13:44:46 INFO Epoch 12 | Step 160/2562 | Loss 0.1947 | LR 1.1025e-05
2026-03-13 13:46:12 INFO Epoch 12 | Step 180/2562 | Loss 0.1913 | LR 1.1034e-05
2026-03-13 13:47:39 INFO Epoch 12 | Step 200/2562 | Loss 0.1902 | LR 1.1043e-05
2026-03-13 13:49:05 INFO Epoch 12 | Step 220/2562 | Loss 0.1899 | LR 1.1051e-05
2026-03-13 13:50:31 INFO Epoch 12 | Step 240/2562 | Loss 0.1882 | LR 1.1060e-05
2026-03-13 13:51:58 INFO Epoch 12 | Step 260/2562 | Loss 0.1897 | LR 1.1069e-05
2026-03-13 13:53:24 INFO Epoch 12 | Step 280/2562 | Loss 0.1908 | LR 1.1077e-05
2026-03-13 13:54:51 INFO Epoch 12 | Step 300/2562 | Loss 0.1929 | LR 1.1086e-05
2026-03-13 13:56:17 INFO Epoch 12 | Step 320/2562 | Loss 0.1933 | LR 1.1095e-05
2026-03-13 13:57:44 INFO Epoch 12 | Step 340/2562 | Loss 0.1929 | LR 1.1103e-05
2026-03-13 13:59:10 INFO Epoch 12 | Step 360/2562 | Loss 0.1930 | LR 1.1112e-05
2026-03-13 14:00:36 INFO Epoch 12 | Step 380/2562 | Loss 0.1951 | LR 1.1121e-05
2026-03-13 14:02:03 INFO Epoch 12 | Step 400/2562 | Loss 0.1965 | LR 1.1129e-05
2026-03-13 14:03:29 INFO Epoch 12 | Step 420/2562 | Loss 0.1971 | LR 1.1138e-05
2026-03-13 14:04:55 INFO Epoch 12 | Step 440/2562 | Loss 0.1986 | LR 1.1147e-05
2026-03-13 14:06:22 INFO Epoch 12 | Step 460/2562 | Loss 0.1991 | LR 1.1156e-05
2026-03-13 14:07:47 INFO Epoch 12 | Step 480/2562 | Loss 0.1990 | LR 1.1164e-05
2026-03-13 14:09:12 INFO Epoch 12 | Step 500/2562 | Loss 0.1984 | LR 1.1173e-05
2026-03-13 14:10:36 INFO Epoch 12 | Step 520/2562 | Loss 0.1998 | LR 1.1182e-05
2026-03-13 14:12:00 INFO Epoch 12 | Step 540/2562 | Loss 0.1995 | LR 1.1190e-05
2026-03-13 14:13:25 INFO Epoch 12 | Step 560/2562 | Loss 0.1995 | LR 1.1199e-05
2026-03-13 14:14:49 INFO Epoch 12 | Step 580/2562 | Loss 0.1989 | LR 1.1208e-05
2026-03-13 14:16:14 INFO Epoch 12 | Step 600/2562 | Loss 0.1994 | LR 1.1216e-05
2026-03-13 14:17:39 INFO Epoch 12 | Step 620/2562 | Loss 0.1995 | LR 1.1225e-05
2026-03-13 14:19:04 INFO Epoch 12 | Step 640/2562 | Loss 0.1993 | LR 1.1234e-05
2026-03-13 14:20:29 INFO Epoch 12 | Step 660/2562 | Loss 0.1993 | LR 1.1242e-05
2026-03-13 14:21:53 INFO Epoch 12 | Step 680/2562 | Loss 0.2000 | LR 1.1251e-05
2026-03-13 14:23:18 INFO Epoch 12 | Step 700/2562 | Loss 0.2000 | LR 1.1260e-05
2026-03-13 14:24:43 INFO Epoch 12 | Step 720/2562 | Loss 0.1998 | LR 1.1268e-05
2026-03-13 14:26:08 INFO Epoch 12 | Step 740/2562 | Loss 0.1998 | LR 1.1277e-05
2026-03-13 14:27:32 INFO Epoch 12 | Step 760/2562 | Loss 0.1998 | LR 1.1286e-05
2026-03-13 14:28:57 INFO Epoch 12 | Step 780/2562 | Loss 0.2001 | LR 1.1294e-05
2026-03-13 14:30:22 INFO Epoch 12 | Step 800/2562 | Loss 0.1995 | LR 1.1303e-05
2026-03-13 14:31:47 INFO Epoch 12 | Step 820/2562 | Loss 0.1989 | LR 1.1312e-05
2026-03-13 14:33:12 INFO Epoch 12 | Step 840/2562 | Loss 0.1988 | LR 1.1321e-05
2026-03-13 14:34:37 INFO Epoch 12 | Step 860/2562 | Loss 0.1984 | LR 1.1329e-05
2026-03-13 14:36:02 INFO Epoch 12 | Step 880/2562 | Loss 0.1988 | LR 1.1338e-05
2026-03-13 14:37:26 INFO Epoch 12 | Step 900/2562 | Loss 0.1986 | LR 1.1347e-05
2026-03-13 14:38:51 INFO Epoch 12 | Step 920/2562 | Loss 0.1992 | LR 1.1355e-05
2026-03-13 14:40:16 INFO Epoch 12 | Step 940/2562 | Loss 0.1989 | LR 1.1364e-05
2026-03-13 14:41:41 INFO Epoch 12 | Step 960/2562 | Loss 0.1984 | LR 1.1373e-05
2026-03-13 14:43:07 INFO Epoch 12 | Step 980/2562 | Loss 0.1989 | LR 1.1381e-05
2026-03-13 14:44:32 INFO Epoch 12 | Step 1000/2562 | Loss 0.1984 | LR 1.1390e-05
2026-03-13 14:45:57 INFO Epoch 12 | Step 1020/2562 | Loss 0.1988 | LR 1.1399e-05
2026-03-13 14:47:23 INFO Epoch 12 | Step 1040/2562 | Loss 0.1993 | LR 1.1407e-05
2026-03-13 14:48:49 INFO Epoch 12 | Step 1060/2562 | Loss 0.1985 | LR 1.1416e-05
2026-03-13 14:50:15 INFO Epoch 12 | Step 1080/2562 | Loss 0.1985 | LR 1.1425e-05
2026-03-13 14:51:41 INFO Epoch 12 | Step 1100/2562 | Loss 0.1982 | LR 1.1433e-05
2026-03-13 14:53:07 INFO Epoch 12 | Step 1120/2562 | Loss 0.1977 | LR 1.1442e-05
2026-03-13 14:54:33 INFO Epoch 12 | Step 1140/2562 | Loss 0.1982 | LR 1.1451e-05
2026-03-13 14:55:59 INFO Epoch 12 | Step 1160/2562 | Loss 0.1976 | LR 1.1459e-05
2026-03-13 14:57:24 INFO Epoch 12 | Step 1180/2562 | Loss 0.1977 | LR 1.1468e-05
2026-03-13 14:58:50 INFO Epoch 12 | Step 1200/2562 | Loss 0.1976 | LR 1.1477e-05
2026-03-13 15:00:16 INFO Epoch 12 | Step 1220/2562 | Loss 0.1980 | LR 1.1485e-05
2026-03-13 15:01:41 INFO Epoch 12 | Step 1240/2562 | Loss 0.1980 | LR 1.1494e-05
2026-03-13 15:03:07 INFO Epoch 12 | Step 1260/2562 | Loss 0.1979 | LR 1.1503e-05
2026-03-13 15:04:33 INFO Epoch 12 | Step 1280/2562 | Loss 0.1976 | LR 1.1511e-05
2026-03-13 15:05:58 INFO Epoch 12 | Step 1300/2562 | Loss 0.1976 | LR 1.1520e-05
2026-03-13 15:07:24 INFO Epoch 12 | Step 1320/2562 | Loss 0.1978 | LR 1.1529e-05
2026-03-13 15:08:50 INFO Epoch 12 | Step 1340/2562 | Loss 0.1978 | LR 1.1537e-05
2026-03-13 15:10:15 INFO Epoch 12 | Step 1360/2562 | Loss 0.1976 | LR 1.1546e-05
2026-03-13 15:11:41 INFO Epoch 12 | Step 1380/2562 | Loss 0.1976 | LR 1.1555e-05
2026-03-13 15:13:07 INFO Epoch 12 | Step 1400/2562 | Loss 0.1980 | LR 1.1563e-05
2026-03-13 15:14:33 INFO Epoch 12 | Step 1420/2562 | Loss 0.1977 | LR 1.1572e-05
2026-03-13 15:15:58 INFO Epoch 12 | Step 1440/2562 | Loss 0.1975 | LR 1.1580e-05
2026-03-13 15:17:23 INFO Epoch 12 | Step 1460/2562 | Loss 0.1976 | LR 1.1589e-05
2026-03-13 15:18:48 INFO Epoch 12 | Step 1480/2562 | Loss 0.1979 | LR 1.1598e-05
2026-03-13 15:20:13 INFO Epoch 12 | Step 1500/2562 | Loss 0.1980 | LR 1.1606e-05
2026-03-13 15:21:38 INFO Epoch 12 | Step 1520/2562 | Loss 0.1979 | LR 1.1615e-05
2026-03-13 15:23:03 INFO Epoch 12 | Step 1540/2562 | Loss 0.1983 | LR 1.1624e-05
2026-03-13 15:24:28 INFO Epoch 12 | Step 1560/2562 | Loss 0.1980 | LR 1.1632e-05
2026-03-13 15:25:53 INFO Epoch 12 | Step 1580/2562 | Loss 0.1976 | LR 1.1641e-05
2026-03-13 15:27:18 INFO Epoch 12 | Step 1600/2562 | Loss 0.1973 | LR 1.1650e-05
2026-03-13 15:28:43 INFO Epoch 12 | Step 1620/2562 | Loss 0.1975 | LR 1.1658e-05
2026-03-13 15:30:08 INFO Epoch 12 | Step 1640/2562 | Loss 0.1973 | LR 1.1667e-05
2026-03-13 15:31:33 INFO Epoch 12 | Step 1660/2562 | Loss 0.1973 | LR 1.1676e-05
2026-03-13 15:32:58 INFO Epoch 12 | Step 1680/2562 | Loss 0.1975 | LR 1.1684e-05
2026-03-13 15:34:23 INFO Epoch 12 | Step 1700/2562 | Loss 0.1973 | LR 1.1693e-05
2026-03-13 15:35:48 INFO Epoch 12 | Step 1720/2562 | Loss 0.1974 | LR 1.1701e-05
2026-03-13 15:37:12 INFO Epoch 12 | Step 1740/2562 | Loss 0.1970 | LR 1.1710e-05
2026-03-13 15:38:37 INFO Epoch 12 | Step 1760/2562 | Loss 0.1972 | LR 1.1719e-05
2026-03-13 15:40:02 INFO Epoch 12 | Step 1780/2562 | Loss 0.1973 | LR 1.1727e-05
2026-03-13 15:41:27 INFO Epoch 12 | Step 1800/2562 | Loss 0.1973 | LR 1.1736e-05
2026-03-13 15:42:52 INFO Epoch 12 | Step 1820/2562 | Loss 0.1976 | LR 1.1745e-05
2026-03-13 15:44:17 INFO Epoch 12 | Step 1840/2562 | Loss 0.1977 | LR 1.1753e-05
2026-03-13 15:45:42 INFO Epoch 12 | Step 1860/2562 | Loss 0.1975 | LR 1.1762e-05
2026-03-13 15:47:06 INFO Epoch 12 | Step 1880/2562 | Loss 0.1970 | LR 1.1771e-05
2026-03-13 15:48:31 INFO Epoch 12 | Step 1900/2562 | Loss 0.1971 | LR 1.1779e-05
2026-03-13 15:49:56 INFO Epoch 12 | Step 1920/2562 | Loss 0.1969 | LR 1.1788e-05
2026-03-13 15:51:20 INFO Epoch 12 | Step 1940/2562 | Loss 0.1969 | LR 1.1796e-05
2026-03-13 15:52:45 INFO Epoch 12 | Step 1960/2562 | Loss 0.1968 | LR 1.1805e-05
2026-03-13 15:54:09 INFO Epoch 12 | Step 1980/2562 | Loss 0.1971 | LR 1.1814e-05
2026-03-13 15:55:34 INFO Epoch 12 | Step 2000/2562 | Loss 0.1969 | LR 1.1822e-05
2026-03-13 15:56:58 INFO Epoch 12 | Step 2020/2562 | Loss 0.1968 | LR 1.1831e-05
2026-03-13 15:58:22 INFO Epoch 12 | Step 2040/2562 | Loss 0.1967 | LR 1.1840e-05
2026-03-13 15:59:47 INFO Epoch 12 | Step 2060/2562 | Loss 0.1968 | LR 1.1848e-05
2026-03-13 16:01:12 INFO Epoch 12 | Step 2080/2562 | Loss 0.1971 | LR 1.1857e-05
2026-03-13 16:02:36 INFO Epoch 12 | Step 2100/2562 | Loss 0.1969 | LR 1.1865e-05
2026-03-13 16:04:01 INFO Epoch 12 | Step 2120/2562 | Loss 0.1969 | LR 1.1874e-05
2026-03-13 16:05:26 INFO Epoch 12 | Step 2140/2562 | Loss 0.1971 | LR 1.1883e-05
2026-03-13 16:06:50 INFO Epoch 12 | Step 2160/2562 | Loss 0.1969 | LR 1.1891e-05
2026-03-13 16:08:14 INFO Epoch 12 | Step 2180/2562 | Loss 0.1971 | LR 1.1900e-05
2026-03-13 16:09:39 INFO Epoch 12 | Step 2200/2562 | Loss 0.1973 | LR 1.1908e-05
2026-03-13 16:11:04 INFO Epoch 12 | Step 2220/2562 | Loss 0.1973 | LR 1.1917e-05
2026-03-13 16:12:28 INFO Epoch 12 | Step 2240/2562 | Loss 0.1969 | LR 1.1926e-05
2026-03-13 16:13:53 INFO Epoch 12 | Step 2260/2562 | Loss 0.1969 | LR 1.1934e-05
2026-03-13 16:15:17 INFO Epoch 12 | Step 2280/2562 | Loss 0.1970 | LR 1.1943e-05
2026-03-13 16:16:41 INFO Epoch 12 | Step 2300/2562 | Loss 0.1970 | LR 1.1951e-05
2026-03-13 16:18:06 INFO Epoch 12 | Step 2320/2562 | Loss 0.1973 | LR 1.1960e-05
2026-03-13 16:19:30 INFO Epoch 12 | Step 2340/2562 | Loss 0.1973 | LR 1.1969e-05
2026-03-13 16:20:55 INFO Epoch 12 | Step 2360/2562 | Loss 0.1976 | LR 1.1977e-05
2026-03-13 16:22:20 INFO Epoch 12 | Step 2380/2562 | Loss 0.1975 | LR 1.1986e-05
2026-03-13 16:23:45 INFO Epoch 12 | Step 2400/2562 | Loss 0.1972 | LR 1.1994e-05
2026-03-13 16:25:09 INFO Epoch 12 | Step 2420/2562 | Loss 0.1970 | LR 1.2003e-05
2026-03-13 16:26:34 INFO Epoch 12 | Step 2440/2562 | Loss 0.1969 | LR 1.2012e-05
2026-03-13 16:28:00 INFO Epoch 12 | Step 2460/2562 | Loss 0.1969 | LR 1.2020e-05
2026-03-13 16:29:25 INFO Epoch 12 | Step 2480/2562 | Loss 0.1968 | LR 1.2029e-05
2026-03-13 16:30:51 INFO Epoch 12 | Step 2500/2562 | Loss 0.1970 | LR 1.2037e-05
2026-03-13 16:32:16 INFO Epoch 12 | Step 2520/2562 | Loss 0.1969 | LR 1.2046e-05
2026-03-13 16:33:41 INFO Epoch 12 | Step 2540/2562 | Loss 0.1968 | LR 1.2055e-05
2026-03-13 16:35:06 INFO Epoch 12 | Step 2560/2562 | Loss 0.1966 | LR 1.2063e-05
2026-03-13 16:35:15 INFO Epoch 12 | Step 2562/2562 | Loss 0.1967 | LR 1.2064e-05
2026-03-13 17:15:35 INFO CSV Written | Epoch: 12
2026-03-13 17:15:35 INFO Best Saved | Epoch: 12 | Monitor: val_auprc | Value: 0.8835
2026-03-13 17:15:35 INFO Epoch Done | Epoch: 12 | Time: 13367.5330 | Train Loss: 0.1967 | Val Accuracy: 0.9931 | Val AUPRC: 0.8835 | Val Auroc: 0.9894 | Val F1: 0.8357 | Val Loss: 0.2682
2026-03-13 17:15:35 INFO Epoch Start | Epoch: 13
2026-03-13 17:16:05 INFO Epoch 13 | Step 1/2562 | Loss 0.3606 | LR 1.2064e-05
2026-03-13 17:17:27 INFO Epoch 13 | Step 20/2562 | Loss 0.2198 | LR 1.2073e-05
2026-03-13 17:18:53 INFO Epoch 13 | Step 40/2562 | Loss 0.2011 | LR 1.2081e-05
2026-03-13 17:20:19 INFO Epoch 13 | Step 60/2562 | Loss 0.1972 | LR 1.2090e-05
2026-03-13 17:21:46 INFO Epoch 13 | Step 80/2562 | Loss 0.1987 | LR 1.2098e-05
2026-03-13 17:23:12 INFO Epoch 13 | Step 100/2562 | Loss 0.1980 | LR 1.2107e-05
2026-03-13 17:24:39 INFO Epoch 13 | Step 120/2562 | Loss 0.1958 | LR 1.2116e-05
2026-03-13 17:26:05 INFO Epoch 13 | Step 140/2562 | Loss 0.1972 | LR 1.2124e-05
2026-03-13 17:27:32 INFO Epoch 13 | Step 160/2562 | Loss 0.1918 | LR 1.2133e-05
2026-03-13 17:28:58 INFO Epoch 13 | Step 180/2562 | Loss 0.1864 | LR 1.2141e-05
2026-03-13 17:30:25 INFO Epoch 13 | Step 200/2562 | Loss 0.1861 | LR 1.2150e-05
2026-03-13 17:31:51 INFO Epoch 13 | Step 220/2562 | Loss 0.1880 | LR 1.2158e-05
2026-03-13 17:33:17 INFO Epoch 13 | Step 240/2562 | Loss 0.1878 | LR 1.2167e-05
2026-03-13 17:34:44 INFO Epoch 13 | Step 260/2562 | Loss 0.1844 | LR 1.2176e-05
2026-03-13 17:36:10 INFO Epoch 13 | Step 280/2562 | Loss 0.1841 | LR 1.2184e-05
2026-03-13 17:37:37 INFO Epoch 13 | Step 300/2562 | Loss 0.1864 | LR 1.2193e-05
2026-03-13 17:39:04 INFO Epoch 13 | Step 320/2562 | Loss 0.1882 | LR 1.2201e-05
2026-03-13 17:40:30 INFO Epoch 13 | Step 340/2562 | Loss 0.1883 | LR 1.2210e-05
2026-03-13 17:41:56 INFO Epoch 13 | Step 360/2562 | Loss 0.1870 | LR 1.2218e-05
2026-03-13 17:43:23 INFO Epoch 13 | Step 380/2562 | Loss 0.1869 | LR 1.2227e-05
2026-03-13 17:44:49 INFO Epoch 13 | Step 400/2562 | Loss 0.1865 | LR 1.2235e-05
2026-03-13 17:46:15 INFO Epoch 13 | Step 420/2562 | Loss 0.1882 | LR 1.2244e-05
2026-03-13 17:47:41 INFO Epoch 13 | Step 440/2562 | Loss 0.1889 | LR 1.2253e-05
2026-03-13 17:49:07 INFO Epoch 13 | Step 460/2562 | Loss 0.1898 | LR 1.2261e-05
2026-03-13 17:50:33 INFO Epoch 13 | Step 480/2562 | Loss 0.1900 | LR 1.2270e-05
2026-03-13 17:51:57 INFO Epoch 13 | Step 500/2562 | Loss 0.1886 | LR 1.2278e-05
2026-03-13 17:53:22 INFO Epoch 13 | Step 520/2562 | Loss 0.1884 | LR 1.2287e-05
2026-03-13 17:54:47 INFO Epoch 13 | Step 540/2562 | Loss 0.1882 | LR 1.2295e-05
2026-03-13 17:56:11 INFO Epoch 13 | Step 560/2562 | Loss 0.1883 | LR 1.2304e-05
2026-03-13 17:57:36 INFO Epoch 13 | Step 580/2562 | Loss 0.1886 | LR 1.2312e-05
2026-03-13 17:59:01 INFO Epoch 13 | Step 600/2562 | Loss 0.1882 | LR 1.2321e-05
2026-03-13 18:00:26 INFO Epoch 13 | Step 620/2562 | Loss 0.1878 | LR 1.2329e-05
2026-03-13 18:01:50 INFO Epoch 13 | Step 640/2562 | Loss 0.1875 | LR 1.2338e-05
2026-03-13 18:03:15 INFO Epoch 13 | Step 660/2562 | Loss 0.1876 | LR 1.2347e-05
2026-03-13 18:04:40 INFO Epoch 13 | Step 680/2562 | Loss 0.1872 | LR 1.2355e-05
2026-03-13 18:06:04 INFO Epoch 13 | Step 700/2562 | Loss 0.1875 | LR 1.2364e-05
2026-03-13 18:07:29 INFO Epoch 13 | Step 720/2562 | Loss 0.1877 | LR 1.2372e-05
2026-03-13 18:08:54 INFO Epoch 13 | Step 740/2562 | Loss 0.1881 | LR 1.2381e-05
2026-03-13 18:10:19 INFO Epoch 13 | Step 760/2562 | Loss 0.1883 | LR 1.2389e-05
2026-03-13 18:11:43 INFO Epoch 13 | Step 780/2562 | Loss 0.1881 | LR 1.2398e-05
2026-03-13 18:13:08 INFO Epoch 13 | Step 800/2562 | Loss 0.1883 | LR 1.2406e-05
2026-03-13 18:14:33 INFO Epoch 13 | Step 820/2562 | Loss 0.1885 | LR 1.2415e-05
2026-03-13 18:15:58 INFO Epoch 13 | Step 840/2562 | Loss 0.1882 | LR 1.2423e-05
2026-03-13 18:17:22 INFO Epoch 13 | Step 860/2562 | Loss 0.1884 | LR 1.2432e-05
2026-03-13 18:18:47 INFO Epoch 13 | Step 880/2562 | Loss 0.1886 | LR 1.2440e-05
2026-03-13 18:20:12 INFO Epoch 13 | Step 900/2562 | Loss 0.1878 | LR 1.2449e-05
2026-03-13 18:21:37 INFO Epoch 13 | Step 920/2562 | Loss 0.1876 | LR 1.2457e-05
2026-03-13 18:23:01 INFO Epoch 13 | Step 940/2562 | Loss 0.1875 | LR 1.2466e-05
2026-03-13 18:24:26 INFO Epoch 13 | Step 960/2562 | Loss 0.1870 | LR 1.2474e-05
2026-03-13 18:25:51 INFO Epoch 13 | Step 980/2562 | Loss 0.1865 | LR 1.2483e-05
2026-03-13 18:27:16 INFO Epoch 13 | Step 1000/2562 | Loss 0.1871 | LR 1.2491e-05
2026-03-13 18:28:41 INFO Epoch 13 | Step 1020/2562 | Loss 0.1873 | LR 1.2500e-05
2026-03-13 18:30:06 INFO Epoch 13 | Step 1040/2562 | Loss 0.1871 | LR 1.2508e-05
2026-03-13 18:31:31 INFO Epoch 13 | Step 1060/2562 | Loss 0.1875 | LR 1.2517e-05
2026-03-13 18:32:55 INFO Epoch 13 | Step 1080/2562 | Loss 0.1877 | LR 1.2525e-05
2026-03-13 18:34:20 INFO Epoch 13 | Step 1100/2562 | Loss 0.1879 | LR 1.2534e-05
2026-03-13 18:35:45 INFO Epoch 13 | Step 1120/2562 | Loss 0.1879 | LR 1.2542e-05
2026-03-13 18:37:10 INFO Epoch 13 | Step 1140/2562 | Loss 0.1882 | LR 1.2551e-05
2026-03-13 18:38:35 INFO Epoch 13 | Step 1160/2562 | Loss 0.1884 | LR 1.2559e-05
2026-03-13 18:40:00 INFO Epoch 13 | Step 1180/2562 | Loss 0.1885 | LR 1.2568e-05
2026-03-13 18:41:24 INFO Epoch 13 | Step 1200/2562 | Loss 0.1886 | LR 1.2576e-05
2026-03-13 18:42:49 INFO Epoch 13 | Step 1220/2562 | Loss 0.1888 | LR 1.2585e-05
2026-03-13 18:44:14 INFO Epoch 13 | Step 1240/2562 | Loss 0.1893 | LR 1.2593e-05
2026-03-13 18:45:39 INFO Epoch 13 | Step 1260/2562 | Loss 0.1886 | LR 1.2602e-05
2026-03-13 18:47:04 INFO Epoch 13 | Step 1280/2562 | Loss 0.1880 | LR 1.2610e-05
2026-03-13 18:48:29 INFO Epoch 13 | Step 1300/2562 | Loss 0.1874 | LR 1.2619e-05
2026-03-13 18:49:55 INFO Epoch 13 | Step 1320/2562 | Loss 0.1871 | LR 1.2627e-05
2026-03-13 18:51:20 INFO Epoch 13 | Step 1340/2562 | Loss 0.1871 | LR 1.2636e-05
2026-03-13 18:52:45 INFO Epoch 13 | Step 1360/2562 | Loss 0.1871 | LR 1.2644e-05
2026-03-13 18:54:10 INFO Epoch 13 | Step 1380/2562 | Loss 0.1875 | LR 1.2653e-05
2026-03-13 18:55:35 INFO Epoch 13 | Step 1400/2562 | Loss 0.1877 | LR 1.2661e-05
2026-03-13 18:57:00 INFO Epoch 13 | Step 1420/2562 | Loss 0.1876 | LR 1.2670e-05
2026-03-13 18:58:25 INFO Epoch 13 | Step 1440/2562 | Loss 0.1874 | LR 1.2678e-05
2026-03-13 18:59:50 INFO Epoch 13 | Step 1460/2562 | Loss 0.1881 | LR 1.2687e-05
2026-03-13 19:01:15 INFO Epoch 13 | Step 1480/2562 | Loss 0.1877 | LR 1.2695e-05
2026-03-13 19:02:41 INFO Epoch 13 | Step 1500/2562 | Loss 0.1875 | LR 1.2704e-05
2026-03-13 19:04:06 INFO Epoch 13 | Step 1520/2562 | Loss 0.1876 | LR 1.2712e-05
2026-03-13 19:05:30 INFO Epoch 13 | Step 1540/2562 | Loss 0.1876 | LR 1.2720e-05
2026-03-13 19:06:55 INFO Epoch 13 | Step 1560/2562 | Loss 0.1873 | LR 1.2729e-05
2026-03-13 19:08:19 INFO Epoch 13 | Step 1580/2562 | Loss 0.1868 | LR 1.2737e-05
2026-03-13 19:09:44 INFO Epoch 13 | Step 1600/2562 | Loss 0.1864 | LR 1.2746e-05
2026-03-13 19:11:09 INFO Epoch 13 | Step 1620/2562 | Loss 0.1861 | LR 1.2754e-05
2026-03-13 19:12:34 INFO Epoch 13 | Step 1640/2562 | Loss 0.1860 | LR 1.2763e-05
2026-03-13 19:13:59 INFO Epoch 13 | Step 1660/2562 | Loss 0.1859 | LR 1.2771e-05
2026-03-13 19:15:24 INFO Epoch 13 | Step 1680/2562 | Loss 0.1857 | LR 1.2780e-05
2026-03-13 19:16:49 INFO Epoch 13 | Step 1700/2562 | Loss 0.1860 | LR 1.2788e-05
2026-03-13 19:18:13 INFO Epoch 13 | Step 1720/2562 | Loss 0.1863 | LR 1.2797e-05
2026-03-13 19:19:38 INFO Epoch 13 | Step 1740/2562 | Loss 0.1865 | LR 1.2805e-05
2026-03-13 19:21:03 INFO Epoch 13 | Step 1760/2562 | Loss 0.1863 | LR 1.2813e-05
2026-03-13 19:22:28 INFO Epoch 13 | Step 1780/2562 | Loss 0.1865 | LR 1.2822e-05
2026-03-13 19:23:53 INFO Epoch 13 | Step 1800/2562 | Loss 0.1862 | LR 1.2830e-05
2026-03-13 19:25:18 INFO Epoch 13 | Step 1820/2562 | Loss 0.1862 | LR 1.2839e-05
2026-03-13 19:26:43 INFO Epoch 13 | Step 1840/2562 | Loss 0.1862 | LR 1.2847e-05
2026-03-13 19:28:08 INFO Epoch 13 | Step 1860/2562 | Loss 0.1862 | LR 1.2856e-05
2026-03-13 19:29:33 INFO Epoch 13 | Step 1880/2562 | Loss 0.1862 | LR 1.2864e-05
2026-03-13 19:30:58 INFO Epoch 13 | Step 1900/2562 | Loss 0.1862 | LR 1.2872e-05
2026-03-13 19:32:23 INFO Epoch 13 | Step 1920/2562 | Loss 0.1862 | LR 1.2881e-05
2026-03-13 19:33:48 INFO Epoch 13 | Step 1940/2562 | Loss 0.1864 | LR 1.2889e-05
2026-03-13 19:35:12 INFO Epoch 13 | Step 1960/2562 | Loss 0.1866 | LR 1.2898e-05
2026-03-13 19:36:36 INFO Epoch 13 | Step 1980/2562 | Loss 0.1866 | LR 1.2906e-05
2026-03-13 19:38:01 INFO Epoch 13 | Step 2000/2562 | Loss 0.1865 | LR 1.2915e-05
2026-03-13 19:39:26 INFO Epoch 13 | Step 2020/2562 | Loss 0.1865 | LR 1.2923e-05
2026-03-13 19:40:50 INFO Epoch 13 | Step 2040/2562 | Loss 0.1872 | LR 1.2931e-05
2026-03-13 19:42:15 INFO Epoch 13 | Step 2060/2562 | Loss 0.1875 | LR 1.2940e-05
2026-03-13 19:43:39 INFO Epoch 13 | Step 2080/2562 | Loss 0.1875 | LR 1.2948e-05
2026-03-13 19:45:03 INFO Epoch 13 | Step 2100/2562 | Loss 0.1874 | LR 1.2957e-05
2026-03-13 19:46:28 INFO Epoch 13 | Step 2120/2562 | Loss 0.1872 | LR 1.2965e-05
2026-03-13 19:47:53 INFO Epoch 13 | Step 2140/2562 | Loss 0.1869 | LR 1.2973e-05
2026-03-13 19:49:18 INFO Epoch 13 | Step 2160/2562 | Loss 0.1871 | LR 1.2982e-05
2026-03-13 19:50:42 INFO Epoch 13 | Step 2180/2562 | Loss 0.1870 | LR 1.2990e-05
2026-03-13 19:52:07 INFO Epoch 13 | Step 2200/2562 | Loss 0.1872 | LR 1.2999e-05
2026-03-13 19:53:32 INFO Epoch 13 | Step 2220/2562 | Loss 0.1871 | LR 1.3007e-05
2026-03-13 19:54:56 INFO Epoch 13 | Step 2240/2562 | Loss 0.1872 | LR 1.3015e-05
2026-03-13 19:56:21 INFO Epoch 13 | Step 2260/2562 | Loss 0.1874 | LR 1.3024e-05
2026-03-13 19:57:45 INFO Epoch 13 | Step 2280/2562 | Loss 0.1874 | LR 1.3032e-05
2026-03-13 19:59:09 INFO Epoch 13 | Step 2300/2562 | Loss 0.1874 | LR 1.3040e-05
2026-03-13 20:00:34 INFO Epoch 13 | Step 2320/2562 | Loss 0.1874 | LR 1.3049e-05
2026-03-13 20:01:58 INFO Epoch 13 | Step 2340/2562 | Loss 0.1874 | LR 1.3057e-05
2026-03-13 20:03:23 INFO Epoch 13 | Step 2360/2562 | Loss 0.1876 | LR 1.3066e-05
2026-03-13 20:04:47 INFO Epoch 13 | Step 2380/2562 | Loss 0.1872 | LR 1.3074e-05
2026-03-13 20:06:12 INFO Epoch 13 | Step 2400/2562 | Loss 0.1874 | LR 1.3082e-05
2026-03-13 20:07:37 INFO Epoch 13 | Step 2420/2562 | Loss 0.1875 | LR 1.3091e-05
2026-03-13 20:09:02 INFO Epoch 13 | Step 2440/2562 | Loss 0.1878 | LR 1.3099e-05
2026-03-13 20:10:27 INFO Epoch 13 | Step 2460/2562 | Loss 0.1879 | LR 1.3107e-05
2026-03-13 20:11:52 INFO Epoch 13 | Step 2480/2562 | Loss 0.1880 | LR 1.3116e-05
2026-03-13 20:13:17 INFO Epoch 13 | Step 2500/2562 | Loss 0.1881 | LR 1.3124e-05
2026-03-13 20:14:42 INFO Epoch 13 | Step 2520/2562 | Loss 0.1880 | LR 1.3133e-05
2026-03-13 20:16:06 INFO Epoch 13 | Step 2540/2562 | Loss 0.1879 | LR 1.3141e-05
2026-03-13 20:17:31 INFO Epoch 13 | Step 2560/2562 | Loss 0.1878 | LR 1.3149e-05
2026-03-13 20:17:39 INFO Epoch 13 | Step 2562/2562 | Loss 0.1878 | LR 1.3150e-05
2026-03-13 20:58:00 INFO CSV Written | Epoch: 13
2026-03-13 20:58:00 INFO Best Saved | Epoch: 13 | Monitor: val_auprc | Value: 0.8925
2026-03-13 20:58:00 INFO Epoch Done | Epoch: 13 | Time: 13344.7251 | Train Loss: 0.1878 | Val Accuracy: 0.9938 | Val AUPRC: 0.8925 | Val Auroc: 0.9906 | Val F1: 0.8482 | Val Loss: 0.2694
2026-03-13 20:58:00 INFO Epoch Start | Epoch: 14
2026-03-13 20:58:32 INFO Epoch 14 | Step 1/2562 | Loss 0.1916 | LR 1.3150e-05
2026-03-13 20:59:54 INFO Epoch 14 | Step 20/2562 | Loss 0.1800 | LR 1.3158e-05
2026-03-13 21:01:21 INFO Epoch 14 | Step 40/2562 | Loss 0.1933 | LR 1.3167e-05
2026-03-13 21:02:48 INFO Epoch 14 | Step 60/2562 | Loss 0.1935 | LR 1.3175e-05
2026-03-13 21:04:14 INFO Epoch 14 | Step 80/2562 | Loss 0.1797 | LR 1.3183e-05
2026-03-13 21:05:40 INFO Epoch 14 | Step 100/2562 | Loss 0.1782 | LR 1.3192e-05
2026-03-13 21:07:07 INFO Epoch 14 | Step 120/2562 | Loss 0.1782 | LR 1.3200e-05
2026-03-13 21:08:34 INFO Epoch 14 | Step 140/2562 | Loss 0.1793 | LR 1.3208e-05
2026-03-13 21:10:00 INFO Epoch 14 | Step 160/2562 | Loss 0.1809 | LR 1.3217e-05
2026-03-13 21:11:26 INFO Epoch 14 | Step 180/2562 | Loss 0.1770 | LR 1.3225e-05
2026-03-13 21:12:52 INFO Epoch 14 | Step 200/2562 | Loss 0.1755 | LR 1.3233e-05
2026-03-13 21:14:19 INFO Epoch 14 | Step 220/2562 | Loss 0.1786 | LR 1.3242e-05
2026-03-13 21:15:45 INFO Epoch 14 | Step 240/2562 | Loss 0.1787 | LR 1.3250e-05
2026-03-13 21:17:11 INFO Epoch 14 | Step 260/2562 | Loss 0.1810 | LR 1.3258e-05
2026-03-13 21:18:38 INFO Epoch 14 | Step 280/2562 | Loss 0.1818 | LR 1.3267e-05
2026-03-13 21:20:05 INFO Epoch 14 | Step 300/2562 | Loss 0.1838 | LR 1.3275e-05
2026-03-13 21:21:31 INFO Epoch 14 | Step 320/2562 | Loss 0.1825 | LR 1.3283e-05
2026-03-13 21:22:58 INFO Epoch 14 | Step 340/2562 | Loss 0.1828 | LR 1.3292e-05
2026-03-13 21:24:24 INFO Epoch 14 | Step 360/2562 | Loss 0.1825 | LR 1.3300e-05
2026-03-13 21:25:51 INFO Epoch 14 | Step 380/2562 | Loss 0.1846 | LR 1.3308e-05
2026-03-13 21:27:17 INFO Epoch 14 | Step 400/2562 | Loss 0.1841 | LR 1.3317e-05
2026-03-13 21:28:44 INFO Epoch 14 | Step 420/2562 | Loss 0.1848 | LR 1.3325e-05
2026-03-13 21:30:11 INFO Epoch 14 | Step 440/2562 | Loss 0.1859 | LR 1.3333e-05
2026-03-13 21:31:37 INFO Epoch 14 | Step 460/2562 | Loss 0.1842 | LR 1.3342e-05
2026-03-13 21:33:02 INFO Epoch 14 | Step 480/2562 | Loss 0.1841 | LR 1.3350e-05
2026-03-13 21:34:27 INFO Epoch 14 | Step 500/2562 | Loss 0.1837 | LR 1.3358e-05
2026-03-13 21:35:52 INFO Epoch 14 | Step 520/2562 | Loss 0.1838 | LR 1.3366e-05
2026-03-13 21:37:17 INFO Epoch 14 | Step 540/2562 | Loss 0.1829 | LR 1.3375e-05
2026-03-13 21:38:42 INFO Epoch 14 | Step 560/2562 | Loss 0.1828 | LR 1.3383e-05
2026-03-13 21:40:07 INFO Epoch 14 | Step 580/2562 | Loss 0.1830 | LR 1.3391e-05
2026-03-13 21:41:32 INFO Epoch 14 | Step 600/2562 | Loss 0.1830 | LR 1.3400e-05
2026-03-13 21:42:57 INFO Epoch 14 | Step 620/2562 | Loss 0.1829 | LR 1.3408e-05
2026-03-13 21:44:21 INFO Epoch 14 | Step 640/2562 | Loss 0.1827 | LR 1.3416e-05
2026-03-13 21:45:45 INFO Epoch 14 | Step 660/2562 | Loss 0.1832 | LR 1.3424e-05
2026-03-13 21:47:10 INFO Epoch 14 | Step 680/2562 | Loss 0.1826 | LR 1.3433e-05
2026-03-13 21:48:35 INFO Epoch 14 | Step 700/2562 | Loss 0.1823 | LR 1.3441e-05
2026-03-13 21:49:59 INFO Epoch 14 | Step 720/2562 | Loss 0.1832 | LR 1.3449e-05
2026-03-13 21:51:24 INFO Epoch 14 | Step 740/2562 | Loss 0.1837 | LR 1.3457e-05
2026-03-13 21:52:49 INFO Epoch 14 | Step 760/2562 | Loss 0.1832 | LR 1.3466e-05
2026-03-13 21:54:13 INFO Epoch 14 | Step 780/2562 | Loss 0.1823 | LR 1.3474e-05
2026-03-13 21:55:38 INFO Epoch 14 | Step 800/2562 | Loss 0.1820 | LR 1.3482e-05
2026-03-13 21:57:03 INFO Epoch 14 | Step 820/2562 | Loss 0.1808 | LR 1.3491e-05
2026-03-13 21:58:27 INFO Epoch 14 | Step 840/2562 | Loss 0.1812 | LR 1.3499e-05
2026-03-13 21:59:52 INFO Epoch 14 | Step 860/2562 | Loss 0.1816 | LR 1.3507e-05
2026-03-13 22:01:17 INFO Epoch 14 | Step 880/2562 | Loss 0.1812 | LR 1.3515e-05
2026-03-13 22:02:41 INFO Epoch 14 | Step 900/2562 | Loss 0.1810 | LR 1.3524e-05
2026-03-13 22:04:06 INFO Epoch 14 | Step 920/2562 | Loss 0.1810 | LR 1.3532e-05
2026-03-13 22:05:30 INFO Epoch 14 | Step 940/2562 | Loss 0.1812 | LR 1.3540e-05
2026-03-13 22:06:55 INFO Epoch 14 | Step 960/2562 | Loss 0.1803 | LR 1.3548e-05
2026-03-13 22:08:20 INFO Epoch 14 | Step 980/2562 | Loss 0.1801 | LR 1.3556e-05
2026-03-13 22:09:45 INFO Epoch 14 | Step 1000/2562 | Loss 0.1802 | LR 1.3565e-05
2026-03-13 22:11:11 INFO Epoch 14 | Step 1020/2562 | Loss 0.1802 | LR 1.3573e-05
2026-03-13 22:12:36 INFO Epoch 14 | Step 1040/2562 | Loss 0.1802 | LR 1.3581e-05
2026-03-13 22:14:02 INFO Epoch 14 | Step 1060/2562 | Loss 0.1800 | LR 1.3589e-05
2026-03-13 22:15:27 INFO Epoch 14 | Step 1080/2562 | Loss 0.1798 | LR 1.3598e-05
2026-03-13 22:16:52 INFO Epoch 14 | Step 1100/2562 | Loss 0.1799 | LR 1.3606e-05
2026-03-13 22:18:17 INFO Epoch 14 | Step 1120/2562 | Loss 0.1804 | LR 1.3614e-05
2026-03-13 22:19:42 INFO Epoch 14 | Step 1140/2562 | Loss 0.1804 | LR 1.3622e-05
2026-03-13 22:21:07 INFO Epoch 14 | Step 1160/2562 | Loss 0.1805 | LR 1.3630e-05
2026-03-13 22:22:32 INFO Epoch 14 | Step 1180/2562 | Loss 0.1807 | LR 1.3639e-05
2026-03-13 22:23:57 INFO Epoch 14 | Step 1200/2562 | Loss 0.1805 | LR 1.3647e-05
2026-03-13 22:25:22 INFO Epoch 14 | Step 1220/2562 | Loss 0.1808 | LR 1.3655e-05
2026-03-13 22:26:47 INFO Epoch 14 | Step 1240/2562 | Loss 0.1808 | LR 1.3663e-05
2026-03-13 22:28:12 INFO Epoch 14 | Step 1260/2562 | Loss 0.1805 | LR 1.3671e-05
2026-03-13 22:29:37 INFO Epoch 14 | Step 1280/2562 | Loss 0.1809 | LR 1.3680e-05
2026-03-13 22:31:02 INFO Epoch 14 | Step 1300/2562 | Loss 0.1807 | LR 1.3688e-05
2026-03-13 22:32:27 INFO Epoch 14 | Step 1320/2562 | Loss 0.1815 | LR 1.3696e-05
2026-03-13 22:33:53 INFO Epoch 14 | Step 1340/2562 | Loss 0.1817 | LR 1.3704e-05
2026-03-13 22:35:18 INFO Epoch 14 | Step 1360/2562 | Loss 0.1813 | LR 1.3712e-05
2026-03-13 22:36:44 INFO Epoch 14 | Step 1380/2562 | Loss 0.1815 | LR 1.3721e-05
2026-03-13 22:38:08 INFO Epoch 14 | Step 1400/2562 | Loss 0.1818 | LR 1.3729e-05
2026-03-13 22:39:34 INFO Epoch 14 | Step 1420/2562 | Loss 0.1817 | LR 1.3737e-05
2026-03-13 22:40:59 INFO Epoch 14 | Step 1440/2562 | Loss 0.1821 | LR 1.3745e-05
2026-03-13 22:42:24 INFO Epoch 14 | Step 1460/2562 | Loss 0.1821 | LR 1.3753e-05
2026-03-13 22:43:49 INFO Epoch 14 | Step 1480/2562 | Loss 0.1821 | LR 1.3761e-05
2026-03-13 22:45:14 INFO Epoch 14 | Step 1500/2562 | Loss 0.1819 | LR 1.3770e-05
2026-03-13 22:46:39 INFO Epoch 14 | Step 1520/2562 | Loss 0.1821 | LR 1.3778e-05
2026-03-13 22:48:04 INFO Epoch 14 | Step 1540/2562 | Loss 0.1823 | LR 1.3786e-05
2026-03-13 22:49:29 INFO Epoch 14 | Step 1560/2562 | Loss 0.1824 | LR 1.3794e-05
2026-03-13 22:50:54 INFO Epoch 14 | Step 1580/2562 | Loss 0.1823 | LR 1.3802e-05
2026-03-13 22:52:20 INFO Epoch 14 | Step 1600/2562 | Loss 0.1825 | LR 1.3810e-05
2026-03-13 22:53:45 INFO Epoch 14 | Step 1620/2562 | Loss 0.1826 | LR 1.3819e-05
2026-03-13 22:55:10 INFO Epoch 14 | Step 1640/2562 | Loss 0.1826 | LR 1.3827e-05
2026-03-13 22:56:35 INFO Epoch 14 | Step 1660/2562 | Loss 0.1824 | LR 1.3835e-05
2026-03-13 22:58:00 INFO Epoch 14 | Step 1680/2562 | Loss 0.1824 | LR 1.3843e-05
2026-03-13 22:59:25 INFO Epoch 14 | Step 1700/2562 | Loss 0.1824 | LR 1.3851e-05
2026-03-13 23:00:49 INFO Epoch 14 | Step 1720/2562 | Loss 0.1831 | LR 1.3859e-05
2026-03-13 23:02:15 INFO Epoch 14 | Step 1740/2562 | Loss 0.1827 | LR 1.3867e-05
2026-03-13 23:03:40 INFO Epoch 14 | Step 1760/2562 | Loss 0.1826 | LR 1.3875e-05
2026-03-13 23:05:05 INFO Epoch 14 | Step 1780/2562 | Loss 0.1829 | LR 1.3884e-05
2026-03-13 23:06:30 INFO Epoch 14 | Step 1800/2562 | Loss 0.1830 | LR 1.3892e-05
2026-03-13 23:07:55 INFO Epoch 14 | Step 1820/2562 | Loss 0.1832 | LR 1.3900e-05
2026-03-13 23:09:20 INFO Epoch 14 | Step 1840/2562 | Loss 0.1829 | LR 1.3908e-05
2026-03-13 23:10:46 INFO Epoch 14 | Step 1860/2562 | Loss 0.1833 | LR 1.3916e-05
2026-03-13 23:12:10 INFO Epoch 14 | Step 1880/2562 | Loss 0.1834 | LR 1.3924e-05
2026-03-13 23:13:35 INFO Epoch 14 | Step 1900/2562 | Loss 0.1836 | LR 1.3932e-05
2026-03-13 23:15:00 INFO Epoch 14 | Step 1920/2562 | Loss 0.1838 | LR 1.3940e-05
2026-03-13 23:16:25 INFO Epoch 14 | Step 1940/2562 | Loss 0.1835 | LR 1.3948e-05
2026-03-13 23:17:50 INFO Epoch 14 | Step 1960/2562 | Loss 0.1835 | LR 1.3957e-05
2026-03-13 23:19:14 INFO Epoch 14 | Step 1980/2562 | Loss 0.1833 | LR 1.3965e-05
2026-03-13 23:20:39 INFO Epoch 14 | Step 2000/2562 | Loss 0.1833 | LR 1.3973e-05
2026-03-13 23:22:04 INFO Epoch 14 | Step 2020/2562 | Loss 0.1835 | LR 1.3981e-05
2026-03-13 23:23:28 INFO Epoch 14 | Step 2040/2562 | Loss 0.1836 | LR 1.3989e-05
2026-03-13 23:24:53 INFO Epoch 14 | Step 2060/2562 | Loss 0.1835 | LR 1.3997e-05
2026-03-13 23:26:18 INFO Epoch 14 | Step 2080/2562 | Loss 0.1835 | LR 1.4005e-05
2026-03-13 23:27:42 INFO Epoch 14 | Step 2100/2562 | Loss 0.1835 | LR 1.4013e-05
2026-03-13 23:29:07 INFO Epoch 14 | Step 2120/2562 | Loss 0.1832 | LR 1.4021e-05
2026-03-13 23:30:31 INFO Epoch 14 | Step 2140/2562 | Loss 0.1828 | LR 1.4029e-05
2026-03-13 23:31:56 INFO Epoch 14 | Step 2160/2562 | Loss 0.1826 | LR 1.4037e-05
2026-03-13 23:33:20 INFO Epoch 14 | Step 2180/2562 | Loss 0.1827 | LR 1.4045e-05
2026-03-13 23:34:45 INFO Epoch 14 | Step 2200/2562 | Loss 0.1827 | LR 1.4054e-05
2026-03-13 23:36:09 INFO Epoch 14 | Step 2220/2562 | Loss 0.1827 | LR 1.4062e-05
2026-03-13 23:37:34 INFO Epoch 14 | Step 2240/2562 | Loss 0.1823 | LR 1.4070e-05
2026-03-13 23:38:58 INFO Epoch 14 | Step 2260/2562 | Loss 0.1822 | LR 1.4078e-05
2026-03-13 23:40:23 INFO Epoch 14 | Step 2280/2562 | Loss 0.1823 | LR 1.4086e-05
2026-03-13 23:41:47 INFO Epoch 14 | Step 2300/2562 | Loss 0.1822 | LR 1.4094e-05
2026-03-13 23:43:11 INFO Epoch 14 | Step 2320/2562 | Loss 0.1822 | LR 1.4102e-05
2026-03-13 23:44:36 INFO Epoch 14 | Step 2340/2562 | Loss 0.1821 | LR 1.4110e-05
2026-03-13 23:46:00 INFO Epoch 14 | Step 2360/2562 | Loss 0.1823 | LR 1.4118e-05
2026-03-13 23:47:25 INFO Epoch 14 | Step 2380/2562 | Loss 0.1821 | LR 1.4126e-05
2026-03-13 23:48:50 INFO Epoch 14 | Step 2400/2562 | Loss 0.1817 | LR 1.4134e-05
2026-03-13 23:50:15 INFO Epoch 14 | Step 2420/2562 | Loss 0.1815 | LR 1.4142e-05
2026-03-13 23:51:40 INFO Epoch 14 | Step 2440/2562 | Loss 0.1816 | LR 1.4150e-05
2026-03-13 23:53:06 INFO Epoch 14 | Step 2460/2562 | Loss 0.1814 | LR 1.4158e-05
2026-03-13 23:54:31 INFO Epoch 14 | Step 2480/2562 | Loss 0.1813 | LR 1.4166e-05
2026-03-13 23:55:56 INFO Epoch 14 | Step 2500/2562 | Loss 0.1813 | LR 1.4174e-05
2026-03-13 23:57:21 INFO Epoch 14 | Step 2520/2562 | Loss 0.1814 | LR 1.4182e-05
2026-03-13 23:58:45 INFO Epoch 14 | Step 2540/2562 | Loss 0.1813 | LR 1.4190e-05
2026-03-14 00:00:12 INFO Epoch 14 | Step 2560/2562 | Loss 0.1815 | LR 1.4198e-05
2026-03-14 00:00:20 INFO Epoch 14 | Step 2562/2562 | Loss 0.1815 | LR 1.4199e-05
2026-03-14 00:43:20 INFO CSV Written | Epoch: 14
2026-03-14 00:43:20 INFO Best Saved | Epoch: 14 | Monitor: val_auprc | Value: 0.8944
2026-03-14 00:43:20 INFO Epoch Done | Epoch: 14 | Time: 13519.3590 | Train Loss: 0.1815 | Val Accuracy: 0.9937 | Val AUPRC: 0.8944 | Val Auroc: 0.9906 | Val F1: 0.8446 | Val Loss: 0.2789
2026-03-14 00:43:20 INFO Epoch Start | Epoch: 15
2026-03-14 00:43:44 INFO Epoch 15 | Step 1/2562 | Loss 0.1412 | LR 1.4199e-05
2026-03-14 00:45:08 INFO Epoch 15 | Step 20/2562 | Loss 0.1766 | LR 1.4207e-05
2026-03-14 00:46:37 INFO Epoch 15 | Step 40/2562 | Loss 0.1565 | LR 1.4215e-05
2026-03-14 00:48:05 INFO Epoch 15 | Step 60/2562 | Loss 0.1522 | LR 1.4223e-05
2026-03-14 00:49:35 INFO Epoch 15 | Step 80/2562 | Loss 0.1508 | LR 1.4231e-05
2026-03-14 00:51:04 INFO Epoch 15 | Step 100/2562 | Loss 0.1520 | LR 1.4239e-05
2026-03-14 00:52:34 INFO Epoch 15 | Step 120/2562 | Loss 0.1581 | LR 1.4247e-05
2026-03-14 00:54:05 INFO Epoch 15 | Step 140/2562 | Loss 0.1579 | LR 1.4255e-05
2026-03-14 00:55:36 INFO Epoch 15 | Step 160/2562 | Loss 0.1608 | LR 1.4263e-05
2026-03-14 00:57:08 INFO Epoch 15 | Step 180/2562 | Loss 0.1621 | LR 1.4271e-05
2026-03-14 00:58:39 INFO Epoch 15 | Step 200/2562 | Loss 0.1608 | LR 1.4279e-05
2026-03-14 01:00:11 INFO Epoch 15 | Step 220/2562 | Loss 0.1609 | LR 1.4287e-05
2026-03-14 01:01:42 INFO Epoch 15 | Step 240/2562 | Loss 0.1646 | LR 1.4295e-05
2026-03-14 01:03:09 INFO Epoch 15 | Step 260/2562 | Loss 0.1653 | LR 1.4303e-05
2026-03-14 01:04:36 INFO Epoch 15 | Step 280/2562 | Loss 0.1640 | LR 1.4311e-05
2026-03-14 01:06:03 INFO Epoch 15 | Step 300/2562 | Loss 0.1660 | LR 1.4319e-05
2026-03-14 01:07:30 INFO Epoch 15 | Step 320/2562 | Loss 0.1665 | LR 1.4327e-05
2026-03-14 01:08:57 INFO Epoch 15 | Step 340/2562 | Loss 0.1682 | LR 1.4335e-05
2026-03-14 01:10:22 INFO Epoch 15 | Step 360/2562 | Loss 0.1692 | LR 1.4343e-05
2026-03-14 01:11:47 INFO Epoch 15 | Step 380/2562 | Loss 0.1692 | LR 1.4350e-05
2026-03-14 01:13:13 INFO Epoch 15 | Step 400/2562 | Loss 0.1693 | LR 1.4358e-05
2026-03-14 01:14:40 INFO Epoch 15 | Step 420/2562 | Loss 0.1695 | LR 1.4366e-05
2026-03-14 01:16:07 INFO Epoch 15 | Step 440/2562 | Loss 0.1703 | LR 1.4374e-05
2026-03-14 01:17:33 INFO Epoch 15 | Step 460/2562 | Loss 0.1701 | LR 1.4382e-05
2026-03-14 01:18:58 INFO Epoch 15 | Step 480/2562 | Loss 0.1699 | LR 1.4390e-05
2026-03-14 01:20:23 INFO Epoch 15 | Step 500/2562 | Loss 0.1702 | LR 1.4398e-05
2026-03-14 01:21:47 INFO Epoch 15 | Step 520/2562 | Loss 0.1713 | LR 1.4406e-05
2026-03-14 01:23:12 INFO Epoch 15 | Step 540/2562 | Loss 0.1729 | LR 1.4414e-05
2026-03-14 01:24:37 INFO Epoch 15 | Step 560/2562 | Loss 0.1730 | LR 1.4422e-05
2026-03-14 01:26:02 INFO Epoch 15 | Step 580/2562 | Loss 0.1739 | LR 1.4430e-05
2026-03-14 01:27:26 INFO Epoch 15 | Step 600/2562 | Loss 0.1736 | LR 1.4438e-05
2026-03-14 01:28:51 INFO Epoch 15 | Step 620/2562 | Loss 0.1737 | LR 1.4446e-05
2026-03-14 01:30:17 INFO Epoch 15 | Step 640/2562 | Loss 0.1743 | LR 1.4453e-05
2026-03-14 01:31:42 INFO Epoch 15 | Step 660/2562 | Loss 0.1744 | LR 1.4461e-05
2026-03-14 01:33:07 INFO Epoch 15 | Step 680/2562 | Loss 0.1740 | LR 1.4469e-05
2026-03-14 01:34:32 INFO Epoch 15 | Step 700/2562 | Loss 0.1736 | LR 1.4477e-05
2026-03-14 01:35:58 INFO Epoch 15 | Step 720/2562 | Loss 0.1741 | LR 1.4485e-05
2026-03-14 01:37:23 INFO Epoch 15 | Step 740/2562 | Loss 0.1744 | LR 1.4493e-05
2026-03-14 01:38:47 INFO Epoch 15 | Step 760/2562 | Loss 0.1753 | LR 1.4501e-05
2026-03-14 01:40:12 INFO Epoch 15 | Step 780/2562 | Loss 0.1753 | LR 1.4509e-05
2026-03-14 01:41:36 INFO Epoch 15 | Step 800/2562 | Loss 0.1752 | LR 1.4517e-05
2026-03-14 01:43:01 INFO Epoch 15 | Step 820/2562 | Loss 0.1749 | LR 1.4524e-05
2026-03-14 01:44:25 INFO Epoch 15 | Step 840/2562 | Loss 0.1748 | LR 1.4532e-05
2026-03-14 01:45:50 INFO Epoch 15 | Step 860/2562 | Loss 0.1747 | LR 1.4540e-05
2026-03-14 01:47:15 INFO Epoch 15 | Step 880/2562 | Loss 0.1740 | LR 1.4548e-05
2026-03-14 01:48:40 INFO Epoch 15 | Step 900/2562 | Loss 0.1741 | LR 1.4556e-05
2026-03-14 01:50:05 INFO Epoch 15 | Step 920/2562 | Loss 0.1740 | LR 1.4564e-05
2026-03-14 01:51:30 INFO Epoch 15 | Step 940/2562 | Loss 0.1734 | LR 1.4572e-05
2026-03-14 01:52:56 INFO Epoch 15 | Step 960/2562 | Loss 0.1736 | LR 1.4579e-05
2026-03-14 01:54:21 INFO Epoch 15 | Step 980/2562 | Loss 0.1736 | LR 1.4587e-05
2026-03-14 01:55:46 INFO Epoch 15 | Step 1000/2562 | Loss 0.1735 | LR 1.4595e-05
2026-03-14 01:57:12 INFO Epoch 15 | Step 1020/2562 | Loss 0.1736 | LR 1.4603e-05
2026-03-14 01:58:37 INFO Epoch 15 | Step 1040/2562 | Loss 0.1739 | LR 1.4611e-05
2026-03-14 02:00:03 INFO Epoch 15 | Step 1060/2562 | Loss 0.1740 | LR 1.4619e-05
2026-03-14 02:01:28 INFO Epoch 15 | Step 1080/2562 | Loss 0.1741 | LR 1.4627e-05
2026-03-14 02:02:54 INFO Epoch 15 | Step 1100/2562 | Loss 0.1739 | LR 1.4634e-05
2026-03-14 02:04:20 INFO Epoch 15 | Step 1120/2562 | Loss 0.1737 | LR 1.4642e-05
2026-03-14 02:05:45 INFO Epoch 15 | Step 1140/2562 | Loss 0.1739 | LR 1.4650e-05
2026-03-14 02:07:10 INFO Epoch 15 | Step 1160/2562 | Loss 0.1738 | LR 1.4658e-05
2026-03-14 02:08:36 INFO Epoch 15 | Step 1180/2562 | Loss 0.1736 | LR 1.4666e-05
2026-03-14 02:10:02 INFO Epoch 15 | Step 1200/2562 | Loss 0.1740 | LR 1.4673e-05
2026-03-14 02:11:28 INFO Epoch 15 | Step 1220/2562 | Loss 0.1741 | LR 1.4681e-05
2026-03-14 02:12:53 INFO Epoch 15 | Step 1240/2562 | Loss 0.1745 | LR 1.4689e-05
2026-03-14 02:14:18 INFO Epoch 15 | Step 1260/2562 | Loss 0.1745 | LR 1.4697e-05
2026-03-14 02:15:44 INFO Epoch 15 | Step 1280/2562 | Loss 0.1748 | LR 1.4705e-05
2026-03-14 02:17:09 INFO Epoch 15 | Step 1300/2562 | Loss 0.1748 | LR 1.4712e-05
2026-03-14 02:18:35 INFO Epoch 15 | Step 1320/2562 | Loss 0.1749 | LR 1.4720e-05
2026-03-14 02:20:01 INFO Epoch 15 | Step 1340/2562 | Loss 0.1750 | LR 1.4728e-05
2026-03-14 02:21:26 INFO Epoch 15 | Step 1360/2562 | Loss 0.1747 | LR 1.4736e-05
2026-03-14 02:22:52 INFO Epoch 15 | Step 1380/2562 | Loss 0.1750 | LR 1.4744e-05
2026-03-14 02:24:17 INFO Epoch 15 | Step 1400/2562 | Loss 0.1749 | LR 1.4751e-05
2026-03-14 02:25:42 INFO Epoch 15 | Step 1420/2562 | Loss 0.1747 | LR 1.4759e-05
2026-03-14 02:27:08 INFO Epoch 15 | Step 1440/2562 | Loss 0.1750 | LR 1.4767e-05
2026-03-14 02:28:33 INFO Epoch 15 | Step 1460/2562 | Loss 0.1747 | LR 1.4775e-05
2026-03-14 02:29:58 INFO Epoch 15 | Step 1480/2562 | Loss 0.1742 | LR 1.4782e-05
2026-03-14 02:31:23 INFO Epoch 15 | Step 1500/2562 | Loss 0.1743 | LR 1.4790e-05
2026-03-14 02:32:48 INFO Epoch 15 | Step 1520/2562 | Loss 0.1745 | LR 1.4798e-05
2026-03-14 02:34:13 INFO Epoch 15 | Step 1540/2562 | Loss 0.1745 | LR 1.4806e-05
2026-03-14 02:35:38 INFO Epoch 15 | Step 1560/2562 | Loss 0.1746 | LR 1.4813e-05
2026-03-14 02:37:04 INFO Epoch 15 | Step 1580/2562 | Loss 0.1743 | LR 1.4821e-05
2026-03-14 02:38:29 INFO Epoch 15 | Step 1600/2562 | Loss 0.1746 | LR 1.4829e-05
2026-03-14 02:39:54 INFO Epoch 15 | Step 1620/2562 | Loss 0.1747 | LR 1.4837e-05
2026-03-14 02:41:20 INFO Epoch 15 | Step 1640/2562 | Loss 0.1750 | LR 1.4844e-05
2026-03-14 02:42:45 INFO Epoch 15 | Step 1660/2562 | Loss 0.1751 | LR 1.4852e-05
2026-03-14 02:44:10 INFO Epoch 15 | Step 1680/2562 | Loss 0.1749 | LR 1.4860e-05
2026-03-14 02:45:35 INFO Epoch 15 | Step 1700/2562 | Loss 0.1750 | LR 1.4867e-05
2026-03-14 02:47:00 INFO Epoch 15 | Step 1720/2562 | Loss 0.1752 | LR 1.4875e-05
2026-03-14 02:48:26 INFO Epoch 15 | Step 1740/2562 | Loss 0.1758 | LR 1.4883e-05
2026-03-14 02:49:51 INFO Epoch 15 | Step 1760/2562 | Loss 0.1760 | LR 1.4891e-05
2026-03-14 02:51:17 INFO Epoch 15 | Step 1780/2562 | Loss 0.1758 | LR 1.4898e-05
2026-03-14 02:52:42 INFO Epoch 15 | Step 1800/2562 | Loss 0.1755 | LR 1.4906e-05
2026-03-14 02:54:08 INFO Epoch 15 | Step 1820/2562 | Loss 0.1753 | LR 1.4914e-05
2026-03-14 02:55:33 INFO Epoch 15 | Step 1840/2562 | Loss 0.1752 | LR 1.4921e-05
2026-03-14 02:56:59 INFO Epoch 15 | Step 1860/2562 | Loss 0.1750 | LR 1.4929e-05
2026-03-14 02:58:24 INFO Epoch 15 | Step 1880/2562 | Loss 0.1748 | LR 1.4937e-05
2026-03-14 02:59:49 INFO Epoch 15 | Step 1900/2562 | Loss 0.1748 | LR 1.4944e-05
2026-03-14 03:01:14 INFO Epoch 15 | Step 1920/2562 | Loss 0.1747 | LR 1.4952e-05
2026-03-14 03:02:39 INFO Epoch 15 | Step 1940/2562 | Loss 0.1747 | LR 1.4960e-05
2026-03-14 03:04:04 INFO Epoch 15 | Step 1960/2562 | Loss 0.1750 | LR 1.4967e-05
2026-03-14 03:05:29 INFO Epoch 15 | Step 1980/2562 | Loss 0.1750 | LR 1.4975e-05
2026-03-14 03:06:53 INFO Epoch 15 | Step 2000/2562 | Loss 0.1750 | LR 1.4983e-05
2026-03-14 03:08:18 INFO Epoch 15 | Step 2020/2562 | Loss 0.1753 | LR 1.4990e-05
2026-03-14 03:09:42 INFO Epoch 15 | Step 2040/2562 | Loss 0.1755 | LR 1.4998e-05
2026-03-14 03:11:07 INFO Epoch 15 | Step 2060/2562 | Loss 0.1753 | LR 1.5006e-05
2026-03-14 03:12:31 INFO Epoch 15 | Step 2080/2562 | Loss 0.1755 | LR 1.5013e-05
2026-03-14 03:13:56 INFO Epoch 15 | Step 2100/2562 | Loss 0.1754 | LR 1.5021e-05
2026-03-14 03:15:21 INFO Epoch 15 | Step 2120/2562 | Loss 0.1755 | LR 1.5029e-05
2026-03-14 03:16:46 INFO Epoch 15 | Step 2140/2562 | Loss 0.1753 | LR 1.5036e-05
2026-03-14 03:18:11 INFO Epoch 15 | Step 2160/2562 | Loss 0.1752 | LR 1.5044e-05
2026-03-14 03:19:36 INFO Epoch 15 | Step 2180/2562 | Loss 0.1755 | LR 1.5052e-05
2026-03-14 03:21:00 INFO Epoch 15 | Step 2200/2562 | Loss 0.1756 | LR 1.5059e-05
2026-03-14 03:22:25 INFO Epoch 15 | Step 2220/2562 | Loss 0.1756 | LR 1.5067e-05
2026-03-14 03:23:50 INFO Epoch 15 | Step 2240/2562 | Loss 0.1754 | LR 1.5074e-05
2026-03-14 03:25:15 INFO Epoch 15 | Step 2260/2562 | Loss 0.1754 | LR 1.5082e-05
2026-03-14 03:26:39 INFO Epoch 15 | Step 2280/2562 | Loss 0.1755 | LR 1.5090e-05
2026-03-14 03:28:04 INFO Epoch 15 | Step 2300/2562 | Loss 0.1754 | LR 1.5097e-05
2026-03-14 03:29:29 INFO Epoch 15 | Step 2320/2562 | Loss 0.1753 | LR 1.5105e-05
2026-03-14 03:30:54 INFO Epoch 15 | Step 2340/2562 | Loss 0.1750 | LR 1.5112e-05
2026-03-14 03:32:19 INFO Epoch 15 | Step 2360/2562 | Loss 0.1750 | LR 1.5120e-05
2026-03-14 03:33:45 INFO Epoch 15 | Step 2380/2562 | Loss 0.1749 | LR 1.5128e-05
2026-03-14 03:35:10 INFO Epoch 15 | Step 2400/2562 | Loss 0.1746 | LR 1.5135e-05
2026-03-14 03:36:36 INFO Epoch 15 | Step 2420/2562 | Loss 0.1746 | LR 1.5143e-05
2026-03-14 03:38:02 INFO Epoch 15 | Step 2440/2562 | Loss 0.1749 | LR 1.5150e-05
2026-03-14 03:39:27 INFO Epoch 15 | Step 2460/2562 | Loss 0.1749 | LR 1.5158e-05
2026-03-14 03:40:53 INFO Epoch 15 | Step 2480/2562 | Loss 0.1747 | LR 1.5165e-05
2026-03-14 03:42:18 INFO Epoch 15 | Step 2500/2562 | Loss 0.1748 | LR 1.5173e-05
2026-03-14 03:43:44 INFO Epoch 15 | Step 2520/2562 | Loss 0.1749 | LR 1.5181e-05
2026-03-14 03:45:10 INFO Epoch 15 | Step 2540/2562 | Loss 0.1750 | LR 1.5188e-05
2026-03-14 03:46:35 INFO Epoch 15 | Step 2560/2562 | Loss 0.1750 | LR 1.5196e-05
2026-03-14 03:46:44 INFO Epoch 15 | Step 2562/2562 | Loss 0.1750 | LR 1.5196e-05
2026-03-14 04:27:01 INFO CSV Written | Epoch: 15
2026-03-14 04:27:01 INFO Best Saved | Epoch: 15 | Monitor: val_auprc | Value: 0.8981
2026-03-14 04:27:01 INFO Epoch Done | Epoch: 15 | Time: 13421.0922 | Train Loss: 0.1750 | Val Accuracy: 0.9939 | Val AUPRC: 0.8981 | Val Auroc: 0.9916 | Val F1: 0.8516 | Val Loss: 0.2725
2026-03-14 04:27:01 INFO Epoch Start | Epoch: 16
2026-03-14 04:27:37 INFO Epoch 16 | Step 1/2562 | Loss 0.1382 | LR 1.5197e-05
2026-03-14 04:28:59 INFO Epoch 16 | Step 20/2562 | Loss 0.1495 | LR 1.5204e-05
2026-03-14 04:30:25 INFO Epoch 16 | Step 40/2562 | Loss 0.1676 | LR 1.5212e-05
2026-03-14 04:31:52 INFO Epoch 16 | Step 60/2562 | Loss 0.1704 | LR 1.5219e-05
2026-03-14 04:33:18 INFO Epoch 16 | Step 80/2562 | Loss 0.1771 | LR 1.5227e-05
2026-03-14 04:34:45 INFO Epoch 16 | Step 100/2562 | Loss 0.1748 | LR 1.5234e-05
2026-03-14 04:36:11 INFO Epoch 16 | Step 120/2562 | Loss 0.1755 | LR 1.5242e-05
2026-03-14 04:37:37 INFO Epoch 16 | Step 140/2562 | Loss 0.1757 | LR 1.5249e-05
2026-03-14 04:39:04 INFO Epoch 16 | Step 160/2562 | Loss 0.1744 | LR 1.5257e-05
2026-03-14 04:40:30 INFO Epoch 16 | Step 180/2562 | Loss 0.1747 | LR 1.5264e-05
2026-03-14 04:41:57 INFO Epoch 16 | Step 200/2562 | Loss 0.1747 | LR 1.5272e-05
2026-03-14 04:43:24 INFO Epoch 16 | Step 220/2562 | Loss 0.1745 | LR 1.5279e-05
2026-03-14 04:44:51 INFO Epoch 16 | Step 240/2562 | Loss 0.1715 | LR 1.5287e-05
2026-03-14 04:46:17 INFO Epoch 16 | Step 260/2562 | Loss 0.1712 | LR 1.5294e-05
2026-03-14 04:47:44 INFO Epoch 16 | Step 280/2562 | Loss 0.1730 | LR 1.5302e-05
2026-03-14 04:49:10 INFO Epoch 16 | Step 300/2562 | Loss 0.1720 | LR 1.5309e-05
2026-03-14 04:50:37 INFO Epoch 16 | Step 320/2562 | Loss 0.1715 | LR 1.5317e-05
2026-03-14 04:52:04 INFO Epoch 16 | Step 340/2562 | Loss 0.1711 | LR 1.5324e-05
2026-03-14 04:53:30 INFO Epoch 16 | Step 360/2562 | Loss 0.1704 | LR 1.5332e-05
2026-03-14 04:54:57 INFO Epoch 16 | Step 380/2562 | Loss 0.1706 | LR 1.5339e-05
2026-03-14 04:56:23 INFO Epoch 16 | Step 400/2562 | Loss 0.1715 | LR 1.5347e-05
2026-03-14 04:57:50 INFO Epoch 16 | Step 420/2562 | Loss 0.1722 | LR 1.5354e-05
2026-03-14 04:59:16 INFO Epoch 16 | Step 440/2562 | Loss 0.1743 | LR 1.5362e-05
2026-03-14 05:00:43 INFO Epoch 16 | Step 460/2562 | Loss 0.1727 | LR 1.5369e-05
2026-03-14 05:02:08 INFO Epoch 16 | Step 480/2562 | Loss 0.1705 | LR 1.5377e-05
2026-03-14 05:03:34 INFO Epoch 16 | Step 500/2562 | Loss 0.1731 | LR 1.5384e-05
2026-03-14 05:04:59 INFO Epoch 16 | Step 520/2562 | Loss 0.1713 | LR 1.5391e-05
2026-03-14 05:06:24 INFO Epoch 16 | Step 540/2562 | Loss 0.1708 | LR 1.5399e-05
2026-03-14 05:07:48 INFO Epoch 16 | Step 560/2562 | Loss 0.1714 | LR 1.5406e-05
2026-03-14 05:09:13 INFO Epoch 16 | Step 580/2562 | Loss 0.1720 | LR 1.5414e-05
2026-03-14 05:10:37 INFO Epoch 16 | Step 600/2562 | Loss 0.1716 | LR 1.5421e-05
2026-03-14 05:12:02 INFO Epoch 16 | Step 620/2562 | Loss 0.1713 | LR 1.5429e-05
2026-03-14 05:13:26 INFO Epoch 16 | Step 640/2562 | Loss 0.1716 | LR 1.5436e-05
2026-03-14 05:14:51 INFO Epoch 16 | Step 660/2562 | Loss 0.1713 | LR 1.5443e-05
2026-03-14 05:16:16 INFO Epoch 16 | Step 680/2562 | Loss 0.1724 | LR 1.5451e-05
2026-03-14 05:17:41 INFO Epoch 16 | Step 700/2562 | Loss 0.1733 | LR 1.5458e-05
2026-03-14 05:19:06 INFO Epoch 16 | Step 720/2562 | Loss 0.1728 | LR 1.5466e-05
2026-03-14 05:20:31 INFO Epoch 16 | Step 740/2562 | Loss 0.1722 | LR 1.5473e-05
2026-03-14 05:21:56 INFO Epoch 16 | Step 760/2562 | Loss 0.1713 | LR 1.5481e-05
2026-03-14 05:23:21 INFO Epoch 16 | Step 780/2562 | Loss 0.1713 | LR 1.5488e-05
2026-03-14 05:24:45 INFO Epoch 16 | Step 800/2562 | Loss 0.1709 | LR 1.5495e-05
2026-03-14 05:26:11 INFO Epoch 16 | Step 820/2562 | Loss 0.1702 | LR 1.5503e-05
2026-03-14 05:27:35 INFO Epoch 16 | Step 840/2562 | Loss 0.1713 | LR 1.5510e-05
2026-03-14 05:29:00 INFO Epoch 16 | Step 860/2562 | Loss 0.1713 | LR 1.5517e-05
2026-03-14 05:30:25 INFO Epoch 16 | Step 880/2562 | Loss 0.1713 | LR 1.5525e-05
2026-03-14 05:31:50 INFO Epoch 16 | Step 900/2562 | Loss 0.1713 | LR 1.5532e-05
2026-03-14 05:33:14 INFO Epoch 16 | Step 920/2562 | Loss 0.1713 | LR 1.5540e-05
2026-03-14 05:34:39 INFO Epoch 16 | Step 940/2562 | Loss 0.1720 | LR 1.5547e-05
2026-03-14 05:36:05 INFO Epoch 16 | Step 960/2562 | Loss 0.1727 | LR 1.5554e-05
2026-03-14 05:37:30 INFO Epoch 16 | Step 980/2562 | Loss 0.1728 | LR 1.5562e-05
2026-03-14 05:38:55 INFO Epoch 16 | Step 1000/2562 | Loss 0.1731 | LR 1.5569e-05
2026-03-14 05:40:20 INFO Epoch 16 | Step 1020/2562 | Loss 0.1728 | LR 1.5576e-05
2026-03-14 05:41:45 INFO Epoch 16 | Step 1040/2562 | Loss 0.1725 | LR 1.5584e-05
2026-03-14 05:43:10 INFO Epoch 16 | Step 1060/2562 | Loss 0.1727 | LR 1.5591e-05
2026-03-14 05:44:35 INFO Epoch 16 | Step 1080/2562 | Loss 0.1725 | LR 1.5598e-05
2026-03-14 05:46:00 INFO Epoch 16 | Step 1100/2562 | Loss 0.1727 | LR 1.5606e-05
2026-03-14 05:47:24 INFO Epoch 16 | Step 1120/2562 | Loss 0.1725 | LR 1.5613e-05
2026-03-14 05:48:50 INFO Epoch 16 | Step 1140/2562 | Loss 0.1723 | LR 1.5620e-05
2026-03-14 05:50:15 INFO Epoch 16 | Step 1160/2562 | Loss 0.1718 | LR 1.5628e-05
2026-03-14 05:51:40 INFO Epoch 16 | Step 1180/2562 | Loss 0.1718 | LR 1.5635e-05
2026-03-14 05:53:04 INFO Epoch 16 | Step 1200/2562 | Loss 0.1719 | LR 1.5642e-05
2026-03-14 05:54:30 INFO Epoch 16 | Step 1220/2562 | Loss 0.1712 | LR 1.5650e-05
2026-03-14 05:55:55 INFO Epoch 16 | Step 1240/2562 | Loss 0.1716 | LR 1.5657e-05
2026-03-14 05:57:20 INFO Epoch 16 | Step 1260/2562 | Loss 0.1718 | LR 1.5664e-05
2026-03-14 05:58:45 INFO Epoch 16 | Step 1280/2562 | Loss 0.1709 | LR 1.5671e-05
2026-03-14 06:00:11 INFO Epoch 16 | Step 1300/2562 | Loss 0.1709 | LR 1.5679e-05
2026-03-14 06:01:36 INFO Epoch 16 | Step 1320/2562 | Loss 0.1704 | LR 1.5686e-05
2026-03-14 06:03:01 INFO Epoch 16 | Step 1340/2562 | Loss 0.1703 | LR 1.5693e-05
2026-03-14 06:04:27 INFO Epoch 16 | Step 1360/2562 | Loss 0.1702 | LR 1.5700e-05
2026-03-14 06:05:52 INFO Epoch 16 | Step 1380/2562 | Loss 0.1697 | LR 1.5708e-05
2026-03-14 06:07:17 INFO Epoch 16 | Step 1400/2562 | Loss 0.1698 | LR 1.5715e-05
2026-03-14 06:08:43 INFO Epoch 16 | Step 1420/2562 | Loss 0.1700 | LR 1.5722e-05
2026-03-14 06:10:08 INFO Epoch 16 | Step 1440/2562 | Loss 0.1699 | LR 1.5730e-05
2026-03-14 06:11:33 INFO Epoch 16 | Step 1460/2562 | Loss 0.1697 | LR 1.5737e-05
2026-03-14 06:12:58 INFO Epoch 16 | Step 1480/2562 | Loss 0.1696 | LR 1.5744e-05
2026-03-14 06:14:24 INFO Epoch 16 | Step 1500/2562 | Loss 0.1694 | LR 1.5751e-05
2026-03-14 06:15:49 INFO Epoch 16 | Step 1520/2562 | Loss 0.1696 | LR 1.5758e-05
2026-03-14 06:17:14 INFO Epoch 16 | Step 1540/2562 | Loss 0.1694 | LR 1.5766e-05
2026-03-14 06:18:39 INFO Epoch 16 | Step 1560/2562 | Loss 0.1697 | LR 1.5773e-05
2026-03-14 06:20:04 INFO Epoch 16 | Step 1580/2562 | Loss 0.1700 | LR 1.5780e-05
2026-03-14 06:21:29 INFO Epoch 16 | Step 1600/2562 | Loss 0.1698 | LR 1.5787e-05
2026-03-14 06:22:54 INFO Epoch 16 | Step 1620/2562 | Loss 0.1698 | LR 1.5795e-05
2026-03-14 06:24:19 INFO Epoch 16 | Step 1640/2562 | Loss 0.1696 | LR 1.5802e-05
2026-03-14 06:25:44 INFO Epoch 16 | Step 1660/2562 | Loss 0.1700 | LR 1.5809e-05
2026-03-14 06:27:09 INFO Epoch 16 | Step 1680/2562 | Loss 0.1700 | LR 1.5816e-05
2026-03-14 06:28:35 INFO Epoch 16 | Step 1700/2562 | Loss 0.1701 | LR 1.5823e-05
2026-03-14 06:30:00 INFO Epoch 16 | Step 1720/2562 | Loss 0.1701 | LR 1.5831e-05
2026-03-14 06:31:25 INFO Epoch 16 | Step 1740/2562 | Loss 0.1702 | LR 1.5838e-05
2026-03-14 06:32:50 INFO Epoch 16 | Step 1760/2562 | Loss 0.1701 | LR 1.5845e-05
2026-03-14 06:34:15 INFO Epoch 16 | Step 1780/2562 | Loss 0.1700 | LR 1.5852e-05
2026-03-14 06:35:41 INFO Epoch 16 | Step 1800/2562 | Loss 0.1700 | LR 1.5859e-05
2026-03-14 06:37:06 INFO Epoch 16 | Step 1820/2562 | Loss 0.1700 | LR 1.5866e-05
2026-03-14 06:38:31 INFO Epoch 16 | Step 1840/2562 | Loss 0.1701 | LR 1.5874e-05
2026-03-14 06:39:56 INFO Epoch 16 | Step 1860/2562 | Loss 0.1703 | LR 1.5881e-05
2026-03-14 06:41:21 INFO Epoch 16 | Step 1880/2562 | Loss 0.1705 | LR 1.5888e-05
2026-03-14 06:42:45 INFO Epoch 16 | Step 1900/2562 | Loss 0.1704 | LR 1.5895e-05
2026-03-14 06:44:10 INFO Epoch 16 | Step 1920/2562 | Loss 0.1700 | LR 1.5902e-05
2026-03-14 06:45:34 INFO Epoch 16 | Step 1940/2562 | Loss 0.1700 | LR 1.5909e-05
2026-03-14 06:46:59 INFO Epoch 16 | Step 1960/2562 | Loss 0.1702 | LR 1.5917e-05
2026-03-14 06:48:23 INFO Epoch 16 | Step 1980/2562 | Loss 0.1702 | LR 1.5924e-05
2026-03-14 06:49:48 INFO Epoch 16 | Step 2000/2562 | Loss 0.1699 | LR 1.5931e-05
2026-03-14 06:51:13 INFO Epoch 16 | Step 2020/2562 | Loss 0.1699 | LR 1.5938e-05
2026-03-14 06:52:37 INFO Epoch 16 | Step 2040/2562 | Loss 0.1703 | LR 1.5945e-05
2026-03-14 06:54:02 INFO Epoch 16 | Step 2060/2562 | Loss 0.1702 | LR 1.5952e-05
2026-03-14 06:55:27 INFO Epoch 16 | Step 2080/2562 | Loss 0.1702 | LR 1.5959e-05
2026-03-14 06:56:51 INFO Epoch 16 | Step 2100/2562 | Loss 0.1700 | LR 1.5966e-05
2026-03-14 06:58:16 INFO Epoch 16 | Step 2120/2562 | Loss 0.1701 | LR 1.5973e-05
2026-03-14 06:59:40 INFO Epoch 16 | Step 2140/2562 | Loss 0.1698 | LR 1.5981e-05
2026-03-14 07:01:05 INFO Epoch 16 | Step 2160/2562 | Loss 0.1699 | LR 1.5988e-05
2026-03-14 07:02:30 INFO Epoch 16 | Step 2180/2562 | Loss 0.1699 | LR 1.5995e-05
2026-03-14 07:03:55 INFO Epoch 16 | Step 2200/2562 | Loss 0.1699 | LR 1.6002e-05
2026-03-14 07:05:19 INFO Epoch 16 | Step 2220/2562 | Loss 0.1698 | LR 1.6009e-05
2026-03-14 07:06:44 INFO Epoch 16 | Step 2240/2562 | Loss 0.1694 | LR 1.6016e-05
2026-03-14 07:08:09 INFO Epoch 16 | Step 2260/2562 | Loss 0.1694 | LR 1.6023e-05
2026-03-14 07:09:34 INFO Epoch 16 | Step 2280/2562 | Loss 0.1695 | LR 1.6030e-05
2026-03-14 07:10:59 INFO Epoch 16 | Step 2300/2562 | Loss 0.1695 | LR 1.6037e-05
2026-03-14 07:12:24 INFO Epoch 16 | Step 2320/2562 | Loss 0.1695 | LR 1.6044e-05
2026-03-14 07:13:48 INFO Epoch 16 | Step 2340/2562 | Loss 0.1697 | LR 1.6051e-05
2026-03-14 07:15:13 INFO Epoch 16 | Step 2360/2562 | Loss 0.1698 | LR 1.6058e-05
2026-03-14 07:16:38 INFO Epoch 16 | Step 2380/2562 | Loss 0.1699 | LR 1.6065e-05
2026-03-14 07:18:03 INFO Epoch 16 | Step 2400/2562 | Loss 0.1698 | LR 1.6072e-05
2026-03-14 07:19:29 INFO Epoch 16 | Step 2420/2562 | Loss 0.1698 | LR 1.6079e-05
2026-03-14 07:20:54 INFO Epoch 16 | Step 2440/2562 | Loss 0.1701 | LR 1.6086e-05
2026-03-14 07:22:20 INFO Epoch 16 | Step 2460/2562 | Loss 0.1698 | LR 1.6093e-05
2026-03-14 07:23:45 INFO Epoch 16 | Step 2480/2562 | Loss 0.1699 | LR 1.6100e-05
2026-03-14 07:25:10 INFO Epoch 16 | Step 2500/2562 | Loss 0.1698 | LR 1.6107e-05
2026-03-14 07:26:36 INFO Epoch 16 | Step 2520/2562 | Loss 0.1695 | LR 1.6114e-05
2026-03-14 07:28:02 INFO Epoch 16 | Step 2540/2562 | Loss 0.1693 | LR 1.6121e-05
2026-03-14 07:29:27 INFO Epoch 16 | Step 2560/2562 | Loss 0.1693 | LR 1.6128e-05
2026-03-14 07:29:35 INFO Epoch 16 | Step 2562/2562 | Loss 0.1694 | LR 1.6129e-05
2026-03-14 08:09:54 INFO CSV Written | Epoch: 16
2026-03-14 08:09:55 INFO Best Saved | Epoch: 16 | Monitor: val_auprc | Value: 0.9026
2026-03-14 08:09:55 INFO Epoch Done | Epoch: 16 | Time: 13373.0051 | Train Loss: 0.1694 | Val Accuracy: 0.9940 | Val AUPRC: 0.9026 | Val Auroc: 0.9922 | Val F1: 0.8544 | Val Loss: 0.2750
2026-03-14 08:09:55 INFO Epoch Start | Epoch: 17
2026-03-14 08:10:29 INFO Epoch 17 | Step 1/2562 | Loss 0.1833 | LR 1.6130e-05
2026-03-14 08:11:51 INFO Epoch 17 | Step 20/2562 | Loss 0.1933 | LR 1.6136e-05
2026-03-14 08:13:17 INFO Epoch 17 | Step 40/2562 | Loss 0.1941 | LR 1.6143e-05
2026-03-14 08:14:44 INFO Epoch 17 | Step 60/2562 | Loss 0.1867 | LR 1.6150e-05
2026-03-14 08:16:10 INFO Epoch 17 | Step 80/2562 | Loss 0.1832 | LR 1.6157e-05
2026-03-14 08:17:37 INFO Epoch 17 | Step 100/2562 | Loss 0.1783 | LR 1.6164e-05
2026-03-14 08:19:04 INFO Epoch 17 | Step 120/2562 | Loss 0.1739 | LR 1.6171e-05
2026-03-14 08:20:31 INFO Epoch 17 | Step 140/2562 | Loss 0.1741 | LR 1.6178e-05
2026-03-14 08:21:57 INFO Epoch 17 | Step 160/2562 | Loss 0.1741 | LR 1.6185e-05
2026-03-14 08:23:24 INFO Epoch 17 | Step 180/2562 | Loss 0.1737 | LR 1.6192e-05
2026-03-14 08:24:50 INFO Epoch 17 | Step 200/2562 | Loss 0.1723 | LR 1.6199e-05
2026-03-14 08:26:17 INFO Epoch 17 | Step 220/2562 | Loss 0.1686 | LR 1.6206e-05
2026-03-14 08:27:43 INFO Epoch 17 | Step 240/2562 | Loss 0.1685 | LR 1.6213e-05
2026-03-14 08:29:10 INFO Epoch 17 | Step 260/2562 | Loss 0.1663 | LR 1.6220e-05
2026-03-14 08:30:37 INFO Epoch 17 | Step 280/2562 | Loss 0.1642 | LR 1.6227e-05
2026-03-14 08:32:03 INFO Epoch 17 | Step 300/2562 | Loss 0.1650 | LR 1.6234e-05
2026-03-14 08:33:30 INFO Epoch 17 | Step 320/2562 | Loss 0.1654 | LR 1.6240e-05
2026-03-14 08:34:56 INFO Epoch 17 | Step 340/2562 | Loss 0.1640 | LR 1.6247e-05
2026-03-14 08:36:23 INFO Epoch 17 | Step 360/2562 | Loss 0.1640 | LR 1.6254e-05
2026-03-14 08:37:50 INFO Epoch 17 | Step 380/2562 | Loss 0.1646 | LR 1.6261e-05
2026-03-14 08:39:17 INFO Epoch 17 | Step 400/2562 | Loss 0.1657 | LR 1.6268e-05
2026-03-14 08:40:43 INFO Epoch 17 | Step 420/2562 | Loss 0.1666 | LR 1.6275e-05
2026-03-14 08:42:10 INFO Epoch 17 | Step 440/2562 | Loss 0.1664 | LR 1.6282e-05
2026-03-14 08:43:37 INFO Epoch 17 | Step 460/2562 | Loss 0.1660 | LR 1.6289e-05
2026-03-14 08:45:02 INFO Epoch 17 | Step 480/2562 | Loss 0.1667 | LR 1.6296e-05
2026-03-14 08:46:27 INFO Epoch 17 | Step 500/2562 | Loss 0.1666 | LR 1.6303e-05
2026-03-14 08:47:52 INFO Epoch 17 | Step 520/2562 | Loss 0.1663 | LR 1.6309e-05
2026-03-14 08:49:17 INFO Epoch 17 | Step 540/2562 | Loss 0.1656 | LR 1.6316e-05
2026-03-14 08:50:41 INFO Epoch 17 | Step 560/2562 | Loss 0.1655 | LR 1.6323e-05
2026-03-14 08:52:06 INFO Epoch 17 | Step 580/2562 | Loss 0.1651 | LR 1.6330e-05
2026-03-14 08:53:31 INFO Epoch 17 | Step 600/2562 | Loss 0.1650 | LR 1.6337e-05
2026-03-14 08:54:55 INFO Epoch 17 | Step 620/2562 | Loss 0.1640 | LR 1.6344e-05
2026-03-14 08:56:20 INFO Epoch 17 | Step 640/2562 | Loss 0.1638 | LR 1.6351e-05
2026-03-14 08:57:44 INFO Epoch 17 | Step 660/2562 | Loss 0.1637 | LR 1.6357e-05
2026-03-14 08:59:09 INFO Epoch 17 | Step 680/2562 | Loss 0.1631 | LR 1.6364e-05
2026-03-14 09:00:33 INFO Epoch 17 | Step 700/2562 | Loss 0.1637 | LR 1.6371e-05
2026-03-14 09:01:58 INFO Epoch 17 | Step 720/2562 | Loss 0.1630 | LR 1.6378e-05
2026-03-14 09:03:23 INFO Epoch 17 | Step 740/2562 | Loss 0.1622 | LR 1.6385e-05
2026-03-14 09:04:48 INFO Epoch 17 | Step 760/2562 | Loss 0.1616 | LR 1.6392e-05
2026-03-14 09:06:13 INFO Epoch 17 | Step 780/2562 | Loss 0.1621 | LR 1.6398e-05
2026-03-14 09:07:38 INFO Epoch 17 | Step 800/2562 | Loss 0.1621 | LR 1.6405e-05
2026-03-14 09:09:03 INFO Epoch 17 | Step 820/2562 | Loss 0.1618 | LR 1.6412e-05
2026-03-14 09:10:28 INFO Epoch 17 | Step 840/2562 | Loss 0.1630 | LR 1.6419e-05
2026-03-14 09:11:53 INFO Epoch 17 | Step 860/2562 | Loss 0.1624 | LR 1.6426e-05
2026-03-14 09:13:18 INFO Epoch 17 | Step 880/2562 | Loss 0.1619 | LR 1.6432e-05
2026-03-14 09:14:42 INFO Epoch 17 | Step 900/2562 | Loss 0.1624 | LR 1.6439e-05
2026-03-14 09:16:06 INFO Epoch 17 | Step 920/2562 | Loss 0.1623 | LR 1.6446e-05
2026-03-14 09:17:31 INFO Epoch 17 | Step 940/2562 | Loss 0.1624 | LR 1.6453e-05
2026-03-14 09:18:56 INFO Epoch 17 | Step 960/2562 | Loss 0.1627 | LR 1.6459e-05
2026-03-14 09:20:21 INFO Epoch 17 | Step 980/2562 | Loss 0.1628 | LR 1.6466e-05
2026-03-14 09:21:46 INFO Epoch 17 | Step 1000/2562 | Loss 0.1623 | LR 1.6473e-05
2026-03-14 09:23:12 INFO Epoch 17 | Step 1020/2562 | Loss 0.1627 | LR 1.6480e-05
2026-03-14 09:24:37 INFO Epoch 17 | Step 1040/2562 | Loss 0.1633 | LR 1.6486e-05
2026-03-14 09:26:03 INFO Epoch 17 | Step 1060/2562 | Loss 0.1630 | LR 1.6493e-05
2026-03-14 09:27:28 INFO Epoch 17 | Step 1080/2562 | Loss 0.1632 | LR 1.6500e-05
2026-03-14 09:28:54 INFO Epoch 17 | Step 1100/2562 | Loss 0.1639 | LR 1.6507e-05
2026-03-14 09:30:19 INFO Epoch 17 | Step 1120/2562 | Loss 0.1636 | LR 1.6513e-05
2026-03-14 09:31:44 INFO Epoch 17 | Step 1140/2562 | Loss 0.1630 | LR 1.6520e-05
2026-03-14 09:33:09 INFO Epoch 17 | Step 1160/2562 | Loss 0.1625 | LR 1.6527e-05
2026-03-14 09:34:35 INFO Epoch 17 | Step 1180/2562 | Loss 0.1627 | LR 1.6533e-05
2026-03-14 09:36:00 INFO Epoch 17 | Step 1200/2562 | Loss 0.1625 | LR 1.6540e-05
2026-03-14 09:37:26 INFO Epoch 17 | Step 1220/2562 | Loss 0.1626 | LR 1.6547e-05
2026-03-14 09:38:51 INFO Epoch 17 | Step 1240/2562 | Loss 0.1626 | LR 1.6554e-05
2026-03-14 09:40:17 INFO Epoch 17 | Step 1260/2562 | Loss 0.1630 | LR 1.6560e-05
2026-03-14 09:41:42 INFO Epoch 17 | Step 1280/2562 | Loss 0.1635 | LR 1.6567e-05
2026-03-14 09:43:08 INFO Epoch 17 | Step 1300/2562 | Loss 0.1637 | LR 1.6574e-05
2026-03-14 09:44:33 INFO Epoch 17 | Step 1320/2562 | Loss 0.1638 | LR 1.6580e-05
2026-03-14 09:45:59 INFO Epoch 17 | Step 1340/2562 | Loss 0.1636 | LR 1.6587e-05
2026-03-14 09:47:24 INFO Epoch 17 | Step 1360/2562 | Loss 0.1637 | LR 1.6594e-05
2026-03-14 09:48:50 INFO Epoch 17 | Step 1380/2562 | Loss 0.1634 | LR 1.6600e-05
2026-03-14 09:50:15 INFO Epoch 17 | Step 1400/2562 | Loss 0.1635 | LR 1.6607e-05
2026-03-14 09:51:41 INFO Epoch 17 | Step 1420/2562 | Loss 0.1635 | LR 1.6614e-05
2026-03-14 09:53:06 INFO Epoch 17 | Step 1440/2562 | Loss 0.1636 | LR 1.6620e-05
2026-03-14 09:54:31 INFO Epoch 17 | Step 1460/2562 | Loss 0.1632 | LR 1.6627e-05
2026-03-14 09:55:56 INFO Epoch 17 | Step 1480/2562 | Loss 0.1633 | LR 1.6633e-05
2026-03-14 09:57:22 INFO Epoch 17 | Step 1500/2562 | Loss 0.1630 | LR 1.6640e-05
2026-03-14 09:58:47 INFO Epoch 17 | Step 1520/2562 | Loss 0.1633 | LR 1.6647e-05
2026-03-14 10:00:13 INFO Epoch 17 | Step 1540/2562 | Loss 0.1630 | LR 1.6653e-05
2026-03-14 10:01:38 INFO Epoch 17 | Step 1560/2562 | Loss 0.1634 | LR 1.6660e-05
2026-03-14 10:03:03 INFO Epoch 17 | Step 1580/2562 | Loss 0.1633 | LR 1.6667e-05
2026-03-14 10:04:28 INFO Epoch 17 | Step 1600/2562 | Loss 0.1637 | LR 1.6673e-05
2026-03-14 10:05:54 INFO Epoch 17 | Step 1620/2562 | Loss 0.1640 | LR 1.6680e-05
2026-03-14 10:07:19 INFO Epoch 17 | Step 1640/2562 | Loss 0.1639 | LR 1.6686e-05
2026-03-14 10:08:44 INFO Epoch 17 | Step 1660/2562 | Loss 0.1642 | LR 1.6693e-05
2026-03-14 10:10:09 INFO Epoch 17 | Step 1680/2562 | Loss 0.1640 | LR 1.6699e-05
2026-03-14 10:11:34 INFO Epoch 17 | Step 1700/2562 | Loss 0.1640 | LR 1.6706e-05
2026-03-14 10:12:59 INFO Epoch 17 | Step 1720/2562 | Loss 0.1636 | LR 1.6713e-05
2026-03-14 10:14:24 INFO Epoch 17 | Step 1740/2562 | Loss 0.1638 | LR 1.6719e-05
2026-03-14 10:15:49 INFO Epoch 17 | Step 1760/2562 | Loss 0.1636 | LR 1.6726e-05
2026-03-14 10:17:14 INFO Epoch 17 | Step 1780/2562 | Loss 0.1636 | LR 1.6732e-05
2026-03-14 10:18:39 INFO Epoch 17 | Step 1800/2562 | Loss 0.1633 | LR 1.6739e-05
2026-03-14 10:20:03 INFO Epoch 17 | Step 1820/2562 | Loss 0.1630 | LR 1.6745e-05
2026-03-14 10:21:28 INFO Epoch 17 | Step 1840/2562 | Loss 0.1631 | LR 1.6752e-05
2026-03-14 10:22:52 INFO Epoch 17 | Step 1860/2562 | Loss 0.1635 | LR 1.6758e-05
2026-03-14 10:24:17 INFO Epoch 17 | Step 1880/2562 | Loss 0.1636 | LR 1.6765e-05
2026-03-14 10:25:41 INFO Epoch 17 | Step 1900/2562 | Loss 0.1634 | LR 1.6772e-05
2026-03-14 10:27:06 INFO Epoch 17 | Step 1920/2562 | Loss 0.1634 | LR 1.6778e-05
2026-03-14 10:28:31 INFO Epoch 17 | Step 1940/2562 | Loss 0.1636 | LR 1.6785e-05
2026-03-14 10:29:55 INFO Epoch 17 | Step 1960/2562 | Loss 0.1636 | LR 1.6791e-05
2026-03-14 10:31:20 INFO Epoch 17 | Step 1980/2562 | Loss 0.1636 | LR 1.6798e-05
2026-03-14 10:32:44 INFO Epoch 17 | Step 2000/2562 | Loss 0.1638 | LR 1.6804e-05
2026-03-14 10:34:09 INFO Epoch 17 | Step 2020/2562 | Loss 0.1638 | LR 1.6811e-05
2026-03-14 10:35:33 INFO Epoch 17 | Step 2040/2562 | Loss 0.1640 | LR 1.6817e-05
2026-03-14 10:36:58 INFO Epoch 17 | Step 2060/2562 | Loss 0.1639 | LR 1.6824e-05
2026-03-14 10:38:23 INFO Epoch 17 | Step 2080/2562 | Loss 0.1640 | LR 1.6830e-05
2026-03-14 10:39:48 INFO Epoch 17 | Step 2100/2562 | Loss 0.1642 | LR 1.6836e-05
2026-03-14 10:41:13 INFO Epoch 17 | Step 2120/2562 | Loss 0.1642 | LR 1.6843e-05
2026-03-14 10:42:38 INFO Epoch 17 | Step 2140/2562 | Loss 0.1643 | LR 1.6849e-05
2026-03-14 10:44:03 INFO Epoch 17 | Step 2160/2562 | Loss 0.1642 | LR 1.6856e-05
2026-03-14 10:45:28 INFO Epoch 17 | Step 2180/2562 | Loss 0.1642 | LR 1.6862e-05
2026-03-14 10:46:52 INFO Epoch 17 | Step 2200/2562 | Loss 0.1643 | LR 1.6869e-05
2026-03-14 10:48:17 INFO Epoch 17 | Step 2220/2562 | Loss 0.1644 | LR 1.6875e-05
2026-03-14 10:49:41 INFO Epoch 17 | Step 2240/2562 | Loss 0.1644 | LR 1.6882e-05
2026-03-14 10:51:05 INFO Epoch 17 | Step 2260/2562 | Loss 0.1646 | LR 1.6888e-05
2026-03-14 10:52:30 INFO Epoch 17 | Step 2280/2562 | Loss 0.1647 | LR 1.6894e-05
2026-03-14 10:53:55 INFO Epoch 17 | Step 2300/2562 | Loss 0.1645 | LR 1.6901e-05
2026-03-14 10:55:19 INFO Epoch 17 | Step 2320/2562 | Loss 0.1645 | LR 1.6907e-05
2026-03-14 10:56:44 INFO Epoch 17 | Step 2340/2562 | Loss 0.1647 | LR 1.6914e-05
2026-03-14 10:58:09 INFO Epoch 17 | Step 2360/2562 | Loss 0.1650 | LR 1.6920e-05
2026-03-14 10:59:34 INFO Epoch 17 | Step 2380/2562 | Loss 0.1652 | LR 1.6927e-05
2026-03-14 11:00:59 INFO Epoch 17 | Step 2400/2562 | Loss 0.1650 | LR 1.6933e-05
2026-03-14 11:02:25 INFO Epoch 17 | Step 2420/2562 | Loss 0.1650 | LR 1.6939e-05
2026-03-14 11:03:51 INFO Epoch 17 | Step 2440/2562 | Loss 0.1650 | LR 1.6946e-05
2026-03-14 11:05:16 INFO Epoch 17 | Step 2460/2562 | Loss 0.1649 | LR 1.6952e-05
2026-03-14 11:06:41 INFO Epoch 17 | Step 2480/2562 | Loss 0.1649 | LR 1.6958e-05
2026-03-14 11:08:07 INFO Epoch 17 | Step 2500/2562 | Loss 0.1647 | LR 1.6965e-05
2026-03-14 11:09:32 INFO Epoch 17 | Step 2520/2562 | Loss 0.1646 | LR 1.6971e-05
2026-03-14 11:10:57 INFO Epoch 17 | Step 2540/2562 | Loss 0.1646 | LR 1.6977e-05
2026-03-14 11:12:23 INFO Epoch 17 | Step 2560/2562 | Loss 0.1647 | LR 1.6984e-05
2026-03-14 11:12:31 INFO Epoch 17 | Step 2562/2562 | Loss 0.1647 | LR 1.6984e-05
2026-03-14 11:52:51 INFO CSV Written | Epoch: 17
2026-03-14 11:52:51 INFO Best Saved | Epoch: 17 | Monitor: val_auprc | Value: 0.9047
2026-03-14 11:52:51 INFO Epoch Done | Epoch: 17 | Time: 13376.0168 | Train Loss: 0.1647 | Val Accuracy: 0.9941 | Val AUPRC: 0.9047 | Val Auroc: 0.9924 | Val F1: 0.8578 | Val Loss: 0.2706
2026-03-14 11:52:51 INFO Epoch Start | Epoch: 18
2026-03-14 11:53:26 INFO Epoch 18 | Step 1/2562 | Loss 0.0728 | LR 1.6985e-05
2026-03-14 11:54:49 INFO Epoch 18 | Step 20/2562 | Loss 0.1904 | LR 1.6991e-05
2026-03-14 11:56:16 INFO Epoch 18 | Step 40/2562 | Loss 0.1791 | LR 1.6997e-05
2026-03-14 11:57:43 INFO Epoch 18 | Step 60/2562 | Loss 0.1852 | LR 1.7003e-05
2026-03-14 11:59:10 INFO Epoch 18 | Step 80/2562 | Loss 0.1797 | LR 1.7010e-05
2026-03-14 12:00:37 INFO Epoch 18 | Step 100/2562 | Loss 0.1755 | LR 1.7016e-05
2026-03-14 12:02:03 INFO Epoch 18 | Step 120/2562 | Loss 0.1727 | LR 1.7022e-05
2026-03-14 12:03:30 INFO Epoch 18 | Step 140/2562 | Loss 0.1744 | LR 1.7029e-05
2026-03-14 12:04:56 INFO Epoch 18 | Step 160/2562 | Loss 0.1721 | LR 1.7035e-05
2026-03-14 12:06:23 INFO Epoch 18 | Step 180/2562 | Loss 0.1703 | LR 1.7041e-05
2026-03-14 12:07:49 INFO Epoch 18 | Step 200/2562 | Loss 0.1698 | LR 1.7048e-05
2026-03-14 12:09:16 INFO Epoch 18 | Step 220/2562 | Loss 0.1680 | LR 1.7054e-05
2026-03-14 12:10:43 INFO Epoch 18 | Step 240/2562 | Loss 0.1670 | LR 1.7060e-05
2026-03-14 12:12:10 INFO Epoch 18 | Step 260/2562 | Loss 0.1649 | LR 1.7066e-05
2026-03-14 12:13:37 INFO Epoch 18 | Step 280/2562 | Loss 0.1640 | LR 1.7073e-05
2026-03-14 12:15:04 INFO Epoch 18 | Step 300/2562 | Loss 0.1639 | LR 1.7079e-05
2026-03-14 12:16:31 INFO Epoch 18 | Step 320/2562 | Loss 0.1663 | LR 1.7085e-05
2026-03-14 12:17:58 INFO Epoch 18 | Step 340/2562 | Loss 0.1669 | LR 1.7092e-05
2026-03-14 12:19:25 INFO Epoch 18 | Step 360/2562 | Loss 0.1628 | LR 1.7098e-05
2026-03-14 12:20:52 INFO Epoch 18 | Step 380/2562 | Loss 0.1633 | LR 1.7104e-05
2026-03-14 12:22:20 INFO Epoch 18 | Step 400/2562 | Loss 0.1620 | LR 1.7110e-05
2026-03-14 12:23:46 INFO Epoch 18 | Step 420/2562 | Loss 0.1635 | LR 1.7116e-05
2026-03-14 12:25:14 INFO Epoch 18 | Step 440/2562 | Loss 0.1623 | LR 1.7123e-05
2026-03-14 12:26:41 INFO Epoch 18 | Step 460/2562 | Loss 0.1628 | LR 1.7129e-05
2026-03-14 12:28:07 INFO Epoch 18 | Step 480/2562 | Loss 0.1612 | LR 1.7135e-05
2026-03-14 12:29:31 INFO Epoch 18 | Step 500/2562 | Loss 0.1609 | LR 1.7141e-05
2026-03-14 12:30:56 INFO Epoch 18 | Step 520/2562 | Loss 0.1600 | LR 1.7148e-05
2026-03-14 12:32:20 INFO Epoch 18 | Step 540/2562 | Loss 0.1607 | LR 1.7154e-05
2026-03-14 12:33:44 INFO Epoch 18 | Step 560/2562 | Loss 0.1614 | LR 1.7160e-05
